	sgRNA	CHROM-24h-NIL-LIB-R2_S5_R1_001	CHROM-24h-NIL-SORT-R2_S6_R1_001	CHROM-48h-NIL-LIB-R2_S17_R1_001	CHROM-48h-NIL-SORT-R2_S18_R1_001	R1-DMSO-24h_S5_R1_001	R1-DMSO-48h_S9_R1_001	R1-DMSO-LIB-24h_S4_R1_001	R1-DMSO-LIB-48h_S8_R1_001	R1-NIL-24h_S7_R1_001	R1-NIL-48h_S11_R1_001	R1-NIL-LIB-24h_S6_R1_001	R1-NIL-LIB-48h_S10_R1_001	R2-DMSO-24h_S13_R1_001	R2-DMSO-48h_S17_R1_001	R2-DMSO-LIB-24h_S12_R1_001	R2-DMSO-LIB-48h_S16_R1_001	R2-NIL-24h_S15_R1_001	R2-NIL-48h_S19_R1_001	R2-NIL-LIB-24h_S14_R1_001	R2-NIL-LIB-48h_S18_R1_001
1	*	552490	347922	650641	445142	246929	365784	298097	299385	487097	538099	236860	380603	468819	381231	343325	313845	403674	358788	342431	371174
2	38412_ENSG00000198060_19285.1	995	273	889	146	590	1194	1015	1060	1677	2487	630	1218	1687	1417	1125	926	1821	898	1076	1169
3	38412_ENSG00000198060_19287.3	690	420	866	443	200	887	443	754	1095	1096	235	1173	1611	1244	1118	1008	988	1293	1131	1056
4	38412_ENSG00000198060_19288.4	1597	517	1483	832	1102	2144	1844	1684	2894	1827	1520	2095	2864	2184	1814	1636	2338	1630	1734	1798
5	38412_ENSG00000198060_19289.5	935	417	917	243	1133	1677	1523	1102	1265	1714	914	1534	1935	1349	1270	1151	1683	1733	1175	1145
6	38412_ENSG00000198060_19290.6	1359	1002	1753	1132	1100	2808	1893	1984	1994	2904	1361	2035	3192	2247	2275	1870	2379	1491	1853	2117
7	AC003002.4_ENSG00000268133_199914.1	138	43	146	191	38	203	103	179	212	236	38	240	317	231	313	197	299	753	253	286
8	AC003002.4_ENSG00000268133_199915.2	1559	1474	1272	1084	455	1898	1138	1607	2100	1958	761	1874	2947	2170	2066	1895	3311	1884	2124	1818
9	AC003002.4_ENSG00000268133_199916.3	1958	779	1923	1093	693	2881	1480	2132	2119	774	1022	2592	3824	2976	2621	2409	3935	1357	2292	2494
10	AC003002.4_ENSG00000268133_199917.4	326	408	321	334	122	253	280	320	669	853	106	660	620	414	408	401	580	534	463	554
11	AC003002.4_ENSG00000268133_199919.6	1135	856	1144	861	266	1423	661	1218	1427	1864	426	1675	2450	2041	1718	1561	1778	2690	1563	1781
12	AC003005.4_ENSG00000268107_84113.5	1835	752	2195	1339	1361	3170	2191	2487	2869	1209	1456	2729	4048	2940	2664	2299	2726	1637	2486	2631
13	AC003005.4_ENSG00000268107_84115.7	1038	65	1040	787	526	1248	952	920	2041	2409	745	1339	1763	1138	1233	1026	1619	576	1150	1283
14	AC003005.4_ENSG00000268107_84116.8	617	462	617	502	136	892	322	701	1104	1338	223	718	1213	1070	1000	883	981	426	1061	867
15	AC003005.4_ENSG00000268107_84117.9	1025	922	1111	900	240	1114	728	944	1529	759	464	1764	2091	1251	1426	1206	2326	1997	1238	1580
16	AC003005.4_ENSG00000268107_84118.1	749	420	818	437	406	1298	780	953	1072	584	517	1197	1661	1333	1129	865	958	289	1072	1062
17	AC004076.9_ENSG00000268163_52397.1	850	717	825	449	202	638	492	796	1601	1017	299	1444	1326	945	996	916	2260	1067	1060	1206
18	AC004076.9_ENSG00000268163_52398.2	604	590	651	666	150	927	453	779	1250	491	242	889	1243	1056	922	906	992	528	973	982
19	AC004076.9_ENSG00000268163_52399.3	1716	951	1599	1195	1035	2530	1871	2145	1608	2073	1308	2108	3591	2793	2266	2105	2855	4065	2183	2268
20	AC004076.9_ENSG00000268163_52400.4	436	539	513	153	148	825	350	563	1311	1113	198	707	1060	791	792	611	515	232	612	889
21	AC004076.9_ENSG00000268163_52402.6	711	499	690	212	502	1065	895	747	1344	1116	619	999	1274	1009	997	765	1059	600	818	830
22	ACIN1_ENSG00000100813_113140.1	1662	974	1641	1145	996	2177	1916	1687	2844	1251	1161	2133	2942	2219	1990	1768	4934	1960	1821	1971
23	ACIN1_ENSG00000100813_113141.2	408	284	543	323	189	402	431	500	1074	2035	267	807	705	508	565	444	1047	519	586	684
24	ACIN1_ENSG00000100813_113143.4	1248	913	1396	1443	521	2036	1186	1359	1101	846	704	1877	2919	2102	1731	1741	1866	656	1634	1802
25	ACIN1_ENSG00000100813_113144.5	1862	1328	2006	1189	557	1994	1333	1615	3229	4611	781	2473	3113	2216	2361	1836	3436	1982	2201	2509
26	ACTA1_ENSG00000143632_114150.1	262	5	273	185	28	308	122	308	175	424	69	479	573	447	492	371	537	701	370	474
27	ACTA1_ENSG00000143632_114151.2	566	158	561	442	180	658	512	558	431	538	331	629	943	677	556	607	737	986	555	678
28	ACTA1_ENSG00000143632_114152.3	1461	584	1345	759	735	1759	1426	1367	2688	1532	916	2044	2142	1466	1637	1510	2065	1469	1502	1875
29	ACTA1_ENSG00000143632_114153.4	860	645	814	893	112	609	350	806	1260	2158	213	1173	1359	1155	1146	1078	1583	28	1154	1117
30	ACTA1_ENSG00000143632_114154.5	481	87	472	203	169	663	375	495	693	735	320	513	815	674	635	636	577	462	480	767
31	ACTA1_ENSG00000143632_114155.6	778	651	937	267	507	1092	1079	828	1333	1838	757	1144	1444	1094	908	742	1557	3015	888	1255
32	ACTB_ENSG00000075624_96203.1	2802	1737	3138	1574	2006	3683	3577	3054	6884	7172	2639	5373	5134	3352	3459	2906	4781	4539	3352	4459
33	ACTB_ENSG00000075624_96204.2	729	913	818	777	169	348	427	620	1530	1699	358	1589	937	408	872	563	2570	1793	872	1539
34	ACTB_ENSG00000075624_96205.3	603	369	509	657	78	310	237	419	1230	1516	153	1018	737	480	802	539	1506	2311	712	1016
35	ACTB_ENSG00000075624_96207.5	786	124	877	314	274	902	708	756	1402	980	507	1465	1489	1063	1034	867	1336	1136	1025	1163
36	ACTB_ENSG00000075624_96208.6	1273	1098	1273	967	1041	2277	1797	1653	3188	3170	1173	2249	3063	2135	1974	1756	3647	2292	1763	2237
37	ACTL6A_ENSG00000136518_82706.1	709	498	840	551	237	1207	687	873	1536	1289	386	1234	1660	1166	1191	1040	1435	460	1098	1150
38	ACTL6A_ENSG00000136518_82708.3	349	241	399	230	82	296	365	398	294	475	204	578	678	342	497	362	621	781	550	640
39	ACTL6A_ENSG00000136518_82709.4	325	255	394	541	31	339	190	422	580	1624	50	563	787	717	900	716	1153	1267	806	717
40	ACTL6A_ENSG00000136518_82710.5	1332	618	1448	787	333	467	1000	900	876	1249	769	1969	1493	469	1367	786	1608	2837	1489	2141
41	ACTL6A_ENSG00000136518_82711.6	771	113	858	773	189	1320	622	1161	1068	1298	360	1307	1899	1543	1455	1271	1385	1425	1167	1514
42	ACTL6B_ENSG00000077080_172750.2	698	511	748	859	148	746	384	721	1215	1258	223	807	1282	1124	1177	992	774	503	1116	855
43	ACTL6B_ENSG00000077080_172751.3	728	571	724	541	212	881	493	799	649	532	355	940	1207	1011	943	897	778	600	901	890
44	ACTL6B_ENSG00000077080_172753.5	736	521	854	81	524	1141	965	852	418	1511	739	1084	1240	921	896	821	1271	876	795	1045
45	ACTR3B_ENSG00000133627_36575.1	724	591	856	255	395	1271	773	917	1372	1600	618	1032	1706	1435	1102	1091	1610	2239	984	1106
46	ACTR3B_ENSG00000133627_36577.3	1244	556	1045	179	1203	2198	1911	1545	2424	1652	1238	1532	2371	1879	1309	1259	1873	1083	1346	1475
47	ACTR3B_ENSG00000133627_36578.4	1509	396	1362	1096	365	1051	678	1084	1821	1382	596	1775	1830	1163	1449	1175	3360	2877	1480	1547
48	ACTR3B_ENSG00000133627_36579.5	377	253	363	458	189	497	358	380	593	693	244	601	828	564	616	471	875	854	531	435
49	ACTR3B_ENSG00000133627_36580.6	920	224	870	601	324	1098	868	1040	1663	3163	455	1148	2098	1401	1338	1093	1538	1466	1365	1131
50	ACTR5_ENSG00000101442_36856.1	2449	1386	2355	1482	1319	3351	2543	2570	4036	1367	1735	3251	4447	3513	3001	2602	3937	3350	2885	3194
51	ACTR5_ENSG00000101442_36857.2	960	1	945	618	581	1314	917	909	1056	862	728	1103	1917	1281	1468	1034	1494	632	1344	1269
52	ACTR5_ENSG00000101442_36858.3	1608	923	1960	806	930	2688	1548	2076	2317	2384	1131	2803	3515	2738	2374	2324	2545	1719	2355	2489
53	ACTR5_ENSG00000101442_36859.4	677	381	780	705	198	772	623	631	775	1268	364	877	1422	891	920	765	646	730	924	934
54	ACTR5_ENSG00000101442_36860.5	725	244	816	466	228	770	484	661	774	456	338	857	1216	859	923	661	1009	416	828	911
55	ACTR5_ENSG00000101442_36861.6	627	418	659	452	138	838	411	840	893	958	252	889	1315	1090	1053	884	1117	129	1000	919
56	ACTR6_ENSG00000075089_155344.1	755	391	943	862	433	1430	819	1056	1654	1496	496	1248	1835	1457	1199	1009	1472	1047	1176	1441
57	ACTR6_ENSG00000075089_155345.2	1058	828	1096	596	572	1484	1041	1253	2005	1915	648	1531	2312	1471	1446	1281	1643	1444	1512	1639
58	ACTR6_ENSG00000075089_155346.3	483	646	532	653	27	534	179	476	799	1122	96	762	912	760	870	787	1346	790	797	774
59	ACTR6_ENSG00000075089_155347.4	1202	662	1139	978	463	1766	1022	1509	2318	1671	630	1505	2713	1858	1683	1606	2283	942	1546	1885
60	ACTR6_ENSG00000075089_155348.5	1119	86	1192	774	374	1505	757	1120	1461	2736	451	1601	2339	1331	1594	1343	2539	1146	1488	1923
61	ACTR6_ENSG00000075089_155349.6	356	44	353	184	120	503	305	503	527	406	165	579	910	485	554	453	1281	236	519	570
62	ACTR8_ENSG00000113812_138587.2	1423	1424	1482	794	763	2404	1397	1551	2418	829	970	1629	2702	2399	1800	1779	2135	1882	1951	2000
63	ACTR8_ENSG00000113812_138588.3	577	47	690	682	110	756	349	864	1289	1455	183	1075	1466	922	1027	1045	1553	1199	999	990
64	ACTR8_ENSG00000113812_138589.4	1047	420	1078	790	212	1318	769	1184	1806	1649	456	1338	2277	1340	1416	1138	1900	1387	1426	1436
65	ADA_ENSG00000196839_157014.1	1006	224	1200	1319	501	1558	1016	1393	1980	1806	716	1580	2541	1655	1737	1328	2143	2663	1418	1812
66	ADA_ENSG00000196839_157015.2	801	100	829	608	323	926	658	891	1134	747	454	979	1545	1128	940	904	894	842	900	967
67	ADA_ENSG00000196839_157016.3	1378	683	1304	979	581	1698	1108	1635	2686	2816	717	2190	2795	2076	2163	1792	2435	1702	1622	2109
68	ADA_ENSG00000196839_157017.4	1006	630	1045	604	182	1165	616	947	1294	1648	334	1378	1894	1584	1393	1305	959	1229	1306	1243
69	ADA_ENSG00000196839_157018.5	330	252	319	242	164	435	340	425	778	529	188	529	780	481	496	450	635	146	459	547
70	ADA_ENSG00000196839_157019.6	280	332	357	450	44	379	203	302	603	937	61	525	556	390	455	396	301	248	488	538
71	ADAR_ENSG00000160710_24766.1	1226	645	1132	1468	345	1563	859	1221	2139	1464	554	1727	2164	1699	1694	1504	2102	2851	1491	1469
72	ADAR_ENSG00000160710_24767.2	487	422	553	235	112	644	356	465	866	991	203	658	1056	810	775	618	888	1849	734	711
73	ADAR_ENSG00000160710_24768.3	609	606	565	383	86	643	235	559	1732	666	143	787	1150	904	965	857	1545	459	938	884
74	ADAR_ENSG00000160710_24769.4	594	331	790	492	178	1138	573	839	954	1991	303	1071	1616	1035	1056	979	1116	880	1043	1109
75	ADAR_ENSG00000160710_24770.5	1779	1413	1981	1444	1170	2717	1882	2008	2674	1372	1470	2531	3387	2707	2119	2053	3065	1867	2130	2342
76	ADAR_ENSG00000160710_24771.6	1071	436	1015	360	571	2072	1344	1341	1155	935	946	1751	2572	1813	1547	1352	1256	432	1397	1521
77	ADPRH_ENSG00000144843_85038.1	279	167	252	170	144	436	283	391	846	754	161	436	709	441	525	386	455	442	464	353
78	ADPRH_ENSG00000144843_85039.2	553	806	528	550	458	893	715	696	923	1338	519	922	1292	773	741	644	1257	807	730	788
79	ADPRH_ENSG00000144843_85040.3	745	291	676	514	138	602	408	700	830	2826	241	1259	1031	805	956	717	1196	687	799	909
80	ADPRH_ENSG00000144843_85041.4	651	257	594	516	146	623	438	679	1002	723	200	911	1082	688	968	622	1167	856	768	982
81	ADPRH_ENSG00000144843_85042.5	646	169	589	408	639	1012	963	860	1178	218	765	765	1302	933	853	783	1344	883	844	939
82	ADPRH_ENSG00000144843_85043.6	1440	1097	1463	575	443	1757	1139	1546	3176	3673	646	2187	2972	1993	2357	1763	2931	2870	2127	2197
83	ADPRHL2_ENSG00000116863_190754.1	572	256	544	593	116	462	316	604	967	1198	183	781	1022	662	781	622	835	1195	723	811
84	ADPRHL2_ENSG00000116863_190755.2	511	87	632	180	446	608	575	545	633	292	602	542	1078	740	606	679	757	1117	632	591
85	ADPRHL2_ENSG00000116863_190756.3	1728	438	1736	1131	331	1422	823	1258	2109	3021	490	2067	2478	2014	2028	1755	2438	5101	1894	2067
86	ADPRHL2_ENSG00000116863_190757.4	484	552	490	475	76	453	307	402	587	997	158	453	823	571	637	568	526	947	518	584
87	ADPRHL2_ENSG00000116863_190758.5	1094	759	1031	836	154	814	424	868	1631	968	291	1411	1867	1341	1655	1325	2457	959	1570	1500
88	AEBP2_ENSG00000139154_77563.1	1867	1515	1924	1593	484	2197	1246	1820	4072	4685	779	2886	3892	2653	3043	2324	4418	3367	2814	2946
89	AEBP2_ENSG00000139154_77564.2	889	335	976	791	413	1460	1020	1330	1519	2562	564	1938	2382	1725	1685	1373	1895	1141	1439	1856
90	AEBP2_ENSG00000139154_77565.3	697	575	731	530	140	730	370	683	452	2227	169	1074	1299	1007	1091	963	1761	576	1021	911
91	AEBP2_ENSG00000139154_77566.4	892	351	1020	885	862	1416	1220	1070	1810	1040	878	1330	1673	1471	1185	1094	1600	688	1166	1375
92	AEBP2_ENSG00000139154_77568.6	1458	974	1440	960	881	2179	1689	1866	2207	2236	1015	2115	3454	2439	2326	1974	2590	722	1998	2092
93	AFF1_ENSG00000172493_5440.1	663	398	701	304	60	509	191	587	929	1393	112	1037	1208	1026	1143	985	1625	1199	1154	1246
94	AFF1_ENSG00000172493_5441.2	707	295	784	682	266	1047	684	917	903	574	402	1361	1540	1131	1176	1006	1627	1648	1144	1355
95	AFF1_ENSG00000172493_5442.3	757	476	802	936	227	1063	641	874	1469	536	406	1604	1554	1210	1230	1069	981	525	1282	1164
96	AFF1_ENSG00000172493_5444.5	811	532	675	531	188	1095	572	823	548	512	402	1130	1481	1268	1108	915	599	874	1051	1217
97	AFF1_ENSG00000172493_5445.6	1739	1496	1998	1148	481	2233	1426	1948	2457	3633	830	2488	3825	2892	2495	2338	2810	1926	2451	2521
98	AFF2_ENSG00000155966_91984.2	541	807	576	61	91	698	260	559	337	1927	141	695	1005	814	758	671	449	616	832	992
99	AFF2_ENSG00000155966_91985.3	535	730	501	448	41	643	234	573	1022	1029	95	966	1193	966	960	796	3089	1870	922	838
100	AFF2_ENSG00000155966_91986.4	840	643	967	657	201	1349	587	1033	1219	1190	296	1284	1833	1572	1445	1337	1252	1158	1510	1246
101	AFF2_ENSG00000155966_91987.5	2464	2169	3034	1811	595	3608	1515	2846	3353	6298	890	3763	6012	4755	4794	4151	4439	3109	4366	4636
102	AFF2_ENSG00000155966_91988.6	548	645	530	297	275	822	474	603	951	129	382	702	1066	804	703	665	1095	209	722	751
103	AFF3_ENSG00000144218_6881.2	771	850	660	180	215	1079	607	845	1506	1041	517	1167	1456	1078	1005	763	1739	726	972	1290
104	AFF3_ENSG00000144218_6882.3	816	491	831	366	485	1313	1001	1068	780	776	696	1140	1851	1185	1109	1014	1308	961	1024	1246
105	AFF3_ENSG00000144218_6884.5	765	319	687	515	253	780	596	740	1332	2360	294	1064	1494	784	1003	767	909	923	976	824
106	AFF4_ENSG00000072364_165171.1	1757	636	1716	1331	953	2805	1870	2047	2893	1431	1049	1941	3576	2823	2410	2207	2898	2398	2372	2449
107	AFF4_ENSG00000072364_165172.2	949	479	912	628	245	1066	613	1048	1375	760	306	1326	2142	1578	1549	1329	857	1418	1276	1155
108	AFF4_ENSG00000072364_165173.3	1250	879	1104	1431	345	1724	787	1431	1819	2363	577	1595	2353	2110	1911	1596	2911	2149	1603	1584
109	AFF4_ENSG00000072364_165174.4	864	358	783	856	355	874	714	974	1364	2503	431	879	1354	723	922	747	771	282	1055	987
110	AFF4_ENSG00000072364_165175.5	1306	506	1273	671	567	1490	1119	1348	2188	1139	729	2042	2417	1769	1813	1544	1904	1216	1598	1718
111	AFF4_ENSG00000072364_165176.6	357	243	359	100	166	516	396	438	690	205	230	513	816	669	609	539	377	254	618	568
112	AICDA_ENSG00000111732_166021.1	433	91	380	368	158	718	432	485	824	796	246	685	758	679	663	518	1166	729	567	628
113	AICDA_ENSG00000111732_166022.2	1329	648	1181	880	306	1290	915	1161	1651	2255	675	1425	2158	1615	1564	1483	2060	1281	1506	1489
114	AICDA_ENSG00000111732_166023.3	221	177	275	379	42	258	117	210	251	511	91	363	408	337	357	361	890	1168	324	363
115	AICDA_ENSG00000111732_166024.4	1827	851	1903	1802	337	1640	916	1601	2071	4126	590	2704	3115	2501	2688	2354	3871	2904	2516	2555
116	AICDA_ENSG00000111732_166026.6	567	752	672	505	156	577	415	577	970	490	258	865	1009	700	727	634	1140	566	767	760
117	AIRE_ENSG00000160224_59930.1	254	89	237	212	8	187	55	199	332	1211	37	405	523	348	601	374	650	969	497	451
118	AIRE_ENSG00000160224_59931.2	957	463	1140	817	18	454	180	638	983	3743	49	1222	1345	1103	1480	1439	1796	1268	1471	1238
119	AIRE_ENSG00000160224_59932.3	865	262	819	82	237	809	702	778	1169	1418	498	1071	1658	1035	997	796	1129	1050	1014	1165
120	AIRE_ENSG00000160224_59934.5	919	370	938	375	708	1663	1030	1099	1301	572	730	968	1730	1504	1233	1088	1370	254	1103	1053
121	AIRE_ENSG00000160224_59935.6	352	363	339	315	104	386	294	411	628	1641	140	629	637	411	469	380	898	1174	539	658
122	AKAP1_ENSG00000121057_27195.1	533	149	440	330	114	473	383	488	719	397	252	670	650	525	489	495	1067	1082	440	590
123	AKAP1_ENSG00000121057_27196.2	1511	148	1807	967	1112	2535	1690	2006	2599	2318	1287	2036	3528	2404	2201	1893	2123	2497	2002	2081
124	AKAP1_ENSG00000121057_27197.3	629	280	608	407	330	673	544	691	777	1334	377	1010	1087	750	927	734	631	800	860	925
125	AKAP1_ENSG00000121057_27198.4	725	277	633	206	150	595	275	647	1141	4390	262	927	1042	876	844	752	1406	302	832	819
126	AKAP1_ENSG00000121057_27199.5	622	507	640	304	232	1019	498	912	1281	2144	400	1175	1649	1055	1152	845	1300	1520	1058	1004
127	AKAP1_ENSG00000121057_27200.6	127	185	127	51	41	163	109	96	85	273	68	179	292	167	172	107	234	271	129	136
128	AKAP8_ENSG00000105127_1552.1	582	235	636	460	81	528	252	535	992	234	170	958	1006	818	722	682	2972	852	729	838
129	AKAP8_ENSG00000105127_1553.2	564	82	607	128	65	554	193	556	702	1139	74	1010	1061	905	894	773	1103	925	853	782
130	AKAP8_ENSG00000105127_1555.4	712	373	728	634	193	695	585	672	809	1082	347	1103	1236	1071	992	745	1470	1134	891	1022
131	AKAP8_ENSG00000105127_1556.5	743	593	772	461	325	882	668	771	1324	3203	525	997	1336	678	823	667	830	245	723	1104
132	AKAP8_ENSG00000105127_1557.6	2342	842	2386	1600	1220	2475	2247	2272	2737	4361	1443	3536	3672	2644	2841	2179	3116	4935	2497	3308
133	ALKBH2_ENSG00000189046_153533.1	1051	839	1062	768	277	1423	749	1106	1838	1157	393	1565	1871	1730	1625	1296	1815	783	1390	1318
134	ALKBH2_ENSG00000189046_153534.2	732	438	760	1041	220	978	611	997	1107	2801	366	880	1626	1220	1302	1028	1166	1669	1223	1098
135	ALKBH2_ENSG00000189046_153535.3	1938	694	2078	1501	1215	3180	1953	2385	2627	2793	1369	2522	4030	2946	2673	2319	2272	1625	2547	2391
136	ALKBH2_ENSG00000189046_153536.4	266	85	186	136	102	436	216	270	145	614	106	283	466	354	356	320	1352	312	326	390
137	ALKBH2_ENSG00000189046_153538.6	1736	778	1868	1435	588	2369	1545	2107	2329	3731	1007	2536	3634	2727	2625	2235	2183	1384	2412	2474
138	ALKBH3_ENSG00000166199_18850.1	1093	932	1029	504	502	1325	855	1162	1810	1469	570	1397	1927	1219	1170	1113	1560	1940	1306	1292
139	ALKBH3_ENSG00000166199_18852.3	679	353	694	552	121	711	420	780	1330	1439	258	1312	1193	875	1034	806	1546	606	943	1080
140	ALKBH3_ENSG00000166199_18853.4	897	560	818	282	404	1339	739	877	1576	899	562	1146	1430	1154	1158	862	1155	1201	1036	1061
141	ALKBH3_ENSG00000166199_18854.5	1211	660	1237	1123	658	1697	1198	1372	2279	1300	710	1707	2299	1443	1629	1317	2852	1925	1645	1908
142	ALKBH3_ENSG00000166199_18855.6	680	644	767	595	173	945	568	928	1518	2033	304	1406	1521	1159	1330	1016	1793	2468	1233	1493
143	ALKBH8_ENSG00000137760_7080.1	1487	1087	1618	445	1055	2385	1777	1773	2625	2161	1159	2237	3152	2308	2123	1790	2567	1163	1896	1852
144	ALKBH8_ENSG00000137760_7081.2	947	822	917	323	503	1221	1037	1180	1626	1762	572	1487	1945	1324	1322	1256	1846	2094	1364	1277
145	ALKBH8_ENSG00000137760_7082.3	485	262	438	551	78	564	247	473	727	1082	97	790	841	773	804	585	905	855	715	666
146	ALKBH8_ENSG00000137760_7083.4	524	243	609	401	189	819	514	651	973	780	298	910	1111	820	945	787	1394	1140	851	804
147	ALKBH8_ENSG00000137760_7084.5	588	371	564	608	169	613	290	516	1419	850	169	776	930	782	876	733	1679	1956	783	835
148	ALKBH8_ENSG00000137760_7085.6	837	475	778	353	455	1179	866	957	1644	111	594	1065	1436	1201	1002	855	1328	277	905	1152
149	ANKRD32_ENSG00000133302_105057.1	624	256	511	613	371	796	636	714	1063	1294	426	687	1011	824	731	621	607	1392	781	648
150	ANKRD32_ENSG00000133302_105058.2	924	423	959	687	618	1815	1140	1321	1132	1584	849	1610	2537	1584	1248	1092	1771	1781	1201	1336
151	ANKRD32_ENSG00000133302_105059.3	460	330	332	7079	110	761	407	511	777	244	241	661	983	703	692	595	1084	1141	659	692
152	ANKRD32_ENSG00000133302_105060.4	758	525	844	740	482	1361	870	967	756	3086	626	900	1611	1374	1024	947	1461	1686	960	1005
153	ANKRD32_ENSG00000133302_105061.5	1643	1759	1625	1056	464	2230	1050	1788	1882	1930	543	2284	3530	2616	2569	2170	2612	2729	2274	2465
154	ANKRD32_ENSG00000133302_105062.6	626	294	513	478	115	689	497	688	1195	1630	264	844	1069	858	805	749	700	517	781	830
155	AP2A1_ENSG00000196961_12665.1	884	266	702	623	383	905	787	855	754	306	661	933	1292	894	851	860	718	1356	839	1153
156	AP2A1_ENSG00000196961_12666.2	1236	676	1265	626	1123	2222	1631	1792	1524	2219	1076	1594	2878	2350	1863	1610	2571	2281	1697	1580
157	AP2A1_ENSG00000196961_12667.3	517	571	736	282	171	904	455	848	1264	2171	306	1220	1515	1090	1128	950	1186	1784	1075	997
158	AP2A1_ENSG00000196961_12669.5	1275	1128	1269	587	769	2212	1585	1723	1826	2188	923	1935	2861	2081	1853	1573	2138	1641	1719	1986
159	AP2A1_ENSG00000196961_12670.6	1609	1671	1904	973	1496	2933	2667	2246	1885	1318	1927	2216	3407	2664	2085	1981	1566	1417	2092	2141
160	APBB1_ENSG00000166313_10952.1	244	297	257	100	3	74	32	142	295	699	21	317	269	252	323	259	576	233	315	307
161	APBB1_ENSG00000166313_10954.3	803	85	856	226	517	1050	890	883	1509	1012	819	706	1312	990	1030	722	1220	383	853	1041
162	APBB1_ENSG00000166313_10955.4	473	777	555	815	55	461	157	454	1013	1539	77	961	908	734	853	704	1237	1097	922	849
163	APBB1_ENSG00000166313_10956.5	548	477	610	878	236	709	418	574	850	1081	266	845	1214	869	969	830	1210	1113	923	938
164	APBB1_ENSG00000166313_10957.6	1721	874	1683	1530	179	1507	705	1542	2294	5604	342	2265	2975	2364	2903	2241	3614	3369	2622	2743
165	APITD1_ENSG00000175279_34404.1	1190	854	1251	1052	286	1402	1003	1361	2196	3731	526	1800	2099	1428	1562	1489	2431	635	1516	2020
166	APITD1_ENSG00000175279_34405.2	1537	1181	1541	1279	516	1646	1140	1461	1881	1923	742	2006	2481	1619	1871	1447	3337	2596	1775	2025
167	APITD1_ENSG00000175279_34406.3	340	78	408	295	118	441	392	343	832	954	145	571	695	415	640	436	783	586	493	753
168	APITD1_ENSG00000175279_34407.4	933	1076	1136	516	348	1419	802	1222	1932	2332	493	1409	2158	1679	1585	1363	1612	2997	1619	1593
169	APITD1_ENSG00000175279_34408.5	1361	583	1481	738	674	2143	1446	1599	2388	2198	911	1797	3041	2243	2054	1879	2534	1361	2074	2045
170	APITD1_ENSG00000175279_34409.6	817	573	932	459	330	984	907	936	1091	2147	477	1144	1499	1071	1003	800	1421	795	963	1335
171	APOBEC2_ENSG00000124701_73783.1	393	346	413	175	41	311	123	308	693	950	87	584	545	486	660	514	1629	1166	640	661
172	APOBEC2_ENSG00000124701_73784.2	879	432	729	790	236	909	495	869	1527	3307	335	1137	1475	992	1130	947	1417	1905	1094	1042
173	APOBEC2_ENSG00000124701_73785.3	1442	892	1514	617	396	1696	997	1503	1500	3169	536	1860	3034	2339	2114	1873	1792	1302	1971	2045
174	APOBEC2_ENSG00000124701_73786.4	548	610	582	235	64	595	199	579	1117	1225	96	1104	1404	1022	1233	992	1535	1409	997	1031
175	APOBEC2_ENSG00000124701_73787.5	582	548	571	252	77	627	251	592	891	1146	170	745	1162	946	966	774	390	899	711	827
176	APOBEC2_ENSG00000124701_73788.6	1508	673	1452	1104	656	1703	1382	1602	1757	2707	1114	1909	2322	1420	1635	1310	2542	1892	1565	1730
177	APOBEC3H_ENSG00000100298_172880.2	514	91	454	123	98	479	150	538	637	1079	122	521	966	723	664	611	957	1230	649	599
178	APOBEC3H_ENSG00000100298_172881.3	201	260	260	697	69	417	264	302	374	679	96	420	582	407	433	378	521	520	454	336
179	APOBEC3H_ENSG00000100298_172882.4	708	254	708	423	226	1025	598	825	783	1500	423	1014	1369	1075	933	811	941	1342	963	1202
180	APOBEC3H_ENSG00000100298_172883.5	1351	728	1467	992	1267	2209	1879	1849	2291	1781	1344	1629	3236	2030	1922	1613	1855	1763	1771	1973
181	APOBEC3H_ENSG00000100298_172884.6	1414	1148	1266	1322	343	1728	915	1411	1375	2061	614	1787	3047	2166	2238	1842	1484	1088	1850	2033
182	APOBEC4_ENSG00000173627_58486.1	622	667	593	284	211	827	556	677	1071	1159	348	892	1284	1008	1035	829	1547	1263	854	783
183	APOBEC4_ENSG00000173627_58487.2	1801	1510	2051	1015	601	1666	1387	1776	2059	3595	923	2565	3227	2074	2413	1875	3439	2965	2083	2486
184	APOBEC4_ENSG00000173627_58488.3	647	461	706	554	179	693	508	729	1189	1823	270	1081	1199	813	978	928	1280	1318	866	913
185	APOBEC4_ENSG00000173627_58489.4	841	500	716	311	682	1098	926	862	1039	297	737	1127	1654	1052	983	902	678	2100	831	1056
186	APOBEC4_ENSG00000173627_58491.6	585	691	606	381	201	924	543	774	773	1557	324	833	1303	1071	972	1002	1244	1038	940	876
187	ARID1A_ENSG00000117713_145565.1	872	606	854	644	150	922	515	912	1229	3031	277	1061	1684	1087	1478	1161	2246	1576	1235	1350
188	ARID1A_ENSG00000117713_145566.2	759	267	752	587	143	838	492	770	1146	1798	287	1209	1231	943	853	786	1316	745	935	806
189	ARID1A_ENSG00000117713_145567.3	487	623	498	322	136	548	349	512	669	1051	229	783	916	555	678	575	600	257	562	661
190	ARID1A_ENSG00000117713_145568.4	867	246	984	672	327	969	962	995	2632	2397	535	1139	1804	1197	1296	974	2243	707	1143	1387
191	ARID1A_ENSG00000117713_145569.5	1027	534	821	568	265	1027	661	1053	1395	2408	342	1411	1544	1090	1369	1117	2297	3582	1079	1270
192	ARID1A_ENSG00000117713_145570.6	1107	557	1031	1243	835	1143	1305	1067	1956	1629	800	1295	1847	1390	1480	1124	1965	1230	1183	1613
193	ARID1B_ENSG00000049618_121653.1	901	94	923	585	644	1456	941	938	1212	1335	622	1191	1848	1631	1166	1071	874	849	1033	1332
194	ARID1B_ENSG00000049618_121654.2	1078	349	1007	688	260	1139	819	885	1709	1475	553	1374	1864	1242	1242	1194	1632	1436	1165	1225
195	ARID1B_ENSG00000049618_121655.3	651	326	741	437	243	828	480	704	1283	1358	296	821	1131	991	1016	759	893	839	932	943
196	ARID1B_ENSG00000049618_121656.4	1106	762	1247	845	528	1554	1014	1360	2173	4875	706	1626	2234	1430	1538	1419	2346	1203	1518	1635
197	ARID1B_ENSG00000049618_121657.5	662	1170	600	335	163	704	402	829	1303	1063	228	1063	1255	905	972	884	885	1364	947	990
198	ARID1B_ENSG00000049618_121658.6	1317	672	1336	983	568	1798	1135	1470	2634	2199	699	1791	2415	1853	1793	1566	2931	1180	1594	1805
199	ARID2_ENSG00000189079_14232.1	1481	653	1571	1029	896	1617	1441	1423	2279	2665	989	1928	3050	1682	1678	1373	2888	2623	1600	2232
200	ARID2_ENSG00000189079_14233.2	673	609	621	625	269	640	489	675	983	1130	348	834	1160	1024	843	824	1073	1381	817	912
201	ARID2_ENSG00000189079_14235.4	659	427	683	434	146	570	353	566	961	1579	260	969	955	687	899	619	1648	713	833	1078
202	ARID2_ENSG00000189079_14236.5	733	466	812	713	170	849	526	883	1145	937	300	992	1616	1142	1182	911	1245	1575	1033	1085
203	ARID2_ENSG00000189079_14237.6	1047	1259	1014	899	348	1123	847	1019	1763	2191	506	1781	2096	1290	1494	1145	2842	2351	1479	1791
204	ARID4A_ENSG00000032219_105787.1	1902	820	2226	1391	1120	2911	2295	2443	4177	4628	1566	3066	4174	3280	2783	2356	4176	2902	2636	3026
205	ARID4A_ENSG00000032219_105788.2	739	425	660	622	151	1086	483	882	1518	2398	288	1155	1701	1256	1232	1096	1046	1653	1136	1053
206	ARID4A_ENSG00000032219_105789.3	1090	702	1135	662	608	2021	1146	1326	1766	1217	965	1786	2275	1723	1472	1393	2668	2117	1490	1654
207	ARID4A_ENSG00000032219_105790.4	1042	444	1087	624	307	1441	657	1284	1510	1425	527	1442	2274	1554	1588	1463	1626	1635	1480	1657
208	ARID4A_ENSG00000032219_105791.5	315	240	342	324	5	230	99	238	342	1115	39	470	525	442	640	619	796	1037	718	459
209	ARID4A_ENSG00000032219_105792.6	1222	892	1321	831	671	2238	1372	1745	3236	2619	1032	1977	2737	1977	1695	1543	1832	296	1746	1676
210	ARID4B_ENSG00000054267_136992.2	2577	1901	2641	1556	633	3011	1743	2829	4747	4145	1198	4068	4815	3411	3581	3201	7506	5160	3338	3430
211	ARID4B_ENSG00000054267_136993.3	1098	1614	988	985	373	1336	1071	1175	1883	1634	641	1760	2208	1495	1764	1364	3241	2442	1633	1489
212	ARID4B_ENSG00000054267_136994.4	926	1034	986	954	269	1142	839	1090	2290	1967	435	1721	1900	1270	1501	1239	2588	795	1352	1575
213	ARID4B_ENSG00000054267_136995.5	1066	496	1136	1083	474	1507	1088	1219	2687	1634	747	1626	2414	1726	2130	1285	2781	1824	1463	1630
214	ARID4B_ENSG00000054267_136996.6	1087	1101	1083	927	289	1185	832	1249	3282	2096	553	2153	2525	1737	1876	1746	4135	3036	2052	1947
215	ARIH2_ENSG00000177479_71033.1	590	331	611	519	208	737	407	626	1480	1824	244	1045	1210	784	820	726	1443	264	760	1005
216	ARIH2_ENSG00000177479_71035.3	738	286	888	601	271	1003	755	1013	1474	2234	417	1454	1616	1115	1232	927	2472	1072	1133	1318
217	ARIH2_ENSG00000177479_71036.4	872	648	874	368	399	1286	880	892	1059	869	614	1092	1325	1086	1017	871	1464	1090	1012	1216
218	ARIH2_ENSG00000177479_71037.5	306	160	275	180	144	276	221	274	648	265	259	460	486	310	301	304	772	397	358	419
219	ARIH2_ENSG00000177479_71038.6	1625	1067	1687	1166	541	2121	1132	1840	2155	2426	763	2310	3335	2846	2379	2263	2164	1910	2347	2233
220	ART1_ENSG00000129744_153743.1	1349	738	1463	583	1419	2404	2072	1734	1278	918	1615	1555	3272	2012	1597	1426	963	835	1600	1512
221	ART1_ENSG00000129744_153744.2	1309	889	1420	653	618	1679	1296	1476	1807	3268	888	1724	2584	1687	1839	1561	2390	1096	1549	1976
222	ART1_ENSG00000129744_153745.3	1839	1172	1891	1567	722	2370	1500	1817	3071	1745	930	2367	3347	2586	2398	2112	2952	916	2330	2466
223	ART1_ENSG00000129744_153747.5	583	607	580	338	205	721	385	670	712	906	295	790	1217	707	773	594	573	361	752	807
224	ART1_ENSG00000129744_153748.6	1224	273	1298	858	199	318	872	674	1309	1897	573	1661	1068	330	1147	631	3476	1221	1151	1251
225	AS3MT_ENSG00000214435_26075.1	1102	346	1067	407	662	1755	1256	1319	1434	2587	881	1529	2170	1597	1417	1145	1680	1504	1191	1365
226	AS3MT_ENSG00000214435_26076.2	837	629	740	1114	122	757	349	685	1353	2890	218	1274	1455	1045	1161	1031	2023	488	1134	1364
227	AS3MT_ENSG00000214435_26077.3	1018	418	986	451	270	1081	789	962	1361	2022	397	1348	1733	1184	1279	1093	1764	1816	1275	1483
228	AS3MT_ENSG00000214435_26079.5	487	177	400	143	210	548	403	439	813	1678	225	772	977	648	579	513	779	411	622	795
229	AS3MT_ENSG00000214435_26080.6	966	597	1062	777	414	1721	851	1359	1318	966	501	1488	2519	1752	1620	1437	1481	1325	1485	1452
230	ASAP1_ENSG00000153317_77623.1	1344	151	1358	1313	894	1998	1736	1765	2060	2269	1042	2204	2923	2149	1762	1608	2234	1372	1748	2021
231	ASAP1_ENSG00000153317_77625.3	1380	253	1724	690	1030	1769	1669	1374	1394	1240	1168	1891	2143	1652	1547	1303	1891	2461	1396	1848
232	ASAP1_ENSG00000153317_77626.4	600	529	696	757	24	429	123	507	697	885	54	816	983	977	1165	969	1206	1032	1122	754
233	ASAP1_ENSG00000153317_77627.5	1275	225	1382	1366	229	1497	736	1180	1344	2187	494	1944	2324	1555	1706	1404	1109	2997	1635	1911
234	ASAP1_ENSG00000153317_77628.6	493	130	596	363	378	717	566	645	354	1798	369	813	932	651	628	585	445	444	648	751
235	ASCC3_ENSG00000112249_195013.3	839	265	949	739	356	1180	753	1027	1425	1361	480	1005	1589	1351	1343	1089	1428	1602	1194	1275
236	ASCC3_ENSG00000112249_195014.4	1616	950	1817	1165	695	2778	1706	2089	1868	2125	1042	2395	3715	3050	2348	2184	2283	3235	2157	2202
237	ASCC3_ENSG00000112249_195015.5	527	583	580	518	128	718	276	662	898	1066	171	769	1350	1031	874	904	1259	185	981	828
238	ASCC3_ENSG00000112249_195016.6	1317	1210	1230	738	502	1793	1177	1516	1892	3135	650	1567	2782	2073	1747	1695	2271	4164	1700	2010
239	ASCL2_ENSG00000183734_168646.1	537	285	638	376	139	628	441	468	694	1048	299	618	881	824	817	562	1014	536	673	645
240	ASCL2_ENSG00000183734_168647.2	274	381	219	395	50	288	172	320	197	291	94	336	433	265	344	243	1259	508	381	283
241	ASCL2_ENSG00000183734_168648.3	1735	1008	1847	1679	586	2527	1268	1810	2368	2154	822	2142	3284	2588	2303	2221	2606	282	2246	2207
242	ASCL2_ENSG00000183734_168649.4	692	406	627	378	247	816	452	790	672	1090	252	946	1357	1146	988	869	1002	647	877	1242
243	ASCL2_ENSG00000183734_168650.5	233	58	302	93	158	296	246	263	294	243	199	301	386	359	357	309	225	131	401	404
244	ASCL2_ENSG00000183734_168651.6	895	377	804	694	208	698	384	689	860	1213	262	878	1472	1039	992	1007	868	1129	1080	840
245	ASF1A_ENSG00000111875_187495.1	1422	863	1550	895	818	1935	1314	1568	1748	823	1058	1820	2742	2137	1739	1549	2855	876	1585	1950
246	ASF1A_ENSG00000111875_187496.2	250	617	259	163	130	385	231	261	255	145	141	497	566	390	358	385	774	1210	413	494
247	ASF1A_ENSG00000111875_187497.3	253	312	298	277	13	222	80	311	547	1193	53	425	575	501	549	458	799	359	531	497
248	ASF1A_ENSG00000111875_187498.4	1103	1377	1036	758	249	961	502	921	1470	2065	340	1212	1684	1270	1403	1132	2441	1089	1413	1350
249	ASF1A_ENSG00000111875_187499.5	1639	893	1778	1274	1267	2830	2011	2090	1879	286	1354	2372	3347	2384	2037	1891	1360	1974	2046	2383
250	ASF1A_ENSG00000111875_187500.6	550	350	595	543	35	557	205	568	837	2568	117	969	1212	1144	1434	1100	1298	1315	1151	1096
251	ASF1B_ENSG00000105011_147550.1	551	252	563	244	484	813	640	475	487	721	471	617	995	695	647	547	446	409	626	684
252	ASF1B_ENSG00000105011_147551.2	854	639	853	751	303	794	492	777	1026	465	362	1209	1536	923	1170	885	1313	1293	1048	1439
253	ASF1B_ENSG00000105011_147554.5	353	172	437	747	144	605	256	400	393	792	125	675	906	594	621	577	566	929	676	562
254	ASF1B_ENSG00000105011_147555.6	1580	397	1785	492	1304	2274	1952	1645	2230	1919	1420	2034	3049	1933	2095	1560	2484	2492	1747	2415
255	ASH1L_ENSG00000116539_192247.1	360	237	327	690	60	381	124	322	704	1599	89	651	648	568	673	545	467	593	600	504
256	ASH1L_ENSG00000116539_192248.2	1411	1320	1489	653	840	1822	1366	1389	1532	1998	1099	1669	2240	1422	1450	1256	2657	153	1429	1784
257	ASH1L_ENSG00000116539_192249.3	757	613	704	766	76	724	340	774	1200	1602	205	1244	1433	1083	1234	939	1736	1389	1133	1105
258	ASH1L_ENSG00000116539_192250.4	1148	750	1205	807	167	1259	534	1157	1865	2189	317	1713	2291	1741	1878	1623	2252	2683	1874	1956
259	ASH1L_ENSG00000116539_192251.5	866	1011	907	829	196	1169	580	1162	1469	2008	275	1288	1910	1325	1524	1286	1576	1379	1315	1375
260	ASH1L_ENSG00000116539_192252.6	456	225	457	283	190	641	367	539	1042	237	258	689	872	648	684	716	540	1495	625	691
261	ASH2L_ENSG00000129691_80220.1	1577	1402	1728	467	912	1532	1669	1481	3196	3618	1299	2375	2577	1287	1736	1421	4917	4331	1756	2014
262	ASH2L_ENSG00000129691_80221.2	859	799	857	494	289	947	668	753	1965	3383	425	1145	1527	1191	1137	985	1992	283	1103	982
263	ASH2L_ENSG00000129691_80222.3	890	326	865	702	276	1043	608	968	1675	2291	483	1186	1714	1122	1275	969	1881	557	1221	1260
264	ASH2L_ENSG00000129691_80224.5	613	811	557	644	144	814	378	791	1637	969	246	908	1400	1064	1028	910	1533	439	1089	1035
265	ASH2L_ENSG00000129691_80225.6	879	646	963	428	504	1195	929	927	2136	1043	495	1225	1468	1069	1116	903	1523	779	1072	1190
266	ASMT_ENSG00000196433_165681.1	1321	662	1095	970	603	1534	1328	1306	1811	2344	851	1569	2108	1738	1480	1207	1383	1112	1311	1487
267	ASMT_ENSG00000196433_165682.2	770	166	1103	626	690	1470	941	1045	1310	1694	701	1148	1962	1381	1165	1001	1106	1447	1133	1387
268	ASMT_ENSG00000196433_165683.3	1947	905	1939	2160	736	2400	1631	2100	3070	1303	971	2611	3832	2771	2431	2380	2782	1680	2427	2594
269	ASMT_ENSG00000196433_165685.5	1163	515	1417	665	632	1896	1160	1375	2010	2301	931	1859	2442	1702	1661	1424	2091	1187	1546	1523
270	ASMT_ENSG00000196433_165686.6	1951	1836	1832	866	812	2685	1583	1859	2045	2942	1218	2557	3509	3079	2260	2193	2959	1956	2070	2244
271	ASXL1_ENSG00000171456_109531.1	1194	1078	1316	880	299	1332	941	1355	2196	232	490	1717	2306	1809	1596	1688	2497	1134	1658	1543
272	ASXL1_ENSG00000171456_109533.3	582	160	658	522	301	870	648	689	1088	1196	391	782	1105	602	712	597	839	172	699	1012
273	ASXL1_ENSG00000171456_109534.4	1754	570	1613	871	946	2704	1533	1923	2683	2052	1062	2462	3756	2508	2268	2009	1950	552	2050	2283
274	ASXL1_ENSG00000171456_109535.5	2113	799	1920	1539	1610	2053	2220	1999	4089	2329	1908	2597	3518	2386	2340	1850	2933	2403	2128	2369
275	ASXL1_ENSG00000171456_109536.6	1425	778	1576	580	441	1813	1203	1468	2854	2499	731	1775	2346	1890	1897	1583	3469	687	1670	1957
276	ASXL2_ENSG00000143970_25236.1	533	295	528	886	56	689	186	550	906	2141	92	879	1197	921	990	964	924	283	1116	855
277	ASXL2_ENSG00000143970_25237.2	1342	461	1169	68	1534	1597	2337	1272	2318	1147	1441	1310	2187	1614	1394	1224	1873	421	1377	1688
278	ASXL2_ENSG00000143970_25238.3	567	366	503	418	218	657	390	583	470	1325	295	811	1060	678	689	573	1218	957	680	818
279	ASXL2_ENSG00000143970_25239.4	2156	2238	2488	2425	691	2541	1560	2440	2674	4144	1008	3412	4607	4318	3321	3049	3676	3335	3467	3341
280	ASXL2_ENSG00000143970_25241.6	476	431	517	178	65	807	350	681	992	713	148	964	1420	999	892	902	1091	297	984	878
281	ASXL3_ENSG00000141431_82546.1	596	324	584	498	82	915	366	817	980	1488	199	1000	1300	1201	1000	900	884	1923	1084	911
282	ASXL3_ENSG00000141431_82547.2	1170	797	1113	1102	342	1485	806	1357	1571	1965	461	1671	2171	1560	1726	1426	1942	4141	1561	1511
283	ASXL3_ENSG00000141431_82548.3	1526	560	1386	1005	661	1694	1149	1475	1993	2705	839	1626	2628	1974	1672	1477	2382	1291	1636	1828
284	ASXL3_ENSG00000141431_82549.4	1587	1309	1284	654	1102	2307	1733	2138	2441	1918	1116	2021	3123	2217	2003	1795	2352	2133	1935	1796
285	ASXL3_ENSG00000141431_82550.5	1175	928	1460	918	750	2222	1225	1580	1834	2546	698	1803	2797	2180	1989	1633	1259	2490	1777	1888
286	ASXL3_ENSG00000141431_82551.6	771	273	738	506	706	1209	954	761	1375	426	707	1078	1136	814	833	686	1673	65	814	879
287	ATAD2B_ENSG00000119778_92144.2	1129	783	1247	992	428	1609	957	1324	1845	1369	652	1595	2804	2081	1735	1719	2329	2020	1762	1665
288	ATAD2B_ENSG00000119778_92145.3	1430	1325	1541	1433	591	1710	1049	1588	2202	1863	714	2148	2534	1862	2047	1580	3243	2645	1852	1991
289	ATAD2B_ENSG00000119778_92146.4	1558	879	1759	1149	682	2338	1335	1846	2034	1246	819	2471	3259	2621	2392	2240	2591	899	2275	2044
290	ATAD2B_ENSG00000119778_92147.5	522	499	533	401	59	336	169	360	821	227	108	518	779	550	696	579	529	418	611	693
291	ATAD2B_ENSG00000119778_92148.6	946	438	921	639	551	1298	973	961	1647	848	680	1261	1697	974	1099	925	1752	2197	1040	1093
292	ATAT1_ENSG00000137343_1756.1	820	591	855	532	224	822	494	686	1019	799	385	1125	1504	1068	1090	904	1439	1608	1061	1158
293	ATAT1_ENSG00000137343_1757.2	487	228	716	36	402	901	724	637	1298	907	502	858	1090	722	616	600	613	939	664	735
294	ATAT1_ENSG00000137343_1758.3	1026	284	1027	905	302	973	708	778	749	1018	472	1148	1618	1152	1380	1075	2162	1482	1135	1391
295	ATAT1_ENSG00000137343_1759.4	719	116	792	345	260	996	767	798	1647	2729	411	999	1627	969	1143	849	1899	1313	1069	1087
296	ATAT1_ENSG00000137343_1760.5	902	700	952	509	178	895	579	934	1437	2031	276	1531	1618	1080	1391	1101	1782	2537	1253	1410
297	ATAT1_ENSG00000137343_1761.6	926	509	906	463	146	893	655	713	1292	3026	354	1276	1582	962	1087	871	1794	562	1087	1185
298	ATF2_ENSG00000115966_15532.1	612	567	693	786	173	944	433	777	1183	910	260	1064	1490	1109	1005	910	1874	2897	966	877
299	ATF2_ENSG00000115966_15533.2	1109	467	1133	778	610	1263	1057	1187	1890	1347	760	1666	2131	1496	1353	1339	1101	1850	1452	1384
300	ATF2_ENSG00000115966_15534.3	523	244	710	434	71	508	227	603	828	1115	104	781	1292	888	1003	831	1994	554	977	878
301	ATF2_ENSG00000115966_15536.5	1435	350	1560	894	727	2087	1564	1485	2518	2280	936	1805	2744	1707	1826	1496	2630	364	1582	1790
302	ATF2_ENSG00000115966_15537.6	1556	1116	1727	1518	1022	2038	1956	1878	3104	2710	1323	2045	3103	2190	2281	1762	3282	3348	2047	2237
303	ATF7IP_ENSG00000171681_157351.1	1568	1102	1442	694	827	2531	1571	2009	2151	1086	1090	2607	3043	2542	2157	2009	2519	2990	2059	2094
304	ATF7IP_ENSG00000171681_157352.2	396	241	358	47	251	635	436	592	836	1257	249	659	731	570	618	414	567	842	571	544
305	ATF7IP_ENSG00000171681_157353.3	594	172	701	636	317	945	659	798	1315	857	396	1005	1452	1102	949	915	871	946	855	814
306	ATF7IP_ENSG00000171681_157354.4	681	449	679	711	71	758	261	699	687	870	152	1050	1318	1155	1188	1087	1180	2272	1138	1027
307	ATF7IP_ENSG00000171681_157355.5	533	425	659	347	272	931	630	750	444	1866	301	969	1171	1063	1012	904	1287	429	888	971
308	ATF7IP_ENSG00000171681_157356.6	571	669	537	539	194	739	462	754	921	682	275	636	1230	820	786	705	1196	1259	827	778
309	ATF7IP2_ENSG00000166669_105097.1	379	116	424	625	80	521	302	450	327	744	119	592	802	604	623	545	536	297	542	584
310	ATF7IP2_ENSG00000166669_105098.2	1179	800	1302	961	286	1412	827	1141	2240	3641	463	1601	2196	1611	1676	1414	3218	1720	1625	1661
311	ATF7IP2_ENSG00000166669_105099.3	734	526	655	335	327	909	528	710	1458	614	365	1056	1294	945	956	805	1223	1038	803	874
312	ATF7IP2_ENSG00000166669_105100.4	1135	307	1089	781	984	1955	1482	1413	2040	1900	903	1453	2632	2013	1448	1435	1323	2662	1404	1403
313	ATF7IP2_ENSG00000166669_105101.5	1475	594	1557	1498	330	2178	964	2003	2398	1955	620	2327	3045	2461	2274	2041	2778	1502	1940	2016
314	ATF7IP2_ENSG00000166669_105102.6	448	374	604	654	169	730	345	605	777	1858	271	718	1038	956	816	849	967	310	898	880
315	ATM_ENSG00000149311_159353.1	1414	1003	1230	752	548	1636	1078	1473	2140	2002	669	1706	2346	1623	1413	1290	2202	2563	1462	1815
316	ATM_ENSG00000149311_159354.2	568	393	710	885	376	901	593	666	1190	1932	394	840	1134	847	748	686	986	1391	794	867
317	ATM_ENSG00000149311_159355.3	1613	1206	1493	1371	210	1858	735	1600	2533	2448	398	2495	3259	2374	2832	2367	4054	1939	2717	2542
318	ATM_ENSG00000149311_159356.4	867	270	697	1001	366	1172	723	839	1384	2036	394	1238	1680	1110	1124	1080	1515	1652	1269	1299
319	ATM_ENSG00000149311_159357.5	1893	1410	2028	1538	1122	3109	2059	2317	2649	3105	1267	2393	4230	3360	2620	2508	3901	1867	2535	2579
320	ATM_ENSG00000149311_159358.6	681	419	757	468	32	485	171	516	735	1887	78	981	1313	949	1280	1052	960	1866	1151	1040
321	ATOH1_ENSG00000172238_175529.1	771	680	896	580	117	1043	417	836	1175	2124	234	1154	1411	1263	1092	975	1235	1179	1066	1083
322	ATOH1_ENSG00000172238_175531.3	577	377	607	303	305	979	674	863	910	2030	372	787	1383	853	868	766	639	975	821	914
323	ATOH1_ENSG00000172238_175532.4	235	119	274	78	27	209	123	235	600	420	31	415	460	347	364	378	562	278	361	413
324	ATOH1_ENSG00000172238_175533.5	960	229	1180	644	543	1861	1127	1218	1767	1885	753	1438	2334	1740	1276	1301	1446	1386	1405	1593
325	ATR_ENSG00000175054_22782.2	1201	476	1195	690	259	1349	687	1198	1418	1056	367	1829	2670	1876	1802	1747	1849	472	1818	1540
326	ATR_ENSG00000175054_22783.3	1122	832	1235	531	421	1857	1152	1412	1334	2537	649	1439	2724	2058	1778	1633	1354	1054	1574	1537
327	ATR_ENSG00000175054_22784.4	1375	364	1487	1441	478	1927	951	1541	1884	2365	600	1479	2715	1896	1922	1839	1182	2311	2033	2014
328	ATR_ENSG00000175054_22785.5	1352	659	1381	521	834	2230	1374	1619	1712	875	800	1860	2861	2030	1910	1676	1745	718	1780	1855
329	ATR_ENSG00000175054_22786.6	450	399	510	233	133	711	361	582	937	628	168	625	1027	888	844	654	916	217	611	521
330	ATRX_ENSG00000085224_37594.1	460	691	521	131	150	641	341	567	675	1261	199	693	1110	1038	809	819	1078	1237	745	836
331	ATRX_ENSG00000085224_37595.2	1786	634	1840	1448	1835	3107	2591	2384	3011	2100	2038	2422	3650	2673	2194	2050	3098	579	2060	2341
332	ATRX_ENSG00000085224_37597.4	1072	328	1114	1074	204	1146	531	1164	1146	979	349	1460	2065	1685	1567	1378	1504	1261	1411	1366
333	ATRX_ENSG00000085224_37598.5	1086	880	1063	935	658	1635	1164	1303	1634	1965	794	1728	1993	1676	1497	1294	1693	1078	1377	1469
334	ATRX_ENSG00000085224_37599.6	636	1165	692	234	239	770	480	729	1082	857	323	989	1274	830	958	899	1150	53	896	972
335	ATXN3L_ENSG00000123594_163580.1	982	696	1115	643	240	1530	604	1115	1725	1768	350	1299	2362	1687	1458	1455	1377	2531	1505	1466
336	ATXN3L_ENSG00000123594_163581.2	572	88	483	428	392	1026	676	801	927	2813	397	853	1233	1003	796	733	949	641	825	690
337	ATXN3L_ENSG00000123594_163582.3	1613	357	1645	845	943	2372	1993	1862	2019	3014	1162	2105	3465	2124	2095	1714	2062	1157	1848	2332
338	ATXN3L_ENSG00000123594_163583.4	1356	888	1302	729	409	1884	840	1542	1444	1853	639	2056	2659	1961	2203	1863	2709	1849	2061	1952
339	ATXN3L_ENSG00000123594_163584.5	872	820	1165	779	270	1461	772	1268	1633	1731	378	1841	2148	1748	1585	1550	1116	1171	1708	1701
340	ATXN3L_ENSG00000123594_163585.6	690	259	802	557	158	1113	582	1005	1238	1789	282	1479	1774	1375	1300	1156	1338	1133	1206	1277
341	ATXN7_ENSG00000163635_193352.1	2932	1355	3108	1572	1631	4022	3102	3632	4439	2663	2126	3676	5664	4419	4117	3551	4109	2782	3473	3928
342	ATXN7_ENSG00000163635_193353.2	1675	1026	1460	364	941	2218	1566	1719	1791	1694	1053	1963	3146	2168	1778	1558	2222	1768	1844	1907
343	ATXN7_ENSG00000163635_193355.4	993	413	930	622	340	1344	810	1053	1448	1221	556	1184	1918	1609	1249	1226	997	2069	1281	1309
344	ATXN7_ENSG00000163635_193356.5	1443	865	1957	1432	618	2489	1451	2022	2795	2702	805	2375	3518	2805	2447	2207	2810	3174	2302	2522
345	ATXN7_ENSG00000163635_193357.6	918	665	864	403	223	1117	522	1189	1057	1524	300	1478	2062	1506	1432	1359	1486	1850	1463	1343
346	ATXN7L3_ENSG00000087152_154316.1	447	163	355	231	85	602	306	470	602	1145	229	553	824	727	667	651	930	248	587	463
347	ATXN7L3_ENSG00000087152_154317.2	1418	1144	1794	1572	189	1453	524	1451	1973	2294	351	2202	2899	2325	2822	2418	2488	1309	2643	2441
348	ATXN7L3_ENSG00000087152_154318.3	38	16	47	41	25	37	16	34	13	24	12	33	51	28	29	31	23	55	47	28
349	ATXN7L3_ENSG00000087152_154319.4	783	430	815	581	245	1153	588	966	994	1632	366	1043	1854	1374	1344	1196	1722	1165	1371	931
350	ATXN7L3_ENSG00000087152_154320.5	2069	1355	2182	1213	985	2987	1990	2389	3431	4056	1249	2664	3776	3552	2907	2692	3049	3035	2910	2678
351	ATXN7L3_ENSG00000087152_154321.6	890	422	886	359	540	1773	1108	1098	1434	709	683	1337	2034	1456	1171	1099	1145	2081	1196	997
352	AURKA_ENSG00000087586_143472.1	1556	1437	1295	799	471	326	1540	740	1635	1386	1283	1561	1132	464	1341	594	3246	2152	1220	1573
353	AURKA_ENSG00000087586_143473.2	1176	454	1018	647	111	267	616	498	1587	1959	417	1408	795	334	1126	458	2856	2710	1113	1019
354	AURKA_ENSG00000087586_143474.3	822	466	945	393	475	1312	753	936	1412	404	476	935	1619	1145	1023	1046	868	709	1136	1065
355	AURKA_ENSG00000087586_143475.4	546	675	500	332	52	202	162	300	560	1295	137	712	618	379	686	380	1732	580	729	593
356	AURKA_ENSG00000087586_143476.5	876	677	972	688	205	1054	493	1035	1469	2432	309	1399	1794	1446	1391	1179	1694	1488	1335	1342
357	AURKA_ENSG00000087586_143477.6	1708	1437	1770	1893	339	815	1097	1083	1917	4923	822	2483	1879	847	1772	994	4042	4895	1760	2068
358	AURKB_ENSG00000178999_78373.1	563	109	538	324	141	424	435	511	713	584	236	579	734	387	689	479	843	296	573	574
359	AURKB_ENSG00000178999_78374.2	1119	922	1214	761	158	649	656	797	1090	855	376	1146	1480	759	1334	1051	1197	1735	1094	1028
360	AURKB_ENSG00000178999_78375.3	1700	308	1759	1255	1193	2509	1966	2023	2324	854	1424	2062	2999	2173	2016	1862	1465	2063	1830	1982
361	AURKB_ENSG00000178999_78376.4	1561	725	1429	527	164	117	1187	997	1494	3183	569	1289	835	236	1852	1351	2714	2573	1116	1208
362	AURKB_ENSG00000178999_78377.5	624	186	554	510	41	158	381	611	413	1754	208	573	469	158	775	554	966	752	537	512
363	AURKB_ENSG00000178999_78378.6	738	421	642	659	77	57	775	716	344	595	293	674	276	75	1022	594	1486	2337	522	361
364	BABAM1_ENSG00000105393_18340.1	427	394	432	233	283	659	421	548	729	476	235	609	894	713	614	661	889	339	575	754
365	BABAM1_ENSG00000105393_18342.3	1430	1428	1428	964	495	2128	1214	1679	1627	1650	635	2015	2885	2542	2112	2085	2372	2429	1986	1800
366	BABAM1_ENSG00000105393_18345.6	3521	1479	3544	1837	1945	4260	3905	3687	6036	4596	2381	4975	6908	4289	4734	3813	6518	3379	4236	5071
367	BAHD1_ENSG00000140320_177871.1	732	92	840	219	279	861	470	823	1220	1000	368	1029	1398	949	1060	857	1022	856	927	1071
368	BAHD1_ENSG00000140320_177872.2	1654	480	1891	866	1881	2821	2504	2181	2032	2655	1980	2318	3745	2908	2441	2180	2760	2716	2210	2254
369	BAHD1_ENSG00000140320_177873.3	1176	529	1096	314	583	1678	1251	1226	1830	2064	700	1245	2307	1451	1474	1143	1189	2195	1347	1217
370	BAHD1_ENSG00000140320_177874.4	212	391	116	282	44	260	111	186	42	268	86	243	463	302	249	243	318	276	186	201
371	BAHD1_ENSG00000140320_177875.5	1008	432	979	422	598	1547	1082	1215	1523	2312	747	1409	2235	1701	1526	1527	1356	2809	1347	1381
372	BAHD1_ENSG00000140320_177876.6	1175	942	1157	532	623	1764	1412	1512	2200	1301	946	1567	2460	1662	1635	1365	1765	1049	1354	1546
373	BANP_ENSG00000172530_43696.1	1760	1339	1680	1307	1109	2317	1845	1697	3746	2952	1291	2908	2981	1854	2181	1595	5028	3481	2023	2851
374	BANP_ENSG00000172530_43697.2	795	838	736	571	78	736	305	669	1271	1435	159	1208	1388	891	1106	952	2120	3113	1082	1085
375	BANP_ENSG00000172530_43698.3	1383	1695	1476	912	99	961	441	1044	1550	2385	234	1826	2172	1866	2094	1796	3213	723	1955	2101
376	BANP_ENSG00000172530_43699.4	511	476	551	867	77	656	252	587	400	173	136	545	1108	788	810	672	1113	526	753	641
377	BANP_ENSG00000172530_43700.5	1248	190	1093	1124	562	1541	1102	1321	2633	2499	783	1866	2104	1267	1547	1138	1967	3166	1258	1787
378	BANP_ENSG00000172530_43701.6	858	367	844	386	351	1294	739	974	1663	973	522	1296	1626	1266	1246	979	1901	1099	1135	1298
379	BAP1_ENSG00000163930_189759.1	785	652	737	664	115	797	365	699	1220	1250	273	1107	1300	779	905	820	1619	873	908	1542
380	BAP1_ENSG00000163930_189760.2	767	329	722	219	544	1410	1014	1080	1726	1331	640	1678	1565	1216	1104	905	896	2578	979	1592
381	BAP1_ENSG00000163930_189761.3	1297	724	1464	3864	279	1343	687	1443	2426	3430	471	2306	2882	2047	2176	2003	3018	1964	2048	2792
382	BAP1_ENSG00000163930_189762.4	224	220	222	75	11	170	107	170	447	489	45	472	331	213	241	249	189	479	256	450
383	BAP1_ENSG00000163930_189763.5	1487	1035	1566	1119	724	2565	1530	1877	2446	3019	1037	3036	3249	2255	2136	1928	2918	3282	2287	3040
384	BAP1_ENSG00000163930_189764.6	1364	351	1356	839	641	1723	1255	1421	1800	1957	861	2453	2443	1722	1731	1394	2179	846	1758	2228
385	BAZ1A_ENSG00000198604_79834.1	851	856	1080	938	47	636	265	615	1162	1241	139	1489	1552	1114	1589	1328	2391	1409	1478	1401
386	BAZ1A_ENSG00000198604_79835.2	1233	703	1463	1186	1229	1859	1891	1342	1454	1864	1245	2006	2607	1553	1505	1276	2097	2232	1572	1771
387	BAZ1A_ENSG00000198604_79836.3	645	334	632	706	92	503	235	440	717	908	147	773	949	738	820	702	1071	309	690	581
388	BAZ1A_ENSG00000198604_79837.4	793	744	776	513	741	1334	919	931	748	1492	763	1273	1606	1231	1092	947	1770	846	1029	1139
389	BAZ1A_ENSG00000198604_79838.5	1609	845	1712	656	700	2665	1555	2017	2375	1998	1084	2264	3510	2540	2333	2187	2753	919	2088	2166
390	BAZ1A_ENSG00000198604_79839.6	1308	665	1226	373	728	1865	1185	1322	1573	1309	934	1799	2462	1641	1780	1393	2021	831	1612	1633
391	BAZ1B_ENSG00000009954_59970.1	1120	401	1204	409	502	1274	863	1157	1056	1543	630	1334	1990	1548	1275	1239	1984	2227	1234	1230
392	BAZ1B_ENSG00000009954_59971.2	1310	463	1136	859	790	2000	1704	1456	2262	1105	1131	1609	2219	1658	1803	1196	1861	2437	1550	1624
393	BAZ1B_ENSG00000009954_59972.3	2402	1454	2394	609	997	2855	2059	2355	3481	2516	1282	2928	4324	2887	3015	2252	3027	1493	2635	3051
394	BAZ1B_ENSG00000009954_59973.4	940	496	964	944	476	1060	1020	901	1628	2294	654	1281	1477	1001	1269	918	1958	2323	1126	1105
395	BAZ1B_ENSG00000009954_59974.5	1844	987	1882	1313	1636	2819	2247	2596	3253	2135	1552	2400	4032	2767	2558	2309	2742	1078	2413	2406
396	BAZ1B_ENSG00000009954_59975.6	662	350	636	343	250	588	606	691	882	1702	378	961	1360	768	1037	742	655	710	813	892
397	BAZ2A_ENSG00000076108_80750.1	1172	503	1234	954	513	1744	1202	1149	2033	2573	813	1963	2111	1518	1583	1267	2840	2411	1400	1857
398	BAZ2A_ENSG00000076108_80751.2	714	337	743	988	34	627	205	638	1416	4598	74	1360	1480	1152	1496	1261	2267	2299	1449	1370
399	BAZ2A_ENSG00000076108_80752.3	725	283	925	419	148	740	454	748	1671	2114	314	1441	1447	933	1113	913	1411	1906	1169	1211
400	BAZ2A_ENSG00000076108_80754.5	1563	553	1475	889	1117	1653	1884	1351	2778	2054	1353	2898	2757	1591	1831	1296	3411	1988	1703	2369
401	BAZ2A_ENSG00000076108_80755.6	825	391	881	749	492	1383	983	1176	854	2014	608	1132	1668	1230	1113	911	755	749	992	1035
402	BAZ2B_ENSG00000123636_202521.1	1658	983	1806	834	1414	2839	2204	1923	2966	2541	1474	1927	3401	2664	2025	2022	1791	2131	1876	1996
403	BAZ2B_ENSG00000123636_202522.2	878	185	909	576	317	1131	581	1116	1524	1375	409	1239	1783	1446	1333	1177	993	1229	1299	1461
404	BAZ2B_ENSG00000123636_202523.3	859	856	809	742	93	900	398	891	1274	1637	242	1229	1808	1262	1465	1180	1474	2218	1312	1245
405	BAZ2B_ENSG00000123636_202524.4	775	363	626	637	128	852	410	734	1165	1119	206	1037	1421	976	1274	815	1971	822	1057	1011
406	BAZ2B_ENSG00000123636_202525.5	1047	308	998	415	310	1286	929	1099	1428	1983	498	1488	1835	1440	1546	1310	1546	1229	1335	1468
407	BAZ2B_ENSG00000123636_202526.6	1047	555	1195	650	493	1080	930	976	1527	1	607	1314	1711	1300	1426	1038	1536	2681	1268	1356
408	BCL11A_ENSG00000119866_183870.4	905	819	1209	1407	338	1052	799	1057	1476	1390	492	1500	1589	1201	1292	934	3133	3675	1221	1352
409	BCL11A_ENSG00000119866_183871.5	1170	1398	1261	1302	69	969	355	1044	1225	2753	179	1935	2323	1725	2475	2252	3423	2629	2251	1752
410	BCL11A_ENSG00000119866_183872.6	321	454	330	241	40	423	220	349	487	992	162	474	576	488	407	394	491	574	392	406
411	BCL11B_ENSG00000127152_93231.1	572	700	565	431	74	775	300	666	1028	1134	167	960	1142	907	1050	915	1540	1373	984	982
412	BCL11B_ENSG00000127152_93232.2	1698	952	1845	1028	1887	2527	2109	2261	2600	1499	1564	2117	3469	2521	2054	1924	1738	1995	2026	2280
413	BCL11B_ENSG00000127152_93233.3	1046	383	970	1282	377	1607	939	1032	1547	2181	584	1390	1811	1293	1197	1197	1853	1078	1135	1244
414	BCL11B_ENSG00000127152_93234.4	555	467	635	616	26	387	149	465	1052	1235	69	924	990	752	1110	925	1434	1757	1024	1142
415	BCL11B_ENSG00000127152_93235.5	1847	1480	1812	667	1590	2957	2083	1977	1999	2024	1526	2054	3122	2486	2005	1805	2692	1611	1922	2094
416	BCL11B_ENSG00000127152_93236.6	1006	745	977	764	164	913	450	980	1520	684	259	1539	1904	1575	1657	1349	1393	1622	1536	1576
417	BCL6_ENSG00000113916_179940.1	474	141	433	282	403	810	446	622	1215	1188	412	662	1124	812	630	564	1420	251	632	721
418	BCL6_ENSG00000113916_179941.2	2097	1123	2272	902	1374	3184	2143	2628	2740	4545	1423	2871	4310	3217	2602	2350	2760	1975	2453	2679
419	BCL6_ENSG00000113916_179942.3	617	608	631	773	49	330	197	482	623	2134	66	928	925	880	1050	944	1569	733	1019	857
420	BCL6_ENSG00000113916_179943.4	1038	848	1073	985	424	1463	854	1215	2162	806	543	1755	2348	2089	1618	1487	1286	245	1490	1470
421	BCL6_ENSG00000113916_179944.5	694	549	516	389	307	764	534	714	822	595	430	995	982	858	761	578	1232	3684	741	816
422	BCL7A_ENSG00000110987_51819.1	127	247	139	143	65	210	99	161	66	226	60	214	289	161	238	180	464	214	169	213
423	BCL7A_ENSG00000110987_51820.2	726	295	925	1004	447	986	697	1004	1427	965	476	1216	1363	956	1131	943	1272	1982	1103	1061
424	BCL7A_ENSG00000110987_51822.4	241	203	304	76	24	114	51	238	180	1275	41	361	493	340	465	373	854	785	371	344
425	BCL7A_ENSG00000110987_51823.5	2370	1222	2433	1318	675	2557	1778	2295	3439	2402	1331	2584	3645	2757	2555	2208	3973	3788	2428	2825
426	BCL7A_ENSG00000110987_51824.6	502	117	486	478	35	306	121	420	741	2615	84	792	937	633	821	755	1107	289	774	698
427	BCL7B_ENSG00000106635_10403.1	1638	768	1750	1272	614	1654	1138	1542	2454	3585	802	1934	2609	1947	1960	1751	2449	3907	1805	1923
428	BCL7B_ENSG00000106635_10404.2	1121	1272	1312	927	777	1170	1182	1016	1948	1135	1006	1622	1985	1375	1405	1163	2430	1896	1243	1654
429	BCL7B_ENSG00000106635_10405.3	1086	576	1114	1139	327	1059	822	1137	1943	1201	541	1556	1872	1187	1379	1111	1741	1597	1318	1520
430	BCL7B_ENSG00000106635_10406.4	716	257	734	290	448	809	940	882	1210	1730	613	888	1321	983	959	689	1553	976	784	950
431	BCL7B_ENSG00000106635_10408.6	514	236	438	322	222	775	443	718	856	234	313	714	1261	1041	794	770	765	1285	737	726
432	BCL7C_ENSG00000099385_32303.1	445	80	535	395	205	556	330	471	843	500	204	612	858	629	615	464	906	1000	643	735
433	BCL7C_ENSG00000099385_32304.2	1416	822	1300	983	431	1437	988	1425	2478	3095	588	1624	2609	1690	1756	1243	2737	2411	1640	1916
434	BCL7C_ENSG00000099385_32305.3	1282	589	1195	482	505	1636	1221	1387	2797	1249	806	1767	2410	1543	1485	1638	3131	3205	1622	2053
435	BCL7C_ENSG00000099385_32306.4	1526	1762	1537	1063	884	2241	1502	1801	3385	4046	980	2606	3485	2446	2067	1972	2877	1391	2075	2283
436	BCL7C_ENSG00000099385_32308.6	369	360	411	327	158	475	341	452	905	677	241	772	790	711	624	544	774	1293	663	578
437	BCOR_ENSG00000183337_90115.1	744	795	846	959	281	1141	628	1020	861	2631	435	1278	1623	1234	1203	1120	550	902	1058	1297
438	BCOR_ENSG00000183337_90116.2	717	256	722	799	458	1214	781	908	575	1603	527	927	1343	1034	896	695	1028	1016	818	894
439	BCOR_ENSG00000183337_90117.3	783	370	700	867	409	826	685	651	520	1140	580	1136	1396	967	912	805	456	835	889	952
440	BCOR_ENSG00000183337_90118.4	317	319	364	85	140	479	237	361	69	262	169	526	676	505	453	465	254	577	358	617
441	BCOR_ENSG00000183337_90120.6	412	403	347	213	75	490	266	325	312	242	122	412	573	430	528	403	730	515	488	452
442	BCORL1_ENSG00000085185_142135.2	1829	178	1628	1490	1136	2549	1841	1862	2204	1333	1350	2381	3269	2529	2168	2106	2362	2648	2187	2234
443	BCORL1_ENSG00000085185_142136.3	2155	1210	2318	1217	1818	4188	2593	2537	2918	1964	1823	2691	4581	3325	2776	2578	3907	2944	2589	2704
444	BCORL1_ENSG00000085185_142137.4	843	743	848	1210	52	625	186	690	1176	1599	101	1030	1370	1116	1211	1118	1133	1143	1094	1164
445	BCORL1_ENSG00000085185_142138.5	2181	1565	2180	788	1265	3587	2466	2632	2875	3888	1806	2571	4482	3268	2926	2611	2541	1558	2504	2675
446	BCORL1_ENSG00000085185_142139.6	457	174	481	162	166	605	342	501	735	775	205	580	900	790	756	538	712	227	627	639
447	BDP1_ENSG00000145734_134773.1	1309	677	1420	1136	642	2195	1406	1609	1532	1539	979	2007	2955	2317	1734	1717	2304	2251	1626	1983
448	BDP1_ENSG00000145734_134774.2	981	681	786	179	359	731	680	532	1192	1307	440	957	1256	627	877	661	867	696	882	1132
449	BDP1_ENSG00000145734_134775.3	212	196	232	575	18	189	69	146	536	1513	41	283	443	345	328	332	263	279	343	388
450	BDP1_ENSG00000145734_134777.5	1133	230	1080	327	744	1338	1449	1030	1846	1897	972	1613	2082	1189	1335	1008	2171	1677	1348	1395
451	BDP1_ENSG00000145734_134778.6	526	399	579	706	30	530	209	552	684	2932	91	912	1137	944	1003	939	1171	453	987	952
452	BLM_ENSG00000197299_84709.2	912	1049	966	1204	90	968	575	941	1581	1588	307	1479	1763	1256	1656	1234	1810	1149	1441	1448
453	BLM_ENSG00000197299_84710.3	624	506	709	787	285	840	535	718	898	491	323	783	1375	811	986	727	1888	1220	945	963
454	BLM_ENSG00000197299_84711.4	513	268	490	233	86	475	253	555	632	1286	132	677	839	716	764	677	1029	2498	634	716
455	BLM_ENSG00000197299_84712.5	672	335	623	737	85	354	364	539	568	1305	197	835	749	521	891	640	1948	1686	810	879
456	BLM_ENSG00000197299_84713.6	431	87	423	435	83	492	302	478	469	766	192	584	808	635	662	533	374	899	564	582
457	BMI1_ENSG00000168283_96384.2	1005	1160	1200	425	410	1599	853	1203	1821	2254	521	1783	2438	1629	1592	1421	1791	1062	1574	1459
458	BMI1_ENSG00000168283_96386.4	854	283	1127	559	477	1193	787	1069	1623	1571	590	1408	1810	1241	1239	1146	1888	1233	1272	1265
459	BMI1_ENSG00000168283_96387.5	1962	522	2029	1260	1331	3107	2157	2249	3107	2606	1615	2523	3687	2729	2644	2173	2635	2843	2307	2695
460	BMI1_ENSG00000168283_96388.6	523	414	663	703	53	544	194	589	898	2761	100	1071	1109	888	1152	872	1495	1006	1026	982
461	BMI1_ENSG00000168283_96390.8	712	653	777	339	87	777	319	769	1319	610	164	1346	1587	1076	983	1040	1689	1054	1045	1225
462	BPTF_ENSG00000171634_135357.1	979	680	1119	356	273	932	785	1117	1492	1262	465	2246	2250	1169	1475	1219	2146	2427	1353	1633
463	BPTF_ENSG00000171634_135358.2	1365	1040	1538	429	620	2281	1418	1647	1711	2782	960	2172	2852	2224	1945	1772	2790	2457	1790	2056
464	BPTF_ENSG00000171634_135359.3	751	313	749	540	368	1049	692	708	1110	962	467	1080	1063	905	843	738	1006	2190	805	1134
465	BPTF_ENSG00000171634_135360.4	1098	723	1060	843	371	1057	861	1023	1650	2004	474	1775	1775	1174	1284	1050	1695	1334	1573	1709
466	BPTF_ENSG00000171634_135362.6	576	425	602	82	333	750	676	758	1136	309	398	1005	1081	679	720	701	1112	547	689	890
467	BRCA1_ENSG00000012048_28764.2	1100	913	1096	903	167	941	583	1062	1339	2131	294	1415	1745	1195	1410	1100	2312	1032	1431	1618
468	BRCA1_ENSG00000012048_28765.3	676	258	749	510	223	987	510	706	660	802	285	738	1515	1141	924	779	1113	1448	1049	797
469	BRCA1_ENSG00000012048_28766.4	930	369	1125	491	473	1258	1055	1115	960	1006	608	1298	2165	1398	1534	1167	1945	1379	1343	1479
470	BRCA1_ENSG00000012048_28767.5	718	200	734	516	293	998	555	694	426	1005	298	710	1429	1126	1108	892	937	1636	1103	963
471	BRCA1_ENSG00000012048_28768.6	831	610	819	773	551	1081	695	899	1360	485	460	1050	1665	1128	1275	1128	1201	452	1205	1082
472	BRCA2_ENSG00000139618_36615.1	875	899	918	615	322	1262	716	929	1213	1695	426	1147	1993	1500	1463	1206	892	1655	1328	1288
473	BRCA2_ENSG00000139618_36616.2	1026	1323	964	670	471	1633	764	1284	1475	1960	535	1584	2191	1689	1604	1358	2261	1121	1494	1402
474	BRCA2_ENSG00000139618_36617.3	456	440	398	84	174	660	490	539	576	251	296	699	1090	779	571	498	758	282	623	593
475	BRCA2_ENSG00000139618_36619.5	706	321	777	478	576	1556	899	959	1095	995	578	981	1705	1260	1090	1083	2126	236	1088	1135
476	BRCA2_ENSG00000139618_36620.6	1591	592	1537	837	792	2677	1470	1601	1909	1379	820	2107	3340	2217	2045	1870	1110	1613	1919	1918
477	BRCC3_ENSG00000185515_122719.1	1181	545	1133	827	473	1669	1091	1362	2090	690	715	1361	2368	1751	1832	1466	1424	628	1807	1491
478	BRCC3_ENSG00000185515_122720.2	838	227	793	462	275	1240	724	1042	1249	796	458	1021	1638	1129	1011	1064	901	568	1078	836
479	BRCC3_ENSG00000185515_122721.3	480	404	395	96	238	703	428	498	510	338	276	416	1127	722	801	611	984	611	700	770
480	BRCC3_ENSG00000185515_122722.4	645	656	809	1304	31	662	190	668	1130	3565	82	1013	1563	1420	1582	1394	1377	1454	1520	1236
481	BRCC3_ENSG00000185515_122723.5	879	315	833	897	223	1147	629	971	1445	6	336	1278	1893	1471	1448	1347	1625	516	1214	1222
482	BRD1_ENSG00000100425_114759.1	977	388	1130	631	187	1133	621	1026	915	941	333	1501	1991	1230	1353	1313	1763	2035	1439	1546
483	BRD1_ENSG00000100425_114760.2	1020	1059	1044	630	298	1270	673	1017	1196	1145	403	1193	1859	1273	1324	1249	1356	799	1370	1317
484	BRD1_ENSG00000100425_114761.3	1059	419	1142	579	298	1459	753	1350	1714	1549	500	1872	2114	1728	1574	1521	1608	1491	1515	1589
485	BRD1_ENSG00000100425_114762.4	919	295	942	546	729	1428	1092	1123	1582	1508	750	1314	1797	1142	1161	1037	1078	1	1106	1015
486	BRD1_ENSG00000100425_114763.5	1031	351	1079	895	681	1381	1130	1056	1440	984	694	1480	2430	1453	1514	1279	819	2131	1427	1553
487	BRD2_ENSG00000204256_187206.1	72	91	69	212	10	46	20	64	95	248	13	115	114	93	167	105	191	130	133	165
488	BRD2_ENSG00000204256_187207.2	798	126	903	460	661	960	817	831	681	997	550	804	1358	1188	945	889	1431	377	894	1098
489	BRD2_ENSG00000204256_187208.3	1042	380	1020	1167	349	1365	836	998	1335	4204	447	1623	2225	1704	1507	1292	1262	1095	1494	1818
490	BRD2_ENSG00000204256_187209.4	384	361	466	86	187	479	418	508	355	1022	286	441	853	481	492	392	597	768	456	585
491	BRD2_ENSG00000204256_187210.5	2372	1220	2620	1669	1582	3126	2467	2649	1927	2752	1609	2947	4894	3579	3417	2917	2328	3573	2941	3881
492	BRD3_ENSG00000169925_50689.1	691	644	636	584	279	783	512	710	1064	393	308	684	1151	908	826	628	695	513	852	842
493	BRD3_ENSG00000169925_50690.2	409	354	391	236	176	596	309	478	837	686	229	577	807	603	572	541	180	1422	549	527
494	BRD3_ENSG00000169925_50693.5	1018	394	1088	544	536	1462	1047	1079	956	1252	748	1057	2145	1676	1287	1242	1577	758	1235	1414
495	BRD4_ENSG00000141867_71432.1	732	441	662	156	218	917	464	687	778	769	353	1027	1020	816	842	676	725	246	787	781
496	BRD4_ENSG00000141867_71433.2	2024	1625	2401	2910	553	3698	1485	2813	3763	3640	823	3736	4683	3995	3795	3315	4623	3019	3600	3418
497	BRD4_ENSG00000141867_71434.3	1163	344	1223	423	313	954	692	1189	912	1755	495	2868	1827	1169	1758	1331	721	1202	1559	2664
498	BRD4_ENSG00000141867_71435.4	404	254	537	160	38	269	196	350	438	215	102	931	647	439	686	539	469	381	642	977
499	BRD4_ENSG00000141867_71436.5	1056	486	1043	475	544	1474	1102	1261	1063	3119	606	2166	2225	1496	1649	1376	1197	772	1665	1975
500	BRD4_ENSG00000141867_71437.6	782	1007	732	553	175	1095	605	1013	431	1640	414	1948	1688	1402	1193	1138	1750	1137	1153	1179
501	BRD7_ENSG00000166164_86293.1	2501	2444	2704	2325	513	2732	1238	2893	3537	6484	765	3659	5598	4109	4066	3537	4304	3385	3846	3690
502	BRD7_ENSG00000166164_86294.2	934	529	952	308	397	1331	896	1156	1816	2076	592	1349	1714	1083	1120	932	3235	1653	1157	1367
503	BRD7_ENSG00000166164_86295.3	2128	1484	2150	1765	1938	4058	2954	2843	3626	3008	2038	3092	4362	3414	2818	2450	3019	2405	2715	2745
504	BRD7_ENSG00000166164_86296.4	817	993	736	1144	24	259	168	365	1082	3714	42	1053	834	633	1400	930	2526	2917	1124	1023
505	BRD7_ENSG00000166164_86297.5	972	349	845	1333	303	1024	636	1029	1578	3173	453	1782	1628	1185	1240	1078	2229	2128	1265	1368
506	BRD8_ENSG00000112983_123892.3	986	574	997	540	154	791	417	860	819	2492	223	1367	1848	1043	1395	1189	1800	2441	1348	1497
507	BRD8_ENSG00000112983_123893.4	525	300	608	331	164	588	402	573	748	556	273	844	931	639	795	619	1041	906	835	683
508	BRD8_ENSG00000112983_123894.5	953	1261	1063	1597	163	1164	465	1050	1824	2433	289	1687	2247	1817	1779	1707	1768	1297	1843	1711
509	BRD8_ENSG00000112983_123895.6	902	1064	986	528	123	704	445	826	1624	2401	282	1107	1365	879	1121	904	1969	583	1139	1245
510	BRD9_ENSG00000028310_53818.1	526	154	447	661	242	719	364	508	672	1105	243	521	1032	741	637	616	1066	654	580	545
511	BRD9_ENSG00000028310_53819.2	1357	384	1393	860	421	1546	1046	1457	3135	3726	710	1948	2553	1707	1915	1484	2717	2174	1755	2194
512	BRD9_ENSG00000028310_53820.3	1387	753	1315	438	804	1572	1342	1313	2211	978	995	1532	2015	1192	1617	1210	2279	723	1345	1648
513	BRD9_ENSG00000028310_53821.4	1004	867	1158	1372	94	1045	429	1110	1589	4048	212	2022	2337	1878	2221	1959	2647	3108	2017	1823
514	BRD9_ENSG00000028310_53822.5	1668	466	1576	1092	1020	2541	1899	1624	1538	1603	1468	2282	2789	1854	1832	1568	1660	1948	1857	1999
515	BRDT_ENSG00000137948_202802.2	315	395	324	414	104	265	203	246	303	218	91	287	550	438	491	421	670	301	424	406
516	BRDT_ENSG00000137948_202804.4	451	359	438	367	228	453	330	376	778	715	235	559	861	458	477	454	437	254	604	412
517	BRDT_ENSG00000137948_202805.5	1022	771	1072	495	439	1364	1016	1185	1534	2349	617	1450	1758	1440	1493	1203	1764	1079	1273	1561
518	BRDT_ENSG00000137948_202806.6	1213	310	1151	1159	181	1248	716	1177	1524	1982	439	1810	2072	1501	1748	1342	3536	2945	1684	1938
519	BRE_ENSG00000158019_101137.1	1510	1054	1566	1194	822	2538	1474	1783	2544	2492	949	2273	3097	2963	2132	2082	1915	239	2147	2241
520	BRE_ENSG00000158019_101138.2	701	554	711	507	396	968	621	735	1096	1471	426	942	1356	902	971	816	1411	1422	829	1045
521	BRE_ENSG00000158019_101139.3	551	764	684	317	136	867	463	804	677	639	235	974	1431	1036	978	1038	988	877	1023	894
522	BRE_ENSG00000158019_101140.4	949	582	921	674	527	1394	1090	1000	2079	1859	711	1211	1732	1399	1263	1123	1494	772	1271	1320
523	BRE_ENSG00000158019_101141.5	557	431	479	376	199	690	450	692	681	857	210	691	1253	910	783	681	954	522	751	750
524	BRE_ENSG00000158019_101142.6	1389	755	1347	1523	504	2570	1210	1875	1815	515	609	1982	3151	2336	2225	1914	2443	2164	1762	1942
525	BRIP1_ENSG00000136492_93834.1	1217	751	1344	771	1039	2114	1652	1467	2004	2711	1082	1879	2880	2237	1770	1609	2351	1410	1784	1839
526	BRIP1_ENSG00000136492_93835.2	1237	608	1225	555	333	1457	773	1295	1602	1466	473	1557	2145	1762	1730	1398	1656	410	1673	1578
527	BRIP1_ENSG00000136492_93836.3	715	465	750	510	191	1135	593	713	712	846	278	1157	1586	1020	1122	895	1566	556	1133	1052
528	BRIP1_ENSG00000136492_93837.4	500	406	557	295	161	784	491	647	863	880	224	724	1077	741	867	639	1411	234	849	740
529	BRIP1_ENSG00000136492_93838.5	3001	1625	2987	2123	2085	4792	3628	3762	4459	5597	2379	3897	6395	4881	3828	3575	4513	3319	3864	4002
530	BRIP1_ENSG00000136492_93839.6	1123	753	1462	1035	931	2063	1326	1508	1542	1308	1001	1851	2747	2113	1730	1750	2437	803	1499	1664
531	BRPF1_ENSG00000156983_60440.1	549	182	597	87	179	658	367	655	1223	736	227	989	1135	804	932	806	1282	1127	804	1049
532	BRPF1_ENSG00000156983_60442.3	526	69	439	87	39	347	185	413	398	689	128	523	653	490	565	469	746	549	564	586
533	BRPF1_ENSG00000156983_60443.4	796	630	867	500	224	1046	651	849	757	918	311	1079	1591	1213	1078	1028	1023	1175	1062	1082
534	BRPF1_ENSG00000156983_60444.5	643	141	656	459	167	574	422	599	1495	1440	230	958	1104	754	1005	836	1416	586	941	1077
535	BRPF1_ENSG00000156983_60445.6	615	541	622	218	24	305	135	404	549	1976	71	664	773	740	978	791	1405	913	891	816
536	BRPF3_ENSG00000096070_192146.1	410	389	498	1599	100	469	389	488	607	234	248	754	887	633	690	530	736	1097	593	599
537	BRPF3_ENSG00000096070_192147.2	931	120	1082	887	239	757	426	800	1289	2017	358	1128	1363	1001	1206	987	1677	1835	1259	1111
538	BRPF3_ENSG00000096070_192148.3	1143	402	1220	1034	646	1064	1196	1085	1802	1211	786	1368	1748	1173	1290	927	2004	3237	1182	1297
539	BRPF3_ENSG00000096070_192150.5	865	451	882	355	394	796	867	838	1409	1016	609	1247	1380	1039	1150	809	1303	1109	887	1235
540	BRPF3_ENSG00000096070_192151.6	1423	1094	1326	680	700	1516	1151	1133	1585	705	815	1503	2217	1470	1518	1210	2122	564	1591	1708
541	BRWD1_ENSG00000185658_203230.1	943	592	827	333	341	1377	883	1154	1548	1443	573	1416	2640	1416	1467	1218	2051	526	1302	1436
542	BRWD1_ENSG00000185658_203231.2	824	1067	885	76	468	1077	980	950	1197	1831	772	1131	1467	1021	1161	872	1536	1190	1136	1267
543	BRWD1_ENSG00000185658_203232.3	1998	1575	2007	1458	629	2583	1399	2073	2728	3706	825	2745	4076	3208	2665	2616	2619	1350	2520	2717
544	BRWD1_ENSG00000185658_203233.4	492	774	372	507	83	320	256	288	601	1055	142	493	614	347	542	450	474	1219	437	545
545	BRWD1_ENSG00000185658_203234.5	1712	1252	1807	1859	888	2960	1775	2348	2865	2705	1102	2792	4121	3191	2820	2512	2919	2513	2550	2628
546	BRWD1_ENSG00000185658_203235.6	859	683	858	985	72	569	353	657	1501	2063	265	1495	1189	766	1387	992	2356	1622	1157	1507
547	BRWD3_ENSG00000165288_76252.1	670	406	750	485	148	855	379	730	958	844	253	1038	1448	1092	1120	942	1384	1456	1030	1204
548	BRWD3_ENSG00000165288_76253.2	1200	751	1345	973	305	1360	663	1209	1704	1815	441	1434	2332	1583	1498	1386	1946	2274	1480	1774
549	BRWD3_ENSG00000165288_76254.3	967	307	968	396	329	1203	738	963	1284	669	465	1554	1926	1377	1509	1228	1886	1247	1187	1263
550	BRWD3_ENSG00000165288_76255.4	716	539	972	532	435	1269	890	1119	1306	1007	519	1398	1962	1505	1252	1185	1017	1752	1198	1094
551	BTAF1_ENSG00000095564_182493.2	1165	385	1265	752	747	1853	1482	1591	1405	1985	897	1972	2895	2250	1898	1442	1626	1402	1755	1964
552	BTAF1_ENSG00000095564_182494.3	609	345	689	356	140	670	329	683	797	1455	223	896	1276	825	985	800	1046	272	932	1038
553	BTAF1_ENSG00000095564_182495.4	1684	640	1825	1035	280	1688	729	1360	1698	1185	427	1908	2984	2231	2243	1956	2405	1973	2195	2064
554	BTAF1_ENSG00000095564_182496.5	1986	720	2100	1474	747	2457	1502	1979	2431	1840	1044	2524	3818	2608	2635	2114	3212	2163	2561	2454
555	BTAF1_ENSG00000095564_182497.6	1421	85	1752	619	1458	2696	2006	1897	1737	1217	1567	1800	3041	2049	1813	1647	2281	3141	1811	1964
556	BUB3_ENSG00000154473_75992.1	1790	1295	1822	1550	958	3033	1670	2208	2597	2572	1156	2569	3598	2819	2413	2073	2208	2970	2261	2432
557	BUB3_ENSG00000154473_75993.2	1838	2007	2095	1350	377	2307	958	2076	2089	2504	577	2628	3778	3162	2906	2441	2392	1610	2823	2707
558	BUB3_ENSG00000154473_75994.3	1187	1097	1279	1116	1025	1343	1393	1238	2332	1723	1222	1776	2269	1419	1374	1184	2547	1756	1449	1663
559	BUB3_ENSG00000154473_75995.4	999	875	840	699	421	1280	789	1025	1480	3050	544	1491	1794	1289	1214	967	1214	1466	1143	1464
560	BUB3_ENSG00000154473_75996.5	832	1040	867	1043	288	1077	672	900	1799	266	408	1495	1721	1046	1146	1045	1711	841	1148	1238
561	BUB3_ENSG00000154473_75997.6	1101	734	1276	783	866	1670	1317	1240	1797	2562	952	1587	2169	1703	1238	1356	1275	743	1263	1471
562	C11orf30_ENSG00000158636_185847.1	879	425	1013	352	932	1543	1251	1181	989	1611	910	1239	2185	1582	1232	1140	1706	674	1279	1501
563	C11orf30_ENSG00000158636_185849.3	660	360	653	532	356	915	577	709	530	1531	353	879	1192	924	921	748	1862	1580	791	1104
564	C11orf30_ENSG00000158636_185852.6	702	401	767	494	297	984	841	703	1239	889	438	1020	1405	1133	1003	884	1456	988	914	1100
565	C14orf93_ENSG00000100802_131869.1	1078	525	1001	739	537	1358	1075	923	1598	1414	598	1339	1924	1247	1237	1087	2261	2126	1324	1355
566	C14orf93_ENSG00000100802_131870.2	2277	1564	2185	550	1502	3640	2337	2362	2975	3675	1874	2675	4209	3015	2286	2239	2520	635	2411	2803
567	C14orf93_ENSG00000100802_131871.3	874	596	870	796	411	1069	798	853	2018	1698	492	1146	1641	1112	1089	843	2141	1248	1192	1232
568	C14orf93_ENSG00000100802_131872.4	1260	1031	1183	542	566	1184	1309	1081	2002	2078	909	1402	1624	1239	1211	991	3140	565	1296	1391
569	C14orf93_ENSG00000100802_131873.5	511	346	489	410	51	486	197	438	867	974	118	716	649	544	707	547	983	801	633	698
570	C14orf93_ENSG00000100802_131874.6	814	763	871	776	239	864	573	670	2091	2325	458	1203	1225	862	965	645	2014	1963	1062	891
571	C17orf49_ENSG00000258315_195882.2	983	406	970	739	294	1088	779	1037	1107	2318	524	1153	1855	1182	1470	1180	1585	1158	1260	1457
572	C17orf49_ENSG00000258315_195888.8	397	71	301	227	49	394	162	374	381	246	86	473	684	527	615	511	1278	542	561	651
573	C17orf49_ENSG00000258315_195889.9	416	307	505	338	10	262	106	297	519	1168	22	591	602	620	972	924	629	918	931	766
574	C17orf49_ENSG00000258315_195890.1	1294	731	1675	803	239	1651	842	1305	1998	472	463	2350	3029	2342	2121	2013	1765	2472	2096	2265
575	C1orf85_ENSG00000198715_31231.1	686	352	587	190	156	770	403	644	518	1982	259	895	1265	834	858	689	1076	849	774	731
576	C1orf85_ENSG00000198715_31232.2	983	1287	1096	1301	67	652	353	794	847	3400	139	1481	1717	1454	1734	1617	1729	288	1780	1364
577	C1orf85_ENSG00000198715_31233.3	484	328	520	519	128	456	371	539	1022	154	257	673	897	637	697	612	960	129	633	867
578	C1orf85_ENSG00000198715_31234.4	928	251	908	1132	188	834	560	852	1427	2151	296	1198	1859	1298	1399	1189	2225	1623	1322	1325
579	C1orf85_ENSG00000198715_31235.5	670	571	595	158	583	904	1032	648	790	204	631	830	1015	805	927	635	1119	884	653	761
580	C1orf85_ENSG00000198715_31236.6	1086	283	1017	868	396	1071	875	1095	1675	1361	637	1302	2288	1296	1376	1090	2142	1442	1372	1453
581	CALCOCO1_ENSG00000012822_92073.1	1007	1062	1019	1149	102	722	358	848	2004	1730	187	1513	1426	1048	1541	1233	2713	1041	1445	1478
582	CALCOCO1_ENSG00000012822_92074.2	1088	510	1181	861	240	1417	634	1292	1663	1794	389	1590	2270	1678	1747	1535	2113	904	1593	1578
583	CALCOCO1_ENSG00000012822_92075.3	407	79	463	143	216	719	543	604	1145	241	368	723	1078	789	711	546	658	579	679	792
584	CALCOCO1_ENSG00000012822_92076.4	551	258	653	376	313	1040	667	684	1160	437	403	832	1156	976	797	724	718	1024	770	851
585	CALCOCO1_ENSG00000012822_92077.5	359	405	410	141	110	482	307	406	962	636	181	702	773	501	600	467	1043	471	649	686
586	CALCOCO1_ENSG00000012822_92078.6	763	508	958	973	557	1408	844	1116	1482	980	585	1216	1835	1400	1328	1093	1048	414	1150	1347
587	CAMK4_ENSG00000152495_130380.1	899	260	909	399	344	845	598	782	1673	1319	415	1535	1286	838	1023	754	1281	730	959	1026
588	CAMK4_ENSG00000152495_130381.2	1748	342	1757	1105	861	2653	2253	2084	3078	3039	1348	2363	3372	2442	2374	1991	3086	2844	2128	2621
589	CAMK4_ENSG00000152495_130382.3	560	411	515	592	210	590	331	567	680	1780	256	742	1072	706	717	592	967	2373	699	825
590	CAMK4_ENSG00000152495_130383.4	700	622	612	229	177	728	522	733	1462	1960	286	993	1382	1110	1136	851	1166	1357	1067	1022
591	CAMK4_ENSG00000152495_130384.5	1066	386	1309	741	617	1905	1251	1422	1611	1698	843	1715	2505	1893	1716	1342	1576	1793	1468	1275
592	CAMK4_ENSG00000152495_130385.6	1048	511	1001	815	351	1022	692	888	1582	2918	433	1298	1805	1139	1258	1163	1773	2823	1234	1371
593	CAMKMT_ENSG00000143919_46281.1	505	513	577	559	168	717	406	609	433	1465	287	817	1192	828	854	719	2137	1582	751	872
594	CAMKMT_ENSG00000143919_46282.2	223	322	273	103	11	118	66	182	476	455	32	417	274	329	425	328	435	638	407	346
595	CAMKMT_ENSG00000143919_46283.3	1188	485	1352	636	417	1638	943	1229	865	1616	619	1575	2289	1694	1600	1423	1642	2997	1459	1379
596	CAMKMT_ENSG00000143919_46284.4	1542	984	1353	985	664	1904	1295	1689	2600	3531	806	1741	3065	2121	2034	1861	2702	2902	1869	1807
597	CAMKMT_ENSG00000143919_46285.5	1658	762	1646	1453	1203	2668	1914	2161	2553	2724	1259	2388	3391	2463	2364	1939	2854	1463	2158	2197
598	CAMKMT_ENSG00000143919_46286.6	1149	446	1206	928	619	1249	1071	1061	2413	4792	735	1592	1661	1088	1376	1017	2215	1627	1234	1557
599	CARM1_ENSG00000142453_190320.1	1226	829	1451	1326	943	2171	1415	1443	2748	2952	984	2169	2719	1828	1702	1558	1520	2899	1661	2070
600	CARM1_ENSG00000142453_190321.2	991	918	1228	1074	238	910	488	861	1480	1665	374	1195	1318	1196	1179	1059	2585	834	1284	1571
601	CARM1_ENSG00000142453_190322.3	424	394	450	162	76	391	246	371	465	1455	150	647	828	484	616	489	722	250	537	686
602	CARM1_ENSG00000142453_190323.4	1599	875	1635	1367	909	1556	1823	1393	2259	2634	1302	2406	2848	1780	1880	1617	3630	1854	1785	2484
603	CARM1_ENSG00000142453_190324.5	801	488	899	303	354	852	754	765	1483	2348	481	1069	1381	1059	1094	902	1620	993	1069	1270
604	CARM1_ENSG00000142453_190325.6	599	942	564	437	95	420	219	376	453	396	157	740	938	672	787	710	1180	1373	823	715
605	CBL_ENSG00000110395_63808.1	165	89	164	579	1	76	8	149	264	538	10	225	241	188	300	248	539	1262	283	268
606	CBL_ENSG00000110395_63809.2	1875	1849	2086	2281	694	2701	1615	2390	3470	2950	1239	3290	3785	2940	2696	2233	3087	936	2685	2927
607	CBL_ENSG00000110395_63810.3	592	339	534	89	180	418	536	505	812	688	301	723	834	573	777	557	1594	2075	661	779
608	CBL_ENSG00000110395_63811.4	1581	902	1801	1771	930	2203	1879	1950	2539	2573	1135	2467	2900	2441	2203	1840	3456	1691	2050	2285
609	CBL_ENSG00000110395_63812.5	1361	1350	1283	1295	191	1320	600	1329	2601	4618	364	2017	2316	1899	2080	1822	2820	3856	1895	2154
610	CBL_ENSG00000110395_63813.6	784	459	824	512	177	764	630	888	1367	1551	314	1191	1493	1066	1002	964	1532	762	987	1468
611	CBX2_ENSG00000173894_180260.1	893	372	1013	392	354	1238	794	1096	1075	1385	625	1036	1897	1381	1235	1027	1605	476	1051	1098
612	CBX2_ENSG00000173894_180261.2	692	142	727	550	284	906	583	785	982	1559	348	1052	1487	996	1031	889	1686	2382	955	877
613	CBX2_ENSG00000173894_180263.4	535	722	551	315	63	518	280	445	994	817	142	689	801	692	599	661	947	1626	691	660
614	CBX2_ENSG00000173894_180264.5	534	551	649	464	50	421	242	469	530	1079	146	670	895	633	829	558	659	257	736	799
615	CBX2_ENSG00000173894_180265.6	1141	745	1117	627	82	732	415	926	1530	2134	207	1186	1694	1541	1572	1342	2164	1129	1447	1352
616	CBX4_ENSG00000141582_118447.2	2328	1402	2234	1436	1572	2758	2177	2330	2924	3387	1707	2766	3647	2709	2471	2058	2893	731	2551	2695
617	CBX4_ENSG00000141582_118448.3	629	550	666	580	158	861	518	713	802	674	293	1218	1236	905	921	884	2127	491	898	854
618	CBX4_ENSG00000141582_118449.4	983	985	886	736	524	1352	977	949	1931	952	633	1352	1926	1453	1338	1147	1441	1956	1155	1176
619	CBX4_ENSG00000141582_118450.5	532	466	481	806	58	417	234	441	456	862	135	677	1009	827	978	748	697	2137	833	761
620	CBX4_ENSG00000141582_118451.6	762	303	689	279	193	627	449	664	1234	757	375	878	1124	637	951	630	1899	1818	937	967
621	CBX5_ENSG00000094916_162670.1	1208	675	1107	565	573	1683	1152	1310	1788	836	779	1504	2494	1786	1710	1333	1774	896	1654	1518
622	CBX5_ENSG00000094916_162671.2	720	438	870	440	357	977	612	785	842	956	440	1103	1483	1229	880	814	1269	565	997	1004
623	CBX5_ENSG00000094916_162672.3	308	255	308	191	41	236	132	289	562	550	82	568	648	375	607	487	1036	954	516	481
624	CBX5_ENSG00000094916_162673.4	103	121	108	58	3	96	28	98	168	690	12	336	287	171	228	244	331	515	210	205
625	CBX6_ENSG00000183741_15692.1	1303	734	1299	353	628	2065	1068	1633	2036	2366	684	1720	2693	2074	1895	1784	3061	2494	1705	1727
626	CBX6_ENSG00000183741_15694.3	574	438	663	647	93	562	320	556	737	1606	191	827	943	731	721	608	1063	867	768	900
627	CBX6_ENSG00000183741_15695.4	451	457	554	357	102	673	348	702	728	474	141	749	1110	863	867	810	821	1009	958	775
628	CBX6_ENSG00000183741_15697.6	1066	266	987	482	425	1553	1071	1182	1263	984	696	1124	1867	1543	1238	1070	919	1220	1112	1306
629	CBX7_ENSG00000100307_142623.1	508	410	544	386	175	745	345	662	495	996	240	987	973	820	839	751	1240	976	638	781
630	CBX7_ENSG00000100307_142624.2	1056	566	1145	841	58	461	215	525	857	1312	115	1228	1418	1068	1696	1670	1705	1290	1904	1197
631	CBX7_ENSG00000100307_142625.3	984	184	1014	332	278	1186	723	1019	1563	1152	417	1385	1971	1302	1303	1165	1985	584	1282	1189
632	CBX7_ENSG00000100307_142626.4	454	600	496	770	7	344	91	305	526	1778	36	773	642	534	854	657	1625	2307	712	760
633	CBX7_ENSG00000100307_142627.5	614	896	800	433	548	1106	858	839	758	1268	737	792	1314	1129	782	730	407	1064	749	870
634	CBX7_ENSG00000100307_142628.6	1001	510	943	752	307	1216	859	1041	1016	1080	581	1247	2002	1501	1344	1154	1239	1496	1232	1250
635	CBX8_ENSG00000141570_43606.1	437	52	413	200	280	525	476	400	523	267	297	458	671	495	445	403	684	634	473	479
636	CBX8_ENSG00000141570_43607.2	984	90	1079	868	594	1727	1143	1192	1851	1814	745	1526	2072	1517	1441	1204	1899	1132	1386	1277
637	CBX8_ENSG00000141570_43608.3	426	426	461	153	228	707	371	417	739	763	253	613	803	537	560	488	863	137	474	552
638	CBX8_ENSG00000141570_43609.4	523	173	504	340	82	501	354	483	640	506	199	499	1015	602	654	608	421	813	662	756
639	CBX8_ENSG00000141570_43610.5	814	632	963	659	279	1084	635	934	1321	1195	429	975	1680	1385	1185	1014	1430	131	1060	1144
640	CBX8_ENSG00000141570_43611.6	656	354	680	659	213	998	563	727	591	1307	433	748	1442	973	954	810	881	625	813	807
641	CCDC101_ENSG00000176476_174449.1	1617	945	1704	701	571	2080	1242	1776	1598	2414	875	2284	3188	2242	2421	1921	3909	1340	2247	2710
642	CCDC101_ENSG00000176476_174450.2	880	607	955	607	285	1270	761	1021	1237	1493	465	1118	1888	1432	1244	1114	968	1068	1090	1244
643	CCDC101_ENSG00000176476_174451.3	467	139	537	575	47	441	165	544	644	308	106	915	1043	766	907	800	817	418	798	833
644	CCDC101_ENSG00000176476_174452.4	719	704	783	545	197	622	406	657	1393	1775	254	1249	1335	1028	1015	828	1094	503	932	1155
645	CCDC101_ENSG00000176476_174454.6	580	388	593	359	156	606	478	494	242	818	272	678	1056	680	789	554	1200	239	650	960
646	CCDC79_ENSG00000249961_118196.1	1541	534	1691	1076	810	2297	1719	1940	2986	3361	925	2762	3298	2384	2235	1969	4077	1686	2249	2655
647	CCDC79_ENSG00000249961_118197.2	1694	1149	1769	1162	670	2496	1560	1949	3206	4564	950	3308	3376	2406	2451	1969	5468	1825	2282	2709
648	CCDC79_ENSG00000249961_118198.3	847	201	651	1057	421	1100	838	816	1017	399	614	1225	1413	1039	963	857	1808	1681	954	1173
649	CCDC79_ENSG00000249961_118199.4	376	544	504	362	163	578	321	445	1134	1049	229	571	932	632	597	628	1017	540	583	691
650	CCDC79_ENSG00000249961_118200.5	526	428	533	280	235	809	522	615	599	1147	305	602	1112	738	819	655	1219	1351	654	702
651	CCDC79_ENSG00000249961_118201.6	1167	229	1258	783	984	2249	1243	1663	1570	1365	919	1679	2866	2118	1684	1627	1453	1698	1487	1351
652	CCNH_ENSG00000134480_151161.1	424	405	404	646	91	603	354	443	643	1219	193	863	844	613	647	542	622	837	702	771
653	CCNH_ENSG00000134480_151162.2	513	239	736	454	77	675	227	639	969	1661	193	867	1412	1052	1096	1008	1291	1065	1017	973
654	CCNH_ENSG00000134480_151163.3	721	428	663	617	187	993	560	707	1208	734	351	847	1605	1084	923	837	932	1629	818	952
655	CCNH_ENSG00000134480_151165.5	1401	606	1451	1184	635	1646	1357	1461	2526	3823	804	2431	2833	1686	1903	1494	2143	1268	1728	1884
656	CCNH_ENSG00000134480_151166.6	793	255	725	612	167	757	574	718	1647	996	318	1129	1353	884	1139	883	1455	786	1071	1091
657	CCNK_ENSG00000090061_110267.1	603	671	693	430	173	883	437	820	489	1361	244	911	1470	993	1072	909	993	577	875	1073
658	CCNK_ENSG00000090061_110268.2	1931	923	1996	1183	396	1973	1033	1907	2017	2990	600	2424	3399	2740	2696	2284	2623	3428	2536	2529
659	CCNK_ENSG00000090061_110269.3	1976	1448	1808	710	1203	2260	2111	2009	2302	2381	1394	2246	3432	1908	2606	1713	3127	836	2413	2426
660	CCNK_ENSG00000090061_110270.4	556	186	572	552	174	589	433	501	694	284	273	783	869	381	642	440	1277	266	609	776
661	CCNK_ENSG00000090061_110271.5	1759	1006	2051	1266	556	2322	1280	2081	3744	3313	794	2821	3992	3208	2710	2611	2918	2619	2752	2981
662	CCNK_ENSG00000090061_110272.6	853	306	902	383	425	1274	769	1078	1256	310	543	1420	1912	1463	1374	1198	718	1051	1267	1282
663	CCNT1_ENSG00000129315_84878.1	1004	635	1100	753	268	1131	724	1006	1809	2663	425	1850	1945	1289	1666	1314	3548	3357	1633	1889
664	CCNT1_ENSG00000129315_84879.2	863	255	1105	1241	481	1360	1240	905	931	2649	889	1494	1904	1330	1127	1075	1897	1815	1310	1626
665	CCNT1_ENSG00000129315_84880.3	642	383	659	451	270	599	531	624	693	715	386	721	1065	693	698	532	971	1192	625	834
666	CCNT1_ENSG00000129315_84881.4	1721	1497	1946	1982	159	1247	520	1361	1859	3729	274	2681	2879	2413	3217	2763	2669	3504	3018	2721
667	CCNT1_ENSG00000129315_84882.5	628	558	692	463	151	641	511	599	865	2537	214	1085	1191	941	987	702	1517	1048	1008	1101
668	CCNT2_ENSG00000082258_9839.1	1227	75	1347	1122	384	1214	767	1274	2042	2595	521	2058	2384	1628	1671	1482	2565	2483	1693	2003
669	CCNT2_ENSG00000082258_9840.2	269	68	313	303	47	358	170	341	545	469	130	604	645	475	529	400	569	355	473	498
670	CCNT2_ENSG00000082258_9841.3	1706	1152	1467	1097	721	2001	1669	1783	2686	2857	942	2376	2915	2048	1920	1657	3012	3141	2033	2405
671	CCNT2_ENSG00000082258_9843.5	1556	773	1671	576	648	1541	1254	1483	2141	2529	922	2024	2210	1730	1774	1558	2338	2435	1856	2275
672	CCNT2_ENSG00000082258_9844.6	1236	779	1405	1156	311	2048	860	1685	3173	3398	455	2251	2996	2558	2343	2165	2669	1242	2250	2147
673	CDA_ENSG00000158825_52059.1	1244	481	1302	777	379	1238	1030	1286	2125	3222	564	1679	2206	1516	1647	1244	2987	1848	1602	1912
674	CDA_ENSG00000158825_52060.2	1355	684	1352	464	694	1491	1269	1249	2141	2732	868	2136	2428	1594	1570	1343	2475	1585	1557	1977
675	CDA_ENSG00000158825_52061.3	1334	349	1363	746	466	1680	963	1374	2264	3240	578	1510	2394	1791	1615	1548	3152	1012	1601	1720
676	CDA_ENSG00000158825_52062.4	1000	515	889	554	437	1124	1110	920	1119	1206	690	1255	1567	1057	1033	956	1274	1245	1012	1070
677	CDA_ENSG00000158825_52063.5	554	565	482	253	387	499	548	394	439	518	320	854	1174	592	735	506	920	858	624	738
678	CDA_ENSG00000158825_52064.6	1685	481	1602	446	672	1867	1490	1566	2993	1578	1114	2256	2816	1750	1896	1653	2777	1741	1741	2078
679	CDC34_ENSG00000099804_34284.1	1470	391	1602	1094	981	1953	1437	1585	1901	2282	1195	1903	2639	1953	1765	1586	2479	2281	1824	2079
680	CDC34_ENSG00000099804_34285.2	338	205	302	313	181	405	317	416	502	397	271	580	777	537	513	356	1185	211	545	583
681	CDC34_ENSG00000099804_34286.3	776	636	818	610	165	1103	558	943	1468	2898	352	1433	1791	1388	1291	1294	1840	873	1191	1300
682	CDC34_ENSG00000099804_34287.4	492	222	450	161	100	511	335	520	739	122	234	604	904	652	689	555	1022	2988	613	701
683	CDC34_ENSG00000099804_34288.5	670	510	734	40	293	748	555	580	965	2293	382	1190	1099	801	836	650	1601	1208	910	1012
684	CDC34_ENSG00000099804_34289.6	339	73	356	137	236	478	382	396	924	1194	299	386	892	550	454	442	757	1361	449	541
685	CDC5L_ENSG00000096401_185045.1	725	759	718	1071	208	589	623	638	2461	3762	286	1821	1204	572	897	601	3976	3516	866	1548
686	CDC5L_ENSG00000096401_185046.2	725	1911	772	909	97	329	318	566	1954	4747	190	1863	807	415	895	569	3673	4855	902	1669
687	CDC5L_ENSG00000096401_185047.3	1525	632	1620	1176	549	1961	1278	1738	2721	2806	848	2068	3102	2394	2035	1788	1831	1351	1911	2116
688	CDC5L_ENSG00000096401_185048.4	1280	653	1247	1014	143	770	538	829	2122	5781	350	2094	1598	991	1417	996	4417	3320	1422	1886
689	CDC5L_ENSG00000096401_185049.5	908	1172	1097	1342	100	1304	396	1117	1599	2677	208	1912	2270	1739	1991	1778	2584	1700	1901	1645
690	CDC5L_ENSG00000096401_185050.6	582	901	531	790	217	280	414	420	1142	4516	297	1229	748	296	649	343	2978	3479	631	1162
691	CDC6_ENSG00000094804_8957.1	306	236	305	177	223	251	205	266	496	485	93	486	440	297	348	276	536	2005	348	527
692	CDC6_ENSG00000094804_8958.2	1274	575	1354	1194	259	1060	838	1006	2233	2981	540	1850	1987	1283	1520	1181	2694	1880	1413	1844
693	CDC6_ENSG00000094804_8959.3	775	328	810	601	298	741	558	649	1584	748	412	1249	1260	753	915	756	1814	575	813	1026
694	CDC6_ENSG00000094804_8960.4	637	163	639	261	79	376	307	412	1038	1154	174	929	942	397	711	467	1316	2652	801	1062
695	CDC6_ENSG00000094804_8961.5	717	475	824	954	45	328	216	481	1094	2023	110	1409	1119	435	1076	694	2247	3521	1239	1309
696	CDC6_ENSG00000094804_8962.6	942	740	780	729	107	160	433	258	1716	1308	413	1806	737	181	824	257	3049	4663	968	1527
697	CDC73_ENSG00000134371_15022.1	887	717	747	339	386	1140	717	925	830	264	609	981	1744	1321	990	923	2028	495	1063	1041
698	CDC73_ENSG00000134371_15024.3	226	730	246	210	32	198	148	175	865	2840	76	425	363	214	354	251	1146	1369	346	435
699	CDC73_ENSG00000134371_15025.4	1022	1193	1054	1446	442	1291	748	1041	2263	6815	458	1671	2234	1199	1552	1187	3815	2758	1391	2003
700	CDC73_ENSG00000134371_15026.5	945	1061	946	793	655	1368	1240	1095	3169	5638	663	1478	2094	979	1340	986	2347	4177	1211	1304
701	CDC73_ENSG00000134371_15027.6	441	736	439	786	139	642	329	499	1632	3027	203	677	944	583	696	509	2343	1189	630	826
702	CDCA2_ENSG00000184661_56091.1	834	465	784	1107	571	1242	977	855	1706	838	656	1179	1774	1197	1171	1000	1817	1295	1044	1235
703	CDCA2_ENSG00000184661_56092.2	2471	930	2417	1768	1182	3113	2741	2624	4283	2606	1838	3106	4518	2775	3318	2522	5126	2785	3091	3388
704	CDCA2_ENSG00000184661_56093.3	717	575	714	401	250	995	602	834	1185	1034	343	996	1529	1055	1066	871	1798	277	1005	1112
705	CDCA2_ENSG00000184661_56094.4	784	488	857	836	116	992	495	814	1381	2072	223	1089	1707	1371	1201	1064	1338	216	1143	1351
706	CDCA2_ENSG00000184661_56096.6	2376	1244	2358	1705	783	2726	1925	2426	3264	4110	1243	3245	4282	2758	2910	2515	5425	4026	2971	3256
707	CDCA7L_ENSG00000164649_99295.1	532	124	533	316	58	423	202	464	904	245	90	741	966	661	820	579	804	335	788	721
708	CDCA7L_ENSG00000164649_99296.2	588	560	660	522	164	675	362	588	1022	1208	182	1021	1053	730	758	740	1551	1660	685	848
709	CDCA7L_ENSG00000164649_99297.3	744	611	903	504	278	1125	645	983	1433	98	354	1369	1677	1457	1262	1200	1040	2648	1300	1335
710	CDCA7L_ENSG00000164649_99298.4	558	532	482	1546	306	946	501	629	1158	1227	356	989	1206	833	741	709	1543	2201	773	887
711	CDCA7L_ENSG00000164649_99299.5	663	855	549	1039	59	650	235	622	972	511	147	877	1102	980	997	988	1411	650	1001	1149
712	CDCA7L_ENSG00000164649_99300.6	1197	1056	1312	972	154	1263	637	1244	1772	3268	266	2102	2318	1539	1929	1668	2265	3204	1609	2046
713	CDK12_ENSG00000167258_52940.1	1021	269	934	687	574	1257	942	1032	1252	498	701	1250	2111	1525	1365	1026	1621	786	1157	1314
714	CDK12_ENSG00000167258_52941.2	1787	1533	1871	1011	1748	3732	2700	2332	2073	3830	2130	2500	3999	3126	2420	2220	2204	2679	2310	2153
715	CDK12_ENSG00000167258_52942.3	912	81	998	369	439	1574	987	1196	1021	1339	640	1445	1982	1511	1291	1131	1805	272	1126	1278
716	CDK12_ENSG00000167258_52943.4	1085	595	1134	739	690	1524	1388	1159	987	710	825	1627	2172	1407	1439	1076	1614	1967	1392	1564
717	CDK12_ENSG00000167258_52944.5	2236	1026	2070	1499	810	2671	1907	2327	2522	1892	1125	2962	3853	2875	2648	2277	2941	1988	2578	2684
718	CDK12_ENSG00000167258_52945.6	689	80	491	436	368	702	551	628	1019	1187	442	829	1055	772	617	542	1244	858	591	640
719	CDK13_ENSG00000065883_18220.1	1207	797	1158	823	376	1554	779	1139	1618	1386	503	1569	2327	1827	1626	1466	1985	797	1501	1685
720	CDK13_ENSG00000065883_18221.2	1008	951	1216	924	414	1246	1129	1000	2159	2569	698	1795	1981	1323	1261	1081	2543	1936	1250	1832
721	CDK13_ENSG00000065883_18223.4	886	476	1033	1075	366	1177	732	1090	1664	2035	483	1490	1584	1344	1202	1096	2455	2257	1180	1638
722	CDK13_ENSG00000065883_18224.5	424	721	467	485	29	384	222	458	817	1019	66	753	702	580	774	652	903	1667	767	735
723	CDK13_ENSG00000065883_18225.6	1319	1203	1463	1256	258	1537	569	1328	1949	2875	416	2236	2686	1890	2105	1750	2476	1000	1917	2147
724	CDK17_ENSG00000059758_141404.1	751	1027	819	644	464	1210	833	907	941	3838	469	1195	1800	1343	1258	1124	1283	1257	1216	1319
725	CDK17_ENSG00000059758_141405.2	705	629	714	640	333	1013	694	783	643	733	470	1133	1442	923	1039	795	1525	834	888	1021
726	CDK17_ENSG00000059758_141406.3	548	108	652	87	321	881	556	754	721	821	344	816	1366	1035	958	925	1295	919	796	791
727	CDK17_ENSG00000059758_141407.4	1421	1024	1634	830	669	2383	1528	1948	2376	525	874	2076	3232	2270	2100	1919	2334	2800	1834	1802
728	CDK17_ENSG00000059758_141408.5	2016	1791	1961	1324	779	2652	1729	2174	3418	3443	1099	3150	3822	2888	2774	2458	3737	1670	2609	2875
729	CDK17_ENSG00000059758_141409.6	1316	1184	1525	626	762	2567	1388	1776	2040	1338	923	1927	3200	2203	2075	1726	1731	1838	1885	2172
730	CDK2AP1_ENSG00000111328_200789.1	416	260	434	125	88	371	314	353	960	553	191	635	592	479	540	481	1038	791	641	591
731	CDK2AP1_ENSG00000111328_200790.2	614	272	735	323	202	867	522	820	575	1668	393	914	1292	1093	963	842	1174	1389	868	860
732	CDK2AP1_ENSG00000111328_200791.3	1937	981	1758	1325	733	1868	1596	1862	3747	3563	1001	2684	3080	1985	2291	1772	2886	4374	2213	2284
733	CDK2AP1_ENSG00000111328_200792.4	1826	244	1836	1350	966	2674	1431	2062	2817	1834	1068	2451	3619	2921	2533	2378	2501	1404	2380	2334
734	CDK2AP1_ENSG00000111328_200793.5	1100	699	1016	763	201	1629	660	1347	1690	2459	321	1701	2402	1906	1793	1602	1392	795	1721	1399
735	CDK2AP1_ENSG00000111328_200794.6	1251	761	1192	723	503	1539	1043	1366	1842	1660	771	1750	2329	1611	1755	1391	2540	682	1541	1666
736	CDK5_ENSG00000164885_149776.3	756	512	813	306	274	756	567	716	1030	1736	389	977	1263	855	927	726	1757	1294	892	904
737	CDK5_ENSG00000164885_149779.6	1185	253	1198	931	317	1985	956	1537	1836	1088	531	1771	2742	2076	1873	1711	2850	2377	1822	1781
738	CDK7_ENSG00000134058_107005.1	468	190	395	161	127	419	310	369	552	275	255	622	551	502	510	338	1034	751	507	522
739	CDK7_ENSG00000134058_107006.2	1366	532	1327	894	485	965	1138	1029	2337	2997	756	1941	1678	1150	1257	963	2086	1996	1318	1725
740	CDK7_ENSG00000134058_107008.4	600	351	732	612	239	726	649	718	1058	1507	353	1132	1211	958	905	741	1082	886	863	1091
741	CDK7_ENSG00000134058_107009.5	213	112	265	170	9	230	86	323	574	1122	14	568	653	498	615	561	1099	1706	539	418
742	CDK7_ENSG00000134058_107010.6	791	671	888	755	301	670	739	702	1317	2317	407	1364	1204	657	1137	725	1371	1370	1099	1191
743	CDK8_ENSG00000132964_98478.1	1288	528	1162	1191	685	1726	1111	1395	3406	2270	745	2242	2325	1582	1507	1231	3368	2172	1464	2179
744	CDK8_ENSG00000132964_98479.2	1083	278	1047	775	172	1370	662	1021	1963	2627	436	2182	2167	1248	1570	1107	2368	2229	1413	2226
745	CDK8_ENSG00000132964_98481.4	665	260	736	443	300	726	469	780	764	826	314	1399	1297	763	874	729	1340	1770	894	1246
746	CDK8_ENSG00000132964_98482.5	2521	1785	2600	1995	863	3383	2097	2584	4371	3846	1371	4490	4580	3464	3110	2727	4073	5368	2848	4121
747	CDK8_ENSG00000132964_98483.6	616	685	641	502	268	865	529	653	988	1866	382	1191	1271	817	926	659	2150	565	837	1230
748	CDK9_ENSG00000136807_155186.1	713	253	680	414	425	1148	763	933	1025	244	433	930	1324	957	795	813	716	708	828	1057
749	CDK9_ENSG00000136807_155188.3	390	90	494	79	62	425	233	483	433	1258	186	1130	747	576	596	541	831	480	570	969
750	CDK9_ENSG00000136807_155189.4	714	398	801	341	243	1128	582	787	1135	511	454	1392	1319	962	885	874	1730	1059	1000	1209
751	CDK9_ENSG00000136807_155190.5	1640	253	1844	1479	644	2480	1411	1832	2075	2767	1023	2167	3406	2588	2187	1909	1961	2055	2089	2116
752	CDYL_ENSG00000153046_11751.1	841	714	967	549	223	805	603	618	951	1223	518	1127	1406	863	1059	815	1024	815	919	999
753	CDYL_ENSG00000153046_11752.2	1259	322	1186	542	607	1489	1391	1421	1413	1892	840	1466	2114	1438	1580	1306	1937	3639	1469	1708
754	CDYL_ENSG00000153046_11753.3	1468	712	1754	1111	350	1625	1122	1716	1789	3482	594	2186	2656	2092	2221	1989	2397	2644	2141	2435
755	CDYL_ENSG00000153046_11754.4	652	788	668	440	46	495	188	547	705	476	109	945	1369	1037	1125	973	832	2541	1122	1033
756	CDYL_ENSG00000153046_11755.5	751	511	767	419	148	709	415	776	1203	746	292	982	1214	918	896	836	1065	209	1034	979
757	CDYL_ENSG00000153046_11756.6	1783	1046	1784	669	437	2105	1004	1765	1808	16254	664	2120	3527	2669	2476	2227	2473	1176	2470	2126
758	CDYL2_ENSG00000166446_179365.1	528	338	606	448	80	499	340	572	1241	2743	180	1018	1131	763	932	776	1976	2038	968	1028
759	CDYL2_ENSG00000166446_179366.2	1156	428	1222	485	487	1963	1410	1432	2836	2372	962	1484	2585	1582	1569	1337	1755	3733	1515	1573
760	CDYL2_ENSG00000166446_179367.3	767	348	799	488	501	895	816	681	1207	1182	599	906	1406	978	1014	800	1189	1381	825	1034
761	CDYL2_ENSG00000166446_179368.4	1074	261	1204	377	282	948	795	1021	2328	2287	546	1603	1549	1210	1330	939	3358	1965	1213	1416
762	CDYL2_ENSG00000166446_179369.5	630	356	669	339	263	828	564	817	458	1392	354	1062	1255	957	1136	784	1688	368	921	1013
763	CDYL2_ENSG00000166446_179370.6	499	615	476	249	238	796	444	568	1047	1803	230	832	1071	860	801	646	765	526	774	809
764	CECR2_ENSG00000099954_105817.1	667	595	807	1025	264	675	564	784	1028	1672	347	1436	1107	695	1089	804	1951	2200	1055	1361
765	CECR2_ENSG00000099954_105819.3	976	1186	1013	695	204	675	582	767	1128	1345	327	1433	1460	782	1062	732	1776	1414	966	1208
766	CECR2_ENSG00000099954_105820.4	470	387	387	677	83	356	334	369	987	2078	191	599	727	432	552	392	1046	796	522	652
767	CECR2_ENSG00000099954_105821.5	2662	1171	2638	1349	1288	3416	2869	2573	3305	5034	2063	3647	4602	2919	3122	2679	6210	1690	3020	3542
768	CECR2_ENSG00000099954_105822.6	1405	1156	1575	1509	271	1825	790	1484	1666	1784	498	2073	2764	2282	2177	2012	3144	3247	1945	2101
769	CECR6_ENSG00000183307_183152.1	639	431	667	752	114	690	287	608	794	1107	184	1014	1041	931	939	920	716	140	788	691
770	CECR6_ENSG00000183307_183153.2	1387	694	1523	574	705	1334	1458	1389	2526	779	1077	1984	2134	1218	1582	1255	2413	1035	1586	1888
771	CECR6_ENSG00000183307_183154.3	906	819	975	983	100	685	340	613	1423	3771	167	1428	1332	972	1469	1278	2033	1710	1453	1291
772	CECR6_ENSG00000183307_183155.4	428	281	408	79	175	430	328	424	276	994	182	769	609	499	550	429	850	668	589	614
773	CECR6_ENSG00000183307_183156.5	349	205	260	545	21	238	170	255	442	281	93	335	471	360	395	381	442	801	420	491
774	CECR6_ENSG00000183307_183157.6	556	212	531	733	48	179	223	346	1127	2068	155	948	605	368	614	364	1089	1552	636	909
775	CENPA_ENSG00000115163_130094.2	678	638	657	632	235	812	520	735	1059	2394	354	953	1342	827	930	789	833	172	804	884
776	CENPA_ENSG00000115163_130095.3	1361	1199	1508	1542	523	1558	1046	1451	1928	952	727	2094	2734	1947	1968	1707	3255	1334	1867	1807
777	CENPA_ENSG00000115163_130096.4	531	430	482	363	24	276	120	377	615	749	59	599	795	519	785	612	828	358	623	629
778	CENPA_ENSG00000115163_130097.5	326	292	349	352	14	171	122	252	530	696	39	521	464	318	540	353	886	251	475	476
779	CENPA_ENSG00000115163_130098.6	673	274	604	283	458	672	767	675	634	406	596	813	1015	705	695	581	876	304	722	728
780	CENPB_ENSG00000125817_82996.1	1420	791	1378	1135	480	1906	1083	1491	2057	2091	765	1696	2684	1833	1743	1477	1950	1744	1539	1524
781	CENPB_ENSG00000125817_82997.2	425	802	374	161	353	586	386	476	906	726	305	520	766	507	501	446	244	1275	457	762
782	CENPB_ENSG00000125817_82998.3	1774	697	1789	1022	794	2301	1796	1586	2427	2034	1031	2591	2935	2181	2063	1685	3257	2943	2067	2249
783	CENPB_ENSG00000125817_83000.5	663	372	825	485	17	536	191	497	1142	1214	103	973	1166	844	1266	996	1757	1541	1286	1063
784	CENPB_ENSG00000125817_83001.6	529	440	514	461	33	257	108	340	295	2283	82	638	609	515	739	556	966	563	671	668
785	CENPC_ENSG00000145241_198040.1	514	810	641	592	50	426	205	588	959	1841	93	1068	1052	864	1103	928	1232	1080	992	1025
786	CENPC_ENSG00000145241_198041.2	2886	1403	2926	1757	2166	4169	3835	3277	5963	5260	2593	3833	5483	3407	3434	2748	5691	2531	3366	3830
787	CENPC_ENSG00000145241_198042.3	1313	947	1154	780	517	2164	1285	1680	2960	2149	762	1902	3070	2039	2086	1671	1649	1887	1878	1807
788	CENPC_ENSG00000145241_198043.4	658	333	751	341	93	768	305	722	1382	1631	152	1338	1506	1120	1327	1049	1595	2088	1133	1196
789	CENPC_ENSG00000145241_198045.6	597	71	572	408	250	710	619	528	936	801	318	788	1342	677	1023	634	1949	635	790	957
790	CENPE_ENSG00000138778_202761.1	1120	569	1170	850	227	465	761	660	2508	2849	520	1854	1224	607	1298	705	3914	2442	1247	1887
791	CENPE_ENSG00000138778_202762.2	983	785	1016	587	214	201	563	388	1547	2215	370	1225	794	293	878	395	3300	1646	842	982
792	CENPE_ENSG00000138778_202763.3	1276	909	1322	1236	489	1910	1123	1673	1597	2051	626	1778	2730	1930	1973	1643	2116	4465	1926	1868
793	CENPE_ENSG00000138778_202764.4	1255	1651	1151	936	173	248	799	556	1390	2562	613	1917	852	286	1003	389	3081	3275	1154	1265
794	CENPE_ENSG00000138778_202765.5	1054	1028	1084	1402	306	668	753	868	2450	2562	548	1625	1451	884	1085	739	2044	4742	1190	1454
795	CENPE_ENSG00000138778_202766.6	922	1186	979	901	212	634	653	690	2316	3257	401	1607	1278	564	1161	696	3524	879	1201	1308
796	CENPF_ENSG00000117724_32923.1	1661	891	1581	878	709	1671	1439	1614	2697	3637	928	1953	2610	2082	1789	1549	1805	2185	1716	2080
797	CENPF_ENSG00000117724_32924.2	1088	888	1378	810	462	1885	1036	1406	2547	2998	762	1776	2649	1987	1486	1508	1776	2394	1625	1548
798	CENPF_ENSG00000117724_32925.3	865	977	885	398	450	1315	1043	975	1440	864	713	1144	1709	1248	1148	1057	1189	2866	1165	1204
799	CENPF_ENSG00000117724_32926.4	991	355	892	322	225	1022	459	812	1100	663	350	1072	1725	1146	1110	1041	1482	1237	1089	1169
800	CENPF_ENSG00000117724_32927.5	500	212	574	203	222	587	396	530	470	579	315	599	956	847	681	623	802	250	544	617
801	CENPF_ENSG00000117724_32928.6	1469	663	1351	672	933	2333	1770	1712	1765	1209	1207	1576	2613	1980	1648	1414	1634	1614	1547	1479
802	CENPH_ENSG00000153044_11731.1	773	1532	682	477	320	715	666	761	979	751	459	1009	987	701	899	587	1768	1169	806	998
803	CENPH_ENSG00000153044_11732.2	5722	2800	6236	3950	4434	7948	6592	6426	8830	7533	5228	8425	10676	8157	6657	6295	8001	10456	6274	7357
804	CENPH_ENSG00000153044_11733.3	653	235	760	740	208	950	559	903	1501	1951	369	1439	1585	921	1103	894	1573	2563	1063	1233
805	CENPH_ENSG00000153044_11734.4	387	331	321	655	74	265	181	238	719	239	92	551	557	358	480	345	918	1009	481	531
806	CENPH_ENSG00000153044_11736.6	789	558	656	650	119	720	306	732	1537	803	212	1097	1398	1104	1192	1008	1502	183	1052	1097
807	CENPI_ENSG00000102384_114110.1	2158	1094	2323	1930	1598	3353	2538	2272	3563	3819	1971	3405	4682	2888	2849	2261	4668	2486	2923	2942
808	CENPI_ENSG00000102384_114111.2	1584	679	1662	845	601	2304	1604	1835	2562	2305	1052	2299	3157	2258	2347	1778	2733	1240	2120	2447
809	CENPI_ENSG00000102384_114112.3	1498	1065	1600	767	422	2172	1437	1866	2668	2332	865	2484	3304	2313	2122	1930	2269	2393	2087	2185
810	CENPI_ENSG00000102384_114113.4	1452	431	1625	755	714	2205	1320	1875	1884	1463	843	2379	3287	2369	2104	1995	1965	1703	2064	1981
811	CENPI_ENSG00000102384_114114.5	1168	611	1389	796	386	1873	950	1490	2135	866	513	2011	2908	2242	2007	1781	2459	1635	1795	2062
812	CENPI_ENSG00000102384_114115.6	1011	460	1188	1221	423	1176	763	1132	1920	3273	537	1878	2060	1274	1549	1009	1887	1636	1452	1601
813	CENPJ_ENSG00000151849_83316.1	507	641	635	633	9	149	93	183	310	1193	26	533	510	440	1107	835	1563	1588	963	666
814	CENPJ_ENSG00000151849_83317.2	763	522	914	842	443	1375	782	949	1290	2148	484	1299	1916	1353	1340	1002	1734	1083	1237	1252
815	CENPJ_ENSG00000151849_83318.3	650	434	604	783	46	752	228	620	888	1576	94	968	1334	1157	1201	948	1425	1046	1083	988
816	CENPJ_ENSG00000151849_83319.4	2392	1548	2600	2401	621	3813	1828	3138	3272	5200	1047	4052	5486	4006	4187	3548	4354	3408	3743	3525
817	CENPJ_ENSG00000151849_83320.5	538	264	520	507	137	734	361	732	718	1041	212	1034	1418	942	1074	964	1248	781	1016	1235
818	CENPJ_ENSG00000151849_83321.6	617	452	726	519	328	830	740	756	1078	1223	497	712	1455	842	963	794	1011	2711	887	765
819	CENPK_ENSG00000123219_146462.1	571	609	514	313	201	696	564	670	1284	1049	315	1239	1210	712	830	614	1643	1385	810	902
820	CENPK_ENSG00000123219_146463.2	1190	590	1392	1049	538	1427	1115	1274	1724	2476	680	1794	2539	1519	1588	1241	3170	1628	1633	1889
821	CENPK_ENSG00000123219_146464.3	474	585	577	313	177	809	429	669	1203	1125	263	870	1069	917	924	798	1775	1576	834	828
822	CENPK_ENSG00000123219_146465.4	987	1070	1128	1227	262	1078	731	1117	2284	2377	433	1905	2109	1423	1492	1309	3057	3518	1574	1995
823	CENPK_ENSG00000123219_146466.5	660	242	849	351	94	967	524	739	1318	2247	213	1112	1486	1123	1339	992	1665	1109	1168	1118
824	CENPK_ENSG00000123219_146467.6	696	619	792	553	277	1324	750	925	1325	1075	362	991	1662	1396	1183	1109	1553	895	1185	1178
825	CENPL_ENSG00000120334_38274.1	789	568	649	987	323	710	838	688	1345	3456	657	1095	1187	694	928	576	1369	1943	839	1192
826	CENPL_ENSG00000120334_38275.2	360	429	354	90	48	379	180	335	584	967	99	606	817	490	644	456	602	1284	613	642
827	CENPL_ENSG00000120334_38276.3	608	571	580	145	281	1030	635	803	745	1639	362	937	1520	1008	873	754	988	1349	871	857
828	CENPL_ENSG00000120334_38277.4	1728	1158	1990	1566	696	2986	1608	2389	3054	2473	965	2440	3900	2775	2725	2282	2719	589	2467	2704
829	CENPL_ENSG00000120334_38278.5	1199	772	1386	807	393	1364	1156	1452	2634	3075	621	2439	2379	1718	1941	1469	3436	2149	1751	1959
830	CENPL_ENSG00000120334_38279.6	893	247	925	919	130	749	374	664	1633	830	228	1048	1544	1106	1263	953	1892	2352	1107	1249
831	CENPM_ENSG00000100162_142983.1	2290	922	2115	1182	1005	2958	1988	2216	4236	2427	1186	3387	4285	2907	2999	2223	3162	3965	2642	3222
832	CENPM_ENSG00000100162_142984.2	1611	1272	1599	1577	487	2026	1301	1768	2860	2473	760	2495	3270	2025	2456	1980	2789	2528	2276	2393
833	CENPM_ENSG00000100162_142985.3	1559	455	1552	1245	393	1814	1253	1646	2803	4653	722	2208	2721	1943	2023	1706	3079	1349	2267	2348
834	CENPM_ENSG00000100162_142987.5	1483	755	1675	1147	591	1763	1204	1527	2151	2811	844	2312	2654	1892	2075	1554	2426	1952	1769	2233
835	CENPM_ENSG00000100162_142988.6	377	68	398	407	52	442	194	346	519	497	107	556	870	593	624	484	1255	950	599	508
836	CENPN_ENSG00000166451_65492.1	953	816	881	540	487	1295	1050	966	1444	3328	704	1358	1640	1141	1075	961	2370	773	1081	1298
837	CENPN_ENSG00000166451_65493.2	845	873	1030	1067	253	930	584	714	2105	3227	408	1794	1539	1124	1115	1072	2013	1139	1274	1463
838	CENPN_ENSG00000166451_65494.3	818	342	908	1011	44	898	276	924	1380	1637	127	1952	1691	1616	1925	1585	2020	3234	1752	1639
839	CENPN_ENSG00000166451_65496.5	612	417	650	158	278	845	590	691	1142	1298	374	1107	1295	760	942	649	1414	2088	898	933
840	CENPN_ENSG00000166451_65497.6	862	770	907	1229	49	1025	334	801	1150	1241	123	1407	1700	1634	1638	1490	1902	2452	1517	1341
841	CENPO_ENSG00000138092_37424.1	610	847	656	245	76	475	275	473	709	1126	134	617	883	682	896	710	1080	1301	709	751
842	CENPO_ENSG00000138092_37425.2	705	1052	609	562	247	1087	567	860	1696	1924	345	1311	1348	1049	969	927	1441	986	1065	995
843	CENPO_ENSG00000138092_37426.3	301	240	358	247	35	361	154	298	643	974	68	498	597	354	540	458	635	280	473	474
844	CENPO_ENSG00000138092_37427.4	538	372	519	762	297	917	596	757	905	854	420	904	1506	924	900	715	1181	866	746	804
845	CENPO_ENSG00000138092_37428.5	443	578	365	280	124	348	263	390	669	538	146	541	752	459	560	489	923	261	522	534
846	CENPO_ENSG00000138092_37429.6	330	327	346	612	35	299	195	319	409	306	109	467	643	501	578	505	777	784	627	474
847	CENPP_ENSG00000188312_166071.1	1865	886	1916	945	833	2643	1808	1998	2528	1183	1432	2315	3548	2766	2517	2028	2591	2277	2200	2331
848	CENPP_ENSG00000188312_166072.2	636	197	834	494	379	1336	793	1045	1219	314	502	1237	1885	1495	1160	1090	1305	182	1136	1062
849	CENPP_ENSG00000188312_166073.3	1450	678	1481	964	417	1515	1184	1303	2310	3945	781	1990	2454	1403	1659	1382	2332	3563	1612	2048
850	CENPP_ENSG00000188312_166074.4	919	944	935	824	321	1062	753	1055	1339	2091	439	1284	2026	1396	1428	1125	1346	3002	1177	1293
851	CENPP_ENSG00000188312_166075.5	474	1436	451	816	118	489	331	473	997	1639	183	610	956	717	715	596	1280	474	680	812
852	CENPP_ENSG00000188312_166076.6	626	633	676	449	146	796	438	634	1080	2064	190	1086	1217	938	1219	822	1930	1892	1044	855
853	CENPQ_ENSG00000031691_185543.1	962	620	886	438	360	1321	890	1073	1655	645	519	1454	1813	1415	1273	1103	1136	1319	1253	1343
854	CENPQ_ENSG00000031691_185544.2	1008	706	1034	713	145	1057	553	1128	1408	1704	437	1623	1820	1314	1495	1206	2393	1282	1393	1629
855	CENPQ_ENSG00000031691_185545.3	613	309	676	537	86	743	322	638	1603	1036	165	969	1031	769	973	857	1922	794	924	1082
856	CENPQ_ENSG00000031691_185546.4	943	1103	985	596	163	850	619	996	1838	3748	332	1513	1814	1391	1469	1288	1733	524	1357	1325
857	CENPQ_ENSG00000031691_185547.5	1541	891	1647	1456	164	1713	816	1855	2644	3443	418	2616	3351	2775	2951	2523	4177	1900	2773	2400
858	CENPQ_ENSG00000031691_185548.6	573	141	566	30	108	556	314	545	936	780	181	820	999	608	822	570	1534	1035	773	778
859	CENPT_ENSG00000102901_49452.1	476	179	383	434	266	549	441	494	494	297	343	558	678	489	418	389	456	394	454	490
860	CENPT_ENSG00000102901_49453.2	934	680	1059	830	74	824	399	822	1602	1511	204	1626	1734	1386	1725	1196	2288	2329	1448	1604
861	CENPT_ENSG00000102901_49454.3	1337	873	1282	922	208	1057	650	1160	1994	2827	404	2114	1847	1307	1692	1337	3103	3037	1545	1880
862	CENPT_ENSG00000102901_49455.4	778	7748	744	460	194	809	545	818	1086	1667	345	913	1351	989	894	928	1844	563	862	874
863	CENPT_ENSG00000102901_49457.6	1095	891	1141	518	416	1335	776	964	1577	1793	634	1676	2138	1341	1479	1083	1964	1249	1406	1631
864	CENPV_ENSG00000166582_199196.1	353	335	341	158	13	165	57	155	148	1254	26	317	341	359	505	461	397	323	459	352
865	CENPV_ENSG00000166582_199197.2	1173	514	1133	1372	185	1105	469	1060	822	696	274	1442	1896	1516	1783	1515	1786	268	1545	1442
866	CENPV_ENSG00000166582_199198.3	710	337	517	476	131	658	425	577	988	1151	289	711	1112	577	856	547	1391	988	732	881
867	CENPV_ENSG00000166582_199200.5	1571	832	1784	1121	671	2134	1275	1589	2308	2737	947	2210	2871	2200	2083	1799	1535	1131	2003	2048
868	CENPV_ENSG00000166582_199201.6	665	344	701	313	130	805	365	710	1068	1410	261	1082	1298	984	1083	801	1264	444	1050	867
869	CENPW_ENSG00000203760_45103.1	825	520	789	713	246	921	648	723	1575	1146	348	1223	1633	1123	1211	923	2332	578	1042	1235
870	CENPW_ENSG00000203760_45104.2	933	692	1013	1417	418	1164	802	1069	1897	1674	599	1354	1889	1231	1445	1121	1982	544	1397	1552
871	CENPW_ENSG00000203760_45105.3	1523	585	1645	919	991	2285	1476	1628	2216	2373	1225	1817	3083	2487	2095	1744	1982	1158	1753	2047
872	CENPW_ENSG00000203760_45107.5	408	576	499	475	88	430	257	458	416	1018	131	742	714	553	659	570	1072	989	756	814
873	CHAF1A_ENSG00000167670_121194.1	1018	239	980	694	109	858	362	757	803	2334	178	1066	1845	1297	1356	1207	1386	1057	1266	1172
874	CHAF1A_ENSG00000167670_121195.2	2666	1889	2602	1086	2084	3699	3873	2949	4182	3717	2845	4101	4735	3454	3257	2500	4966	5626	2983	3697
875	CHAF1A_ENSG00000167670_121196.3	606	237	627	1148	73	757	265	682	740	929	123	1112	1172	834	1009	801	1250	1041	890	941
876	CHAF1A_ENSG00000167670_121197.4	727	962	599	261	268	582	638	554	1408	730	510	802	1092	441	635	515	1616	290	808	849
877	CHAF1A_ENSG00000167670_121198.5	605	401	480	333	115	513	337	421	774	1191	244	590	1024	659	661	614	1068	559	694	658
878	CHAF1A_ENSG00000167670_121199.6	979	500	1110	958	500	1394	867	1149	1768	1680	591	1479	2179	1745	1482	1377	1325	451	1354	1466
879	CHAF1B_ENSG00000159259_199544.1	510	78	578	327	41	306	154	345	674	957	105	613	741	465	701	515	513	1169	626	593
880	CHAF1B_ENSG00000159259_199545.2	597	81	586	614	380	584	574	666	967	297	430	778	902	613	654	485	1046	298	653	1029
881	CHAF1B_ENSG00000159259_199546.3	1156	1144	1097	700	426	1300	1052	1032	2327	1971	741	1449	1982	1265	1277	1025	2625	305	1354	1432
882	CHAF1B_ENSG00000159259_199547.4	675	401	793	1151	30	454	159	543	1167	2088	75	1344	1208	928	1322	1082	1424	1491	1281	1202
883	CHAF1B_ENSG00000159259_199548.5	369	323	377	483	143	547	338	555	864	301	259	716	823	479	602	553	602	344	673	719
884	CHAF1B_ENSG00000159259_199549.6	489	350	479	335	95	554	316	578	1034	415	136	969	919	732	839	622	1373	304	870	701
885	CHD1_ENSG00000153922_23158.1	1489	920	1408	1606	645	1445	1390	1378	1774	2579	924	1941	2380	1709	1752	1338	1853	1324	1407	1658
886	CHD1_ENSG00000153922_23159.2	1272	520	1498	845	641	2249	1231	1667	3118	1704	793	2003	2901	2425	2131	1759	2208	1057	1896	2237
887	CHD1_ENSG00000153922_23160.3	1244	805	1066	452	347	1257	722	1207	1323	3523	494	1527	2293	1506	1510	1275	1553	611	1339	1531
888	CHD1_ENSG00000153922_23161.4	2555	1024	2607	1046	1814	3326	2498	2744	3231	3776	1916	3589	4274	3260	3115	2414	3678	3298	2816	3153
889	CHD1_ENSG00000153922_23162.5	1019	345	1008	1092	367	921	779	917	1411	1402	585	1481	1588	897	1355	962	1019	1104	1187	1502
890	CHD1_ENSG00000153922_23163.6	546	345	588	458	164	706	405	631	735	1132	248	858	1058	765	755	707	1494	867	717	799
891	CHD1L_ENSG00000131778_197790.1	679	564	630	588	107	783	273	642	653	498	180	916	1447	1169	1190	1040	1320	496	975	1056
892	CHD1L_ENSG00000131778_197791.2	850	529	920	510	435	1426	951	989	1460	723	552	1207	2036	1211	1135	1098	1702	943	1032	1209
893	CHD1L_ENSG00000131778_197792.3	1280	448	1379	801	364	1463	844	1074	1771	1865	509	1456	2287	1502	1455	1259	1314	957	1281	1361
894	CHD1L_ENSG00000131778_197793.4	1469	724	1241	662	557	1558	1209	1468	1732	1369	833	1699	2280	1244	1687	1381	3252	750	1560	1876
895	CHD1L_ENSG00000131778_197794.5	943	913	919	305	193	1012	561	931	1250	2774	371	1183	1612	1188	1508	1103	921	1095	1171	1420
896	CHD1L_ENSG00000131778_197795.6	693	544	696	411	293	1140	668	992	1345	1987	410	897	1420	1052	853	946	1569	297	937	845
897	CHD2_ENSG00000173575_123285.1	547	164	522	516	96	385	264	414	486	720	174	730	912	595	788	578	1021	1775	664	618
898	CHD2_ENSG00000173575_123286.2	1734	826	1565	1002	907	2530	1543	1803	1763	1749	1016	1984	3243	2702	2492	1991	2322	1289	2243	2153
899	CHD2_ENSG00000173575_123287.3	449	275	513	171	191	560	443	585	417	1660	269	601	969	670	607	591	853	1843	629	756
900	CHD2_ENSG00000173575_123288.4	1625	1268	1408	1248	918	2277	1622	1869	2063	2357	1079	1859	2647	1813	1912	1702	2772	2226	1838	2077
901	CHD2_ENSG00000173575_123289.5	1968	1144	1930	1350	821	2265	1582	1979	3323	3789	1145	2550	3299	2449	2496	2229	4131	3203	2280	2346
902	CHD2_ENSG00000173575_123290.6	809	914	841	731	170	1228	503	932	1495	546	277	1399	1904	1402	1340	1063	1138	1898	1296	1353
903	CHD3_ENSG00000170004_94115.2	1160	809	1167	1211	93	1022	407	1040	1420	3121	145	1600	2409	1791	2047	1873	2960	3815	2108	1803
904	CHD3_ENSG00000170004_94116.3	1036	1024	1172	662	277	1305	681	1091	1322	1955	356	1641	2104	1730	1717	1661	1976	2019	1604	1794
905	CHD3_ENSG00000170004_94117.4	454	257	436	183	273	654	530	419	862	575	407	519	808	753	569	456	716	878	530	539
906	CHD3_ENSG00000170004_94118.5	816	464	854	540	186	1139	647	972	1253	1003	261	1722	1889	1444	1701	1374	1699	812	1560	1228
907	CHD3_ENSG00000170004_94119.6	420	245	436	255	52	399	224	426	575	1039	92	806	929	685	803	635	693	872	638	666
908	CHD4_ENSG00000111642_28423.1	1111	906	853	452	373	820	588	682	1524	549	419	1047	1663	890	1080	806	2512	1964	1088	787
909	CHD4_ENSG00000111642_28424.2	1036	849	1151	622	181	1291	624	1122	1260	2076	302	1378	2096	1537	1690	1290	1844	2919	1416	1480
910	CHD4_ENSG00000111642_28425.3	494	453	474	619	44	498	189	507	693	907	112	634	1066	819	833	706	1200	882	698	659
911	CHD4_ENSG00000111642_28426.4	911	698	845	867	169	803	476	784	1546	3633	243	945	1646	1076	1462	1058	1852	1869	1218	944
912	CHD4_ENSG00000111642_28427.5	1027	851	872	488	322	1215	758	1036	1183	1619	471	1047	1908	1447	1258	1130	1544	762	1183	1321
913	CHD4_ENSG00000111642_28428.6	1467	675	1578	838	843	3074	1914	1996	2568	3047	1200	2063	3386	2239	2099	1990	1665	1706	2013	1977
914	CHD5_ENSG00000116254_172527.1	1121	779	1253	728	802	1348	1345	1160	1813	592	1008	1169	2076	1386	1240	1162	1481	609	1294	1304
915	CHD5_ENSG00000116254_172528.2	1060	620	1115	998	332	1178	842	1028	2092	2835	631	1616	1770	1333	1263	1064	3188	782	1273	1551
916	CHD5_ENSG00000116254_172529.3	1649	480	1795	587	641	2021	1409	1496	2692	2255	846	1929	3111	2006	2042	1759	2347	1419	2002	2103
917	CHD5_ENSG00000116254_172530.4	1530	779	1757	623	302	1395	949	1445	2580	2308	535	2272	2974	1874	2114	1826	2407	2664	2059	2341
918	CHD5_ENSG00000116254_172531.5	616	1164	820	525	170	792	465	701	1396	1222	332	1009	1127	995	978	898	1439	860	802	863
919	CHD5_ENSG00000116254_172532.6	1058	241	960	618	335	947	772	1003	2124	1792	454	1385	1584	1143	1214	996	1956	2508	1128	1313
920	CHD6_ENSG00000124177_52189.1	884	462	980	164	456	1273	1106	1133	1037	1379	734	1654	2082	1220	1241	1028	2374	1733	1127	1293
921	CHD6_ENSG00000124177_52190.2	1604	517	1775	712	1119	2215	2086	1903	2420	3121	1263	2360	3222	2140	2106	1689	3454	3440	1871	2409
922	CHD6_ENSG00000124177_52191.3	393	155	411	227	193	627	403	536	586	254	272	577	1067	742	555	560	477	728	537	634
923	CHD6_ENSG00000124177_52192.4	2570	1396	2753	1527	939	3371	2066	3051	3365	4628	1329	3997	5283	4168	3713	3416	4660	3709	3346	3543
924	CHD6_ENSG00000124177_52194.6	828	238	942	293	400	1280	896	986	1032	532	585	1185	1752	1304	1011	885	974	996	1037	1110
925	CHD7_ENSG00000171316_78154.2	1543	1170	1602	1236	608	2109	1283	1809	1540	3342	817	2019	2957	2206	1889	1846	2067	2836	1912	1866
926	CHD7_ENSG00000171316_78155.3	511	266	659	416	227	667	395	528	990	1168	367	753	1023	602	755	586	720	2205	684	808
927	CHD7_ENSG00000171316_78156.4	922	591	1006	367	192	1224	644	1108	2056	961	296	1659	2005	1595	1551	1291	2276	2630	1634	1614
928	CHD7_ENSG00000171316_78157.5	626	262	743	462	412	1068	849	932	1850	1151	520	859	1452	956	1023	913	1324	1050	1014	1099
929	CHD7_ENSG00000171316_78158.6	1222	469	1354	899	919	1752	1721	1542	1832	1996	1194	1659	2671	1651	1448	1363	2005	953	1320	1622
930	CHD8_ENSG00000100888_161810.1	1090	456	1113	417	474	1403	992	1260	1021	1369	601	1279	2286	1507	1503	1230	2200	1826	1469	1464
931	CHD8_ENSG00000100888_161811.2	3070	1523	2929	1618	2899	4165	4425	3153	4589	1441	3657	3462	5775	3856	3410	2849	3375	2377	3421	3404
932	CHD8_ENSG00000100888_161812.3	536	456	759	598	50	411	204	483	619	394	91	768	1077	861	1072	964	1220	1756	1008	727
933	CHD8_ENSG00000100888_161813.4	930	95	808	519	387	1054	788	953	769	888	528	1290	1640	1263	1170	957	1095	1287	1164	1079
934	CHD8_ENSG00000100888_161814.5	985	747	841	517	676	1333	1210	1105	1286	1607	866	976	2061	1276	1177	1091	1320	1757	1302	1306
935	CHD8_ENSG00000100888_161815.6	803	550	860	429	260	922	591	872	785	1534	385	1142	1560	1120	1131	891	1825	355	1102	1117
936	CHD9_ENSG00000177200_99655.1	1007	613	989	628	365	1670	897	1172	1334	2266	489	1180	2117	1720	1431	1291	1345	1520	1322	1577
937	CHD9_ENSG00000177200_99656.2	751	345	882	964	209	1034	613	836	1018	3245	377	1027	1377	1359	1063	1027	1347	1666	1093	1082
938	CHD9_ENSG00000177200_99657.3	779	682	936	72	262	1084	633	855	1667	2846	324	1344	1613	1405	1382	1168	1762	829	1227	1365
939	CHD9_ENSG00000177200_99658.4	877	882	920	1351	282	1173	678	1048	1721	1024	400	1500	1999	1438	1489	1293	1865	2507	1401	1438
940	CHD9_ENSG00000177200_99659.5	531	341	490	170	150	605	337	632	1006	1716	220	1070	1108	814	859	735	1403	683	856	1111
941	CHD9_ENSG00000177200_99660.6	1813	1747	1933	1696	857	2650	1778	2297	3577	4057	1089	3429	3700	2573	2677	2191	3495	2172	2698	3068
942	CHMP1A_ENSG00000131165_46111.1	1682	1447	1831	1180	418	1800	1151	1645	3929	3728	678	2327	3253	2232	2397	1958	4177	1552	2159	2381
943	CHMP1A_ENSG00000131165_46113.3	1152	379	1153	945	460	1807	1036	1341	2025	3267	658	1940	2980	1920	1692	1559	3286	1611	1570	1909
944	CHMP1A_ENSG00000131165_46114.4	1179	839	1212	454	792	1842	1306	1566	1892	800	951	1529	2567	1941	1562	1494	1699	763	1627	1476
945	CHMP1A_ENSG00000131165_46115.5	782	259	818	795	254	879	472	839	1775	1647	344	1001	1263	998	1058	898	1853	219	945	1214
946	CHMP1A_ENSG00000131165_46116.6	657	446	598	487	147	672	520	644	1579	2598	321	887	1219	815	967	673	1758	1491	891	1044
947	CHMP2A_ENSG00000130724_87101.1	441	245	421	371	47	229	184	388	952	1400	130	765	721	389	685	450	1234	804	612	963
948	CHMP2A_ENSG00000130724_87102.2	1167	778	1354	730	220	925	903	1239	1943	1194	526	2112	2231	1140	1889	1318	2791	3551	1817	2250
949	CHMP2A_ENSG00000130724_87103.3	519	81	390	386	14	225	128	331	874	974	61	1039	703	256	870	470	1679	678	757	898
950	CHMP2A_ENSG00000130724_87104.4	2659	881	2816	1785	1516	4065	2883	3219	4580	3538	1870	3965	5977	4279	3728	3489	4202	2821	3400	3512
951	CHMP2A_ENSG00000130724_87105.5	357	131	283	169	113	291	301	213	644	285	153	461	527	266	365	277	759	14	355	465
952	CHMP2A_ENSG00000130724_87106.6	702	374	835	626	267	465	591	607	891	1422	347	1072	1167	598	877	604	1085	596	946	1164
953	CHMP2B_ENSG00000083937_77673.1	1037	619	940	578	302	1739	915	1429	1532	2631	566	1593	2296	1571	1446	1329	2265	3607	1505	1584
954	CHMP2B_ENSG00000083937_77674.2	1481	596	1344	1240	986	2195	1739	1733	2274	2956	1076	1925	2615	2028	1720	1617	1832	144	1653	1631
955	CHMP2B_ENSG00000083937_77676.4	896	217	928	622	278	1571	835	1321	1237	2385	499	1564	2679	1705	1688	1500	1684	3748	1792	1556
956	CHMP2B_ENSG00000083937_77677.5	979	565	1380	566	682	1943	1285	1521	2016	672	878	1686	2699	2114	1618	1641	2227	485	1711	1582
957	CHMP2B_ENSG00000083937_77678.6	300	337	328	155	165	408	240	344	491	109	152	408	573	456	387	423	615	527	451	462
958	CHMP3_ENSG00000115561_86571.1	1025	752	1126	763	655	1171	1097	1195	1746	2175	770	1408	2000	1228	1413	1040	2402	2339	1229	1481
959	CHMP3_ENSG00000115561_86572.2	707	263	666	745	188	692	526	612	1018	1322	297	973	1120	677	986	757	1433	603	825	872
960	CHMP3_ENSG00000115561_86573.3	589	76	584	528	167	639	443	719	860	1430	216	968	1163	896	940	796	1111	1009	885	924
961	CHMP3_ENSG00000115561_86575.5	1257	762	1479	1417	348	1686	1020	1600	1571	2318	604	1961	2615	1976	2018	1678	1874	1713	1836	1740
962	CHMP3_ENSG00000115561_86576.6	1430	731	1663	1487	903	2341	1755	1715	1787	3226	1132	1923	3178	2180	2102	1715	2306	147	2052	2191
963	CHMP4B_ENSG00000101421_15984.1	459	126	554	550	87	522	293	481	1094	952	112	857	1234	756	758	614	798	543	720	709
964	CHMP4B_ENSG00000101421_15985.2	1508	240	1280	710	349	1962	996	1577	1842	1403	601	2150	2813	2254	2262	1972	2221	1657	2176	1976
965	CHMP4B_ENSG00000101421_15986.3	720	354	882	729	143	459	342	626	999	1639	213	1290	1025	783	883	691	1817	1482	933	999
966	CHMP4B_ENSG00000101421_15987.4	871	324	812	566	300	1196	634	901	1327	1708	400	1249	1686	1362	1338	1014	768	261	1165	1113
967	CHMP4B_ENSG00000101421_15988.5	609	613	685	171	120	383	361	408	899	2391	275	1157	929	424	648	465	1648	1362	662	990
968	CHMP4B_ENSG00000101421_15989.6	766	393	840	745	181	947	587	1515	1789	2540	326	1330	1696	992	1259	1056	2215	1576	1147	1458
969	CHMP4C_ENSG00000164695_16474.1	374	322	413	749	91	361	145	293	586	1339	133	472	554	473	539	364	732	250	504	466
970	CHMP4C_ENSG00000164695_16476.3	2520	1198	2748	1281	1908	4580	2848	3335	3561	5286	2194	3550	5314	4355	3313	3016	2575	3524	3317	3052
971	CHMP4C_ENSG00000164695_16477.4	1249	829	1399	1193	1011	1862	1541	1583	2400	2987	1028	1938	2323	1645	1905	1538	2916	1636	1580	1903
972	CHMP4C_ENSG00000164695_16478.5	1056	424	1073	718	144	948	374	1063	1289	2895	235	1675	1851	1344	1824	1467	1926	2033	1523	1664
973	CHMP4C_ENSG00000164695_16479.6	1663	1466	1648	1129	861	2605	1731	2093	2252	2953	1118	2132	3299	2467	2364	2056	2408	2006	2087	2198
974	CHMP5_ENSG00000086065_124224.1	1274	1047	1290	774	369	1272	930	1070	3432	3425	681	1870	1867	1244	1541	1158	5425	3325	1669	2032
975	CHMP5_ENSG00000086065_124225.2	264	302	177	302	53	197	151	95	675	761	86	434	193	134	270	133	343	793	298	420
976	CHMP5_ENSG00000086065_124226.3	805	385	786	904	409	1063	924	934	2295	2603	530	1313	1472	987	1066	909	2086	3837	1150	1369
977	CHMP5_ENSG00000086065_124227.4	881	669	860	747	314	804	639	803	2079	1264	384	1362	1362	943	1019	822	2814	2065	1140	1229
978	CHMP5_ENSG00000086065_124228.5	1204	979	1264	964	215	1083	672	1042	3539	4919	558	2042	1838	1259	1671	1185	3732	5223	1648	1824
979	CHMP5_ENSG00000086065_124229.6	598	364	741	581	92	490	373	583	1397	3444	211	1112	981	741	951	647	2173	847	989	1008
980	CHMP6_ENSG00000176108_166491.1	359	234	416	335	147	497	344	468	437	1564	198	548	755	531	580	462	471	477	527	571
981	CHMP6_ENSG00000176108_166492.2	1713	451	1905	701	628	2296	1169	1910	2045	3410	838	1897	3211	2493	2305	1967	2553	1898	2099	2221
982	CHMP6_ENSG00000176108_166493.3	948	566	1080	508	559	1473	1055	1212	1645	2161	553	1304	1915	1421	1420	1082	2320	1537	1222	1374
983	CHMP6_ENSG00000176108_166494.4	1167	716	1447	1200	193	1251	796	1229	2663	3749	534	1902	2296	1501	1654	1398	2733	3189	1644	1721
984	CHMP6_ENSG00000176108_166495.5	962	367	1079	662	285	1330	699	1114	1973	2184	484	1519	1482	1188	1165	924	1988	1509	1164	1334
985	CHMP6_ENSG00000176108_166496.6	1565	912	1635	891	466	1956	1071	1645	1689	1452	684	2039	2884	2469	2129	2000	2493	1451	2092	2027
986	CHMP7_ENSG00000147457_178235.1	1421	1237	1272	583	491	1535	919	1310	1885	2327	592	1687	2102	1694	1586	1405	2003	1999	1675	1652
987	CHMP7_ENSG00000147457_178236.2	750	491	843	553	228	1202	520	950	1502	515	310	1176	1954	1469	1322	1118	1356	1160	1360	1166
988	CHMP7_ENSG00000147457_178237.3	444	162	438	81	152	727	535	495	692	1405	357	584	921	725	623	570	922	1987	555	567
989	CHMP7_ENSG00000147457_178238.4	559	327	520	677	99	620	312	500	871	1081	183	628	882	714	684	650	439	602	642	669
990	CHMP7_ENSG00000147457_178239.5	304	440	338	618	25	219	70	290	528	1672	55	738	466	449	645	586	997	888	679	636
991	CHMP7_ENSG00000147457_178240.6	872	669	829	864	295	1133	795	1069	1231	2327	448	1195	1575	1123	1122	945	1455	776	1101	1235
992	CHRAC1_ENSG00000104472_87121.1	489	87	523	7287	163	696	493	628	1162	450	446	823	1027	773	683	638	731	504	667	719
993	CHRAC1_ENSG00000104472_87123.3	244	173	235	327	71	230	142	189	198	497	77	258	467	342	326	316	347	128	308	347
994	CHRAC1_ENSG00000104472_87124.4	381	355	395	166	54	283	154	294	387	743	78	480	626	437	661	392	277	597	530	589
995	CHRAC1_ENSG00000104472_87125.5	1588	761	1535	1385	736	2186	1750	1451	1611	250	1025	1922	2979	2156	2210	1761	1601	379	2058	2220
996	CHRAC1_ENSG00000104472_87126.6	1237	594	1313	763	616	1475	1307	1293	2404	2145	889	1516	2400	1827	1573	1496	1986	1333	1563	1820
997	CHUK_ENSG00000213341_30037.1	1116	911	1015	417	514	1570	1174	1351	1571	765	722	1920	2316	1586	1491	1343	1869	1741	1492	1420
998	CHUK_ENSG00000213341_30038.2	833	673	809	492	105	755	376	815	1010	1399	236	1157	1451	1234	1155	905	587	1051	1150	1225
999	CHUK_ENSG00000213341_30039.3	999	758	1121	935	211	1184	522	1055	1602	1257	324	1618	1877	1428	1446	1204	2137	2109	1471	1509
1000	CHUK_ENSG00000213341_30040.4	1034	805	1068	1440	622	1804	1069	1278	1056	1522	736	1535	2024	1434	1373	1227	2087	584	1321	1502
1001	CHUK_ENSG00000213341_30042.6	628	386	727	401	96	835	291	648	749	861	139	911	1198	1096	1095	946	1320	922	1010	1014
1002	CLOCK_ENSG00000134852_165501.1	735	91	798	1030	268	715	628	598	1147	2786	489	1378	1055	668	887	683	1873	622	860	1291
1003	CLOCK_ENSG00000134852_165502.2	1474	901	1727	609	402	1904	976	1675	2193	3672	601	2239	2665	2373	2389	2088	2540	2053	2256	2232
1004	CLOCK_ENSG00000134852_165503.3	360	103	316	200	130	498	279	368	618	310	200	517	794	535	508	462	655	544	449	464
1005	CLOCK_ENSG00000134852_165505.5	690	444	805	669	310	1227	666	1059	1100	813	445	1141	1667	1209	1054	1187	1569	575	1091	1011
1006	CLOCK_ENSG00000134852_165506.6	605	333	639	529	146	850	423	646	1194	574	268	908	1114	898	945	790	1421	1590	873	1038
1007	COMMD3-BMI1_ENSG00000269897_150944.2	516	274	436	547	90	499	339	541	1131	950	184	799	982	898	713	701	1134	736	721	777
1008	COMMD3-BMI1_ENSG00000269897_150945.3	402	244	359	362	45	305	163	319	354	1204	105	637	618	509	629	536	776	639	580	540
1009	COMMD3-BMI1_ENSG00000269897_150946.4	762	543	840	486	168	1022	520	1020	1593	3085	249	1514	1771	1407	1521	1313	2532	1697	1369	1480
1010	COMMD3-BMI1_ENSG00000269897_150947.5	1005	1170	1000	546	377	1530	750	1313	1916	2118	513	1493	1987	1645	1640	1471	1602	900	1605	1576
1011	COMMD3-BMI1_ENSG00000269897_150948.6	606	271	671	404	138	795	382	616	1398	2124	268	1031	1186	796	957	872	1621	970	993	925
1012	COQ3_ENSG00000132423_181805.1	698	1007	748	572	391	1328	630	956	1341	1357	441	1036	1749	1315	1070	916	1595	291	948	884
1013	COQ3_ENSG00000132423_181806.2	461	65	496	322	37	468	167	473	690	1133	90	579	780	649	917	744	977	1014	732	773
1014	COQ3_ENSG00000132423_181807.3	1032	843	1400	264	497	1654	963	1276	1801	2831	513	1402	2183	1888	1504	1460	1657	1297	1555	1646
1015	COQ3_ENSG00000132423_181810.6	641	530	720	781	502	1173	880	980	1073	942	592	1003	1541	1221	1070	815	891	625	836	1050
1016	COQ5_ENSG00000110871_132619.2	1093	732	1088	473	646	1841	1328	1277	1107	1766	786	1479	2381	1853	1429	1459	1875	1018	1458	1416
1017	COQ5_ENSG00000110871_132620.3	1494	851	1556	1112	494	2088	1226	1764	1670	3839	629	2146	3181	2207	2257	1930	2303	1561	2054	2037
1018	COQ5_ENSG00000110871_132621.4	1317	493	1287	1318	241	1110	806	998	1698	1080	563	1411	1932	1463	1495	1279	1602	1076	1540	1644
1019	COQ5_ENSG00000110871_132623.6	415	186	396	212	122	609	381	403	568	1810	158	827	822	540	629	461	1194	1157	617	755
1020	CRAMP1L_ENSG00000007545_91638.1	1109	451	1123	613	306	1253	608	1108	1555	1332	419	1116	1943	1384	1562	1358	1457	1325	1308	1341
1021	CRAMP1L_ENSG00000007545_91642.5	1058	648	983	1309	276	1242	787	1162	1224	2560	396	1409	1961	1673	1513	1292	1932	1061	1386	1351
1022	CRAMP1L_ENSG00000007545_91644.7	1651	914	1494	1446	728	2173	1558	1731	2650	2437	1105	1949	3154	2304	1993	1809	1936	3402	2009	2185
1023	CRAMP1L_ENSG00000007545_91646.9	728	479	752	490	151	877	432	719	1073	490	258	997	1265	1231	1026	994	1934	1267	980	1063
1024	CREBBP_ENSG00000005339_155107.2	1940	266	1692	974	725	2892	1670	2232	2019	1710	1002	2164	4156	2781	2578	2319	1857	1692	2321	2204
1025	CREBBP_ENSG00000005339_155108.3	624	285	589	40	54	475	176	546	561	542	129	731	1020	721	898	830	940	382	861	834
1026	CREBBP_ENSG00000005339_155109.4	1277	253	1381	960	1031	2252	1748	1799	1045	278	1195	1829	2407	1968	1887	1474	2533	938	1425	1664
1027	CREBBP_ENSG00000005339_155110.5	754	148	761	311	214	815	441	700	1237	721	243	1173	1439	1003	1323	1074	1741	1806	1038	1145
1028	CREBBP_ENSG00000005339_155111.6	1805	295	2094	1027	1300	3036	1995	2287	2280	3315	1283	2623	3768	2939	2449	2558	2539	2103	2305	2448
1029	CSF2RA_ENSG00000198223_94244.1	869	774	858	517	594	1278	942	1079	1195	873	619	1346	1751	1373	1215	1092	1507	1508	1217	1345
1030	CSF2RA_ENSG00000198223_94245.2	1328	725	1280	1326	855	1764	1507	1492	1727	1667	1177	1811	2546	2083	1632	1511	2255	1519	1575	1737
1031	CSF2RA_ENSG00000198223_94246.3	903	993	937	751	271	1177	715	1023	1364	1512	427	1292	1679	1331	1211	1116	789	995	1255	1082
1032	CSF2RA_ENSG00000198223_94247.4	753	655	739	828	139	801	413	876	1069	851	234	1122	1489	1162	1256	1107	1070	1859	1045	1148
1033	CSF2RA_ENSG00000198223_94248.5	1148	964	1098	387	374	1545	919	1324	1458	2712	571	1448	2330	1665	1688	1478	1963	1522	1447	1482
1034	CSF2RA_ENSG00000198223_94249.6	944	865	963	670	178	1301	591	1155	1439	589	388	1557	2194	1667	1663	1373	2223	1707	1451	1448
1035	CSNK2A1_ENSG00000101266_183063.2	1590	2110	1661	681	519	2325	1292	1967	2136	2723	672	2346	3778	2764	2538	2370	2600	1067	2577	2647
1036	CSNK2A1_ENSG00000101266_183064.3	1045	788	1054	823	612	1782	1090	1363	2656	2229	743	1433	2145	1679	1521	1332	1910	1458	1357	1482
1037	CSNK2A1_ENSG00000101266_183065.4	531	787	585	588	115	356	348	523	1256	1853	230	766	701	497	705	471	1239	1760	629	641
1038	CSNK2A1_ENSG00000101266_183066.5	481	337	487	453	232	547	413	450	755	763	278	462	825	711	570	514	1113	314	511	635
1039	CSNK2A1_ENSG00000101266_183067.6	511	606	616	263	162	605	383	653	871	488	312	843	1177	964	770	782	1266	319	758	739
1040	CSNK2A3_ENSG00000254598_76262.1	504	327	484	621	180	569	383	494	804	802	213	772	1028	874	687	669	721	1164	737	750
1041	CSNK2A3_ENSG00000254598_76264.3	1131	3784	1243	515	834	2071	1404	1654	2091	1942	800	1898	2792	2058	1551	1441	1607	852	1498	1491
1042	CSNK2A3_ENSG00000254598_76265.4	1152	540	1303	561	601	2298	1315	1562	1595	1688	836	2000	2786	1968	1706	1605	1947	1054	1730	1836
1043	CSNK2A3_ENSG00000254598_76266.5	481	179	499	269	127	869	379	551	826	272	192	529	797	788	741	628	701	545	727	656
1044	CSNK2A3_ENSG00000254598_76267.6	259	343	287	337	35	253	144	264	386	1054	58	521	471	362	477	379	725	445	446	471
1045	CSNK2B_ENSG00000204435_197160.1	550	777	668	427	72	802	259	782	932	524	147	1033	1326	1228	1301	1113	1182	546	1253	1130
1046	CSNK2B_ENSG00000204435_197162.3	956	539	941	649	244	1062	613	1007	1309	1046	397	1391	1712	1359	1295	1211	1661	798	1306	1786
1047	CSNK2B_ENSG00000204435_197163.4	1390	455	1515	357	906	2442	1530	1704	1415	3111	1022	1992	2813	2277	1836	1842	3331	1530	1754	1710
1048	CSNK2B_ENSG00000204435_197164.5	924	600	1014	668	288	1170	693	973	1089	738	456	1283	1693	1381	1370	1199	1190	1119	1283	1431
1049	CSTL1_ENSG00000125823_90435.1	939	838	1108	964	276	1192	622	1207	2267	2323	412	1530	2012	1440	1565	1293	1792	2555	1375	1452
1050	CSTL1_ENSG00000125823_90436.2	421	322	443	154	54	514	191	463	780	1068	113	766	965	703	848	648	1088	977	799	779
1051	CSTL1_ENSG00000125823_90437.3	1473	1747	1293	1391	846	1973	1274	1500	2101	1378	883	1849	2638	1989	1626	1400	2334	1712	1927	1946
1052	CSTL1_ENSG00000125823_90438.4	1368	803	1395	782	612	1924	1166	1533	1167	3190	774	1717	2640	2041	1873	1450	2071	1280	1694	1855
1053	CSTL1_ENSG00000125823_90439.5	1180	565	1298	836	1192	2249	1594	1500	1820	1636	1146	1580	2611	1983	1611	1519	1367	568	1500	1659
1054	CSTL1_ENSG00000125823_90440.6	607	282	593	326	82	766	364	812	1387	2783	178	1335	1500	986	1194	962	1537	1604	1241	1019
1055	CTCF_ENSG00000102974_125332.1	1058	172	932	297	241	953	770	982	1556	3082	446	2462	1643	949	1431	1139	1884	967	1283	2353
1056	CTCF_ENSG00000102974_125333.2	1257	941	1301	863	698	1996	1355	1402	1847	2224	877	2467	3025	2159	1834	1778	2652	559	1759	2103
1057	CTCF_ENSG00000102974_125334.3	1239	918	1109	416	383	1698	1016	1449	2008	1069	607	2065	2881	1993	1843	1622	1425	2884	1671	1642
1058	CTCF_ENSG00000102974_125335.4	1126	464	1126	513	657	913	1270	1006	1392	1131	826	1992	1883	1075	1386	1051	1921	1555	1281	1944
1059	CTCF_ENSG00000102974_125336.5	1033	442	892	765	191	1026	639	917	910	256	481	1892	1904	960	1287	1162	1496	259	1302	1609
1060	CTCF_ENSG00000102974_125337.6	973	282	1043	985	468	1700	999	1392	1696	1023	632	1593	2772	2021	1600	1601	2061	1221	1618	1841
1061	CTD-2545M3.6_ENSG00000142539_32543.1	1406	738	1459	1346	930	2210	1749	1616	1794	411	1131	1989	2799	2251	1870	1498	1438	1191	1865	1941
1062	CTD-2545M3.6_ENSG00000142539_32544.2	1753	643	1580	1211	565	1636	1359	1648	2900	3207	984	2385	3345	1467	2547	1565	4051	4463	2675	2385
1063	CTD-2545M3.6_ENSG00000142539_32545.3	1020	405	911	967	563	1121	1051	1057	1639	1233	713	1514	1745	958	1229	829	1762	576	1176	1401
1064	CTD-2545M3.6_ENSG00000142539_32546.4	402	109	327	82	174	286	334	338	805	528	217	529	754	319	612	333	615	1	498	530
1065	CTD-2545M3.6_ENSG00000142539_32547.5	848	586	940	593	323	1154	675	998	1113	204	466	1235	1871	1394	1157	1103	1791	1842	1176	1139
1066	CTD-2545M3.6_ENSG00000142539_32548.6	1110	302	894	661	312	914	811	921	1321	963	546	1180	1616	995	1246	929	1753	1097	1163	1362
1067	CTD-3222D19.2_ENSG00000141979_144478.1	772	255	619	217	328	860	783	911	986	870	637	1349	1119	823	823	668	1656	1505	796	1061
1068	CTD-3222D19.2_ENSG00000141979_144479.2	1261	819	1301	1000	122	589	391	777	1103	3739	230	2196	1488	1123	1671	1386	2314	2744	1740	2351
1069	CTD-3222D19.2_ENSG00000141979_144480.3	586	159	710	628	171	628	362	580	899	155	325	1024	840	698	719	536	969	1509	695	969
1070	CTD-3222D19.2_ENSG00000141979_144481.4	704	323	699	488	198	906	439	699	994	281	311	985	1512	1179	990	922	1049	1301	1023	1132
1071	CTD-3222D19.2_ENSG00000141979_144483.6	589	210	560	232	216	459	327	409	302	492	289	990	711	396	626	516	455	912	564	1144
1072	CTR9_ENSG00000198730_38124.1	490	345	437	645	142	512	372	443	1048	934	203	712	950	510	600	464	2151	1917	618	832
1073	CTR9_ENSG00000198730_38125.2	1180	1069	1311	2171	475	1743	1199	1452	2348	3824	682	1782	2510	1678	1770	1325	3991	3650	1572	1810
1074	CTR9_ENSG00000198730_38126.3	384	268	347	666	59	447	191	374	1115	1805	83	545	858	457	567	433	1614	1104	555	621
1075	CTR9_ENSG00000198730_38127.4	853	764	835	1823	640	1289	857	934	3148	4901	653	1558	1614	1077	1035	879	2603	1749	1120	1450
1076	CTR9_ENSG00000198730_38128.5	1068	1111	1180	1614	614	1823	1539	1367	3867	3492	893	1749	2782	1417	1504	1194	3467	2522	1468	2137
1077	CTR9_ENSG00000198730_38129.6	952	439	887	595	718	1257	1060	892	2321	2697	783	1060	1593	1191	1055	858	1345	1499	974	1191
1078	CUX1_ENSG00000257923_2956.1	439	167	428	504	170	421	332	416	452	264	279	571	633	451	511	383	907	649	450	464
1079	CUX1_ENSG00000257923_2957.2	1926	1221	2055	497	924	3004	1782	2301	1969	2667	1243	2140	3935	2935	2626	2300	2231	2898	2377	2714
1080	CUX1_ENSG00000257923_2959.4	1245	975	1363	837	579	2035	1125	1587	1985	2665	694	1962	2373	2228	1904	1676	1468	2261	1828	1696
1081	CUX1_ENSG00000257923_2960.5	1573	978	1591	1097	358	1830	964	1512	2194	2974	530	2170	2655	2282	2085	1756	2590	2336	1977	2201
1082	CUX1_ENSG00000257923_2961.6	768	665	832	72	379	940	790	814	1224	597	500	1015	1293	855	902	742	1623	833	837	1050
1083	CXXC1_ENSG00000154832_164304.1	851	569	847	263	478	1369	1168	1019	1216	1624	677	1540	1805	1191	1299	1087	2000	860	1161	1468
1084	CXXC1_ENSG00000154832_164306.3	580	597	565	352	291	781	520	592	607	1609	343	1099	872	555	649	485	770	515	582	832
1085	CXXC1_ENSG00000154832_164307.4	778	582	843	473	234	1025	642	930	1108	1138	387	1279	1716	1256	1035	992	1263	1327	979	1177
1086	CXXC1_ENSG00000154832_164309.6	1001	578	940	772	893	1691	1336	1346	1833	1219	736	1335	2012	1680	1288	1205	1715	956	1250	1270
1087	CXXC4_ENSG00000168772_162510.1	638	975	597	1289	68	417	185	474	383	1469	97	771	1038	849	1077	892	617	258	782	704
1088	CXXC4_ENSG00000168772_162511.2	1378	513	1085	495	624	1538	1088	1243	1587	605	710	1336	2221	1420	1150	1218	574	1421	1283	1270
1089	CXXC4_ENSG00000168772_162512.3	1361	1265	1476	1134	119	1098	379	1286	2182	2980	219	1789	2981	2032	2630	2490	3290	2436	2619	2417
1090	CXXC4_ENSG00000168772_162513.4	441	94	609	686	67	417	218	476	774	702	139	700	1035	799	737	735	1470	1399	775	638
1091	CXXC4_ENSG00000168772_162514.5	317	117	313	20	42	447	154	383	517	477	106	513	562	432	540	398	875	540	496	486
1092	CXXC4_ENSG00000168772_162515.6	1797	680	1734	1103	605	2293	1461	1846	3346	2003	864	2323	3697	2954	2270	2128	2387	3434	2269	2846
1093	CXXC5_ENSG00000171604_47479.1	1206	725	1351	1416	182	1113	597	1258	1568	548	408	1972	2094	1429	1843	1440	2423	8200	1871	2131
1094	CXXC5_ENSG00000171604_47480.2	1556	496	1552	1045	599	2011	1516	1684	1443	1543	876	2040	3003	2278	2032	1694	2499	3681	1823	2197
1095	CXXC5_ENSG00000171604_47481.3	566	441	631	491	123	759	304	605	401	1361	213	780	1469	912	867	820	867	1186	937	947
1096	CXXC5_ENSG00000171604_47482.4	960	531	1040	609	263	1204	638	966	1749	787	543	1309	1913	1334	1342	1138	2026	1257	1294	1636
1097	CXXC5_ENSG00000171604_47483.5	906	370	1000	138	135	917	339	741	1646	1319	209	1118	1673	1287	1434	1124	1440	1578	1353	1051
1098	DAPK3_ENSG00000167657_114140.1	1097	699	1306	1048	1263	2140	1610	1332	1815	841	1151	1337	2135	1686	1523	1329	833	309	1334	1414
1099	DAPK3_ENSG00000167657_114141.2	1226	472	1234	718	521	1682	909	1223	1352	2759	686	1824	2309	1875	1640	1641	1887	1582	1629	1623
1100	DAPK3_ENSG00000167657_114142.3	829	737	860	566	287	1302	683	905	1156	493	468	1295	1565	1344	1351	1105	1521	821	1169	1309
1101	DAPK3_ENSG00000167657_114143.4	1316	1145	1401	879	568	1325	1045	1278	1613	1116	668	1815	2281	1770	1742	1499	2614	1869	1648	1986
1102	DAPK3_ENSG00000167657_114144.5	991	518	803	735	46	505	190	586	920	1219	120	968	1254	1036	1525	1306	1615	1369	1192	1070
1103	DAPK3_ENSG00000167657_114145.6	347	67	413	345	104	589	245	516	451	23	233	616	762	694	566	562	683	1055	533	369
1104	DAXX_ENSG00000204209_72973.1	730	689	912	770	926	1599	1330	1006	1042	971	918	926	1618	941	991	866	1353	1612	797	1063
1105	DAXX_ENSG00000204209_72974.2	659	494	802	440	143	984	387	816	794	1474	296	1087	1807	1410	1169	1072	1063	262	1132	1172
1106	DAXX_ENSG00000204209_72975.3	980	604	940	978	318	1244	764	1136	1426	1198	585	1374	2185	1471	1181	1189	813	1599	1229	1284
1107	DAXX_ENSG00000204209_72976.4	753	160	778	722	232	714	627	677	1175	1024	359	944	1184	903	1093	851	1716	1047	1010	895
1108	DAXX_ENSG00000204209_72977.5	568	344	575	405	44	361	210	465	915	1277	103	841	787	451	819	610	830	1671	793	845
1109	DAXX_ENSG00000204209_72978.6	222	76	226	297	70	205	148	247	221	709	118	397	463	366	353	334	631	526	307	323
1110	DCTD_ENSG00000129187_101915.1	1091	530	1206	1126	907	2165	1598	1523	2085	2151	1052	1619	2349	1799	1574	1262	2001	3614	1508	1566
1111	DCTD_ENSG00000129187_101916.2	1303	1031	1514	1125	482	2532	1285	1861	2517	2734	684	2104	3096	2628	2221	2046	2047	937	2101	2160
1112	DCTD_ENSG00000129187_101917.3	651	340	592	637	273	1037	536	762	1305	319	293	976	1207	921	900	837	1217	1283	814	992
1113	DCTD_ENSG00000129187_101918.4	2037	1020	2196	786	1814	3219	2888	2339	3476	4673	1912	2890	3430	2730	2479	2201	3043	2644	2073	2481
1114	DCTD_ENSG00000129187_101919.5	352	173	428	70	114	426	293	419	879	1598	152	424	765	473	556	487	1078	242	605	512
1115	DCTD_ENSG00000129187_101920.6	971	829	870	1233	312	1051	610	947	1364	248	452	1160	1834	1358	1325	1119	1456	1017	1274	1498
1116	DDB1_ENSG00000167986_167051.1	587	387	446	84	254	462	372	477	885	1025	319	628	890	508	658	512	896	367	626	616
1117	DDB1_ENSG00000167986_167053.3	699	501	852	465	516	1130	943	986	884	444	545	877	1317	1180	1017	886	1659	819	971	971
1118	DDB1_ENSG00000167986_167054.4	723	412	717	534	170	531	503	585	735	1069	307	886	1257	517	865	587	1517	941	870	774
1119	DDB1_ENSG00000167986_167055.5	495	345	672	160	84	237	288	403	711	391	185	638	866	381	784	420	1235	607	767	611
1120	DDB1_ENSG00000167986_167056.6	1163	986	1105	368	308	1115	718	1177	1823	2208	469	1589	2075	1509	1603	1312	2188	1250	1415	1581
1121	DDX1_ENSG00000079785_16890.1	566	28	577	537	347	713	566	682	940	1428	450	662	1009	834	738	684	737	131	813	751
1122	DDX1_ENSG00000079785_16891.2	769	430	792	249	263	1218	838	936	1426	127	553	1109	1205	957	996	817	2417	2782	1036	1147
1123	DDX1_ENSG00000079785_16893.4	2214	1314	2281	3013	1018	2940	2433	2408	3118	3932	1494	3031	4444	2762	3028	2467	4561	1231	2921	3052
1124	DDX1_ENSG00000079785_16894.5	1660	1288	1724	1396	461	1859	1063	1734	3428	4192	651	2197	3497	2193	2518	2016	4121	1404	2201	2401
1125	DDX1_ENSG00000079785_16895.6	1480	1561	1523	721	875	2386	1595	1843	2278	3178	1284	2106	3047	2286	2055	1776	2719	1470	1873	1798
1126	DDX10_ENSG00000178105_157681.1	449	1	540	579	42	369	117	392	621	357	72	675	830	579	949	692	840	1450	788	885
1127	DDX10_ENSG00000178105_157682.2	1600	1335	1689	1218	806	2467	1477	1770	2301	1117	951	2307	3375	2199	1867	1954	2275	3181	2129	2251
1128	DDX10_ENSG00000178105_157683.3	641	495	596	357	263	840	574	637	823	2223	377	1010	1041	671	748	565	1016	1756	820	631
1129	DDX10_ENSG00000178105_157684.4	627	363	649	281	41	542	295	492	969	1994	164	924	1148	753	954	785	1262	792	881	818
1130	DDX10_ENSG00000178105_157685.5	1065	547	1046	843	111	884	378	973	1630	2530	186	1441	2086	1444	1829	1529	2560	2167	1773	1500
1131	DDX10_ENSG00000178105_157686.6	1839	1027	1912	1011	611	1856	1581	1598	2942	4201	957	2564	3416	2032	2697	1835	3492	2814	2415	2845
1132	DDX11_ENSG00000013573_145505.1	855	559	820	484	259	1101	569	874	1045	1724	407	1330	1666	1110	1026	854	1072	2126	965	1050
1133	DDX11_ENSG00000013573_145506.2	1077	718	1088	499	673	1796	1132	1212	1495	1172	716	1237	2208	1922	1453	1249	2261	1436	1217	1402
1134	DDX11_ENSG00000013573_145507.3	519	349	454	666	136	597	457	602	1135	755	295	648	1088	612	700	642	986	271	545	601
1135	DDX11_ENSG00000013573_145508.4	1546	1171	1534	308	790	1835	1621	1726	2239	864	1030	2019	2912	1733	1960	1584	3069	1053	1974	2188
1136	DDX11_ENSG00000013573_145509.5	1723	1772	2129	1266	196	2130	772	2080	3555	5915	410	3289	4062	3497	3483	3099	3291	1616	3279	2961
1137	DDX11_ENSG00000013573_145510.6	668	378	649	344	143	727	325	650	869	1029	230	708	1302	826	875	681	914	451	945	842
1138	DDX17_ENSG00000100201_95233.1	505	327	530	452	82	652	285	622	754	1878	111	934	1107	908	856	834	737	1032	841	788
1139	DDX17_ENSG00000100201_95234.2	894	820	1024	419	260	1139	463	968	1314	1222	354	1014	1758	1300	1375	1229	1351	255	1141	1026
1140	DDX17_ENSG00000100201_95235.3	359	264	410	146	48	397	175	348	494	1567	89	472	949	697	714	640	702	468	616	512
1141	DDX17_ENSG00000100201_95236.4	554	115	579	319	134	601	429	567	906	360	336	708	895	677	696	562	1084	277	658	875
1142	DDX17_ENSG00000100201_95237.5	1342	1078	1573	756	188	1769	679	1495	1972	3342	341	2394	3038	2589	2522	2122	4527	2309	2343	2018
1143	DDX17_ENSG00000100201_95238.6	300	180	304	361	140	369	167	285	248	254	79	586	496	583	490	365	871	315	466	777
1144	DDX18_ENSG00000088205_68293.1	760	289	745	189	664	1353	942	830	1244	1162	689	884	1488	954	823	730	459	246	786	1144
1145	DDX18_ENSG00000088205_68294.2	846	287	983	580	30	339	155	448	647	3578	74	814	1067	741	1367	973	1510	2450	1356	961
1146	DDX18_ENSG00000088205_68295.3	519	544	426	433	76	462	236	413	762	1113	139	644	854	637	634	539	681	513	715	592
1147	DDX18_ENSG00000088205_68296.4	597	306	626	492	98	676	382	496	1069	1948	177	836	1069	536	911	562	1041	1139	801	735
1148	DDX18_ENSG00000088205_68297.5	1354	499	1203	1390	684	1663	1518	1407	1923	1567	892	1824	2493	1619	1645	1169	2413	537	1611	1650
1149	DDX18_ENSG00000088205_68298.6	1397	202	1433	480	613	1119	1030	979	1397	2421	789	1839	2079	1066	1465	973	2441	2056	1588	1659
1150	DDX19A_ENSG00000168872_184453.1	667	102	551	94	97	429	278	454	789	901	148	536	806	483	735	531	727	672	734	858
1151	DDX19A_ENSG00000168872_184455.3	455	492	424	321	115	354	425	379	846	936	300	645	731	437	530	339	1097	1146	491	697
1152	DDX19A_ENSG00000168872_184456.4	617	464	564	299	91	675	533	459	984	860	309	822	1070	499	691	440	889	2086	730	761
1153	DDX19A_ENSG00000168872_184457.5	1253	616	1360	784	770	1875	1264	1251	1400	1236	950	1352	2524	1832	1589	1398	929	2520	1536	1472
1154	DDX19A_ENSG00000168872_184458.6	655	526	635	368	467	589	650	568	638	564	381	824	1096	553	822	529	1055	923	831	910
1155	DDX19B_ENSG00000157349_131850.2	569	508	730	613	169	765	539	741	1593	439	277	954	1278	1004	1012	879	1270	1265	1016	1000
1156	DDX19B_ENSG00000157349_131851.3	527	437	588	150	115	524	311	489	830	744	216	679	911	578	628	549	1247	1242	677	820
1157	DDX19B_ENSG00000157349_131853.5	299	176	382	73	205	491	351	332	429	505	220	413	548	323	417	308	640	878	431	473
1158	DDX19B_ENSG00000157349_131854.6	612	430	477	678	183	608	403	484	845	606	282	708	837	705	628	560	695	295	666	622
1159	DDX20_ENSG00000064703_21.1	806	650	612	520	117	804	353	904	1507	473	195	1247	1409	1260	1217	1035	1402	755	1222	1106
1160	DDX20_ENSG00000064703_23.3	2063	899	1864	1518	554	1553	1370	1708	2334	3051	1042	2287	3061	1827	2220	1640	3279	3520	2070	2424
1161	DDX20_ENSG00000064703_26.6	180	64	179	347	86	90	118	97	356	779	162	310	189	124	229	127	890	270	198	224
1162	DDX21_ENSG00000165732_97033.1	336	302	287	251	24	175	125	193	368	388	39	428	468	215	459	344	318	495	412	415
1163	DDX21_ENSG00000165732_97034.2	1215	34	1567	884	436	1234	1104	1169	2303	3391	750	2125	1873	1302	1558	1170	2683	3763	1567	1696
1164	DDX21_ENSG00000165732_97036.4	985	330	1007	781	222	1040	642	1002	1339	2091	394	1726	1652	1114	1534	1113	2232	1970	1456	1834
1165	DDX21_ENSG00000165732_97037.5	569	289	689	495	177	624	355	544	927	557	270	1035	1201	811	962	675	1481	839	829	1202
1166	DDX21_ENSG00000165732_97038.6	2435	2218	2319	2333	641	2564	2203	2248	4296	5101	1433	3937	4325	2629	3413	2698	5405	7444	3233	3822
1167	DDX23_ENSG00000174243_131362.1	1254	873	1069	954	201	631	629	844	1125	2845	454	1458	1691	969	1406	1074	2856	1338	1274	1405
1168	DDX23_ENSG00000174243_131363.2	1979	1376	2042	1935	737	2379	1690	2129	3452	1764	903	2781	3866	2408	2591	2022	4010	5018	2531	2641
1169	DDX23_ENSG00000174243_131364.3	1907	949	1812	1099	1742	3102	2866	2279	2646	1514	1811	2248	3896	3069	2354	2217	3005	1687	2297	2409
1170	DDX23_ENSG00000174243_131365.4	822	756	765	988	68	568	298	582	1531	2636	134	1448	1412	863	1357	869	2126	1564	1187	1505
1171	DDX23_ENSG00000174243_131366.5	730	592	655	544	125	596	470	514	1050	1585	224	925	1418	645	901	676	1712	1414	913	1111
1172	DDX23_ENSG00000174243_131367.6	498	540	620	479	563	977	691	667	407	231	622	677	981	843	811	521	1169	812	695	747
1173	DDX24_ENSG00000089737_44380.1	544	611	581	424	142	629	331	558	1095	1957	226	897	1110	762	943	718	785	1780	773	991
1174	DDX24_ENSG00000089737_44381.2	825	416	849	550	287	715	676	785	667	279	437	1164	1415	777	1157	853	1216	1822	1154	1146
1175	DDX24_ENSG00000089737_44382.3	894	807	734	605	177	993	574	754	1060	505	348	919	1478	1140	838	908	507	2304	903	899
1176	DDX24_ENSG00000089737_44383.4	831	221	733	302	183	682	556	630	881	580	298	1034	1321	852	1036	874	868	510	1020	1097
1177	DDX24_ENSG00000089737_44385.6	707	183	713	672	234	829	531	637	901	564	346	904	1384	785	926	696	945	282	894	1047
1178	DDX25_ENSG00000109832_74511.1	267	74	311	279	74	321	225	404	282	294	125	354	708	606	537	459	375	442	540	481
1179	DDX25_ENSG00000109832_74512.2	1110	624	1125	554	578	1591	1044	1378	2046	1851	644	1389	2260	1645	1670	1433	1052	1112	1482	1530
1180	DDX25_ENSG00000109832_74513.3	1227	627	1357	799	115	1032	336	1045	1274	2542	238	1409	2110	1680	1819	1685	1992	2341	1785	1579
1181	DDX25_ENSG00000109832_74514.4	458	180	464	444	194	600	373	512	706	524	220	487	962	727	565	689	990	823	600	624
1182	DDX25_ENSG00000109832_74515.5	1377	1466	1626	1868	93	1665	596	1564	3284	2796	274	2637	3436	2750	3060	2657	3022	3064	2793	2475
1183	DDX25_ENSG00000109832_74516.6	345	331	414	396	10	259	67	271	369	268	36	530	841	658	815	744	949	859	821	593
1184	DDX27_ENSG00000124228_92604.2	896	599	995	757	399	1130	914	907	1138	1929	615	1486	1747	992	1096	898	1074	1027	1321	1560
1185	DDX27_ENSG00000124228_92605.3	902	288	907	249	418	820	830	928	932	1605	634	1031	1349	868	914	771	1339	591	984	1194
1186	DDX27_ENSG00000124228_92606.4	1627	651	1707	1047	586	2119	1392	1624	1966	2413	878	2247	2998	1960	2027	1709	1695	3782	2139	2178
1187	DDX27_ENSG00000124228_92607.5	403	270	431	570	91	326	205	350	546	1209	133	610	625	450	552	432	1195	1144	643	597
1188	DDX27_ENSG00000124228_92608.6	204	69	175	211	19	173	43	183	48	241	29	290	289	160	298	199	270	519	294	316
1189	DDX28_ENSG00000182810_40723.1	1255	450	1248	779	552	1661	860	1264	1712	1672	609	1719	2018	1604	1521	1105	1513	1416	1482	1648
1190	DDX28_ENSG00000182810_40724.2	763	236	857	182	300	733	716	784	1345	438	403	1441	1301	896	952	829	1392	1588	792	1054
1191	DDX28_ENSG00000182810_40725.3	2790	1506	2853	2293	1610	3104	2789	2627	4204	7436	2035	3492	5249	3028	3193	2644	6245	2225	3132	3944
1192	DDX28_ENSG00000182810_40726.4	873	81	902	690	288	976	715	826	1546	242	450	1297	1571	976	951	876	1538	1750	983	1168
1193	DDX28_ENSG00000182810_40727.5	724	570	768	124	878	1111	1035	737	844	1631	963	1030	1292	878	851	724	1153	322	813	789
1194	DDX28_ENSG00000182810_40728.6	640	793	628	1182	63	402	221	478	1004	1406	124	977	1064	658	1053	805	1807	1218	925	1036
1195	DDX31_ENSG00000125485_171688.1	1315	1090	1229	1112	325	1180	666	1225	1637	2607	472	1798	2225	1659	1596	1436	2610	716	1405	1405
1196	DDX31_ENSG00000125485_171689.2	359	247	403	244	111	489	273	471	508	1287	167	504	833	438	659	434	376	317	583	524
1197	DDX31_ENSG00000125485_171691.4	921	83	836	222	383	1016	664	917	789	712	375	886	1682	1052	1169	1027	1500	752	1193	1033
1198	DDX31_ENSG00000125485_171692.5	487	424	578	130	53	371	218	372	293	304	147	590	766	519	642	514	489	834	596	532
1199	DDX31_ENSG00000125485_171693.6	906	353	853	284	349	1321	699	942	1371	2638	470	1365	1587	1199	1282	1046	2142	1331	1424	1188
1200	DDX39A_ENSG00000123136_195711.1	262	262	341	321	22	249	136	264	356	503	63	418	526	505	538	480	473	505	544	518
1201	DDX39A_ENSG00000123136_195712.2	1005	847	1097	796	70	736	365	815	978	2820	130	1323	2091	1716	1982	1926	2063	673	1859	1396
1202	DDX39A_ENSG00000123136_195714.4	968	239	905	528	466	1330	923	1001	1550	873	526	1598	2054	1429	1414	1082	2310	3424	1225	1327
1203	DDX39A_ENSG00000123136_195715.5	1624	318	1804	656	1038	1898	1760	1765	2697	1085	1287	1979	2884	1963	1930	1556	2481	586	1674	2027
1204	DDX39A_ENSG00000123136_195716.6	1240	617	1456	1066	723	2007	1295	1709	2495	3116	821	2015	2872	2651	1943	1844	1711	2326	1822	1936
1205	DDX39B_ENSG00000198563_87761.1	573	150	507	331	157	374	356	360	1018	300	220	618	566	340	626	344	1847	1236	608	522
1206	DDX39B_ENSG00000198563_87763.3	1074	944	819	569	306	1028	693	839	1432	999	492	1211	1447	1123	1207	847	1774	389	979	953
1207	DDX39B_ENSG00000198563_87764.4	1199	472	1036	1081	168	778	441	974	1939	3070	258	1051	1439	916	1553	1062	2983	2193	1475	1074
1208	DDX39B_ENSG00000198563_87765.5	1793	801	1772	1799	1789	2442	2141	2185	3160	3460	1549	2090	3214	2079	2141	1935	3017	1319	2105	2378
1209	DDX39B_ENSG00000198563_87766.6	912	506	793	374	413	771	755	537	1271	1162	485	806	1215	814	906	609	1893	475	834	825
1210	DDX3X_ENSG00000215301_151035.3	1106	386	1242	1367	495	1607	960	1142	1113	1223	698	2244	2073	1479	1429	1292	1612	2726	1434	1904
1211	DDX3X_ENSG00000215301_151036.4	437	215	334	174	167	559	242	392	531	273	147	378	826	529	425	473	577	796	444	445
1212	DDX3X_ENSG00000215301_151037.5	3092	1103	3282	1667	2819	5289	4187	3757	3592	5346	3024	4358	6195	4501	4180	3712	3809	3543	3695	4185
1213	DDX3X_ENSG00000215301_151038.6	405	592	435	455	22	327	76	378	674	2005	55	729	777	754	846	766	453	799	706	698
1214	DDX3Y_ENSG00000067048_160684.2	606	651	709	193	144	866	339	644	908	585	208	882	1250	968	956	838	899	1537	862	913
1215	DDX3Y_ENSG00000067048_160686.4	681	355	579	595	332	1155	831	762	937	1691	476	928	1279	825	827	821	555	1244	750	771
1216	DDX3Y_ENSG00000067048_160687.5	613	453	560	416	292	992	593	706	788	412	318	749	1198	819	732	787	233	308	687	719
1217	DDX3Y_ENSG00000067048_160688.6	860	547	981	705	93	882	394	911	1378	1911	208	1371	1884	1595	1786	1570	1627	1869	1563	1516
1218	DDX4_ENSG00000152670_10613.1	705	422	714	418	201	899	550	796	1398	1007	289	985	1501	1058	1039	998	1082	1778	1009	1063
1219	DDX4_ENSG00000152670_10614.2	712	355	843	739	190	1172	584	972	2143	1685	332	1533	1556	1216	1294	1164	999	1523	1282	1256
1220	DDX4_ENSG00000152670_10615.3	1730	630	1844	1319	397	2289	951	2178	2482	2085	745	2805	3625	3074	2750	2569	2432	2753	2595	2612
1221	DDX4_ENSG00000152670_10616.4	570	282	673	1238	147	505	423	588	1086	1435	271	910	1111	658	788	674	1343	499	889	1122
1222	DDX4_ENSG00000152670_10617.5	683	1052	700	935	22	520	196	620	928	1448	72	1394	1281	1137	1596	1485	2160	1487	1608	1397
1223	DDX4_ENSG00000152670_10618.6	1216	509	1124	878	445	1194	1011	1075	1447	2778	754	1696	1835	1481	1323	1184	2411	2552	1364	1543
1224	DDX41_ENSG00000183258_108151.1	1887	1002	1630	1179	812	1812	1736	1697	2557	3917	1224	2210	3181	1894	2148	1620	2536	3933	1882	2201
1225	DDX41_ENSG00000183258_108153.3	573	215	580	67	75	572	224	547	812	247	174	643	1030	916	744	805	1458	1124	843	735
1226	DDX41_ENSG00000183258_108156.6	554	285	584	246	156	624	369	667	649	3656	249	897	1060	718	884	659	758	78	764	911
1227	DDX42_ENSG00000198231_78053.1	542	647	625	436	129	688	404	611	667	763	250	837	1183	866	955	839	1008	313	850	938
1228	DDX42_ENSG00000198231_78054.2	955	954	816	586	367	1261	979	974	1147	1987	455	1208	1671	1305	1162	1017	925	963	987	1199
1229	DDX42_ENSG00000198231_78055.3	632	335	772	249	313	833	758	644	838	978	558	1074	1228	982	926	748	1279	274	785	1040
1230	DDX42_ENSG00000198231_78056.4	361	351	339	48	76	335	189	295	437	952	126	415	621	430	397	433	716	1034	400	398
1231	DDX42_ENSG00000198231_78057.5	1089	738	906	808	280	1541	939	1278	1369	1722	428	1666	2032	1682	1635	1329	1827	1185	1534	1495
1232	DDX42_ENSG00000198231_78058.6	967	1042	1028	516	154	882	475	906	1450	2405	262	1528	1874	1467	1790	1479	1762	3038	1666	1299
1233	DDX46_ENSG00000145833_146760.1	715	303	786	629	115	590	460	695	1526	743	255	948	1243	725	855	747	1368	1607	685	676
1234	DDX46_ENSG00000145833_146761.2	830	516	798	653	408	1277	1062	843	1650	788	649	1050	1322	1111	1058	830	1760	1009	1014	1106
1235	DDX46_ENSG00000145833_146762.3	550	203	507	452	149	484	392	514	1031	425	238	672	998	782	818	777	900	845	665	644
1236	DDX46_ENSG00000145833_146763.4	1314	949	1094	387	518	1583	1252	1324	1385	1018	743	1723	2172	1575	1489	1255	1736	2432	1495	1570
1237	DDX46_ENSG00000145833_146764.5	575	472	583	396	138	571	346	549	966	1359	169	838	1003	701	875	736	537	279	721	689
1238	DDX46_ENSG00000145833_146765.6	445	564	487	297	82	448	339	514	957	683	132	719	784	635	733	579	580	2199	733	657
1239	DDX47_ENSG00000213782_113391.2	861	562	995	1013	352	1133	757	928	1237	397	541	1206	1945	1047	1375	856	1735	1935	1161	1301
1240	DDX47_ENSG00000213782_113392.3	952	233	1034	576	449	1485	966	1353	1671	1009	614	1566	2423	1692	1531	1420	1713	992	1564	1502
1241	DDX47_ENSG00000213782_113393.4	1235	441	1212	893	226	881	620	890	2260	3688	432	1741	1694	1085	1502	1003	2312	1823	1420	1387
1242	DDX47_ENSG00000213782_113394.5	198	36	221	51	23	163	90	179	156	772	60	246	367	224	238	222	702	275	255	239
1243	DDX47_ENSG00000213782_113395.6	609	169	667	548	287	853	835	661	577	242	426	844	1154	992	843	629	1141	724	792	837
1244	DDX49_ENSG00000105671_92991.1	972	460	997	514	308	1079	803	815	910	1843	588	1454	1602	1109	1170	859	2164	518	1193	1478
1245	DDX49_ENSG00000105671_92992.2	288	381	244	466	44	264	134	301	432	504	77	582	650	382	473	405	269	528	456	428
1246	DDX49_ENSG00000105671_92993.3	988	512	855	325	141	641	441	674	686	277	274	1483	965	769	907	702	1387	553	979	1363
1247	DDX49_ENSG00000105671_92995.5	1275	730	1316	1110	437	1125	924	1196	1744	1841	618	2008	2382	1426	1508	1208	1971	551	1578	2124
1248	DDX5_ENSG00000108654_4366.1	2180	1633	2285	1303	910	2481	2090	2163	5817	4043	1537	3662	3435	2576	2649	2237	6344	3392	2479	2987
1249	DDX5_ENSG00000108654_4367.2	1945	2123	2119	2372	200	1342	647	1326	3167	3124	369	2368	3029	2355	2861	2491	5601	3294	2791	2543
1250	DDX5_ENSG00000108654_4368.3	775	1084	805	787	132	794	451	831	1505	2216	241	1333	1570	1036	1268	1081	2430	1123	1231	1155
1251	DDX5_ENSG00000108654_4369.4	2071	2352	1956	2460	1293	2446	2078	2063	4922	4456	1756	3360	3585	2054	2460	1922	5700	3535	2476	2651
1252	DDX5_ENSG00000108654_4371.6	1177	659	1285	496	1076	2111	1699	1526	1678	1594	1080	1660	2998	1940	1827	1511	1593	1982	1635	1491
1253	DDX51_ENSG00000185163_113603.1	1008	375	887	476	375	984	823	805	905	1830	592	1169	1706	953	1107	861	1555	604	1036	1036
1254	DDX51_ENSG00000185163_113604.2	2514	1497	2412	1289	1074	3165	1965	2627	3491	3006	1465	3276	4472	3567	3012	2603	3686	3577	2809	2958
1255	DDX51_ENSG00000185163_113605.3	750	621	633	455	148	469	302	499	741	702	175	832	1105	715	817	612	857	792	787	809
1256	DDX51_ENSG00000185163_113606.4	303	430	281	240	36	167	125	260	371	138	64	269	371	282	386	320	337	223	368	362
1257	DDX51_ENSG00000185163_113608.6	2079	1168	2188	1652	1356	2849	2485	2284	2483	3637	1733	2506	3470	2823	2315	2142	2982	301	2363	2399
1258	DDX54_ENSG00000123064_107304.1	677	404	679	125	255	692	491	726	898	759	367	790	1032	700	829	634	1736	958	740	832
1259	DDX54_ENSG00000123064_107305.2	749	627	884	973	86	764	341	773	1242	786	207	1030	1746	1054	1223	957	1713	1179	1184	1249
1260	DDX54_ENSG00000123064_107306.3	730	65	666	351	310	780	683	736	1557	545	430	918	1283	867	858	771	1324	1268	879	942
1261	DDX54_ENSG00000123064_107307.4	1116	100	1080	453	270	1131	706	935	1545	1549	556	1503	1933	1311	1488	1192	1576	930	1320	1392
1262	DDX54_ENSG00000123064_107308.5	967	538	991	814	185	884	407	883	1403	1079	313	1191	1515	1124	1198	1146	1835	877	1204	1149
1263	DDX54_ENSG00000123064_107309.6	810	898	1020	522	285	1240	649	1114	1170	979	377	1272	1681	1489	1275	1218	1401	2626	1399	1309
1264	DDX55_ENSG00000111364_10139.1	966	368	631	685	493	865	889	769	1198	259	589	895	1063	803	768	554	781	840	726	890
1265	DDX55_ENSG00000111364_10140.2	1072	560	1273	580	505	1637	1029	1363	1919	1383	735	1278	2172	1423	1685	1242	2382	1464	1484	1525
1266	DDX55_ENSG00000111364_10141.3	1494	853	1397	539	577	1797	1289	1438	2390	967	809	1766	2364	1552	1698	1403	2715	1716	1586	1991
1267	DDX55_ENSG00000111364_10142.4	1820	1104	1808	1386	218	1505	706	1282	2471	1394	460	2311	2895	2004	2490	1984	4769	4035	2444	2427
1268	DDX55_ENSG00000111364_10143.5	270	94	378	292	45	422	239	289	574	606	171	457	623	359	418	276	536	935	454	466
1269	DDX55_ENSG00000111364_10144.6	1188	692	1024	1333	563	1394	1009	1118	2074	1596	744	1631	1854	1260	1375	1069	1792	1753	1258	1480
1270	DDX56_ENSG00000136271_197930.1	981	289	1136	430	257	862	642	901	1628	1528	401	1630	1604	869	1254	983	1846	1507	1465	1548
1271	DDX56_ENSG00000136271_197931.2	1292	306	1324	700	215	675	522	739	1032	2015	356	1634	1635	792	1597	985	3433	4101	1530	1847
1272	DDX56_ENSG00000136271_197932.3	674	215	709	573	85	379	294	478	1015	444	145	944	945	390	854	545	1231	465	877	945
1273	DDX56_ENSG00000136271_197933.4	1424	901	1201	619	458	1288	1094	1272	1977	1506	719	1788	1993	1077	1926	1104	1466	1587	1794	1953
1274	DDX56_ENSG00000136271_197935.6	894	670	662	674	258	769	597	636	1123	1387	442	1164	1550	912	1251	712	1887	5733	1114	1272
1275	DDX58_ENSG00000107201_191089.1	1009	1795	1275	1293	431	1617	950	1263	2228	3210	570	1825	2261	1713	1440	1394	2749	2020	1508	1310
1276	DDX58_ENSG00000107201_191090.2	509	561	538	235	117	806	387	556	657	955	275	716	1084	1007	799	800	414	264	750	877
1277	DDX58_ENSG00000107201_191091.3	1164	953	1421	687	316	1729	833	1372	1613	1304	475	1790	2519	1899	1642	1473	2350	2621	1699	1599
1278	DDX58_ENSG00000107201_191092.4	1243	658	1446	841	1006	2096	1454	1470	1827	1737	1108	1479	2649	2002	1677	1480	3031	2090	1635	1932
1279	DDX58_ENSG00000107201_191093.5	1829	1689	1864	1831	529	2106	1450	1741	3658	6086	1032	2573	3106	1816	2341	1827	5095	4140	2199	2539
1280	DDX58_ENSG00000107201_191094.6	622	492	396	529	133	543	306	460	1252	957	176	964	852	551	746	548	965	238	801	824
1281	DDX59_ENSG00000118197_64832.1	805	493	880	912	386	1732	1090	1092	643	1659	645	1259	2014	1398	1231	1000	1327	502	1201	1014
1282	DDX59_ENSG00000118197_64833.2	1945	1612	2040	1719	748	2860	1804	2409	2817	3896	1172	2960	4092	2948	2741	2603	3117	4167	2630	3132
1283	DDX59_ENSG00000118197_64834.3	1991	1350	2013	1059	683	2878	1394	2213	3012	4139	858	2797	3847	3361	2733	2534	2615	1380	2686	2710
1284	DDX59_ENSG00000118197_64835.4	1643	699	1380	1242	653	1266	1178	1321	1893	3745	824	1682	2039	1270	1483	1126	2347	1017	1450	1467
1285	DDX59_ENSG00000118197_64836.5	1185	829	1209	1043	187	1577	601	1348	2009	1719	338	1617	2233	1727	1807	1575	2487	1453	1754	1711
1286	DDX59_ENSG00000118197_64837.6	785	698	811	1826	13	244	178	351	833	859	51	952	946	736	1300	1022	2255	288	1352	1020
1287	DDX6_ENSG00000110367_123970.1	1089	379	1078	590	529	1603	1185	1302	1486	2483	663	1699	2299	1518	1488	1222	1890	1201	1455	1652
1288	DDX6_ENSG00000110367_123971.2	1115	1314	1040	1058	209	1125	819	1103	3145	3969	464	1543	2035	1276	1558	1221	5314	2965	1362	1739
1289	DDX6_ENSG00000110367_123972.3	1100	1187	1183	1160	476	1675	1101	1365	2532	1732	674	1922	2340	1665	1442	1350	2832	2098	1433	1830
1290	DDX6_ENSG00000110367_123973.4	2019	4972	2118	3114	461	1474	1366	1635	6591	8130	976	3067	2695	1629	2110	1706	9967	8009	2445	3515
1291	DDX6_ENSG00000110367_123974.5	846	1306	923	2221	222	532	664	567	3443	4868	348	1227	1291	506	1002	555	4890	3394	904	1223
1292	DDX6_ENSG00000110367_123975.6	1062	2549	1185	2054	286	523	795	867	3767	5796	487	1746	1532	661	1477	887	7487	4797	1305	1773
1293	DDX60_ENSG00000137628_90864.1	675	242	858	427	116	1197	397	884	965	549	192	1246	1845	1414	1504	1224	1111	1740	1341	1213
1294	DDX60_ENSG00000137628_90865.2	1418	1682	1521	874	515	1547	1159	1462	1763	2206	759	2015	2266	1756	1774	1461	3230	1744	1746	2186
1295	DDX60_ENSG00000137628_90867.4	599	637	742	515	325	1022	622	759	1142	2574	390	946	1728	1173	1010	971	1534	1135	923	997
1296	DDX60_ENSG00000137628_90868.5	1166	497	1230	730	461	1338	1078	1177	2134	1192	665	1755	2405	1541	1615	1272	1626	838	1591	1648
1297	DDX60_ENSG00000137628_90869.6	404	253	462	469	133	503	366	515	1819	249	232	585	984	607	666	573	1077	1101	773	783
1298	DHX15_ENSG00000109606_151911.1	978	1005	1151	1492	129	810	396	718	1237	1785	215	1099	1570	1259	1300	1072	995	1719	1194	1122
1299	DHX15_ENSG00000109606_151913.3	881	738	775	698	271	854	771	929	1386	2799	495	1353	1552	935	1112	869	1252	1750	1131	1149
1300	DHX15_ENSG00000109606_151914.4	734	620	791	1057	567	920	864	742	1874	2531	652	1095	1428	783	963	757	1349	1121	1099	1217
1301	DHX15_ENSG00000109606_151915.5	765	542	934	773	301	1165	604	1045	817	1299	350	1304	1785	1191	1259	1106	950	1416	1201	1253
1302	DHX15_ENSG00000109606_151916.6	1970	1804	2365	1254	1698	3395	2590	2416	2234	2308	1866	2371	4075	3404	2793	2591	2593	1511	2394	2425
1303	DHX16_ENSG00000204560_49730.1	944	718	861	617	32	552	291	613	904	3354	179	996	1337	858	1132	936	1313	2215	1222	1236
1304	DHX16_ENSG00000204560_49731.2	1413	616	1453	813	134	953	627	1076	1828	2020	318	1833	2199	1270	2140	1473	2971	1663	1918	1971
1305	DHX16_ENSG00000204560_49732.3	502	160	500	226	224	484	485	440	511	274	312	726	852	566	676	467	555	649	656	683
1306	DHX16_ENSG00000204560_49734.5	547	322	590	166	137	606	438	573	867	1151	245	737	1008	524	717	582	554	1488	807	871
1307	DHX16_ENSG00000204560_49735.6	512	318	455	226	255	457	473	493	848	1	316	651	872	406	513	432	760	556	588	613
1308	DHX29_ENSG00000067248_94672.1	677	401	764	723	154	652	342	717	1253	1606	248	999	1400	816	1005	721	1215	1021	821	960
1309	DHX29_ENSG00000067248_94674.3	713	553	782	616	181	762	386	719	1450	453	313	1212	1332	954	977	837	1514	1434	1035	1209
1310	DHX29_ENSG00000067248_94675.4	319	208	311	61	45	417	230	361	591	445	122	797	703	479	623	533	1256	1008	521	693
1311	DHX29_ENSG00000067248_94676.5	1570	1174	1589	1417	324	1739	986	1719	2786	3444	581	2464	2870	2016	2505	1854	3100	3311	2441	2546
1312	DHX29_ENSG00000067248_94677.6	680	370	749	371	422	928	857	811	1008	3000	574	1338	1273	1048	987	766	1598	1947	1050	1165
1313	DHX30_ENSG00000132153_144738.1	1906	665	2060	1032	1669	2671	2566	2200	2876	3205	2004	2485	3475	2619	2171	1929	3321	1865	2080	2598
1314	DHX30_ENSG00000132153_144739.2	1045	258	1027	649	603	1745	1124	1426	1478	1707	686	1582	2316	1882	1561	1370	870	2966	1504	1369
1315	DHX30_ENSG00000132153_144740.3	649	197	612	575	386	895	542	685	856	1209	441	778	1345	955	814	611	701	577	769	715
1316	DHX30_ENSG00000132153_144741.4	308	378	228	181	76	247	187	198	121	603	122	382	330	170	303	215	576	217	314	484
1317	DHX30_ENSG00000132153_144742.5	645	471	639	766	42	456	284	578	689	1183	186	1117	1000	800	1058	766	2323	851	1009	1166
1318	DHX30_ENSG00000132153_144743.6	350	198	392	988	69	211	266	317	882	729	194	736	616	309	466	303	729	1135	453	614
1319	DHX32_ENSG00000089876_7624.1	681	77	600	543	63	491	270	552	1331	1353	168	989	1013	730	1087	798	2085	2683	1008	1064
1320	DHX32_ENSG00000089876_7625.2	749	422	894	523	233	935	676	902	1018	1175	398	1311	1789	1115	1186	1069	1346	1085	997	1057
1321	DHX32_ENSG00000089876_7626.3	1242	991	1348	1336	419	1607	1041	1405	1897	3558	591	1768	2180	1808	1779	1672	2639	1350	1828	1914
1322	DHX32_ENSG00000089876_7627.4	847	214	913	727	570	1418	1030	1089	1092	805	638	1389	1916	1312	1275	1315	1961	1919	1154	1183
1323	DHX32_ENSG00000089876_7628.5	863	813	968	415	379	1376	773	969	1188	2222	491	1603	2058	1529	1364	1190	1994	772	1411	1279
1324	DHX32_ENSG00000089876_7629.6	1229	444	1378	838	935	1903	1373	1403	1909	2436	935	1500	2535	1939	1697	1429	1960	1431	1446	1609
1325	DHX33_ENSG00000005100_48181.1	451	269	570	393	225	552	382	450	456	867	274	583	884	523	670	595	886	70	591	653
1326	DHX33_ENSG00000005100_48183.3	843	489	932	742	294	1273	696	1122	984	1514	407	1444	2061	1459	1402	1245	1764	698	1247	1416
1327	DHX33_ENSG00000005100_48185.5	825	481	1038	623	77	664	260	775	808	1440	150	1085	1696	1417	1389	1377	1238	2121	1532	1584
1328	DHX33_ENSG00000005100_48186.6	1941	1962	2059	1011	1578	3239	2688	2601	2953	3331	1798	2635	4301	2845	2569	2405	3138	1938	2276	2675
1329	DHX34_ENSG00000134815_181515.1	670	488	752	309	209	493	479	512	782	2361	316	698	746	661	798	563	653	854	651	852
1330	DHX34_ENSG00000134815_181517.3	737	321	770	513	310	1263	750	865	913	1195	437	896	1539	1109	1184	917	1593	1394	997	989
1331	DHX34_ENSG00000134815_181518.4	922	501	850	189	240	885	567	773	982	1224	401	853	1379	1092	1023	914	979	304	916	1143
1332	DHX34_ENSG00000134815_181519.5	994	258	858	1022	100	740	366	674	1234	1545	273	1112	1293	1063	1203	1105	927	248	1009	1131
1333	DHX34_ENSG00000134815_181520.6	726	355	767	249	95	611	204	548	769	1008	153	889	1095	899	1059	959	1458	724	1066	877
1334	DHX35_ENSG00000101452_134344.2	697	915	711	876	54	417	153	482	645	1628	84	651	846	784	1113	958	879	1177	1148	855
1335	DHX35_ENSG00000101452_134345.3	448	455	645	565	64	722	228	644	909	1895	120	984	1331	1054	1031	1019	1033	1720	1094	1062
1336	DHX35_ENSG00000101452_134346.4	978	570	1034	674	164	950	478	1138	1737	3457	287	1580	1755	1261	1486	1268	1701	2784	1507	1569
1337	DHX35_ENSG00000101452_134348.6	435	101	478	155	172	527	279	448	649	849	241	533	843	535	526	490	1014	497	578	621
1338	DHX36_ENSG00000174953_154834.1	1311	545	1493	1592	887	2505	1603	1828	2206	1560	1040	1856	3452	2120	1989	1823	2370	1770	1986	1971
1339	DHX36_ENSG00000174953_154835.2	1697	651	1797	1182	951	2714	1907	2113	2314	2442	1210	2298	3790	2564	2523	2270	2370	1693	2362	2277
1340	DHX36_ENSG00000174953_154837.4	503	240	525	367	184	728	338	451	1013	287	278	473	1035	800	619	669	629	970	605	747
1341	DHX36_ENSG00000174953_154838.5	580	373	610	322	208	733	405	671	938	1147	280	1014	1036	770	805	742	895	786	705	702
1342	DHX36_ENSG00000174953_154839.6	336	613	333	261	72	576	206	383	594	434	95	632	898	575	603	538	200	1012	606	551
1343	DHX37_ENSG00000150990_144558.1	851	293	776	453	450	1194	900	858	1514	1640	621	1075	1802	1061	1114	885	1307	961	1090	1332
1344	DHX37_ENSG00000150990_144559.2	808	563	781	617	690	1086	1210	764	1185	1634	787	963	1464	774	932	688	1579	1467	878	937
1345	DHX37_ENSG00000150990_144561.4	546	541	732	282	98	706	259	562	564	1386	164	825	1166	890	951	852	549	305	988	841
1346	DHX37_ENSG00000150990_144562.5	585	192	643	1106	145	1008	431	760	936	1185	227	900	1468	960	966	903	1179	267	992	969
1347	DHX37_ENSG00000150990_144563.6	858	141	847	813	215	865	527	819	995	1641	292	1105	1563	1018	1252	988	1647	1670	1160	1242
1348	DHX38_ENSG00000140829_88835.1	1543	2918	1599	1030	1317	1512	2101	1434	3482	4732	1648	2572	2757	1233	1712	1197	2400	3743	1804	2604
1349	DHX38_ENSG00000140829_88836.2	968	186	1111	966	660	1252	1173	1117	1799	1515	903	1815	2281	1086	1397	983	1901	2230	1171	1753
1350	DHX38_ENSG00000140829_88837.3	2679	1914	2804	1672	1156	3876	2427	2841	4080	2872	1838	3804	4919	3811	3430	3156	3844	2857	3169	3713
1351	DHX38_ENSG00000140829_88838.4	2203	924	2369	2081	1056	3233	2261	2515	4842	5383	1410	3549	4698	3103	2904	2734	4856	3094	2843	3356
1352	DHX38_ENSG00000140829_88839.5	797	408	759	411	451	1115	868	864	1406	1480	563	1132	1440	844	1042	853	1776	1239	926	1338
1353	DHX38_ENSG00000140829_88840.6	1371	994	1374	1412	502	1885	1068	1562	1931	2006	710	1972	2957	2488	2270	1999	2075	2397	1880	1681
1354	DHX40_ENSG00000108406_106387.1	492	746	547	295	25	367	137	408	573	1344	56	680	883	778	894	744	1316	725	852	893
1355	DHX40_ENSG00000108406_106388.2	638	216	607	435	101	540	332	537	516	665	219	787	966	785	773	661	1133	962	613	797
1356	DHX40_ENSG00000108406_106389.3	1153	175	1070	354	589	1298	834	960	1457	1610	652	1457	1676	1151	1358	1000	1618	1586	1236	1312
1357	DHX40_ENSG00000108406_106390.4	463	171	552	507	49	540	201	499	770	665	139	719	910	762	832	709	1121	1951	785	756
1358	DHX40_ENSG00000108406_106391.5	881	509	971	633	362	1646	684	1346	1363	1302	426	1288	2096	1627	1547	1376	1368	1595	1514	1589
1359	DHX40_ENSG00000108406_106392.6	889	362	807	587	272	1107	627	792	1738	2740	336	1524	1577	1114	1241	1045	1749	550	1134	1146
1360	DHX57_ENSG00000163214_53460.1	1335	527	1268	856	914	2188	1541	1388	1817	1221	1095	1562	2412	1840	1581	1457	1809	1302	1341	1725
1361	DHX57_ENSG00000163214_53461.2	1088	289	1112	381	322	1496	786	1177	1766	1789	469	1399	2145	1587	1789	1347	2404	740	1701	1742
1362	DHX57_ENSG00000163214_53462.3	1590	750	1645	1838	690	1915	1316	1640	1695	1221	898	1778	3129	2194	2123	1617	1768	2181	1920	2028
1363	DHX57_ENSG00000163214_53464.5	1556	705	1686	1126	415	2086	1064	1828	2619	3814	630	2588	3336	2784	2514	2297	3637	2746	2337	2540
1364	DHX57_ENSG00000163214_53465.6	1012	973	1011	458	316	1187	786	1046	981	2502	562	1379	1944	1474	1272	1133	1382	275	1107	1184
1365	DHX58_ENSG00000108771_20547.1	840	468	845	370	524	1237	925	1124	1617	512	675	1347	1967	1577	1049	1022	1228	2113	933	1413
1366	DHX58_ENSG00000108771_20549.3	1269	424	1278	437	256	1029	867	1202	2323	2279	573	1496	2290	1416	1711	1321	2468	1260	1499	1759
1367	DHX58_ENSG00000108771_20550.4	453	501	468	632	16	326	97	268	557	1517	42	585	645	512	946	714	1045	1542	905	714
1368	DHX58_ENSG00000108771_20551.5	384	91	400	128	227	732	440	452	1124	471	254	590	915	705	550	466	247	550	549	710
1369	DHX58_ENSG00000108771_20552.6	136	1	136	165	23	59	67	93	205	119	37	250	280	134	188	132	363	520	183	153
1370	DHX8_ENSG00000067596_113643.1	501	379	522	290	266	520	468	431	822	870	368	800	828	467	558	435	788	1116	738	679
1371	DHX8_ENSG00000067596_113644.2	1593	2243	1423	1594	306	629	907	852	2305	4143	787	3592	1647	746	1472	888	3667	2799	1928	3437
1372	DHX8_ENSG00000067596_113645.3	669	522	566	265	48	215	179	334	1071	3899	139	1611	673	295	736	363	2140	4049	893	1645
1373	DHX8_ENSG00000067596_113646.4	910	584	1031	879	361	844	818	980	1964	1843	558	1752	1857	723	1278	787	1972	3065	1425	1749
1374	DHX8_ENSG00000067596_113647.5	292	87	293	495	13	123	72	156	794	782	38	967	389	83	432	194	1509	931	532	868
1375	DHX8_ENSG00000067596_113648.6	412	137	299	205	97	145	284	186	875	2332	207	950	454	210	443	218	755	271	509	813
1376	DHX9_ENSG00000135829_21684.1	928	894	890	333	190	880	520	830	1389	2460	259	1285	1858	1654	1562	1413	2134	2135	1481	1298
1377	DHX9_ENSG00000135829_21685.2	402	129	434	81	92	461	264	441	1035	284	145	762	844	610	752	499	1374	280	682	740
1378	DHX9_ENSG00000135829_21686.3	292	140	316	607	65	355	181	335	483	231	114	475	767	475	620	473	710	801	572	455
1379	DHX9_ENSG00000135829_21687.4	1015	561	971	613	385	1096	780	994	1094	526	542	1168	1654	1107	1373	991	1631	318	1186	1334
1380	DHX9_ENSG00000135829_21688.5	689	279	642	270	405	781	770	658	930	1671	369	821	1186	774	846	622	742	593	819	717
1381	DHX9_ENSG00000135829_21689.6	1657	1938	1858	1497	185	1603	651	1653	2260	6921	342	2544	3604	3043	3276	2808	3385	1705	3011	2672
1382	DIDO1_ENSG00000101191_183552.1	871	330	907	790	231	899	471	886	1375	1116	334	1120	1425	1321	1122	963	1289	889	1035	981
1383	DIDO1_ENSG00000101191_183553.2	911	272	793	551	715	1465	963	1053	1341	1933	761	1111	1457	1279	1040	839	1433	971	880	1161
1384	DIDO1_ENSG00000101191_183554.3	812	580	912	356	426	946	636	872	1280	252	480	1003	1574	1050	959	926	1475	575	935	1146
1385	DIDO1_ENSG00000101191_183555.4	958	173	964	782	388	1103	719	1057	847	393	463	1195	1966	1460	1274	1058	1280	641	1243	1214
1386	DIDO1_ENSG00000101191_183556.5	1048	397	849	402	211	917	575	841	855	2444	305	1084	1860	1298	1264	1034	773	2107	1158	1243
1387	DIDO1_ENSG00000101191_183557.6	809	240	901	728	434	1399	762	1006	1129	641	557	1077	1623	1190	1028	1006	1323	744	1099	1282
1388	DMAP1_ENSG00000178028_38184.1	617	687	671	131	107	814	402	701	640	1217	183	769	1195	934	905	819	1391	693	856	944
1389	DMAP1_ENSG00000178028_38185.2	792	494	973	383	269	697	610	778	1941	935	407	1228	1373	778	1010	774	2636	946	978	1315
1390	DMAP1_ENSG00000178028_38186.3	823	320	821	328	172	472	637	557	1109	1319	503	1012	1034	568	745	493	1531	2363	726	1121
1391	DMAP1_ENSG00000178028_38187.4	1189	652	1269	961	420	960	1022	1044	1269	1832	789	1914	1447	1012	1159	992	2795	2657	1319	1768
1392	DMAP1_ENSG00000178028_38188.5	298	540	259	311	15	163	60	241	529	1052	49	448	374	221	458	359	735	1368	424	476
1393	DMAP1_ENSG00000178028_38189.6	2009	717	2170	1996	1761	3864	2566	2863	3781	2063	1614	2901	4797	3725	2954	2968	2797	2654	2797	3010
1394	DMTF1_ENSG00000135164_71552.1	1538	365	1607	856	498	1931	1426	1808	2513	2945	793	2310	3184	2153	2244	1763	2409	3819	2172	2108
1395	DMTF1_ENSG00000135164_71553.2	574	511	658	538	112	549	312	577	1236	3437	190	767	936	642	852	699	1089	1418	811	811
1396	DMTF1_ENSG00000135164_71554.3	1331	567	1424	996	595	1868	1276	1299	1848	2048	852	1917	2268	1464	1545	1327	2716	2902	1527	1861
1397	DMTF1_ENSG00000135164_71556.5	782	768	747	581	249	670	556	736	1069	1203	358	926	1218	887	881	658	1571	1792	821	1024
1398	DMTF1_ENSG00000135164_71557.6	312	126	363	306	113	537	331	436	510	1109	127	597	921	559	591	544	681	2017	580	477
1399	DNA2_ENSG00000138346_1502.1	1282	393	1409	911	570	1404	1200	1331	2189	2145	889	1940	2585	1661	1796	1397	3129	2044	1792	2002
1400	DNA2_ENSG00000138346_1503.2	237	465	168	123	149	96	262	121	571	1474	202	478	317	88	320	130	519	876	391	412
1401	DNA2_ENSG00000138346_1504.3	1161	615	1257	740	596	1981	1099	1354	1684	2141	739	1858	2584	1916	1793	1532	1722	1045	1513	1649
1402	DNA2_ENSG00000138346_1505.4	1690	577	1773	1062	409	836	1369	1311	2869	3438	887	2751	2459	780	2010	1110	3303	4114	2160	2623
1403	DNA2_ENSG00000138346_1506.5	483	396	587	462	55	452	284	411	492	1109	162	994	963	636	757	665	1004	385	807	883
1404	DNA2_ENSG00000138346_1507.6	464	327	506	553	17	211	153	349	440	1880	77	729	844	271	722	419	640	1679	724	744
1405	DNAJC1_ENSG00000136770_11971.1	420	549	450	356	60	418	220	385	739	1359	139	642	797	613	744	546	747	675	758	613
1406	DNAJC1_ENSG00000136770_11972.2	1765	958	1825	575	411	1782	1051	1650	2295	2386	699	2191	2902	1960	2330	1989	3052	2124	2046	2514
1407	DNAJC1_ENSG00000136770_11973.3	314	299	299	117	25	228	93	248	410	565	53	478	431	395	597	407	489	767	435	552
1408	DNAJC1_ENSG00000136770_11974.4	560	186	485	1515	72	482	283	500	698	760	166	597	902	658	695	656	701	136	661	742
1409	DNAJC1_ENSG00000136770_11975.5	987	580	981	954	262	1000	650	1146	854	3521	464	1280	1744	1184	1333	1005	1805	2110	1389	1394
1410	DNAJC1_ENSG00000136770_11976.6	531	212	532	333	184	843	536	719	762	969	276	810	1039	881	940	888	742	424	822	667
1411	DNAJC2_ENSG00000105821_89426.2	816	631	767	523	325	1061	747	1003	1462	2346	519	964	1513	1008	1084	846	1515	3492	1051	1227
1412	DNAJC2_ENSG00000105821_89427.3	1506	412	1643	836	370	1634	918	1671	2413	2107	613	2197	3035	2221	2165	1865	4063	1298	2171	2183
1413	DNAJC2_ENSG00000105821_89428.4	1353	758	1225	1439	1008	1774	1712	1458	1708	2450	1079	1858	2183	1609	1489	1317	2820	2323	1358	1860
1414	DNAJC2_ENSG00000105821_89429.5	279	98	315	347	9	211	67	260	314	303	29	420	396	355	442	370	143	9262	412	354
1415	DNMT1_ENSG00000130816_123235.1	488	272	488	440	198	738	471	669	641	1045	228	651	1253	857	709	745	380	1427	685	730
1416	DNMT1_ENSG00000130816_123236.2	551	376	640	753	151	532	380	472	806	1655	298	728	1081	806	704	612	843	227	597	826
1417	DNMT1_ENSG00000130816_123237.3	632	104	604	279	462	1139	670	837	558	1021	568	763	1161	964	729	807	779	481	687	889
1418	DNMT1_ENSG00000130816_123238.4	644	580	577	581	118	784	452	604	1028	675	296	1005	1297	790	865	714	1088	1142	751	980
1419	DNMT1_ENSG00000130816_123239.5	1265	255	1323	339	832	1633	1318	1175	1607	752	942	1989	2309	1659	1602	1385	3286	1350	1517	1953
1420	DNMT3A_ENSG00000119772_114909.1	1027	439	946	504	890	2052	1501	1482	1471	2846	1226	1262	1978	1718	1238	1126	1533	226	1238	1250
1421	DNMT3A_ENSG00000119772_114910.2	554	203	585	262	119	489	305	506	699	740	192	861	984	777	849	636	1101	812	732	835
1422	DNMT3A_ENSG00000119772_114911.3	559	103	587	568	227	717	612	575	801	721	329	665	831	679	709	512	1265	954	575	754
1423	DNMT3A_ENSG00000119772_114913.5	938	396	917	389	165	696	417	648	990	841	215	956	1333	1023	984	908	1313	1093	999	959
1424	DNMT3B_ENSG00000088305_22454.1	254	137	227	158	24	196	128	274	387	975	78	325	362	279	298	258	555	926	394	314
1425	DNMT3B_ENSG00000088305_22455.2	1229	802	1295	758	261	967	666	1165	1558	2975	442	1798	2137	1403	1726	1343	3027	1664	1568	1726
1426	DNMT3B_ENSG00000088305_22456.3	654	491	594	599	249	743	435	652	894	1846	300	708	1134	837	922	592	1491	1001	737	923
1427	DNMT3B_ENSG00000088305_22457.4	245	243	317	425	61	220	175	268	389	809	81	471	501	347	383	371	533	715	450	379
1428	DNMT3B_ENSG00000088305_22458.5	773	489	906	200	618	854	970	833	1198	1250	765	931	1282	1002	774	729	1125	2002	840	1107
1429	DNMT3B_ENSG00000088305_22459.6	787	266	882	771	509	1108	860	907	1195	2078	525	934	1515	1302	988	938	631	231	892	856
1430	DOT1L_ENSG00000104885_48493.3	695	503	820	776	324	1019	593	683	946	772	437	1196	1532	1207	1117	979	1466	1418	1058	909
1431	DOT1L_ENSG00000104885_48494.4	2253	1247	2231	1191	939	2709	1916	2101	3392	2710	1430	3365	4285	3070	2619	2283	2434	7636	2543	3263
1432	DOT1L_ENSG00000104885_48495.5	808	309	886	523	397	1211	842	1036	890	1191	616	1012	1767	1506	1159	1070	1055	709	1018	949
1433	DOT1L_ENSG00000104885_48496.6	1724	1433	1792	949	896	3076	1636	2209	2625	4866	1155	2607	3413	2893	2492	2257	1427	4679	2273	2592
1434	DPF1_ENSG00000011332_51666.2	1107	1254	1126	1360	106	1029	395	1049	1566	2149	217	1887	1973	1425	1702	1458	2693	2537	1706	1822
1435	DPF1_ENSG00000011332_51667.3	230	226	299	252	168	286	258	266	417	1074	146	328	428	244	366	198	232	374	260	524
1436	DPF1_ENSG00000011332_51669.5	860	269	1025	665	363	1241	717	821	1327	828	506	1203	1618	1180	955	1014	1466	1835	1058	1205
1437	DPF2_ENSG00000133884_51455.1	578	396	555	559	294	657	493	666	1118	550	250	857	1182	777	865	673	1216	1646	831	904
1438	DPF2_ENSG00000133884_51456.2	757	436	867	1013	234	1290	571	1024	959	690	375	1187	1727	1305	1368	1133	1711	1248	1249	1172
1439	DPF2_ENSG00000133884_51457.3	980	1124	925	827	366	1350	650	1221	943	925	442	1433	2305	2017	1658	1412	1708	1105	1453	1430
1440	DPF2_ENSG00000133884_51458.4	2433	1063	2338	1768	824	2554	1773	2365	3561	6139	1343	2992	3568	2699	2532	2044	4529	2842	2548	3005
1441	DPF2_ENSG00000133884_51459.5	268	240	259	302	55	245	154	290	750	251	47	602	477	248	368	283	958	208	396	369
1442	DPF2_ENSG00000133884_51460.6	236	83	253	64	34	222	78	182	261	83	42	273	372	349	299	272	320	310	291	252
1443	DPF3_ENSG00000205683_162700.1	703	509	648	773	398	1027	714	857	994	1184	494	905	1372	1012	907	734	1093	1725	947	981
1444	DPF3_ENSG00000205683_162701.2	454	83	448	501	110	587	256	587	639	1317	132	587	856	645	652	580	918	415	684	783
1445	DPF3_ENSG00000205683_162702.3	513	365	510	234	209	508	374	408	734	501	221	544	654	739	634	481	898	303	635	582
1446	DPF3_ENSG00000205683_162703.4	322	407	360	531	186	479	366	327	296	807	218	361	492	465	421	330	534	828	500	445
1447	DPF3_ENSG00000205683_162704.5	210	282	291	307	44	273	117	233	237	1163	83	443	545	326	433	292	569	1	405	449
1448	DPF3_ENSG00000205683_162705.6	665	375	839	529	560	1415	748	1069	1123	3214	577	1195	1998	1447	1210	1069	1449	3510	1103	1192
1449	DPY30_ENSG00000162961_171438.1	610	1272	576	533	172	833	485	827	1752	1561	277	1101	1523	889	1096	838	1974	262	1016	1152
1450	DPY30_ENSG00000162961_171439.2	1263	1230	1376	975	497	2309	1258	1690	1950	2277	692	2046	3184	2393	2264	1975	2315	1951	1910	2115
1451	DPY30_ENSG00000162961_171440.3	1054	1224	1012	1016	59	975	352	1093	1493	1631	173	1893	2113	1386	2097	1587	2954	2589	1916	1935
1452	DPY30_ENSG00000162961_171441.4	331	321	403	262	118	320	209	357	564	1678	124	701	679	429	504	427	979	570	535	678
1453	DPY30_ENSG00000162961_171442.5	1505	248	1604	1690	720	1765	1418	1562	2047	3321	998	2207	3012	2182	2090	1772	3198	2159	1845	2314
1454	DPY30_ENSG00000162961_171443.6	882	467	741	671	857	1343	885	912	1014	634	778	1058	1427	1356	1006	1539	1500	1837	976	1022
1455	DQX1_ENSG00000144045_142964.2	181	574	214	290	1	84	47	127	256	1712	7	522	300	232	555	409	890	1573	531	430
1456	DQX1_ENSG00000144045_142965.3	1190	597	1229	1190	421	1408	1035	1134	1294	1583	613	1622	1762	1445	1567	1258	1623	1421	1523	1718
1457	DQX1_ENSG00000144045_142967.5	681	456	687	657	191	859	547	839	1454	1603	358	1030	1616	983	1032	885	1113	1576	1052	971
1458	DQX1_ENSG00000144045_142968.6	660	569	720	389	336	868	647	702	1946	1968	471	1061	1379	1048	947	835	1505	173	900	759
1459	DSN1_ENSG00000149636_74701.1	548	286	607	849	16	371	134	445	812	3635	80	1036	1163	795	1062	885	478	780	1162	1000
1460	DSN1_ENSG00000149636_74702.2	861	255	906	883	568	1174	836	974	1588	2349	619	1338	1778	1103	1240	974	2044	2012	1067	1154
1461	DSN1_ENSG00000149636_74703.3	1937	866	2242	1143	1925	4112	2910	2864	3614	2886	2082	3013	4626	3398	2472	2372	2263	2951	2525	2619
1462	DSN1_ENSG00000149636_74704.4	1813	1377	2181	1454	824	2562	1734	2072	3248	2942	1113	2755	4168	2688	2699	2269	3201	3844	2535	2614
1463	DSN1_ENSG00000149636_74705.5	347	220	330	435	23	369	139	374	635	1224	52	492	757	410	543	453	1315	291	517	472
1464	DSN1_ENSG00000149636_74706.6	893	535	955	847	511	1419	975	1242	1430	2960	567	1559	2090	1445	1499	1320	2407	1619	1315	1302
1465	DTX3L_ENSG00000163840_188205.1	1424	1376	1681	1300	388	1790	1032	1598	1909	1251	590	2166	2862	2052	2012	1949	2696	1371	1979	1820
1466	DTX3L_ENSG00000163840_188206.2	972	442	1013	956	147	801	390	898	1382	2139	271	1197	1637	1133	1337	1079	1993	1088	1263	1563
1467	DTX3L_ENSG00000163840_188207.3	554	187	665	232	259	725	567	670	1121	1545	385	963	1136	888	791	704	753	609	745	824
1468	DTX3L_ENSG00000163840_188208.4	723	700	820	649	259	1227	646	960	1085	1096	368	1271	1686	1242	1259	1143	1753	1118	1126	1330
1469	DTX3L_ENSG00000163840_188209.5	871	549	732	986	367	1241	717	942	1786	1712	446	1322	1596	1214	1234	1213	1711	1699	1290	1292
1470	DTX3L_ENSG00000163840_188210.6	352	828	421	660	17	435	134	350	426	964	62	699	770	554	667	577	1176	1898	658	633
1471	DZIP3_ENSG00000198919_199874.1	442	133	505	329	126	487	393	363	948	215	280	537	677	553	492	459	330	553	498	449
1472	DZIP3_ENSG00000198919_199875.2	792	395	806	531	549	1540	967	1091	1709	2167	657	1188	1609	1242	1047	947	782	507	1127	1084
1473	DZIP3_ENSG00000198919_199876.3	2049	1842	2047	1513	957	2736	1821	2149	3353	3182	1165	3064	4121	3184	3178	2562	3702	3042	2801	3116
1474	DZIP3_ENSG00000198919_199877.4	883	523	843	531	325	1055	689	918	1169	724	464	1232	1570	1206	1112	950	1903	917	1174	1294
1475	DZIP3_ENSG00000198919_199878.5	1027	521	1190	944	322	1587	984	1352	2342	1616	560	1909	2385	1616	1694	1482	2104	1669	1799	1851
1476	DZIP3_ENSG00000198919_199879.6	815	265	899	665	411	1378	766	953	1652	391	352	1278	1887	1374	1290	1248	1693	1780	1310	1175
1477	ECE2_ENSG00000145194_1059.1	2493	1289	2437	1107	1107	2549	2199	1989	3021	1699	1713	2696	3587	2640	2532	2084	4233	2894	2508	2687
1478	ECE2_ENSG00000145194_1061.3	1334	861	1527	1393	444	1754	1049	1341	2080	1480	648	1801	2243	2045	1919	1685	3221	2929	1883	1949
1479	ECE2_ENSG00000145194_1062.4	1026	742	1135	861	500	1837	803	1307	1617	3433	622	1493	2157	1758	1486	1438	1488	294	1489	1416
1480	EDF1_ENSG00000107223_194791.1	852	457	654	557	245	902	569	908	1284	2225	337	1010	1654	1051	1228	928	1919	227	948	1017
1481	EDF1_ENSG00000107223_194792.2	350	289	400	734	66	478	179	424	479	625	104	482	807	681	790	723	1420	753	711	686
1482	EDF1_ENSG00000107223_194793.3	1787	625	1752	649	938	2554	1717	1887	2196	1644	1234	2127	2884	2672	2278	2031	1813	1802	2166	2240
1483	EDF1_ENSG00000107223_194794.4	2481	1099	2543	1652	1536	3673	2911	3108	3295	3853	1910	3182	4389	3800	3019	2888	2757	2213	2859	3099
1484	EDF1_ENSG00000107223_194795.5	1564	752	1520	1254	522	1752	1381	1496	2047	1487	866	1814	2771	1759	1907	1614	2246	1028	1718	1546
1485	EDF1_ENSG00000107223_194796.6	695	488	833	623	305	1103	572	1004	679	1161	363	1363	1468	1478	1222	1182	1413	2659	1180	1216
1486	EED_ENSG00000074266_61775.1	1128	538	1243	616	723	1521	1356	1267	1008	1616	895	1133	2130	1411	1501	1163	1608	887	1472	1326
1487	EED_ENSG00000074266_61776.2	491	571	566	220	135	670	354	535	876	680	189	733	1134	790	735	646	889	813	736	720
1488	EED_ENSG00000074266_61778.4	513	143	578	237	225	872	689	608	713	207	344	747	1111	1001	759	608	1226	1616	766	714
1489	EED_ENSG00000074266_61779.5	1267	538	1278	434	768	1949	1426	1528	1952	1247	815	1611	2774	2063	1695	1433	2007	675	1571	1733
1490	EED_ENSG00000074266_61780.6	634	805	599	516	274	905	609	820	794	527	364	901	1430	1042	985	732	1376	1671	689	790
1491	EHMT1_ENSG00000181090_104987.1	1321	400	1524	884	1131	1958	1770	1409	1453	592	1249	1459	2389	1671	1468	1392	1743	1431	1467	1641
1492	EHMT1_ENSG00000181090_104988.2	535	316	525	468	184	673	476	477	667	202	259	744	1203	769	932	693	817	1018	687	637
1493	EHMT1_ENSG00000181090_104989.3	1150	340	1292	891	878	1692	1523	1509	1654	1811	913	1628	1991	1438	1560	1279	1650	1361	1358	1398
1494	EHMT1_ENSG00000181090_104991.5	1490	361	1456	807	980	2411	1759	1966	2148	2644	1310	1841	3109	2101	1708	1739	2396	2238	1872	1827
1495	EHMT1_ENSG00000181090_104992.6	359	105	380	88	174	445	258	434	630	278	187	372	654	545	522	511	771	553	420	448
1496	EHMT2_ENSG00000204371_153353.1	340	346	441	316	33	288	94	364	559	955	69	632	829	712	808	692	831	1196	730	647
1497	EHMT2_ENSG00000204371_153354.2	749	152	747	483	76	414	280	514	827	1996	160	979	899	774	988	681	1788	867	864	1017
1498	EHMT2_ENSG00000204371_153355.3	1369	316	1165	1115	544	1047	1154	1259	1862	2137	633	1719	1810	1234	1609	1110	2825	3207	1384	1808
1499	EHMT2_ENSG00000204371_153356.4	600	160	581	448	233	484	454	433	1010	163	326	797	651	657	672	451	648	291	647	703
1500	EHMT2_ENSG00000204371_153358.6	680	853	796	462	284	1349	598	919	1070	2209	319	1050	1828	1512	1269	1215	1563	681	1093	1100
1501	EID1_ENSG00000255302_99875.1	470	91	542	467	192	599	411	466	1116	554	221	751	960	677	705	610	865	15	623	636
1502	EID1_ENSG00000255302_99876.2	1107	420	1073	1003	275	1366	743	1272	1578	2977	370	1649	1914	1613	1653	1442	3487	1080	1536	1383
1503	EID1_ENSG00000255302_99877.3	988	669	944	547	183	941	480	921	1261	619	283	1210	1832	1488	1356	1320	1701	2200	1303	1210
1504	EID1_ENSG00000255302_99878.4	768	555	772	510	287	1160	617	838	1622	746	399	1025	1598	1173	1240	951	1551	969	1079	1135
1505	EID1_ENSG00000255302_99879.5	873	316	894	300	247	956	577	843	1277	1310	371	1110	1498	1008	1401	1060	2368	524	1143	1225
1506	EID1_ENSG00000255302_99880.6	1163	960	1346	876	121	1325	495	1166	1391	2209	298	1691	2298	1675	1947	1659	2946	2997	1829	1952
1507	EIF4A1_ENSG00000161960_99485.1	776	494	896	823	225	1154	613	941	1584	1779	315	1342	1726	1447	1206	1157	1434	1663	1293	1342
1508	EIF4A1_ENSG00000161960_99486.2	594	797	746	356	130	741	388	660	830	1540	328	909	1206	787	820	740	1260	1150	817	1038
1509	EIF4A1_ENSG00000161960_99487.3	638	785	786	651	276	490	523	419	1719	1799	425	1609	1133	561	916	476	1920	2625	851	1596
1510	EIF4A1_ENSG00000161960_99488.4	876	1060	775	510	135	497	480	533	1186	972	275	885	1123	706	762	685	2276	1319	879	925
1511	EIF4A1_ENSG00000161960_99489.5	966	671	938	1380	150	752	489	752	2105	3127	329	1771	1426	740	1176	780	3001	2708	1250	1835
1512	EIF4A1_ENSG00000161960_99490.6	1235	825	1337	924	243	1406	558	1339	1451	894	353	1945	2674	1916	2143	1908	2142	528	1872	2014
1513	EIF4A2_ENSG00000156976_81918.1	1842	1063	1899	949	1179	2828	1853	1912	2044	1966	1254	2307	3733	2656	2395	2030	2941	1280	2382	2389
1514	EIF4A2_ENSG00000156976_81919.2	387	309	422	369	53	257	323	376	1032	952	175	814	728	560	718	424	726	810	535	731
1515	EIF4A2_ENSG00000156976_81920.3	955	462	1004	745	190	1137	433	957	1171	1020	321	1315	1898	1293	1359	1319	1228	776	1350	1325
1516	EIF4A2_ENSG00000156976_81921.4	824	724	829	747	324	1198	644	974	699	284	446	1330	1788	1238	1232	1073	1275	961	1033	1156
1517	EIF4A2_ENSG00000156976_81922.5	2053	895	1999	1064	1353	3250	2439	2185	2023	5389	1670	3122	3676	2649	2412	1965	2229	654	2310	2646
1518	EIF4A3_ENSG00000141543_134073.1	886	1799	998	377	182	339	339	452	1508	1729	272	688	915	369	650	358	2227	1555	760	713
1519	EIF4A3_ENSG00000141543_134074.2	1040	1876	1023	238	448	483	789	463	1637	1561	715	802	1242	435	1169	455	2788	1949	972	949
1520	EIF4A3_ENSG00000141543_134075.3	1273	1571	1149	1064	115	211	359	340	2012	2819	252	863	862	205	892	407	2970	2094	1048	1053
1521	EIF4A3_ENSG00000141543_134076.4	1252	1218	1127	1090	166	186	545	354	1619	2508	371	959	958	266	812	268	4051	2131	953	912
1522	EIF4A3_ENSG00000141543_134078.6	662	621	592	351	171	25	224	179	1514	1201	227	420	428	60	347	169	1221	2102	478	396
1523	ELL_ENSG00000105656_120039.1	744	478	618	1339	41	545	311	550	1133	1211	143	1559	1233	828	1191	980	1650	1682	1032	1344
1524	ELL_ENSG00000105656_120040.2	683	279	758	691	387	835	707	775	1436	1429	546	1286	1258	932	1042	709	1745	920	873	1241
1525	ELL_ENSG00000105656_120041.3	1235	447	1273	1019	222	1190	667	1130	2414	1673	366	2309	2172	1657	1685	1454	1645	2259	1537	2026
1526	ELL_ENSG00000105656_120042.4	894	362	838	391	420	1002	771	910	1318	2173	493	1361	1500	1335	1133	887	730	854	1010	1238
1527	ELL_ENSG00000105656_120043.5	374	105	413	341	176	492	365	493	222	563	300	521	662	450	434	514	400	447	456	563
1528	ELL_ENSG00000105656_120044.6	844	92	725	319	325	721	665	765	1111	1467	414	1258	1193	886	868	713	1030	271	851	1066
1529	ELL2_ENSG00000118985_163790.1	509	431	499	341	174	492	309	492	553	915	324	768	949	602	788	650	1265	1073	698	685
1530	ELL2_ENSG00000118985_163791.2	863	404	984	647	247	988	685	916	1232	1736	408	1292	1784	969	1252	898	1002	194	1140	1308
1531	ELL2_ENSG00000118985_163792.3	316	2	411	522	92	626	342	457	570	612	243	661	926	707	587	657	1095	440	519	489
1532	ELL2_ENSG00000118985_163795.6	787	577	955	576	242	1103	606	1043	1430	1955	377	1358	1837	1210	1373	1171	1460	1912	1141	1359
1533	ELL3_ENSG00000128886_183681.1	348	153	520	90	325	778	589	527	585	517	431	645	1043	623	448	482	460	613	405	416
1534	ELL3_ENSG00000128886_183683.3	776	742	809	353	269	667	584	712	819	529	415	738	1216	819	833	723	2156	871	859	1085
1535	ELL3_ENSG00000128886_183684.4	991	700	917	921	116	778	446	938	1419	3750	271	1498	1655	1165	1497	1325	2755	1663	1490	1557
1536	ELL3_ENSG00000128886_183685.5	720	128	588	243	94	533	308	532	1229	1729	182	923	1067	708	916	718	1509	1711	781	820
1537	ELL3_ENSG00000128886_183686.6	533	217	444	360	186	615	405	501	754	1016	229	698	946	756	722	636	1423	877	608	631
1538	ELMSAN1_ENSG00000156030_170281.1	1405	240	1566	868	569	2256	1450	1657	2136	5177	907	1961	2979	2376	1927	1709	2968	2563	1786	1941
1539	ELMSAN1_ENSG00000156030_170283.3	1032	880	863	756	452	1105	893	916	1377	3280	658	1333	1539	1346	1232	1006	2164	1880	1102	1025
1540	ELMSAN1_ENSG00000156030_170284.4	943	670	961	794	304	1072	564	935	1534	1459	325	1269	1768	1306	1421	1143	1782	1104	1403	1163
1541	ELMSAN1_ENSG00000156030_170285.5	652	312	596	494	280	1064	486	756	591	1694	299	977	1337	997	854	819	344	867	764	894
1542	ELMSAN1_ENSG00000156030_170286.6	1108	64	1375	957	834	1818	1348	1616	1011	1270	890	1633	2851	1985	1716	1526	1930	1822	1693	1808
1543	ELP2_ENSG00000134759_88587.1	1590	821	1326	753	590	1787	1450	1532	2618	3402	817	2213	2890	1976	2106	1773	3216	2613	2005	1957
1544	ELP2_ENSG00000134759_88588.2	299	239	390	297	82	483	198	429	631	391	147	426	612	527	572	420	362	589	506	452
1545	ELP2_ENSG00000134759_88589.3	557	237	532	349	87	355	246	448	538	305	145	606	888	600	861	591	1071	2	706	762
1546	ELP2_ENSG00000134759_88590.4	867	1167	909	548	94	607	265	580	600	1146	145	990	1278	1008	1257	1073	1746	1372	1269	1218
1547	ELP2_ENSG00000134759_88591.5	1380	735	1525	1430	429	1674	960	1457	2098	3739	583	2032	2551	2008	1904	1631	2354	425	1926	2283
1548	ELP2_ENSG00000134759_88592.6	613	473	703	799	178	958	392	738	867	862	245	922	1481	906	998	929	1205	1406	927	966
1549	ELP3_ENSG00000134014_188406.2	1730	1003	1883	1494	499	2086	1387	1876	2824	6295	967	2553	3453	2175	2548	2113	3778	3622	2311	2586
1550	ELP3_ENSG00000134014_188407.3	673	314	662	417	102	844	279	616	1115	2240	225	923	1347	967	956	798	1381	618	929	924
1551	ELP3_ENSG00000134014_188408.4	973	374	936	703	537	1213	1029	1097	1542	1718	543	1085	1892	1359	1195	1044	964	862	1107	1236
1552	ELP3_ENSG00000134014_188409.5	837	428	907	1224	227	1013	572	816	1546	3077	302	1337	1983	1138	1401	1135	1624	2230	1213	1227
1553	ELP3_ENSG00000134014_188410.6	512	266	573	396	159	781	501	669	1472	845	299	890	1073	864	871	727	1749	974	838	682
1554	ELP4_ENSG00000109911_59326.1	1729	958	1764	927	854	2292	1608	1773	1834	2829	1147	2138	3098	2205	2209	1724	1348	2513	1932	2230
1555	ELP4_ENSG00000109911_59327.2	1013	395	1042	419	518	1384	961	1159	908	724	585	1146	1832	1602	1329	1248	735	1393	1213	1272
1556	ELP4_ENSG00000109911_59329.4	772	261	789	886	339	874	619	830	1405	1514	424	904	1324	805	965	897	1422	679	928	1091
1557	ELP4_ENSG00000109911_59330.5	706	785	848	88	223	1033	517	884	1728	1372	265	1269	1553	1355	1223	1057	1722	1057	1131	1214
1558	ELP4_ENSG00000109911_59331.6	505	242	528	704	77	562	358	466	1306	751	193	923	1112	791	850	763	1562	2445	622	782
1559	EMG1_ENSG00000126749_58946.1	1026	592	1111	1190	253	1177	655	1111	1402	3308	408	1566	2310	1405	1497	1128	1797	1687	1533	1369
1560	EMG1_ENSG00000126749_58948.3	303	183	288	334	123	319	328	246	268	514	180	346	526	283	337	293	479	276	307	448
1561	EMG1_ENSG00000126749_58950.5	391	594	494	319	107	604	323	534	577	644	153	690	951	789	691	593	722	303	699	526
1562	EMG1_ENSG00000126749_58951.6	1181	796	1362	1295	571	1526	1052	1089	2122	2275	757	1358	2051	1335	1515	951	1667	613	1576	1504
1563	ENY2_ENSG00000120533_16525.2	529	535	465	593	103	492	339	443	732	799	180	608	890	687	732	552	1213	1439	708	761
1564	ENY2_ENSG00000120533_16526.3	526	493	445	528	324	633	622	409	588	861	284	414	786	507	589	501	624	865	560	586
1565	ENY2_ENSG00000120533_16527.4	932	622	857	517	243	937	721	804	1135	869	406	1265	1472	768	1183	862	1774	1656	1039	1173
1566	ENY2_ENSG00000120533_16528.5	401	311	440	138	57	439	228	404	648	242	72	732	838	658	709	646	997	818	739	692
1567	ENY2_ENSG00000120533_16529.6	1188	1200	1198	1063	115	1184	538	1271	2186	3754	303	2381	2182	1685	2285	1819	3072	3017	2040	1851
1568	EP300_ENSG00000100393_58056.1	2628	636	2953	607	2312	3815	3686	3206	1360	2356	2528	4009	4834	3591	3539	3067	1095	1615	3259	3139
1569	EP300_ENSG00000100393_58057.2	1661	1060	1746	1460	422	1957	1046	1646	1497	1347	654	1899	3392	2334	2410	2109	2205	720	2019	2033
1570	EP300_ENSG00000100393_58059.4	1259	1065	1285	1497	140	946	410	1007	1216	2370	224	1350	1911	1732	2079	1909	1906	2134	1999	1780
1571	EP300_ENSG00000100393_58061.6	1753	379	1652	692	495	1893	1370	1622	406	1351	676	2181	3143	1945	2622	1857	1132	903	2400	2341
1572	EP400_ENSG00000183495_134053.1	1018	718	1033	367	256	1578	728	1139	1818	2377	396	1441	1924	1674	1538	1320	1381	798	1490	1628
1573	EP400_ENSG00000183495_134054.2	1981	545	2024	1115	926	2490	1958	1781	2513	3167	1428	2580	3176	2262	2195	1920	3373	1885	2171	2670
1574	EP400_ENSG00000183495_134055.3	898	274	963	960	269	499	595	662	754	1584	422	1072	1014	552	842	620	1788	890	1098	1414
1575	EP400_ENSG00000183495_134056.4	2843	1361	2703	1480	1066	1831	2613	1950	3605	4856	1934	3339	3102	1649	2270	1781	3248	5455	2448	3176
1576	EP400_ENSG00000183495_134058.6	1135	729	1102	1238	137	540	451	768	1007	996	294	1692	1424	901	1408	927	2047	1834	1411	1593
1577	EPC1_ENSG00000120616_79754.1	324	446	412	706	42	194	129	244	532	960	51	442	534	378	499	399	1367	1034	546	549
1578	EPC1_ENSG00000120616_79755.2	934	487	957	1575	126	1088	469	1098	2154	3243	246	1663	1969	1567	1625	1398	3369	1572	1584	1667
1579	EPC1_ENSG00000120616_79756.3	598	933	687	503	52	465	213	513	607	738	140	771	1132	862	985	960	823	769	956	996
1580	EPC1_ENSG00000120616_79757.4	998	863	1087	964	510	1570	1221	1215	1241	6	709	1746	1915	1535	1398	1093	2356	896	1264	1258
1581	EPC1_ENSG00000120616_79758.5	1433	780	1590	854	732	2075	1511	1644	2601	3480	999	2477	2903	1884	2068	1850	2727	2170	1957	2221
1582	EPC1_ENSG00000120616_79759.6	1151	571	1204	448	369	1083	1082	1040	2106	2562	701	1690	1663	1139	1311	1007	3467	2957	1264	1703
1583	EPC2_ENSG00000135999_178925.1	1127	297	1244	1259	741	1463	1239	1382	2234	2516	942	1378	2475	1475	1461	1166	2264	985	1394	1800
1584	EPC2_ENSG00000135999_178929.5	703	322	705	698	24	319	167	388	520	1752	51	850	985	816	1308	1143	2564	2190	1233	896
1585	EPC2_ENSG00000135999_178930.6	701	316	734	534	139	937	563	823	1546	1288	385	1207	1429	946	1082	826	764	131	989	930
1586	ERCC2_ENSG00000104884_94692.1	483	256	527	323	104	675	291	635	841	273	230	834	879	666	669	566	259	552	712	684
1587	ERCC2_ENSG00000104884_94694.3	458	605	516	341	104	522	251	467	920	127	154	913	1024	799	895	737	1177	1206	806	930
1588	ERCC2_ENSG00000104884_94695.4	1101	488	1170	641	390	1389	912	1083	1523	1158	571	1538	2310	1569	1444	1240	1829	917	1450	1560
1589	ERCC2_ENSG00000104884_94696.5	1066	502	1114	603	365	876	895	946	1798	4024	489	1769	1791	1116	1442	1082	1457	2291	1101	1667
1590	ERCC2_ENSG00000104884_94697.6	1025	229	1034	435	686	1234	1241	1084	1131	348	862	1879	1987	1161	1430	1175	1285	1934	1211	1547
1591	ERCC3_ENSG00000163161_77753.1	2096	921	2361	1280	1370	3060	2319	2526	2900	2241	1562	2518	4491	3180	2683	2430	2574	1358	2572	2754
1592	ERCC3_ENSG00000163161_77754.2	1715	564	1787	882	869	1902	1790	1752	2409	2832	1211	2438	2677	2031	2068	1531	3218	3327	1937	2214
1593	ERCC3_ENSG00000163161_77755.3	314	225	341	365	16	260	126	248	384	284	42	486	591	424	552	368	689	560	517	553
1594	ERCC3_ENSG00000163161_77756.4	1420	761	1651	652	899	2375	2100	1896	1409	3038	1389	2034	3194	2466	2015	1919	1899	807	1803	2208
1595	ERCC5_ENSG00000134899_111248.1	326	101	386	536	31	267	110	274	427	224	50	557	581	521	686	651	1164	920	565	559
1596	ERCC5_ENSG00000134899_111249.2	1746	1459	1718	819	519	2015	1028	1719	2799	3232	709	2507	3197	2384	2475	1969	2994	3273	2251	2646
1597	ERCC5_ENSG00000134899_111250.3	1013	747	953	498	304	1510	685	1237	1234	2393	413	1531	2121	1653	1498	1374	2097	2663	1513	1418
1598	ERCC5_ENSG00000134899_111252.5	357	312	379	326	174	619	399	498	434	887	243	620	859	789	599	551	525	416	495	530
1599	ERCC5_ENSG00000134899_111253.6	677	585	632	350	114	654	260	548	754	1076	180	764	1125	896	899	760	1087	813	845	748
1600	ERCC6_ENSG00000225830_36806.2	1280	368	1442	1233	1019	2266	1626	1868	2222	3122	1249	2271	2697	2104	1825	1537	2738	1615	1604	1845
1601	ERCC6_ENSG00000225830_36809.5	1431	1167	1366	1131	265	952	978	1174	1452	2139	581	2134	1689	947	1770	1057	3507	2737	1673	1796
1602	ERCC6_ENSG00000225830_36812.8	1681	851	1832	1456	934	1884	1870	1562	2303	1614	1288	2208	2743	1457	1852	1401	2421	2314	1750	1988
1603	ERCC6_ENSG00000225830_36813.9	686	306	748	368	183	826	412	634	925	1247	222	866	1006	717	824	726	959	373	794	920
1604	ERCC6_ENSG00000225830_36814.1	857	300	878	574	200	781	678	746	1345	2145	369	1313	1172	801	1122	810	1978	2090	1034	1317
1605	ERCC6L_ENSG00000186871_175229.1	314	349	258	374	54	318	146	272	491	856	76	342	601	384	347	297	427	719	338	451
1606	ERCC6L_ENSG00000186871_175230.2	2603	837	2667	1716	1504	3229	2975	3014	4833	4243	1948	3255	4863	3416	2980	2890	3545	1939	3045	3589
1607	ERCC6L_ENSG00000186871_175231.3	362	159	378	656	88	534	230	430	592	271	135	527	1071	648	581	536	637	390	535	540
1608	ERCC6L_ENSG00000186871_175232.4	483	174	430	425	215	694	369	513	914	1102	259	507	1175	601	580	564	662	265	639	616
1609	ERCC6L_ENSG00000186871_175234.6	582	871	595	884	82	612	179	603	1147	1706	115	900	1132	1005	1047	906	1016	414	948	830
1610	ERCC6L2_ENSG00000182150_164662.2	464	509	579	266	154	585	370	607	1349	1358	191	817	974	828	732	690	1134	62	780	624
1611	ERCC6L2_ENSG00000182150_164664.4	471	307	473	263	75	513	281	503	769	1115	121	754	946	604	849	592	1317	357	783	869
1612	ERCC6L2_ENSG00000182150_164666.6	914	413	924	1172	430	1316	714	988	1064	1965	532	1348	1944	1524	1279	1077	953	738	1049	1077
1613	ERG_ENSG00000157554_97463.1	1112	725	1086	1388	537	1777	916	1291	1002	835	641	1752	2352	1786	1550	1269	1762	1698	1500	1454
1614	ERG_ENSG00000157554_97464.2	1273	818	1197	684	462	1525	1047	1286	1607	961	675	1792	2425	1633	1506	1445	1404	1126	1632	1648
1615	ERG_ENSG00000157554_97465.3	760	804	766	369	194	645	608	730	1130	1018	401	1135	1181	717	946	693	1477	1963	884	1032
1616	ERG_ENSG00000157554_97466.4	505	315	489	226	226	912	428	741	839	1014	316	838	1227	916	914	739	818	1318	847	680
1617	ERG_ENSG00000157554_97467.5	1767	437	1855	739	1525	3116	2379	2388	3102	830	1749	2369	4078	2831	2262	2091	1674	1485	2112	2049
1618	ERG_ENSG00000157554_97468.6	1900	1488	1961	1195	1102	2123	2198	1891	3211	3833	1663	2334	3004	2079	2115	1763	3047	1964	1989	2384
1619	ERI1_ENSG00000104626_119699.1	272	121	329	287	2	156	17	204	130	848	16	490	369	383	607	568	936	1068	627	507
1620	ERI1_ENSG00000104626_119700.2	1583	412	1690	1315	427	1992	879	1707	1918	5886	547	2416	3117	2370	2420	2189	2685	4241	2217	1996
1621	ERI1_ENSG00000104626_119701.3	200	85	254	333	65	343	172	334	427	256	103	358	613	558	493	466	342	1115	457	456
1622	ERI1_ENSG00000104626_119702.4	1727	1408	1857	1582	600	2168	1497	1833	3119	2436	1035	2306	3482	2399	2525	2083	3530	2449	2261	2303
1623	ERI1_ENSG00000104626_119703.5	800	611	758	788	93	815	371	683	720	1616	168	1095	1422	1101	1226	1067	1868	1262	1297	1010
1624	ERI1_ENSG00000104626_119704.6	1003	756	1009	787	161	1011	467	964	1676	2383	304	1368	1960	1308	1332	1339	1341	1242	1462	1402
1625	ESCO1_ENSG00000141446_182732.1	773	322	675	464	131	722	338	667	1021	2251	262	1086	1258	787	1103	873	1672	6383	1109	940
1626	ESCO1_ENSG00000141446_182733.2	1247	1205	1319	1523	178	1609	661	1460	2074	2306	304	2020	3091	2538	2424	2107	1770	1968	2373	2150
1627	ESCO1_ENSG00000141446_182735.4	385	331	433	333	57	610	260	525	572	1218	117	878	990	636	721	642	696	1406	699	768
1628	ESCO1_ENSG00000141446_182736.5	1047	461	1052	1075	683	1772	1224	1443	2240	3038	767	1651	2561	1902	1665	1435	1313	661	1443	1473
1629	ESCO1_ENSG00000141446_182737.6	587	76	435	273	133	695	441	640	587	121	279	926	1284	822	826	759	759	521	777	805
1630	ESCO2_ENSG00000171320_178115.1	1170	372	1202	682	480	1743	1067	1264	1788	1213	748	1671	2408	1653	1665	1251	2272	876	1877	1940
1631	ESCO2_ENSG00000171320_178116.2	961	673	1073	440	281	1177	753	935	1253	1029	393	1101	1840	1395	1273	1226	1688	300	1224	1396
1632	ESCO2_ENSG00000171320_178118.4	685	159	672	574	281	712	724	759	1379	2185	345	1012	1308	892	972	781	1650	2844	900	926
1633	ESCO2_ENSG00000171320_178119.5	1580	875	1759	1206	382	1960	941	1666	2151	2274	599	1897	3227	2521	2268	2034	2754	1404	2326	2278
1634	ESCO2_ENSG00000171320_178120.6	644	280	675	955	203	801	524	672	1067	2060	333	662	1231	687	987	685	870	525	708	854
1635	EYA1_ENSG00000104313_170562.2	554	272	576	325	315	855	487	709	540	1009	350	715	991	803	718	666	721	268	771	683
1636	EYA1_ENSG00000104313_170564.4	1525	738	1598	350	1044	2559	1836	1818	2041	3291	1207	1832	3202	2565	2103	1880	2509	1062	1804	2068
1637	EYA1_ENSG00000104313_170565.5	1349	758	1499	391	692	1936	1313	1650	1953	3369	931	1951	2298	1897	1785	1549	2488	2757	1664	2000
1638	EYA1_ENSG00000104313_170566.6	1495	1193	1704	1107	1305	2629	2053	1861	2427	2676	1442	1922	3136	2296	1783	1558	1867	1623	1749	1763
1639	EYA2_ENSG00000064655_158476.1	1110	287	1214	927	1387	1798	1592	1127	1601	2791	1102	1320	2040	1620	1271	1274	1653	1425	1293	1343
1640	EYA2_ENSG00000064655_158477.2	519	620	453	216	59	628	253	569	815	798	101	787	1015	783	834	730	841	345	825	760
1641	EYA2_ENSG00000064655_158478.3	1043	438	892	814	219	1107	617	863	1097	460	341	860	1728	1198	1082	979	1198	756	1060	1261
1642	EYA2_ENSG00000064655_158481.6	1404	576	1382	1041	290	1576	698	1345	1817	2285	493	1854	2801	1917	2125	1881	2677	1528	1858	1892
1643	EZH1_ENSG00000108799_29193.1	471	156	611	238	147	687	429	526	959	686	206	697	1071	711	844	706	867	851	715	843
1644	EZH1_ENSG00000108799_29194.2	1295	459	1373	1604	430	1685	1015	1505	2163	3677	569	2025	2826	1904	1809	1711	2231	2415	1874	2123
1645	EZH1_ENSG00000108799_29195.3	1519	665	1334	1352	372	1616	1132	1534	3250	3603	636	2047	2510	1935	1918	1411	4134	2426	1942	2089
1646	EZH1_ENSG00000108799_29197.5	685	304	680	602	249	953	651	857	884	1174	341	1115	1457	1047	1031	884	1695	506	1056	874
1647	EZH2_ENSG00000106462_13842.1	1091	137	948	472	461	1328	940	1170	1940	1891	543	1396	2212	1335	1523	1218	2119	633	1411	1296
1648	EZH2_ENSG00000106462_13843.2	605	543	636	828	60	683	320	629	960	1442	133	859	1436	858	1130	943	1742	1096	1009	1098
1649	EZH2_ENSG00000106462_13844.3	1759	1466	1902	1177	1386	2685	2201	1992	2652	2874	1626	2060	3225	2383	2127	1928	2701	2723	1936	2179
1650	EZH2_ENSG00000106462_13845.4	461	200	601	188	59	674	206	618	959	659	104	523	977	908	783	789	971	1293	835	896
1651	EZH2_ENSG00000106462_13846.5	69	257	65	120	3	50	21	70	70	799	5	161	134	105	180	160	54	244	146	176
1652	EZH2_ENSG00000106462_13847.6	1455	1191	1431	970	739	2111	1357	1628	1704	3472	819	1652	2879	1941	2002	1679	1572	2428	1853	1776
1653	FABP1_ENSG00000163586_115801.1	581	225	583	415	101	518	304	552	1284	993	186	996	939	736	852	644	2025	509	815	742
1654	FABP1_ENSG00000163586_115802.2	963	693	1048	575	187	1034	624	973	2000	1728	441	1683	1795	1365	1717	1229	2548	1428	1607	1320
1655	FABP1_ENSG00000163586_115803.3	1012	521	1106	696	610	1459	946	1069	1375	1083	679	1523	1846	1188	1102	969	1672	586	1186	1353
1656	FABP1_ENSG00000163586_115804.4	435	141	631	153	437	934	770	805	879	864	448	642	1170	892	935	775	599	1611	811	753
1657	FABP1_ENSG00000163586_115805.5	1075	1554	932	635	180	654	483	789	1999	1689	323	1484	1506	790	1340	929	2707	1013	1337	1353
1658	FABP1_ENSG00000163586_115806.6	681	472	663	414	177	451	566	609	1083	1568	361	1134	896	476	717	515	2666	1538	716	826
1659	FAM175A_ENSG00000163322_104328.2	1304	561	1386	760	699	1963	1138	1559	1968	1323	1042	1793	2673	1979	1666	1556	1403	989	1720	1770
1660	FAM175A_ENSG00000163322_104329.3	652	321	561	143	109	942	366	715	915	4622	188	1114	1395	1068	1016	875	1134	243	1039	853
1661	FAM175A_ENSG00000163322_104330.4	1433	731	1410	1079	581	1809	1131	1573	1393	3674	807	1651	2955	2220	2082	1869	2206	1452	1983	2024
1662	FAM175A_ENSG00000163322_104331.5	1084	227	798	459	327	1467	840	932	1542	2429	492	1366	1723	1402	1239	1101	1501	2131	1250	1301
1663	FAM175A_ENSG00000163322_104332.6	785	465	902	509	544	1456	947	1010	1463	788	603	1087	1799	1400	1171	1141	755	1210	1096	1188
1664	FAM175B_ENSG00000165660_11631.1	437	343	403	281	191	545	326	461	229	270	248	508	670	627	573	511	461	225	554	624
1665	FAM175B_ENSG00000165660_11632.2	826	696	827	426	232	1219	689	978	1151	1440	424	1276	1578	1298	1151	1053	1643	1373	1081	1200
1666	FAM175B_ENSG00000165660_11633.3	780	663	737	420	562	1218	904	943	674	852	844	1089	1831	1130	995	945	808	893	938	914
1667	FAM175B_ENSG00000165660_11634.4	1761	609	1806	757	1066	2373	1597	1953	2308	2330	1304	2426	3536	2811	2291	2205	1961	3089	2032	2101
1668	FAM175B_ENSG00000165660_11635.5	1481	151	1439	513	757	1842	1397	1601	1575	421	872	1785	2507	1870	1892	1467	1505	1819	1782	1752
1669	FAM208A_ENSG00000163946_61282.1	739	435	747	343	202	1129	634	1048	861	1193	447	1140	1689	1258	1037	984	839	1273	1010	947
1670	FAM208A_ENSG00000163946_61283.2	1440	862	1517	461	950	2239	1921	1646	2930	1750	1272	2140	3038	2203	1889	1695	2773	171	1778	2179
1671	FAM208A_ENSG00000163946_61286.5	630	423	608	733	75	626	415	706	852	1015	183	1262	1424	1072	1016	956	1585	1570	1029	1100
1672	FAM208A_ENSG00000163946_61287.6	400	121	496	227	250	827	580	592	588	1681	341	739	975	774	571	501	641	879	541	558
1673	FANCM_ENSG00000187790_133374.1	759	166	883	577	612	1400	1051	994	670	1408	638	989	1579	1145	1050	880	569	1046	914	1060
1674	FANCM_ENSG00000187790_133376.3	519	270	573	165	142	682	292	568	607	1562	211	699	1134	902	823	691	568	1055	811	809
1675	FANCM_ENSG00000187790_133377.4	843	886	864	651	128	713	324	858	1191	1110	206	1279	1744	1267	1561	1396	1536	1139	1598	1230
1676	FANCM_ENSG00000187790_133379.6	384	152	471	454	103	530	362	445	332	301	182	715	835	702	755	616	814	1234	648	666
1677	FBXL19_ENSG00000099364_107374.1	1764	859	1731	1346	1472	3113	2428	2143	2326	2149	1844	2459	3775	2915	2364	2065	2017	1602	2141	2399
1678	FBXL19_ENSG00000099364_107375.2	592	349	646	398	47	229	102	292	473	1011	75	653	571	584	787	641	686	1286	872	839
1679	FBXL19_ENSG00000099364_107377.4	845	327	901	949	286	1156	954	814	1714	1541	547	1416	1844	1171	1137	983	2619	251	1214	1425
1680	FBXL19_ENSG00000099364_107379.6	321	418	338	368	26	164	82	229	257	37	52	373	384	266	349	257	518	274	431	322
1681	FBXO10_ENSG00000147912_101457.1	271	44	266	41	86	374	242	288	639	237	108	378	423	273	369	299	789	498	377	477
1682	FBXO10_ENSG00000147912_101458.2	747	229	730	807	362	627	704	623	1215	837	482	866	989	748	666	510	1399	1708	723	783
1683	FBXO10_ENSG00000147912_101459.3	2605	1134	2477	1238	1667	4080	2849	3121	3414	5161	1952	3232	5565	4216	3692	3121	3694	2617	3324	3435
1684	FBXO10_ENSG00000147912_101460.4	798	198	887	281	589	1092	1115	873	2017	1262	776	1188	1543	1014	896	830	1884	2884	974	1076
1685	FBXO10_ENSG00000147912_101461.5	409	263	415	550	56	258	181	279	662	418	133	522	630	362	572	388	741	261	517	505
1686	FBXO10_ENSG00000147912_101462.6	839	714	978	568	314	997	770	799	1580	413	552	1063	1417	691	1101	652	1450	3081	958	848
1687	FBXO11_ENSG00000138081_142260.1	931	1101	963	530	159	1060	517	1014	1190	3307	338	1582	1834	1367	1520	1132	1674	2661	1634	1606
1688	FBXO11_ENSG00000138081_142261.2	781	595	781	640	385	867	795	868	1346	1213	559	1203	1174	783	937	733	1455	1855	915	1094
1689	FBXO11_ENSG00000138081_142262.3	1204	560	1289	327	1279	2349	1575	1486	701	2172	1214	1655	2639	2107	1711	1522	2528	1368	1343	1632
1690	FBXO11_ENSG00000138081_142263.4	1109	272	1182	461	423	1561	1295	1274	1917	2178	790	2135	2580	1541	1695	1302	1211	2249	1607	1820
1691	FBXO11_ENSG00000138081_142264.5	772	496	732	592	147	667	401	651	1336	3374	220	1279	1475	966	1121	784	1428	1088	1022	1084
1692	FBXO11_ENSG00000138081_142265.6	579	644	493	328	207	741	394	506	1415	435	290	946	1154	888	755	630	1446	533	708	778
1693	FBXO17_ENSG00000269190_192156.1	769	763	830	403	467	1244	829	934	1463	1944	553	1007	1469	1286	956	947	1295	1117	979	1083
1694	FBXO17_ENSG00000269190_192157.2	191	467	205	241	69	175	146	166	235	798	58	333	432	254	295	275	301	519	275	300
1695	FBXO17_ENSG00000269190_192158.3	1542	1157	1879	1022	709	2269	1336	1967	2497	2821	818	2253	3145	2608	2286	2238	2585	1213	2051	2170
1696	FBXO17_ENSG00000269190_192159.4	769	391	1059	772	184	730	488	771	1310	482	320	1263	1349	927	1169	913	2817	960	1034	1444
1697	FBXO17_ENSG00000269190_192160.5	1204	271	1137	836	842	1421	1280	1308	2253	2675	758	1634	2030	1474	1402	1140	1848	2059	1209	1734
1698	FBXO17_ENSG00000269190_192161.6	872	374	887	801	567	1128	859	851	1761	836	687	1087	1392	999	1001	794	1252	552	961	1395
1699	FBXW9_ENSG00000132004_191856.1	1582	1064	1826	667	843	2242	1816	1633	2577	1199	1212	2662	2707	2221	1895	1700	3089	1048	1791	2261
1700	FBXW9_ENSG00000132004_191857.2	727	829	897	804	20	377	133	416	613	1179	77	977	1022	814	1416	1100	1733	1865	1260	1134
1701	FBXW9_ENSG00000132004_191858.3	1828	80	1895	1448	1248	2091	2117	2005	2097	2710	1475	2768	2813	1815	1938	1655	2020	4084	1824	2415
1702	FBXW9_ENSG00000132004_191859.4	404	58	409	313	38	288	125	273	508	1977	74	496	553	553	516	446	589	818	529	540
1703	FBXW9_ENSG00000132004_191860.5	385	424	419	260	20	273	96	306	472	495	57	611	634	428	609	471	788	354	520	553
1704	FBXW9_ENSG00000132004_191861.6	2416	1028	2889	1911	3483	4835	4300	3271	3469	3628	3452	3055	4933	4128	3157	2877	4805	2163	3053	3004
1705	FEN1_ENSG00000168496_36165.1	520	365	604	490	101	459	337	571	1057	308	184	908	1030	744	842	619	1597	1065	843	653
1706	FEN1_ENSG00000168496_36166.2	924	177	871	84	244	993	678	797	1355	480	457	1093	1604	1031	1076	894	1670	1066	1020	1208
1707	FEN1_ENSG00000168496_36167.3	1549	1075	1633	1209	494	1994	1020	1670	1656	3087	736	1802	3065	2315	2073	1859	3152	849	2057	2086
1708	FEN1_ENSG00000168496_36168.4	505	578	547	314	60	450	307	551	932	1836	156	799	1031	697	735	612	809	960	724	778
1709	FEN1_ENSG00000168496_36169.5	735	509	611	432	109	648	407	698	791	2189	265	1243	1217	882	971	707	1593	1520	991	867
1710	FEN1_ENSG00000168496_36170.6	806	553	652	332	157	678	372	577	1222	962	215	722	1025	837	894	727	995	1117	783	764
1711	FIZ1_ENSG00000179943_145913.2	308	227	299	347	60	291	155	325	266	873	111	485	677	582	492	452	618	178	488	629
1712	FIZ1_ENSG00000179943_145915.4	1010	231	1061	1016	586	1309	973	1164	1502	1128	791	1497	1681	1086	1140	895	2105	792	1145	1445
1713	FIZ1_ENSG00000179943_145916.5	1150	962	1229	1218	276	1283	773	1089	2095	1437	489	1641	2128	1378	1444	1195	2542	1969	1443	1861
1714	FIZ1_ENSG00000179943_145917.6	2124	1163	2107	815	712	2366	1563	1974	3054	1655	1064	2658	3413	2468	2336	2204	2689	637	2239	2692
1715	FKBP1A_ENSG00000088832_132019.1	954	441	941	925	288	1026	544	952	1506	652	388	1131	1782	1263	1434	1198	2248	1902	1257	1226
1716	FKBP1A_ENSG00000088832_132020.2	800	261	949	1203	217	881	597	880	978	1002	427	1209	1457	1158	1174	970	1279	536	1024	939
1717	FKBP1A_ENSG00000088832_132021.3	776	728	682	580	59	678	245	708	831	1809	144	1307	1466	943	1211	1045	855	1645	1011	1090
1718	FKBP1A_ENSG00000088832_132022.4	186	220	192	115	43	215	142	185	292	228	74	226	341	255	264	245	176	527	267	282
1719	FKBP1A_ENSG00000088832_132023.5	726	178	801	828	155	660	508	548	1030	2193	366	1088	1156	664	906	691	946	1149	877	1153
1720	FKBP1C_ENSG00000198225_185413.1	363	169	457	36	137	553	345	404	702	487	176	682	860	698	760	562	741	577	622	633
1721	FKBP1C_ENSG00000198225_185414.2	1607	1046	1633	1637	664	2061	1563	1621	2552	1889	1039	2054	2750	1987	1991	1745	2565	1523	1830	2026
1722	FKBP1C_ENSG00000198225_185415.3	524	157	526	563	233	837	517	719	235	825	294	745	1231	1001	741	826	1080	1260	740	744
1723	FKBP1C_ENSG00000198225_185416.4	534	738	588	672	58	462	229	542	1113	415	130	848	935	804	790	655	1319	1042	779	915
1724	FKBP1C_ENSG00000198225_185418.6	648	401	765	452	132	648	504	691	656	1313	306	979	1354	870	838	750	879	578	870	818
1725	FKBP2_ENSG00000173486_71862.1	802	226	698	617	451	981	744	827	1469	427	480	1024	1601	1205	1092	750	1174	647	894	1246
1726	FKBP2_ENSG00000173486_71863.2	675	817	788	1042	52	600	280	712	1175	2879	170	1004	1178	873	1198	999	2162	1052	1104	924
1727	FKBP2_ENSG00000173486_71866.5	2013	1068	1981	1789	1243	2315	2027	1998	4291	3509	1425	2871	3632	2366	2693	2012	4722	3057	2586	2899
1728	FKBP5_ENSG00000096060_60431.2	1873	640	1996	930	1046	2239	2265	1638	2307	3975	1437	2229	2612	1932	2165	1626	1967	1954	2017	2412
1729	FKBP5_ENSG00000096060_60432.3	1017	725	728	1078	281	928	687	687	1145	1786	421	1012	1254	978	1066	787	1038	1588	936	1203
1730	FKBP5_ENSG00000096060_60433.4	945	781	1021	635	138	1219	535	1199	1333	1877	317	1425	1796	1572	1512	1380	1218	1368	1502	1261
1731	FKBP5_ENSG00000096060_60434.5	972	866	1121	1427	651	1776	1224	1365	1358	693	992	1297	2120	1551	1424	1319	1391	271	1292	1491
1732	FKBP5_ENSG00000096060_60435.6	808	342	742	533	199	842	437	757	1484	2198	311	1120	1359	1071	1154	938	2215	1301	961	1195
1733	FLYWCH1_ENSG00000059122_91044.1	2883	1475	3005	965	2501	4594	3556	3372	3270	2459	2609	3881	5618	4138	3412	3218	3665	3273	3243	3697
1734	FLYWCH1_ENSG00000059122_91045.2	1284	674	1255	887	1107	1788	1764	1415	2281	1900	1217	1625	2464	1793	1508	1405	1997	2310	1354	1531
1735	FLYWCH1_ENSG00000059122_91046.3	474	342	371	315	56	268	191	295	634	743	96	759	703	513	605	430	964	216	603	762
1736	FLYWCH1_ENSG00000059122_91048.5	865	473	702	373	287	883	630	850	1643	1455	493	1176	1585	1222	1289	1049	792	1845	1111	1133
1737	FLYWCH1_ENSG00000059122_91049.6	562	111	613	231	421	964	657	618	667	286	444	793	1021	854	685	690	1280	230	655	840
1738	FMR1_ENSG00000102081_31991.1	398	397	392	515	144	700	324	440	871	1275	226	604	965	710	652	609	536	1346	496	424
1739	FMR1_ENSG00000102081_31992.2	650	185	637	325	193	1181	416	816	769	704	230	966	1722	1107	1028	896	677	1863	903	1092
1740	FMR1_ENSG00000102081_31993.3	2106	1360	2170	1331	747	2793	1697	2247	2225	4901	992	2893	4332	2910	2983	2591	2810	1671	2775	2893
1741	FMR1_ENSG00000102081_31994.4	794	353	831	1077	123	728	359	727	1429	1597	202	873	1425	957	1187	956	1518	1557	1022	1176
1742	FMR1_ENSG00000102081_31995.5	799	1222	897	302	366	1328	809	1023	1384	1431	530	1065	1970	1473	1333	1126	1218	631	1194	1131
1743	FMR1_ENSG00000102081_31996.6	665	260	661	309	261	1228	856	902	1075	3051	477	1233	1654	1162	1144	892	802	771	976	1064
1744	FOXA1_ENSG00000129514_190826.1	1127	713	1198	660	1179	1950	1457	1329	1914	1607	932	1627	2479	1786	1424	1450	1766	1029	1419	1518
1745	FOXA1_ENSG00000129514_190827.2	1156	598	1218	1045	265	1177	576	1134	1172	1008	388	1542	2318	1567	1502	1425	1746	1265	1407	1392
1746	FOXA1_ENSG00000129514_190828.3	1175	817	1101	746	334	1278	632	1171	1873	1221	403	1309	2245	1638	1760	1696	1535	1306	1453	1474
1747	FOXA1_ENSG00000129514_190829.4	1741	1369	1818	1056	1310	3020	1981	2006	2249	1768	1390	2256	3279	2558	1963	2035	2107	1583	1942	2191
1748	FOXA1_ENSG00000129514_190830.5	981	836	999	668	1091	1707	1533	1375	1804	569	1124	1220	1997	1430	1209	1079	846	2480	1193	1275
1749	FOXA1_ENSG00000129514_190831.6	804	1161	956	774	114	683	360	691	624	1984	231	850	1172	1067	1362	987	914	557	1108	998
1750	FOXA2_ENSG00000125798_150601.1	1328	415	1085	528	768	1493	1370	1129	1288	1918	950	1518	2229	1583	1431	1102	1432	1182	1268	1261
1751	FOXA2_ENSG00000125798_150602.2	1351	709	1417	445	1696	2523	2397	1734	2178	852	1767	1725	2605	2179	1576	1555	1075	886	1534	1824
1752	FOXA2_ENSG00000125798_150603.3	1482	694	1540	1369	1201	2136	1704	1729	2746	2159	1169	2019	3348	2151	2043	1774	1735	829	1701	1970
1753	FOXA2_ENSG00000125798_150606.6	1376	732	1401	384	631	1643	1050	1407	1534	2470	783	1568	2231	1641	1356	1303	914	1093	1595	1691
1754	FOXA3_ENSG00000170608_157551.1	639	436	811	323	416	1245	734	958	1105	842	421	1068	1635	1163	870	907	1008	1606	842	1016
1755	FOXA3_ENSG00000170608_157552.2	1017	416	963	729	291	1304	774	1118	2437	1937	441	1603	1865	1416	1283	1227	2247	385	1245	1692
1756	FOXA3_ENSG00000170608_157556.6	730	259	743	269	302	942	737	833	1393	2407	473	1337	1477	1107	982	786	1315	596	1031	1162
1757	FOXO1_ENSG00000150907_67833.1	818	107	686	605	288	964	656	854	1136	1986	390	987	1523	1125	982	851	920	996	874	978
1758	FOXO1_ENSG00000150907_67834.2	1112	825	1361	444	706	1462	1290	1208	1577	517	968	1502	1962	1520	1316	1197	2858	1294	1364	1289
1759	FOXO1_ENSG00000150907_67835.3	1411	694	1272	920	690	2114	1180	1554	2697	2438	767	1851	2784	2196	1980	1867	1822	2872	1819	1820
1760	FOXO1_ENSG00000150907_67836.4	1748	341	1790	1177	554	2577	1212	2208	2264	3024	780	2426	3738	2944	2777	2283	2745	3377	2483	2688
1761	FOXO1_ENSG00000150907_67838.6	746	159	783	341	290	928	629	783	784	1301	447	1099	1410	825	962	825	1433	930	892	1053
1762	FOXO3_ENSG00000118689_42724.3	1645	705	1583	1118	246	1608	721	1455	1331	2194	516	2111	2647	2326	1951	1905	1849	1360	1934	1977
1763	FOXO3_ENSG00000118689_42725.4	952	998	986	781	41	819	204	978	1684	2463	128	1857	1758	1438	1779	1462	2330	2346	1632	1708
1764	FOXO3_ENSG00000118689_42726.5	387	293	442	722	85	449	286	377	717	261	198	610	604	526	560	407	329	295	498	812
1765	FOXO3_ENSG00000118689_42727.6	345	181	363	318	71	389	145	349	565	737	161	549	482	419	546	368	1060	275	480	721
1766	FOXO4_ENSG00000184481_75170.1	624	651	706	441	164	492	418	596	749	1225	285	889	1109	829	843	727	1055	1178	722	764
1767	FOXO4_ENSG00000184481_75171.2	495	269	408	436	21	319	122	358	586	1174	65	604	763	569	774	582	480	939	603	629
1768	FOXO4_ENSG00000184481_75172.3	451	305	592	149	151	563	386	543	530	589	180	850	887	649	680	482	590	885	680	755
1769	FOXO4_ENSG00000184481_75174.5	431	304	446	151	217	599	466	549	601	302	312	596	927	602	644	524	460	174	570	615
1770	FOXO4_ENSG00000184481_75175.6	692	700	696	224	51	515	412	537	683	1731	146	1139	1320	903	1235	1067	1526	720	1267	1320
1771	FOXP3_ENSG00000049768_70943.1	2032	1634	2114	890	583	2688	1539	2201	2700	1404	977	2426	4157	2782	2828	2330	2756	2780	2581	2449
1772	FOXP3_ENSG00000049768_70944.2	684	143	618	221	147	558	452	591	494	541	274	691	1040	629	902	647	581	342	770	667
1773	FOXP3_ENSG00000049768_70945.3	397	159	358	330	58	370	152	352	278	1157	83	420	669	555	499	468	641	1733	508	464
1774	FOXP3_ENSG00000049768_70946.4	245	77	261	312	50	255	235	298	244	1049	100	315	412	307	395	304	198	751	375	355
1775	FOXP3_ENSG00000049768_70947.5	2244	1762	2492	1431	1649	3891	2305	2812	2481	3994	1939	2773	4550	3560	3195	2601	3441	3201	2700	3218
1776	FOXP4_ENSG00000137166_14892.1	867	258	841	365	458	1438	1117	1125	878	392	677	1187	1996	1264	1278	1023	1320	825	1095	1218
1777	FOXP4_ENSG00000137166_14893.2	431	275	492	416	57	398	214	409	295	765	139	536	794	507	602	488	945	837	588	607
1778	FOXP4_ENSG00000137166_14894.3	3079	1543	2930	2191	2495	4520	3493	3399	3728	3860	2463	3956	5808	4269	3794	3374	3663	2665	3603	4434
1779	FOXP4_ENSG00000137166_14895.4	982	372	1117	894	307	1517	635	1157	1116	1047	412	1308	2303	1486	1450	1304	1261	833	1366	1439
1780	FOXP4_ENSG00000137166_14897.6	698	384	737	327	188	928	536	835	954	986	331	1144	1462	1132	1045	1008	1682	1293	1008	852
1781	FSBP_ENSG00000265817_182532.1	930	103	884	566	422	1323	846	1124	1270	1799	612	1368	1827	1494	1284	979	988	843	1176	1541
1782	FSBP_ENSG00000265817_182533.2	2471	1444	2760	1029	2033	3347	2944	2539	2804	3147	2086	2895	5058	3366	2897	2485	3622	1869	2606	2966
1783	FSBP_ENSG00000265817_182534.3	950	772	1028	930	434	1620	958	1279	1842	1569	517	1563	2516	1649	1437	1326	1395	1281	1383	1370
1784	FSBP_ENSG00000265817_182535.4	703	229	760	420	127	1014	435	768	1404	2740	225	1228	1635	1248	1253	1012	1283	802	1137	1170
1785	FSBP_ENSG00000265817_182536.5	809	455	687	545	174	942	514	886	1112	744	322	1193	1394	1025	1114	957	1357	255	1149	1134
1786	FSBP_ENSG00000265817_182537.6	827	330	920	1023	626	1322	1059	935	1553	1401	771	1400	2058	1237	1244	1017	2112	1245	1121	1113
1787	FTSJ3_ENSG00000108592_65204.3	610	258	662	1147	203	778	394	757	1005	373	266	840	1321	955	808	826	1033	424	815	934
1788	FTSJ3_ENSG00000108592_65205.4	1211	306	1168	807	325	1247	721	1065	1374	1392	498	1206	1933	1650	1692	1450	1047	266	1430	1282
1789	FTSJ3_ENSG00000108592_65206.5	826	402	867	1108	56	483	321	586	629	1444	145	1060	1157	671	1121	902	1520	244	1196	1340
1790	FTSJ3_ENSG00000108592_65207.6	463	291	492	457	23	313	137	382	668	1757	52	869	630	496	810	583	1182	1072	783	717
1791	FUBP3_ENSG00000107164_102265.1	743	243	778	150	256	1063	650	897	1358	1417	343	916	1762	1046	1054	841	1228	758	976	962
1792	FUBP3_ENSG00000107164_102266.2	636	225	618	243	79	578	286	468	882	1201	105	978	1139	731	855	796	1391	752	927	969
1793	FUBP3_ENSG00000107164_102267.3	1766	864	1701	890	751	2439	1343	2035	2265	1989	958	2357	3200	2515	2276	2102	1966	2988	2080	1981
1794	FUBP3_ENSG00000107164_102268.4	753	644	739	332	261	1129	661	901	785	779	527	894	1821	1101	1032	918	991	1008	1018	1128
1795	FUBP3_ENSG00000107164_102269.5	287	238	252	72	57	296	85	328	251	527	59	319	533	400	417	416	420	558	415	401
1796	FUBP3_ENSG00000107164_102270.6	293	162	315	170	87	440	184	281	554	853	120	460	567	438	447	450	937	1233	425	563
1797	FUS_ENSG00000089280_154456.1	3060	1348	2981	1714	1329	4153	2781	3176	4487	2701	1959	4279	5780	4625	3767	3418	4963	2476	3610	4035
1798	FUS_ENSG00000089280_154457.2	760	724	859	524	249	1073	556	906	893	1638	359	1263	1656	1213	1135	960	1711	1659	1199	1154
1799	FUS_ENSG00000089280_154458.3	1126	678	1360	939	463	1450	944	1258	2178	3371	548	1810	2256	1653	1653	1366	2001	2634	1686	1824
1800	FUS_ENSG00000089280_154459.4	1334	236	1316	1460	808	1937	1655	1556	2390	3310	1050	1991	2673	1770	1773	1417	3147	2912	1585	1962
1801	FUS_ENSG00000089280_154460.5	942	719	1098	1315	244	1608	793	1223	2246	2810	371	1699	2530	1672	1872	1471	2134	706	1663	1883
1802	FUS_ENSG00000089280_154461.6	314	256	403	722	6	154	78	195	571	1417	23	517	598	440	1122	799	1478	609	926	687
1803	FXR1_ENSG00000114416_52680.1	864	958	990	1004	521	1542	1073	1057	1213	981	686	1256	1862	1631	1319	1083	1188	2829	1191	1230
1804	FXR1_ENSG00000114416_52681.2	347	175	332	274	262	555	351	492	468	257	268	413	726	548	438	445	217	1027	447	408
1805	FXR1_ENSG00000114416_52682.3	1371	557	1406	1194	523	2197	1255	1726	2240	2140	765	2033	2701	2050	2166	1874	2371	2599	2015	1861
1806	FXR1_ENSG00000114416_52683.4	651	587	685	172	274	983	695	833	917	537	508	832	1320	943	912	689	892	303	789	767
1807	FXR1_ENSG00000114416_52684.5	828	439	933	513	196	944	557	836	789	2283	303	1029	1905	1393	1300	1114	1527	624	1286	1207
1808	FXR1_ENSG00000114416_52685.6	1055	92	1060	785	701	1761	1280	1480	1748	1786	897	1412	2514	1701	1620	1410	1855	588	1485	1603
1809	FXR2_ENSG00000129245_41731.1	660	787	634	582	188	1048	423	775	709	1652	243	1053	1619	1281	1193	1038	1024	297	1145	1108
1810	FXR2_ENSG00000129245_41732.2	994	703	1025	490	200	986	559	968	1246	1653	365	1286	1839	1563	1394	1114	1590	800	1142	1202
1811	FXR2_ENSG00000129245_41733.3	420	318	404	506	266	572	372	466	822	886	334	566	890	786	523	518	369	618	532	570
1812	FXR2_ENSG00000129245_41734.4	708	1075	741	624	130	920	407	738	1177	3284	190	1208	1336	910	1095	874	2152	2283	1056	1056
1813	FXR2_ENSG00000129245_41735.5	1024	283	1168	421	472	1483	861	1018	1803	1454	591	1414	2269	1546	1340	1315	1185	258	1329	1925
1814	FXR2_ENSG00000129245_41736.6	1304	1013	1343	1094	368	1222	894	1026	1870	1346	682	1294	1909	1403	1482	1214	1870	2242	1274	1486
1815	G2E3_ENSG00000092140_3819.1	1007	1140	1117	709	832	1997	1241	1331	1475	1586	761	1339	2294	1584	1383	1169	1309	360	1234	1248
1816	G2E3_ENSG00000092140_3820.2	1493	1028	1717	1391	938	2991	1754	2196	1633	2762	1061	2282	4021	2703	2414	2106	2591	2410	2243	2335
1817	G2E3_ENSG00000092140_3821.3	1465	1110	1630	963	1119	2368	1954	1892	2437	2530	1223	1934	3104	2030	1970	1627	3610	1725	1868	1939
1818	G2E3_ENSG00000092140_3822.4	747	342	909	584	125	917	355	809	985	1277	205	934	1408	1242	1264	1189	1261	2178	1189	1121
1819	G2E3_ENSG00000092140_3823.5	878	481	978	989	268	1422	756	1127	1232	955	388	1523	2156	1451	1694	1335	2643	1780	1473	1418
1820	G2E3_ENSG00000092140_3824.6	1109	596	1113	713	622	1574	1242	1260	1745	546	759	1510	2450	1470	1585	1323	2160	752	1557	1891
1821	GADD45A_ENSG00000116717_42632.1	1610	766	1651	729	1900	2600	2502	2067	1338	2715	1894	2372	3627	2598	2181	1878	1873	2049	2105	2351
1822	GADD45A_ENSG00000116717_42633.2	1150	531	1006	422	229	859	561	986	838	513	342	1040	1873	1174	1431	1019	1607	694	1296	1424
1823	GADD45A_ENSG00000116717_42634.3	679	238	538	117	100	627	328	484	417	390	175	786	1231	892	1008	759	483	484	798	829
1824	GADD45A_ENSG00000116717_42635.4	872	134	862	60	838	1140	1071	947	958	968	835	963	1420	826	1009	794	529	1309	880	1020
1825	GADD45B_ENSG00000099860_27485.1	564	232	518	260	64	518	231	513	788	563	165	854	992	776	844	650	895	509	708	806
1826	GADD45B_ENSG00000099860_27486.2	807	333	802	498	373	1348	754	710	1072	242	424	933	1306	1027	907	827	1183	1037	962	925
1827	GADD45B_ENSG00000099860_27488.4	1573	723	1626	835	791	2017	1752	1760	3154	2327	1215	2181	3195	2177	2148	1799	3099	2182	1872	2533
1828	GADD45B_ENSG00000099860_27489.5	921	469	728	225	323	1369	742	1098	1183	869	475	1171	1561	1315	1052	970	2122	308	1085	1216
1829	GADD45B_ENSG00000099860_27490.6	777	833	775	661	89	547	240	514	976	1542	169	1021	1163	942	1013	855	1416	857	1003	916
1830	GATAD2A_ENSG00000167491_191329.1	2451	1167	2627	1418	1765	4384	3004	3017	3653	3600	1918	3189	5932	4581	3550	3196	3779	4560	3409	3030
1831	GATAD2A_ENSG00000167491_191330.2	1568	1153	1735	1113	550	2274	1366	1746	2005	977	841	1857	3389	2491	2163	1942	1868	2235	1782	1912
1832	GATAD2A_ENSG00000167491_191331.3	810	544	786	452	54	893	320	838	1775	1409	133	1667	1537	1309	1521	1285	1832	520	1407	1480
1833	GATAD2A_ENSG00000167491_191332.4	1136	636	1302	502	385	1534	843	1390	2173	2757	569	1797	2075	1583	1684	1409	2009	1016	1668	1706
1834	GATAD2A_ENSG00000167491_191333.5	772	998	685	431	201	833	528	810	984	993	347	950	1652	1008	1032	844	1325	2116	1017	886
1835	GATAD2A_ENSG00000167491_191334.6	864	1031	968	805	236	899	572	735	1380	790	422	1517	1431	895	938	826	2238	504	962	1244
1836	GATAD2B_ENSG00000143614_130350.1	1424	1175	1438	534	289	1866	759	1623	2237	1802	466	2052	3057	2489	2586	2210	2502	3257	2160	2102
1837	GATAD2B_ENSG00000143614_130351.2	1176	792	1273	441	404	1859	1041	1504	2098	1949	593	1751	2181	1943	1766	1667	2354	2625	1680	1756
1838	GATAD2B_ENSG00000143614_130352.3	821	155	908	626	349	1026	629	782	1702	1398	366	1022	1738	1356	1261	1174	815	1473	1121	1160
1839	GATAD2B_ENSG00000143614_130353.4	1183	798	1198	849	363	1881	1190	1620	1728	1753	644	1744	2700	1981	1965	1598	2057	1541	1817	1659
1840	GATAD2B_ENSG00000143614_130354.5	526	246	522	407	157	660	413	537	969	313	317	580	976	685	602	574	1135	696	688	515
1841	GATAD2B_ENSG00000143614_130355.6	1794	2005	1858	2015	324	1575	842	1564	3214	1782	554	1699	2919	2135	2344	2098	3405	2493	2175	2316
1842	GDAP2_ENSG00000196505_91144.1	779	853	710	805	51	320	157	385	703	617	106	778	864	615	1027	820	1355	1740	965	929
1843	GDAP2_ENSG00000196505_91145.2	1431	689	1179	559	531	1397	1227	1281	2358	2522	819	1841	2236	1449	1675	1272	2373	1430	1615	2067
1844	GDAP2_ENSG00000196505_91146.3	775	707	919	357	311	839	685	936	1490	1106	466	1184	1205	990	1140	957	1659	1777	1089	1219
1845	GDAP2_ENSG00000196505_91147.4	749	209	769	627	312	1282	741	995	1122	1398	448	1036	1699	1211	1160	1044	1412	660	1001	970
1846	GDAP2_ENSG00000196505_91148.5	503	489	428	293	55	622	256	509	780	2206	117	1039	1104	976	932	887	709	527	1069	789
1847	GDAP2_ENSG00000196505_91149.6	589	263	584	1049	430	897	801	605	1306	1325	562	889	1262	931	854	653	1014	1001	716	858
1848	GFI1B_ENSG00000165702_190372.3	360	230	468	268	46	413	176	385	518	1005	88	434	828	658	661	634	476	228	673	523
1849	GFI1B_ENSG00000165702_190373.4	933	182	811	603	94	768	348	652	442	1569	223	1406	1441	1084	1301	923	494	653	1059	875
1850	GFI1B_ENSG00000165702_190374.5	859	369	685	153	118	507	358	633	481	1040	224	849	1204	946	995	943	520	1041	995	819
1851	GFI1B_ENSG00000165702_190375.6	439	180	391	77	245	247	413	441	374	312	243	454	577	384	500	395	278	564	446	463
1852	GLI1_ENSG00000111087_78433.1	1007	413	988	698	248	906	878	878	1926	2099	472	1730	1785	966	1309	1008	3243	1354	1258	1463
1853	GLI1_ENSG00000111087_78435.3	987	359	786	864	347	992	816	780	1391	1847	533	1388	1709	1089	1208	849	2236	984	1023	1255
1854	GLI1_ENSG00000111087_78436.4	842	1176	913	1086	75	958	359	980	1783	2163	180	1761	1748	1302	1549	1347	2641	1792	1446	1439
1855	GLI1_ENSG00000111087_78437.5	442	185	453	153	86	440	209	361	577	1587	171	747	787	550	562	494	812	209	574	655
1856	GLI3_ENSG00000106571_143632.1	628	350	504	587	226	1029	679	889	1296	1808	380	1004	1437	935	1140	841	1816	840	1042	1099
1857	GLI3_ENSG00000106571_143633.2	845	192	922	548	425	1420	951	1138	1195	1947	696	1287	2233	1469	1224	1183	1649	1534	1214	1475
1858	GLI3_ENSG00000106571_143634.3	747	388	839	756	461	1065	709	949	1176	1069	520	1261	1683	1139	1023	926	1083	1678	989	1036
1859	GLI3_ENSG00000106571_143635.4	661	181	640	374	146	702	384	716	771	611	211	878	1080	1009	1031	780	1238	444	809	796
1860	GLI3_ENSG00000106571_143636.5	532	303	509	171	202	516	503	407	1305	1838	345	833	727	519	541	485	1117	1015	609	816
1861	GLI3_ENSG00000106571_143637.6	752	916	784	1202	227	771	545	785	1292	2043	396	1410	1605	827	1003	850	2075	433	961	1371
1862	GLYR1_ENSG00000140632_99206.2	523	403	565	332	150	811	437	618	969	1019	265	724	1232	1000	838	684	955	276	673	697
1863	GLYR1_ENSG00000140632_99207.3	837	447	774	676	260	1159	567	832	1483	909	382	1037	1803	1119	1063	909	1611	610	1098	1090
1864	GLYR1_ENSG00000140632_99208.4	1037	187	1104	937	376	1162	936	1098	1773	1481	516	1645	2251	1326	1538	1128	3011	1641	1338	1512
1865	GLYR1_ENSG00000140632_99209.5	1399	980	1626	2008	151	1260	481	1206	2077	3996	332	1967	2737	2005	2448	2079	3228	3176	2297	2295
1866	GLYR1_ENSG00000140632_99210.6	1140	1195	1048	757	484	1416	803	1047	1392	1812	544	1566	2161	1719	1379	1192	1275	1458	1278	1158
1867	GON4L_ENSG00000116580_36966.1	1630	907	1515	414	1348	2782	2142	2218	2583	2603	1543	2209	3420	2680	2094	2128	2884	1678	2101	2176
1868	GON4L_ENSG00000116580_36967.2	1192	220	1068	461	656	1665	1201	1209	1798	1393	758	1473	2317	1588	1466	1288	1672	2207	1359	1420
1869	GON4L_ENSG00000116580_36968.3	1338	628	1188	1246	687	1686	1387	1306	3366	4346	885	1737	2204	1570	1740	1291	3443	1855	1629	1488
1870	GON4L_ENSG00000116580_36969.4	560	297	636	211	81	703	333	496	1232	135	205	968	956	894	806	651	1292	1657	764	715
1871	GON4L_ENSG00000116580_36970.5	1308	394	1151	850	760	1849	1458	1485	1854	2219	922	1570	2465	1884	1656	1465	1897	1287	1594	1574
1872	GON4L_ENSG00000116580_36971.6	959	496	819	617	372	840	918	761	2057	966	685	1159	1326	962	944	872	1590	995	939	1118
1873	GPS2_ENSG00000132522_118366.1	1267	286	1405	416	912	2031	1670	1709	2022	6056	1184	1960	2818	2158	1698	1549	1982	2097	1572	1633
1874	GPS2_ENSG00000132522_118367.2	255	421	261	270	15	100	63	100	291	813	24	283	361	212	373	287	675	165	332	349
1875	GPS2_ENSG00000132522_118368.3	718	845	810	142	415	1006	799	855	2248	929	549	1322	1624	1173	1165	873	1716	2650	1049	1537
1876	GPS2_ENSG00000132522_118369.4	358	311	291	247	130	502	249	440	925	800	112	550	673	652	558	464	1364	1400	476	650
1877	GPS2_ENSG00000132522_118370.5	578	602	755	874	402	807	737	844	1510	2580	518	1207	1474	1015	1077	915	2087	799	965	1395
1878	GPS2_ENSG00000132522_118371.6	1041	1400	979	1054	327	1133	588	1039	2381	3172	495	1456	1865	1546	1347	1131	2944	754	1330	1642
1879	GSG2_ENSG00000177602_131680.2	665	363	615	429	234	808	513	652	884	369	401	787	1061	935	941	745	1209	799	941	695
1880	GSG2_ENSG00000177602_131681.3	368	81	287	349	41	299	86	228	271	767	74	425	513	427	510	419	384	247	501	397
1881	GSG2_ENSG00000177602_131682.4	494	257	556	394	54	512	174	435	784	1053	113	720	904	722	773	603	1073	963	751	649
1882	GSG2_ENSG00000177602_131683.5	1684	1025	1449	335	844	2233	1707	1646	2860	2221	1317	2052	2818	2195	1848	1632	1856	722	1782	1981
1883	GSG2_ENSG00000177602_131684.6	1766	853	1393	699	702	1802	1378	1705	2248	3456	845	1486	2746	1844	1867	1753	2775	978	1664	1774
1884	GTF2A1_ENSG00000165417_108521.1	1409	1289	1386	1185	850	1786	1696	1401	1535	2752	1174	2668	2847	1720	1722	1258	2092	3673	1902	2635
1885	GTF2A1_ENSG00000165417_108522.2	1197	544	1145	359	555	1621	1159	1287	1170	1275	699	1465	2342	2008	1669	1541	2327	2115	1468	1675
1886	GTF2A1_ENSG00000165417_108523.3	730	604	864	540	431	881	856	805	1505	1942	632	1636	1804	834	972	637	1731	1593	967	1875
1887	GTF2A1_ENSG00000165417_108524.4	672	503	683	675	155	969	496	806	940	2615	230	1164	1569	1155	1170	1065	2148	2032	1134	1223
1888	GTF2A1_ENSG00000165417_108526.6	648	179	630	898	324	783	556	637	1417	40260	386	1330	1156	576	836	639	1297	1700	802	1394
1889	GTF2A2_ENSG00000140307_106169.3	463	165	432	802	80	407	238	481	775	1054	127	481	853	475	603	505	670	496	581	440
1890	GTF2A2_ENSG00000140307_106170.4	1046	307	1244	1150	782	1728	1259	1558	1278	266	893	1582	2357	1972	1593	1482	2147	515	1513	1630
1891	GTF2A2_ENSG00000140307_106171.5	293	279	280	81	80	409	263	357	598	941	152	514	570	358	492	390	527	1480	403	527
1892	GTF2A2_ENSG00000140307_106172.6	793	491	828	434	252	1021	912	770	1126	1708	455	1324	1494	954	1133	846	1167	447	918	1249
1893	GTF2B_ENSG00000137947_167903.1	1067	684	1012	1310	588	898	1192	930	1777	3522	769	1718	1478	655	1419	876	1171	1319	1542	1965
1894	GTF2B_ENSG00000137947_167904.2	1079	485	1338	467	386	1446	952	1117	1661	3546	651	1774	2147	1263	1571	1087	1769	2379	1394	1638
1895	GTF2B_ENSG00000137947_167905.3	1269	953	1459	1748	168	1216	648	1312	2492	1094	355	2118	2307	1636	2083	1590	2415	1855	2005	2126
1896	GTF2B_ENSG00000137947_167906.4	779	715	999	610	223	1234	569	1135	1480	1279	317	1528	2143	1537	1644	1319	977	1013	1457	1460
1897	GTF2B_ENSG00000137947_167907.5	1103	1803	1186	757	234	1210	754	1200	1509	1293	416	2282	2026	1534	1557	1371	1860	1227	1677	2061
1898	GTF2B_ENSG00000137947_167908.6	1138	997	1043	482	466	795	1028	977	1584	2295	664	1961	1739	822	1452	1064	2161	1698	1453	1885
1899	GTF2E1_ENSG00000153767_191987.2	710	377	685	628	406	932	732	671	1286	268	489	1264	1178	765	815	638	1528	1463	886	995
1900	GTF2E1_ENSG00000153767_191988.3	509	396	626	364	119	959	438	679	791	480	215	832	1410	1027	891	844	353	984	904	841
1901	GTF2E1_ENSG00000153767_191989.4	1310	807	1348	885	769	2194	1285	1524	1492	2456	829	1752	2743	2138	1996	1748	2025	1935	1768	1915
1902	GTF2E1_ENSG00000153767_191990.5	948	1012	1126	990	365	1411	887	1225	1762	1329	400	1859	2322	1525	1655	1278	2298	516	1553	1538
1903	GTF2E1_ENSG00000153767_191991.6	255	413	301	318	7	204	78	221	411	765	27	476	631	494	743	574	686	508	570	531
1904	GTF2E2_ENSG00000197265_31261.1	1184	615	1294	688	350	1369	657	1190	1647	1443	559	1478	2052	1740	1604	1385	2110	1195	1525	1577
1905	GTF2E2_ENSG00000197265_31262.2	819	247	817	972	417	987	869	854	1498	1140	664	1096	1668	953	1033	758	1842	571	907	1223
1906	GTF2E2_ENSG00000197265_31263.3	661	353	724	880	146	768	354	757	1306	1438	239	1201	1528	990	1317	1157	2515	1048	1124	1318
1907	GTF2E2_ENSG00000197265_31264.4	730	175	765	90	285	1220	759	906	1298	1188	391	1309	1856	1337	1186	998	1605	1071	1129	1139
1908	GTF2E2_ENSG00000197265_31265.5	483	103	537	447	228	930	544	622	861	1065	260	744	1146	913	712	651	635	1334	715	703
1909	GTF2F1_ENSG00000125651_82716.1	1113	576	1068	1139	211	1172	604	1038	2009	3251	373	1602	2053	1544	1670	1355	841	1298	1534	1358
1910	GTF2F1_ENSG00000125651_82717.2	961	502	1007	718	337	1279	954	992	2263	1594	613	1508	2178	1246	1524	1210	1593	1625	1215	1547
1911	GTF2F1_ENSG00000125651_82718.3	1128	888	1197	1329	277	1168	692	1057	1221	2105	405	1645	1880	1428	1386	1190	2010	1538	1414	1698
1912	GTF2F1_ENSG00000125651_82719.4	1656	998	1925	1697	372	1716	926	1764	2923	3805	683	2448	2976	2229	2442	2007	5226	1353	2254	2563
1913	GTF2F1_ENSG00000125651_82720.5	1383	422	1459	626	822	2235	1340	1623	2042	2012	835	1463	2694	2040	1747	1616	1514	853	1531	1741
1914	GTF2F1_ENSG00000125651_82721.6	390	418	363	540	271	753	450	456	548	973	284	570	810	689	595	502	1006	1372	568	590
1915	GTF2F2_ENSG00000188342_889.1	696	613	786	676	113	643	393	566	966	533	210	992	1339	873	1008	668	1307	798	888	902
1916	GTF2F2_ENSG00000188342_890.2	1118	437	1152	782	452	1567	909	1251	1670	1728	659	1463	2472	1754	1708	1300	903	1130	1550	1748
1917	GTF2F2_ENSG00000188342_892.4	1125	380	1064	205	692	1395	1059	1171	2093	1202	769	1359	2235	1467	1510	1133	1789	1002	1440	1351
1918	GTF2F2_ENSG00000188342_894.6	556	494	577	254	251	762	612	733	977	782	340	1097	1436	1062	861	828	1013	1159	918	1207
1919	GTF2H1_ENSG00000110768_35222.1	1838	538	1804	2361	1010	2514	1842	1842	1936	2306	1120	2952	3309	2215	2383	2042	2472	2532	2116	2721
1920	GTF2H1_ENSG00000110768_35223.2	1131	1176	1357	794	280	1743	837	1466	1757	3347	450	2045	3021	2059	2026	1913	1559	3137	1911	1856
1921	GTF2H1_ENSG00000110768_35224.3	532	307	603	160	178	634	372	494	517	1004	241	2286	1063	506	795	522	401	593	753	763
1922	GTF2H1_ENSG00000110768_35225.4	1720	869	1602	1239	945	2575	1949	2068	2897	3606	1235	2793	3694	2809	2481	2030	3493	1494	2222	2622
1923	GTF2H1_ENSG00000110768_35226.5	560	607	549	489	62	597	273	669	671	2703	134	949	1373	967	931	895	1322	251	917	781
1924	GTF2H1_ENSG00000110768_35227.6	368	285	354	382	204	709	426	465	450	400	201	782	1104	647	591	599	854	975	563	664
1925	GTF2H2_ENSG00000145736_134783.1	1090	402	953	930	522	1380	1379	1262	1578	3119	714	1287	2067	1492	1373	1260	1500	1760	1293	1497
1926	GTF2H2_ENSG00000145736_134784.2	782	692	870	668	476	1390	872	1055	1428	1533	516	1213	1694	1144	1273	1032	1709	1141	1151	1320
1927	GTF2H2_ENSG00000145736_134786.4	859	467	765	104	734	1079	1109	770	1394	234	845	1358	1453	849	1015	962	1794	2405	945	1409
1928	GTF2H2_ENSG00000145736_134787.5	973	221	909	652	138	924	682	878	2313	1337	348	1375	1761	966	1388	964	3031	3835	1336	1430
1929	GTF2H2_ENSG00000145736_134788.6	764	175	717	581	159	722	554	726	899	1396	300	1391	1406	833	1048	780	791	1409	1034	1277
1930	GTF2H3_ENSG00000111358_91.1	1626	943	1660	759	778	2241	1566	1722	2416	3901	856	2476	3508	2311	2250	2019	2390	3589	2077	2309
1931	GTF2H3_ENSG00000111358_92.2	1602	630	1734	1484	480	1934	1464	1696	2738	3027	817	2418	2858	1977	2192	1617	3351	1247	2027	2210
1932	GTF2H3_ENSG00000111358_93.3	611	382	651	572	159	816	558	774	727	518	287	868	1561	1043	1058	922	1524	1789	935	1033
1933	GTF2H3_ENSG00000111358_94.4	1766	707	1800	1137	1585	3305	2342	2386	1898	1124	1948	2076	3561	2794	2149	2008	2070	1283	2025	2093
1934	GTF2H4_ENSG00000213780_113410.1	1211	425	1285	1030	614	1411	1260	1315	2029	1554	674	1869	2512	1842	1783	1346	2323	1181	1573	1907
1935	GTF2H4_ENSG00000213780_113411.2	459	343	402	150	69	335	183	383	659	1118	118	617	669	403	603	394	853	1117	552	663
1936	GTF2H4_ENSG00000213780_113412.3	716	751	752	236	161	795	497	894	1239	2951	274	1025	1578	1089	1093	912	1444	1004	1038	1158
1937	GTF2H4_ENSG00000213780_113413.4	933	146	993	661	612	899	1102	1033	1553	1261	773	1539	1768	1171	1246	948	2894	989	1191	1297
1938	GTF2H4_ENSG00000213780_113414.5	523	83	455	169	69	346	250	434	759	1250	138	615	781	548	649	567	963	286	596	766
1939	GTF2H4_ENSG00000213780_113415.6	791	300	790	577	136	861	467	790	1245	923	228	1154	1380	1172	1229	932	1796	205	1071	1385
1940	GTF2H5_ENSG00000272047_108231.1	834	144	675	639	231	858	457	703	1502	1860	252	954	1428	916	940	871	1063	294	973	1213
1941	GTF2H5_ENSG00000272047_108232.2	1354	1067	1569	1227	440	1566	1215	1332	3385	2671	613	2238	2830	1752	1983	1885	4355	3667	2065	2397
1942	GTF2H5_ENSG00000272047_108234.4	1149	902	1385	6125	203	1446	614	1404	2767	5105	403	1995	2793	1909	2042	1621	3777	2478	1935	2099
1943	GTF2H5_ENSG00000272047_108235.5	561	592	558	156	64	463	187	472	750	2729	128	666	915	718	800	693	1298	773	768	692
1944	GTF2H5_ENSG00000272047_108236.6	816	463	816	734	262	1008	660	761	2055	1813	356	1236	1449	1099	1099	1025	1805	2348	1043	1126
1945	GTF3C4_ENSG00000125484_127980.1	1059	314	1002	603	173	1043	565	843	1275	1147	318	1374	1740	1164	1463	1115	1294	710	1281	1192
1946	GTF3C4_ENSG00000125484_127981.2	438	96	544	171	193	577	440	505	791	507	285	538	898	572	631	481	784	1319	590	449
1947	GTF3C4_ENSG00000125484_127983.4	469	591	492	648	60	571	226	523	406	262	146	728	985	724	778	680	1360	782	874	699
1948	GTF3C4_ENSG00000125484_127985.6	975	54	1002	618	431	1087	958	1055	1090	2688	587	1220	1737	1055	1152	967	1527	866	1190	1275
1949	GTF3C5_ENSG00000148308_53888.1	1631	742	1716	248	949	1953	1684	1551	1591	2123	1369	1960	2621	2167	1996	1547	2896	2543	1850	1931
1950	GTF3C5_ENSG00000148308_53890.3	1754	2090	1995	1080	1476	2347	2135	1952	2613	2291	1735	2052	3178	2498	2134	1846	1674	2182	2034	1997
1951	GTF3C5_ENSG00000148308_53891.4	756	540	759	290	45	588	285	577	891	1068	185	758	1066	798	1018	806	1102	2239	923	857
1952	GTF3C5_ENSG00000148308_53893.6	1561	909	1887	1045	1183	2865	1882	1818	2053	460	1428	2106	3478	2622	2155	2083	1955	1166	2024	2176
1953	H1F0_ENSG00000189060_117798.1	807	170	748	212	335	1060	688	831	633	1404	465	971	1354	1033	946	817	1005	1637	975	1112
1954	H1F0_ENSG00000189060_117800.3	835	148	832	236	194	1121	592	808	1151	742	372	978	1533	1195	1195	1078	1587	630	1005	1271
1955	H1F0_ENSG00000189060_117801.4	799	961	867	541	93	711	312	602	737	698	211	941	1367	1077	1119	1102	693	2722	1056	1026
1956	H1F0_ENSG00000189060_117802.5	1029	846	1019	712	339	1450	951	1177	1616	1168	536	1754	2347	1449	1539	1269	1387	1476	1384	1561
1957	H1F0_ENSG00000189060_117803.6	1591	1092	1891	1978	1065	2299	1613	1802	2445	3485	1233	2962	3055	2418	2153	1909	3109	782	1988	2259
1958	H1FOO_ENSG00000178804_103283.1	782	381	942	1040	295	992	656	815	1539	804	412	1151	1406	1154	1201	1000	1447	689	1114	1148
1959	H1FOO_ENSG00000178804_103284.2	759	192	765	412	171	643	436	676	1020	1171	248	1021	1361	960	1009	857	1384	593	930	1242
1960	H1FOO_ENSG00000178804_103285.3	1285	1094	1386	970	372	1702	924	1386	1878	3105	553	1614	2618	1852	1805	1463	2122	1983	1580	1747
1961	H1FOO_ENSG00000178804_103286.4	744	545	791	352	89	677	315	633	1096	744	229	961	1174	1054	919	800	989	1505	961	888
1962	H1FOO_ENSG00000178804_103287.5	662	503	689	400	247	845	606	838	964	1615	382	1462	1361	1062	957	859	1658	293	849	1017
1963	H1FX_ENSG00000184897_102453.1	820	219	843	515	465	1022	756	931	1054	816	544	954	1414	1130	882	856	880	321	880	882
1964	H1FX_ENSG00000184897_102454.2	1162	597	1318	1614	368	1402	854	1344	2002	1752	440	1811	2748	1820	1789	1570	2209	414	1623	1794
1965	H1FX_ENSG00000184897_102455.3	1739	1659	1896	2807	579	2461	1421	2232	2599	4505	847	2706	3901	2927	2802	2452	3218	3163	2627	3326
1966	H1FX_ENSG00000184897_102456.4	752	769	799	175	287	868	633	819	1056	1092	445	1040	1434	1135	972	893	1188	1283	854	1013
1967	H1FX_ENSG00000184897_102457.5	491	185	531	132	98	532	282	505	882	1317	197	681	1018	715	822	537	958	756	678	618
1968	H1FX_ENSG00000184897_102458.6	1278	248	1236	303	492	1339	1003	1175	1340	2096	732	1349	2071	1587	1569	1140	2476	1644	1514	1499
1969	H2AFJ_ENSG00000246705_99225.1	940	1035	1036	1024	364	1555	1008	1235	3093	3148	615	1729	2005	1606	1492	1318	2894	2652	1359	1839
1970	H2AFJ_ENSG00000246705_99226.2	275	4	275	282	65	308	192	290	433	545	91	422	520	359	342	361	327	670	362	526
1971	H2AFJ_ENSG00000246705_99228.4	509	161	526	487	115	392	230	388	798	676	136	756	820	606	545	548	926	970	533	710
1972	H2AFJ_ENSG00000246705_99229.5	612	367	582	461	121	317	409	516	1237	357	230	1092	771	407	734	509	2314	1664	695	928
1973	H2AFJ_ENSG00000246705_99230.6	1197	1199	1184	929	389	781	928	840	2984	2071	667	1588	1359	928	1200	935	2498	1748	1218	1581
1974	H2AFV_ENSG00000105968_71204.3	422	102	564	427	241	839	766	883	787	251	368	658	1077	783	656	621	694	823	629	740
1975	H2AFV_ENSG00000105968_71205.4	672	198	796	273	460	811	746	657	1346	1554	457	982	1260	824	1005	761	1514	1982	900	1076
1976	H2AFV_ENSG00000105968_71206.5	1416	899	1411	990	807	1672	1355	1510	1710	1964	986	1799	2431	1631	1510	1554	2316	1737	1562	1904
1977	H2AFX_ENSG00000188486_75061.1	710	151	713	266	180	787	471	691	739	1172	257	733	1084	1025	947	704	690	1536	878	814
1978	H2AFX_ENSG00000188486_75062.2	547	291	558	339	228	632	430	435	1006	531	318	827	930	681	607	583	505	782	629	502
1979	H2AFX_ENSG00000188486_75063.3	490	547	571	494	49	390	239	344	640	1071	168	843	686	620	658	591	720	2024	636	640
1980	H2AFX_ENSG00000188486_75064.4	855	496	724	402	151	895	443	757	1044	1743	268	954	1358	1028	1352	888	976	778	1063	967
1981	H2AFX_ENSG00000188486_75065.5	1108	534	1034	788	161	1151	504	919	2015	1750	345	1351	1870	1356	1450	1258	1676	1309	1508	1431
1982	H2AFX_ENSG00000188486_75066.6	518	194	455	360	82	393	306	463	713	815	186	632	725	598	620	504	621	1423	654	686
1983	H2AFY_ENSG00000113648_28208.1	199	340	158	256	32	97	118	143	221	563	64	183	307	228	248	189	230	606	213	259
1984	H2AFY_ENSG00000113648_28209.2	1494	595	1783	1276	1102	2826	1893	2081	2118	655	1297	2257	3563	2686	2330	2114	2576	2095	2181	2085
1985	H2AFY_ENSG00000113648_28210.3	317	365	293	275	28	329	104	243	355	495	78	359	527	381	462	334	529	671	363	341
1986	H2AFY_ENSG00000113648_28211.4	969	572	960	521	121	917	424	841	1516	2153	226	1347	1618	1207	1417	1066	1560	1415	1361	1222
1987	H2AFY_ENSG00000113648_28212.5	1278	262	1194	419	428	1607	931	1374	2095	1540	637	1536	2326	1918	1812	1639	1489	1607	1501	1575
1988	H2AFY_ENSG00000113648_28213.6	1585	988	1798	1239	1036	2790	1953	1780	2332	2847	1278	2444	3533	2288	2075	2130	1646	2682	2083	2129
1989	H2AFY2_ENSG00000099284_77973.1	1499	703	1436	1473	623	1328	1295	1314	1701	2817	1027	2409	2382	1384	1513	1139	2426	2157	1578	1878
1990	H2AFY2_ENSG00000099284_77974.2	629	490	756	214	127	551	449	553	1084	1225	325	974	830	623	829	498	1407	1024	778	1007
1991	H2AFY2_ENSG00000099284_77975.3	1723	820	1836	376	727	1825	1690	1442	2456	1039	1266	2261	2477	1373	2027	1405	3051	1394	1708	2115
1992	H2AFY2_ENSG00000099284_77976.4	1857	1338	1888	1121	1296	2686	1950	2109	2877	3238	1442	2553	3740	2659	2272	2089	2754	1212	2308	2153
1993	H2AFY2_ENSG00000099284_77978.6	980	396	824	598	154	653	404	805	1731	1365	267	1467	1448	785	1258	987	1389	1055	1307	1420
1994	H2AFZ_ENSG00000164032_31171.1	1397	1192	1423	1093	409	1149	1241	1129	2492	2498	804	2043	1760	1055	1473	1138	4410	3390	1463	1785
1995	H2AFZ_ENSG00000164032_31172.2	587	419	511	390	264	870	712	616	1216	419	439	826	905	765	742	575	1567	1509	708	1022
1996	H2AFZ_ENSG00000164032_31173.3	747	279	804	613	866	1135	1015	801	1124	812	685	923	1425	1237	992	799	1153	1433	876	1109
1997	H2AFZ_ENSG00000164032_31174.4	885	536	802	410	267	826	700	824	2004	1666	476	1384	1400	819	1175	838	1823	417	1058	1256
1998	H2AFZ_ENSG00000164032_31175.5	208	150	263	221	26	208	101	260	339	252	57	324	443	225	267	262	216	539	302	292
1999	H2BFM_ENSG00000101812_91923.1	3261	1875	3216	1678	2753	5307	4149	3918	5598	1879	3283	4438	6510	4620	3782	3464	3016	3871	3735	4385
2000	H2BFM_ENSG00000101812_91924.2	1973	1028	2023	1127	1636	3510	2588	2269	2289	3007	1774	2296	4282	3213	2642	2284	2155	3155	2295	2399
2001	H2BFM_ENSG00000101812_91925.3	1514	931	1444	923	508	2048	1110	1551	1988	3086	730	1739	2921	2161	2082	1833	3024	1772	1938	2220
2002	H2BFM_ENSG00000101812_91926.4	189	438	202	499	4	41	24	64	35	850	5	136	184	137	353	270	301	707	301	174
2003	H2BFM_ENSG00000101812_91927.5	539	92	519	527	378	710	641	643	795	270	460	572	1086	891	735	677	481	269	708	675
2004	H2BFM_ENSG00000101812_91928.6	374	283	410	595	128	532	333	479	753	504	237	508	705	524	504	413	1109	1564	446	411
2005	H2BFWT_ENSG00000123569_31421.1	1198	304	1109	538	879	1666	1456	1405	2086	1847	808	1505	2610	1712	1746	1518	1294	1389	1617	1696
2006	H2BFWT_ENSG00000123569_31422.2	530	346	538	249	88	530	196	476	437	1224	122	792	980	893	797	769	952	489	726	691
2007	H2BFWT_ENSG00000123569_31423.3	470	246	379	45	76	380	224	406	619	241	104	674	780	561	767	626	1375	1801	676	792
2008	H2BFWT_ENSG00000123569_31424.4	766	672	811	524	187	911	505	713	906	1842	282	1144	1592	1095	1103	917	1026	828	1047	932
2009	H2BFWT_ENSG00000123569_31426.6	1175	376	1138	913	293	1449	852	1030	1407	1391	570	1434	1941	1694	1355	1206	1448	795	1370	1493
2010	H3F3B_ENSG00000132475_171968.1	305	165	318	244	16	110	46	159	278	765	26	376	391	291	503	409	514	369	394	345
2011	H3F3B_ENSG00000132475_171970.3	755	799	728	852	51	592	234	717	1065	8883	87	1079	1466	956	1393	1131	2792	1053	1223	1301
2012	H3F3B_ENSG00000132475_171971.4	572	292	565	489	54	521	247	476	531	455	153	724	808	611	843	682	952	152	769	659
2013	H3F3B_ENSG00000132475_171973.6	932	843	1132	685	188	947	758	850	1833	868	411	1375	1606	1118	1596	1084	1584	1254	1278	1391
2014	HAT1_ENSG00000128708_164089.1	186	236	229	353	22	174	61	202	438	1112	31	353	417	387	434	378	695	248	432	350
2015	HAT1_ENSG00000128708_164090.2	511	462	569	473	185	932	534	800	648	755	289	641	1313	915	692	676	529	1380	762	719
2016	HAT1_ENSG00000128708_164091.3	1370	1068	1602	1052	248	1489	738	1416	1838	851	482	2074	2690	2028	2143	1858	2476	2868	2060	2281
2017	HAT1_ENSG00000128708_164092.4	1759	1082	1831	954	724	2877	1462	2231	2767	4390	1032	2576	3872	3304	2790	2487	2582	2974	2591	2734
2018	HAT1_ENSG00000128708_164093.5	377	84	344	141	130	375	333	475	324	156	189	444	743	457	540	406	168	318	517	441
2019	HCFC1_ENSG00000172534_43726.1	1714	1086	1797	742	633	2153	1400	1943	3972	2578	883	2737	3455	2157	2307	1747	2801	2644	2318	2315
2020	HCFC1_ENSG00000172534_43727.2	1847	1335	1580	1812	1022	2370	2034	2124	3675	3224	1392	2838	3466	2047	2443	1878	3639	1301	2195	2804
2021	HCFC1_ENSG00000172534_43728.3	613	790	748	345	320	921	549	601	801	1667	329	1023	1387	1196	1029	910	1473	534	944	1010
2022	HCFC1_ENSG00000172534_43729.4	661	475	685	608	413	1036	726	787	1082	376	418	1041	1341	904	855	684	1338	577	876	1137
2023	HCFC1_ENSG00000172534_43730.5	1169	744	1022	1236	430	1915	984	1339	1521	1999	560	1745	2470	2015	1836	1607	1854	1973	1702	1863
2024	HDAC1_ENSG00000116478_138287.2	386	75	419	74	88	331	314	371	251	2079	170	542	700	427	632	480	583	693	591	572
2025	HDAC1_ENSG00000116478_138288.3	269	122	272	420	37	312	166	243	463	1179	101	345	586	250	374	243	579	797	280	282
2026	HDAC1_ENSG00000116478_138289.4	477	83	489	249	127	519	452	532	777	829	230	650	935	598	777	514	896	78	644	618
2027	HDAC1_ENSG00000116478_138290.5	525	707	660	602	108	747	397	757	873	935	137	953	1310	1177	1036	966	998	1181	1056	966
2028	HDAC1_ENSG00000116478_138291.6	581	276	689	726	364	1013	729	940	679	800	594	717	1129	859	792	624	321	307	643	762
2029	HDAC10_ENSG00000100429_115207.1	601	433	707	465	157	746	329	606	591	1075	249	639	1129	879	949	860	755	501	786	838
2030	HDAC10_ENSG00000100429_115208.2	292	110	375	175	68	271	126	272	365	562	105	412	552	412	397	345	106	949	471	377
2031	HDAC10_ENSG00000100429_115209.3	600	398	638	434	784	921	710	590	1087	723	603	751	1642	773	835	722	1362	1309	758	1013
2032	HDAC10_ENSG00000100429_115211.5	797	684	966	107	427	1307	811	982	1249	1289	507	1103	1561	1337	1158	1058	1019	849	968	1146
2033	HDAC10_ENSG00000100429_115212.6	619	136	711	379	270	1010	616	629	1057	1209	448	786	1309	1076	922	835	1556	1968	815	792
2034	HDAC11_ENSG00000163517_109900.1	1043	411	1292	922	813	1692	1299	1360	2004	771	823	1509	2113	1638	1378	1140	2084	1381	1342	1660
2035	HDAC11_ENSG00000163517_109902.3	1093	948	1183	483	737	1390	1184	1253	1760	1690	880	1459	1973	1146	1288	1016	2828	777	1093	1622
2036	HDAC11_ENSG00000163517_109903.4	1131	301	1183	554	360	1131	696	1039	1802	2976	515	1444	1748	1267	1536	1093	2047	1906	1320	1684
2037	HDAC11_ENSG00000163517_109904.5	2130	1211	2091	1331	1378	3043	2145	2571	2407	2768	1648	2322	4108	2739	2557	2247	2740	2724	2213	2527
2038	HDAC2_ENSG00000196591_3689.1	371	373	358	69	47	410	212	441	527	651	98	456	710	712	683	475	756	907	595	563
2039	HDAC2_ENSG00000196591_3690.2	180	160	234	446	11	247	106	254	350	919	44	348	521	393	419	388	776	242	362	387
2040	HDAC2_ENSG00000196591_3691.3	371	88	301	176	120	439	289	389	485	261	201	521	751	465	511	367	301	281	407	384
2041	HDAC2_ENSG00000196591_3692.4	1114	631	1113	703	592	1816	1267	1598	1118	3427	771	1658	2227	1733	1592	1423	1160	2572	1718	1544
2042	HDAC2_ENSG00000196591_3693.5	741	522	721	296	393	1090	632	888	1164	2290	410	1012	1361	1437	1081	944	1475	2551	1118	1037
2043	HDAC3_ENSG00000171720_161760.1	414	267	326	404	118	389	204	314	698	1252	118	455	717	518	508	401	418	292	461	517
2044	HDAC3_ENSG00000171720_161762.3	630	609	560	856	244	758	589	679	994	1067	351	949	1184	929	845	753	1598	769	862	836
2045	HDAC3_ENSG00000171720_161763.4	1661	1051	1597	972	2443	3090	2637	1977	2762	2268	2024	1942	3418	2463	1909	1913	2193	1628	1832	1955
2046	HDAC3_ENSG00000171720_161764.5	1179	298	1089	652	423	1572	1028	1150	2061	2740	565	1458	2188	1619	1432	1296	2265	1744	1508	1702
2047	HDAC3_ENSG00000171720_161765.6	1436	1364	1265	1093	632	1636	1453	1477	2818	3566	939	1898	3046	1854	2084	1416	3258	2982	1940	2105
2048	HDAC4_ENSG00000068024_14472.1	668	82	730	754	141	817	473	795	653	1012	272	862	1300	996	1040	814	728	265	1017	862
2049	HDAC4_ENSG00000068024_14473.2	1278	260	1327	1018	773	1881	1616	1584	1605	1263	1199	1510	2371	1914	1555	1527	1465	208	1304	1496
2050	HDAC4_ENSG00000068024_14475.4	1168	314	1117	678	413	1326	937	1180	1397	755	516	1542	1923	1421	1539	1153	2091	1090	1435	1338
2051	HDAC4_ENSG00000068024_14476.5	631	452	731	783	378	857	689	705	692	2390	506	965	1321	883	952	877	1142	325	822	897
2052	HDAC4_ENSG00000068024_14477.6	947	370	1013	988	142	807	420	795	1576	2494	218	1262	1660	1150	1377	1129	1965	418	1219	1288
2053	HDAC5_ENSG00000108840_64028.1	1259	342	1469	854	371	1752	1059	1608	2467	1732	597	1953	2739	1844	1990	1667	3049	2029	1850	1935
2054	HDAC5_ENSG00000108840_64029.2	1520	488	1573	1345	763	1904	1466	1729	2725	2307	1067	2044	2452	2197	1823	1696	2459	3617	1858	2084
2055	HDAC5_ENSG00000108840_64030.3	291	231	342	490	85	336	217	299	411	886	129	474	584	450	453	358	654	967	469	525
2056	HDAC5_ENSG00000108840_64031.4	330	94	424	319	172	436	275	404	479	866	222	410	735	407	537	370	551	227	430	385
2057	HDAC5_ENSG00000108840_64032.5	516	265	535	576	152	660	435	628	792	144	317	614	1075	763	732	581	611	279	637	602
2058	HDAC5_ENSG00000108840_64033.6	701	346	697	733	373	914	579	770	959	299	367	1079	1342	935	1052	786	1659	271	892	1213
2059	HDAC6_ENSG00000094631_189909.1	662	242	579	377	73	413	314	527	537	1748	116	478	645	542	767	528	482	262	650	597
2060	HDAC6_ENSG00000094631_189911.3	513	320	441	285	18	320	179	329	159	434	81	527	652	464	653	498	249	612	539	516
2061	HDAC6_ENSG00000094631_189912.4	1623	930	1489	526	276	1423	1048	1518	1407	3202	512	1597	2405	1565	2072	1669	1139	1289	1804	1659
2062	HDAC6_ENSG00000094631_189913.5	1109	556	1111	877	180	718	574	915	970	1012	371	1132	1472	987	1287	938	1613	326	1240	987
2063	HDAC6_ENSG00000094631_189914.6	1364	361	1368	246	582	1261	1299	1224	873	2145	763	937	1660	1104	1327	978	1037	1034	1235	1009
2064	HDAC7_ENSG00000061273_64159.2	587	244	551	619	70	377	181	406	618	946	108	687	893	649	1035	661	869	703	767	721
2065	HDAC7_ENSG00000061273_64160.3	824	359	748	835	117	623	267	633	470	1182	169	801	1286	1000	1103	927	1623	841	997	1048
2066	HDAC7_ENSG00000061273_64161.4	96	270	103	93	2	63	35	102	132	590	22	151	133	113	129	100	240	488	142	101
2067	HDAC7_ENSG00000061273_64163.6	860	684	949	861	261	1105	515	939	1216	640	312	1036	1899	1327	1329	1133	876	658	1153	1059
2068	HDAC8_ENSG00000147099_60150.1	830	584	932	686	305	807	684	883	1259	292	381	1152	1610	1285	1215	991	1489	1336	1137	1137
2069	HDAC8_ENSG00000147099_60151.2	384	451	481	216	103	641	434	521	682	721	196	880	1115	765	837	659	1137	304	721	747
2070	HDAC8_ENSG00000147099_60153.4	648	118	617	371	148	651	497	606	1107	459	309	816	1088	826	888	770	1116	531	858	841
2071	HDAC8_ENSG00000147099_60154.5	2339	1046	2402	1150	1767	3530	2844	2681	3736	2583	2195	2909	4662	3204	3007	2436	4472	3163	2588	2959
2072	HDAC8_ENSG00000147099_60155.6	1766	737	1696	611	793	2911	1542	2028	2543	1917	1232	2317	3302	2643	2428	2213	1597	1962	2150	2300
2073	HDAC9_ENSG00000048052_166412.2	2473	1006	2693	1491	1884	3894	3031	2805	3915	3459	2473	3399	4845	3611	3108	2620	3261	3169	2748	3336
2074	HDAC9_ENSG00000048052_166413.3	1252	1135	1296	998	407	2014	1031	1480	1713	2165	611	1739	2443	1842	1654	1500	2654	848	1554	1465
2075	HDAC9_ENSG00000048052_166414.4	893	716	903	678	337	1466	715	940	1302	1013	447	1148	1754	1637	1299	1226	1103	1937	1338	1256
2076	HDAC9_ENSG00000048052_166415.5	603	447	700	389	257	942	777	706	907	3685	409	974	1384	916	996	723	1790	1223	798	956
2077	HDAC9_ENSG00000048052_166416.6	613	563	672	886	53	686	196	568	1356	3193	83	1147	1219	1053	1279	1081	1905	1881	1138	1092
2078	HDGF_ENSG00000143321_101705.1	1910	1476	2026	1720	668	2522	1526	2099	2119	2465	1020	2788	4006	3025	2652	2285	3133	1619	2448	2684
2079	HDGF_ENSG00000143321_101706.2	1285	1058	1286	977	68	1347	441	1494	2493	2391	208	2463	2739	2311	2674	2274	4581	3000	2573	2616
2080	HDGF_ENSG00000143321_101707.3	713	547	791	557	350	1008	682	687	1166	1425	380	1047	1501	1070	938	793	1277	514	892	1126
2081	HDGF_ENSG00000143321_101708.4	933	507	967	957	354	1186	940	990	1685	1971	568	1315	1881	1262	1371	1149	1662	961	1272	1367
2082	HDGF_ENSG00000143321_101709.5	770	436	749	321	540	950	870	791	1386	2136	574	1032	1247	1014	826	706	1431	1224	770	763
2083	HDGF_ENSG00000143321_101710.6	585	434	581	424	89	592	263	513	730	104	125	671	1006	778	821	693	1229	2345	706	899
2084	HDGFL1_ENSG00000112273_137516.1	873	501	1113	721	574	1312	1291	968	1118	773	918	1431	1502	1089	1163	915	1438	862	1119	1260
2085	HDGFL1_ENSG00000112273_137517.2	641	575	683	526	62	743	211	692	813	1109	97	1119	1347	1065	1178	1084	1597	861	1252	972
2086	HDGFL1_ENSG00000112273_137519.4	877	1090	961	663	126	770	377	783	1246	1962	226	1242	1224	832	994	938	1524	1302	951	1149
2087	HDGFRP2_ENSG00000167674_130859.1	444	510	460	263	141	599	425	434	334	264	293	575	714	627	633	496	1292	1527	498	515
2088	HDGFRP2_ENSG00000167674_130860.2	113	142	139	133	23	127	58	146	260	179	39	251	203	170	213	152	474	1061	141	198
2089	HDGFRP2_ENSG00000167674_130861.3	897	1000	955	762	410	1145	759	961	1546	878	534	1191	1521	887	1035	901	1866	1878	1070	1286
2090	HDGFRP2_ENSG00000167674_130862.4	1025	905	976	79	1558	1784	1683	1032	1128	1568	1270	1423	1890	1208	1178	926	1799	1726	1171	1173
2091	HDGFRP2_ENSG00000167674_130863.5	914	476	1051	711	165	1047	376	976	1108	2982	283	1350	2109	1567	1613	1367	1272	2417	1270	1396
2092	HDGFRP2_ENSG00000167674_130864.6	393	144	387	147	90	379	287	301	662	466	174	425	469	444	418	305	1172	490	309	460
2093	HDGFRP3_ENSG00000166503_22325.2	983	493	1040	762	443	1371	1094	1211	1720	1212	593	1489	2161	1500	1471	1218	1480	904	1362	1351
2094	HDGFRP3_ENSG00000166503_22326.3	454	550	485	427	33	423	154	406	591	1316	94	813	881	806	816	729	821	1154	799	792
2095	HDGFRP3_ENSG00000166503_22328.5	759	174	941	495	117	879	482	895	1359	2481	294	1204	1813	1252	1376	1089	1984	2278	1272	1226
2096	HELLS_ENSG00000119969_12375.1	705	952	799	1011	277	1044	519	682	1233	1321	349	944	1452	1064	1005	844	1284	1339	897	1067
2097	HELLS_ENSG00000119969_12377.3	636	617	715	724	150	832	555	669	1346	1922	297	1276	1546	945	1131	944	1266	2061	1061	1119
2098	HELLS_ENSG00000119969_12378.4	879	623	968	719	443	1039	898	806	1142	1822	503	1241	1698	1082	1046	817	1653	1294	1169	1199
2099	HELLS_ENSG00000119969_12379.5	476	700	551	490	139	695	330	570	732	501	215	816	1302	918	936	737	622	847	866	831
2100	HELLS_ENSG00000119969_12380.6	1049	674	1296	1056	676	2077	1358	1363	2038	2631	872	1996	2788	1974	1899	1546	3252	1244	1860	1615
2101	HELQ_ENSG00000163312_14572.1	484	267	531	330	67	419	233	427	996	987	93	733	882	590	752	524	976	1036	699	732
2102	HELQ_ENSG00000163312_14573.2	1281	435	1224	649	513	1361	1022	1210	1913	673	716	1683	2057	1512	1501	1266	1831	1144	1391	1560
2103	HELQ_ENSG00000163312_14574.3	743	340	718	796	422	1236	812	849	1016	423	583	1278	1404	1211	1046	938	1489	628	985	1227
2104	HELQ_ENSG00000163312_14575.4	2391	1329	2265	1733	1658	3057	2814	2267	3847	3065	1772	3179	4108	2793	2896	2302	5044	2964	2616	3009
2105	HELQ_ENSG00000163312_14576.5	1884	878	1950	725	1298	2690	2050	2004	3479	2023	1555	2463	3709	2861	2354	2080	2685	3001	2211	2421
2106	HELQ_ENSG00000163312_14577.6	946	601	831	547	514	1212	951	1184	1749	2162	643	1554	1770	1265	1326	1013	2496	1806	1204	1317
2107	HEXIM1_ENSG00000186834_159994.1	576	5918	546	576	79	576	242	532	1006	1737	177	407	1023	722	785	591	770	1030	730	667
2108	HEXIM1_ENSG00000186834_159995.2	1480	1663	1567	1239	562	1560	1318	1335	2003	2468	716	1185	2888	1708	1862	1433	3007	2804	1700	1627
2109	HEXIM1_ENSG00000186834_159996.3	755	541	751	609	337	908	739	708	1255	1276	400	682	1481	928	998	691	1792	240	870	707
2110	HEXIM1_ENSG00000186834_159997.4	986	850	768	571	282	953	818	712	2263	2275	406	848	1949	1074	1204	844	1426	1655	1031	1038
2111	HEXIM1_ENSG00000186834_159998.5	324	561	392	120	78	298	234	327	721	1359	132	343	564	398	553	337	975	534	379	318
2112	HEXIM1_ENSG00000186834_159999.6	956	1016	986	348	375	1413	871	1107	1636	1158	446	1256	2076	1530	1415	1257	2196	788	1267	1184
2113	HEXIM2_ENSG00000168517_46711.1	644	473	748	724	67	579	252	616	1174	1145	163	867	1103	760	985	804	1314	1536	1010	793
2114	HEXIM2_ENSG00000168517_46713.3	1537	881	1400	1322	901	1833	1535	1705	3279	2125	1001	1649	2446	1612	1759	1527	3153	1725	1665	1825
2115	HEXIM2_ENSG00000168517_46714.4	755	481	751	840	337	978	617	762	1886	2288	385	1085	1537	997	1089	887	2090	1792	920	1072
2116	HEXIM2_ENSG00000168517_46715.5	808	435	857	514	135	905	341	850	685	273	202	1106	1518	1259	1257	1031	1622	3793	1248	1086
2117	HEXIM2_ENSG00000168517_46716.6	1044	385	1306	882	535	1474	953	1157	2252	773	691	1318	1980	1648	1324	1221	1964	1645	1328	1331
2118	HFM1_ENSG00000162669_43053.1	1082	870	1181	1307	462	1333	858	1220	1525	1974	644	1749	2369	1562	1707	1358	2243	669	1534	1797
2119	HFM1_ENSG00000162669_43055.3	689	165	771	425	273	1435	750	951	1311	1018	392	948	1677	1400	1206	1158	1540	934	1181	1202
2120	HFM1_ENSG00000162669_43056.4	1516	641	1523	641	595	1941	1242	1765	2923	5063	945	2414	2983	2047	2076	2049	2755	1865	2119	2353
2121	HFM1_ENSG00000162669_43057.5	823	667	928	626	217	958	460	950	1198	1735	340	1166	1271	1140	1130	1040	1616	1201	1065	1172
2122	HFM1_ENSG00000162669_43058.6	738	791	902	643	203	1139	450	1054	1567	2954	288	1396	2117	1792	1505	1425	1822	1830	1335	1415
2123	HIF1AN_ENSG00000166135_197751.2	885	734	877	690	289	1191	561	1127	1332	2318	404	1347	1955	1310	1318	1168	1427	1296	1300	1353
2124	HIF1AN_ENSG00000166135_197752.3	814	445	941	62	219	919	447	873	711	1398	307	1085	1468	1197	1195	1069	2130	775	1246	1212
2125	HIF1AN_ENSG00000166135_197755.6	930	541	881	964	217	830	452	784	1215	1670	312	1038	1437	1022	1119	882	1472	1122	1139	1020
2126	HINFP_ENSG00000172273_88061.2	849	182	697	92	256	472	728	522	1376	765	575	1421	947	468	818	464	1223	1227	1040	1166
2127	HINFP_ENSG00000172273_88062.3	972	474	887	683	159	563	536	736	1372	2576	334	1423	1281	742	1001	791	1488	317	1138	1356
2128	HINFP_ENSG00000172273_88063.4	1059	496	913	237	253	641	751	836	1812	2923	472	2181	1427	690	1386	803	2119	3066	1445	1848
2129	HINFP_ENSG00000172273_88064.5	1278	776	1362	1255	88	477	385	630	1210	1489	285	1704	1478	843	1712	1119	2447	1210	1704	1555
2130	HINFP_ENSG00000172273_88065.6	664	323	587	204	216	300	481	401	1001	2016	350	1123	796	244	753	400	1101	1598	800	1081
2131	HIRA_ENSG00000100084_161292.2	344	43	277	79	91	311	225	298	583	788	138	492	568	422	420	347	338	770	358	451
2132	HIRA_ENSG00000100084_161293.3	412	149	282	50	193	333	316	264	418	240	223	635	541	227	374	273	556	307	336	382
2133	HIRA_ENSG00000100084_161294.4	850	316	894	347	558	1087	805	827	1144	297	584	1073	1575	987	1070	811	769	546	943	959
2134	HIRA_ENSG00000100084_161295.5	1023	930	716	822	564	685	905	744	1391	2690	632	1348	1664	609	1072	648	1868	2325	984	1224
2135	HIRA_ENSG00000100084_161296.6	614	371	706	1163	129	683	485	688	1468	2867	221	1268	1134	762	924	752	1350	255	907	1179
2136	HIST1H1C_ENSG00000187837_110727.1	529	257	492	372	53	473	245	430	601	725	109	710	880	617	853	581	1788	1452	686	654
2137	HIST1H1C_ENSG00000187837_110728.2	867	665	880	805	671	1172	1131	1048	1309	1018	600	1122	1844	1452	1219	1180	1587	306	1172	1396
2138	HIST1H1C_ENSG00000187837_110729.3	688	136	603	199	92	571	409	519	723	266	275	895	1196	630	708	557	1145	1204	705	755
2139	HIST1H1C_ENSG00000187837_110732.6	104	83	69	235	21	99	65	105	120	245	53	172	224	129	140	111	52	403	117	140
2140	HIST1H1D_ENSG00000124575_115831.1	793	399	807	945	353	1073	780	747	976	1289	587	969	1422	962	1015	932	1680	949	959	1185
2141	HIST1H1D_ENSG00000124575_115833.3	1130	498	1005	1079	198	1087	557	877	1479	722	353	1237	1409	1162	1205	1124	1507	829	1220	1148
2142	HIST1H1D_ENSG00000124575_115835.5	178	249	137	142	66	141	141	167	22	580	54	195	233	173	189	137	135	580	161	202
2143	HIST1H1D_ENSG00000124575_115836.6	706	349	794	545	233	881	537	762	479	1768	325	967	1413	935	1047	814	846	1209	868	1133
2144	HIST1H1T_ENSG00000187475_175893.1	1613	500	1890	1066	641	2261	1497	1918	3106	2682	1150	2259	3335	2339	2315	1991	2224	1515	2085	2030
2145	HIST1H1T_ENSG00000187475_175894.2	1049	899	1239	1195	358	1196	725	1235	1608	2630	425	1671	1925	1482	1630	1244	2047	1591	1550	1556
2146	HIST1H1T_ENSG00000187475_175896.4	650	306	709	282	230	807	479	627	810	462	330	793	1159	841	869	676	807	1647	846	704
2147	HIST1H1T_ENSG00000187475_175898.6	355	103	381	375	88	331	145	295	297	484	131	354	558	371	293	306	369	322	379	293
2148	HIST1H2BA_ENSG00000146047_14802.1	463	81	501	247	148	812	493	589	909	198	265	813	1094	860	904	782	594	267	726	747
2149	HIST1H2BA_ENSG00000146047_14803.2	749	410	940	287	434	1039	851	928	1624	668	469	1295	1613	973	1061	886	769	152	932	1104
2150	HIST1H2BA_ENSG00000146047_14804.3	349	343	394	519	35	299	117	319	617	247	85	561	620	427	523	437	1540	1179	487	432
2151	HIST1H2BA_ENSG00000146047_14805.4	1126	464	1033	829	582	1039	1153	948	1453	1848	759	1192	1547	1054	1354	1003	2068	1511	1037	1426
2152	HIST1H2BA_ENSG00000146047_14806.5	1505	473	1295	1214	1242	1838	2016	1333	2149	1573	1563	1629	2679	1697	1629	1389	2385	1779	1581	1767
2153	HIST1H2BJ_ENSG00000124635_124624.1	754	259	797	883	26	466	185	480	1223	1572	114	953	899	619	1030	860	2104	2243	886	1006
2154	HIST1H2BJ_ENSG00000124635_124625.2	579	855	761	553	300	1042	508	773	889	1072	380	887	1377	998	940	794	1563	927	884	1105
2155	HIST1H2BJ_ENSG00000124635_124627.4	406	190	412	33	64	398	223	308	260	1496	169	520	626	366	583	422	674	261	426	492
2156	HIST1H2BJ_ENSG00000124635_124628.5	484	467	475	201	43	392	134	382	659	709	87	703	833	505	755	579	799	292	705	778
2157	HIST1H2BJ_ENSG00000124635_124629.6	1096	266	1284	266	148	795	464	897	1728	3137	259	1621	1919	1285	2087	1306	2935	4376	1515	1915
2158	HIST1H2BL_ENSG00000185130_3349.1	708	630	790	743	146	681	372	707	1068	1694	229	1190	1323	855	1120	869	1986	1336	1060	1243
2159	HIST1H2BL_ENSG00000185130_3350.2	1014	643	1075	879	172	865	485	883	1579	1333	331	1020	1877	1321	1212	1067	1537	1126	1175	1297
2160	HIST1H2BL_ENSG00000185130_3352.4	343	244	379	162	45	237	235	307	540	1019	140	546	632	484	493	404	970	1087	525	675
2161	HIST1H2BL_ENSG00000185130_3353.5	289	175	264	92	34	222	173	233	170	265	105	401	312	259	328	267	166	822	315	268
2162	HIST2H2AB_ENSG00000184270_35725.1	1541	805	1077	574	1140	2085	1782	1566	1404	1841	1196	1820	2763	1859	1679	1487	1090	1583	1614	1656
2163	HIST2H2AB_ENSG00000184270_35727.3	550	41	482	231	267	634	563	602	731	1103	310	724	1079	697	774	530	660	302	587	734
2164	HIST2H2AB_ENSG00000184270_35729.5	1329	179	1102	645	436	1328	1199	1107	2327	3625	661	1762	2003	1304	1629	1217	2045	1204	1523	1407
2165	HIST2H2AB_ENSG00000184270_35730.6	950	540	915	833	255	1022	784	978	1117	359	457	1265	1792	1297	1408	1152	1509	840	1271	1346
2166	HIST2H2BF_ENSG00000203814_87920.1	999	273	1170	1298	803	1919	1436	1463	1963	1694	855	1619	2143	1782	1478	1448	1966	1516	1446	1892
2167	HIST2H2BF_ENSG00000203814_87921.2	983	1122	926	768	130	608	643	696	1401	2043	349	1569	1595	694	1162	822	2100	1355	1278	1447
2168	HIST2H2BF_ENSG00000203814_87922.3	1521	1130	1356	958	515	1752	1334	1427	2502	4276	764	1808	2459	1692	1963	1504	2598	2335	1957	1796
2169	HIST2H2BF_ENSG00000203814_87923.4	823	327	795	556	294	979	570	918	1357	1875	370	1372	1584	1477	1236	1077	1813	2043	1183	1105
2170	HIST2H2BF_ENSG00000203814_87925.6	870	418	953	702	397	1568	1007	1250	1386	948	587	1834	2226	1288	1394	1333	1160	1794	1538	1472
2171	HIST2H3D_ENSG00000183598_23512.4	781	518	646	384	227	757	687	634	1449	257	398	1008	1100	729	842	668	982	949	878	1082
2172	HIST2H3D_ENSG00000183598_23513.5	408	210	388	194	119	410	380	419	723	441	202	515	662	409	549	409	1705	735	416	701
2173	HIST2H3D_ENSG00000183598_23514.6	848	537	808	1021	103	399	365	472	1668	2477	200	1028	905	533	977	650	2384	3368	1087	1112
2174	HIST3H2A_ENSG00000181218_25097.2	824	651	930	870	217	837	575	769	1383	852	329	1182	1481	1023	1096	826	1222	1253	933	1089
2175	HIST3H2A_ENSG00000181218_25099.4	1377	780	1615	780	405	1592	904	1473	2065	2029	639	1995	2515	2060	2114	1785	3833	1681	1902	2168
2176	HIST3H2A_ENSG00000181218_25100.5	1324	500	1146	814	968	1868	1569	1418	2135	1466	1177	1612	2595	1638	1524	1312	2324	1707	1630	1602
2177	HIST3H2A_ENSG00000181218_25101.6	3076	1657	2814	1661	2577	4946	3467	3530	3502	4774	2462	3311	6154	4629	3725	3573	3666	2968	3579	3654
2178	HLCS_ENSG00000159267_162070.1	936	239	843	430	250	1333	714	1172	1413	1518	370	1533	1834	1248	1486	1224	2581	970	1310	1346
2179	HLCS_ENSG00000159267_162071.2	1192	398	1167	785	341	1135	970	1111	2227	1170	542	1814	1906	1354	1579	1211	2268	935	1396	1663
2180	HLCS_ENSG00000159267_162072.3	377	36	409	344	330	471	594	337	580	673	361	532	642	432	491	290	791	458	367	407
2181	HLCS_ENSG00000159267_162073.4	991	342	1117	1241	361	1438	861	1117	2031	1078	629	1366	1724	1369	1381	1122	2240	1278	1122	1419
2182	HLCS_ENSG00000159267_162074.5	449	200	488	384	50	320	175	375	631	1048	92	623	676	485	624	459	798	1247	573	670
2183	HLCS_ENSG00000159267_162075.6	978	656	913	447	238	817	502	798	1024	1570	393	1353	1488	1087	1270	1010	2447	532	1273	1134
2184	HLTF_ENSG00000071794_39595.1	1144	1096	1268	1390	238	1673	698	1429	1796	2629	469	1791	3155	2022	2213	1894	2323	1199	2053	2074
2185	HLTF_ENSG00000071794_39596.2	1021	558	977	519	375	1337	751	1124	1210	518	526	1121	1920	1326	1253	1196	1147	508	1409	1310
2186	HLTF_ENSG00000071794_39597.3	567	806	702	531	123	702	410	645	1173	621	191	886	1333	892	978	905	851	1803	926	989
2187	HLTF_ENSG00000071794_39598.4	697	97	702	339	529	1178	774	1346	1189	1905	606	885	1556	1095	945	954	1343	10	1006	1050
2188	HLTF_ENSG00000071794_39599.5	628	143	640	446	125	867	388	796	1262	2120	204	1036	1455	1135	1126	962	1934	1314	1075	1063
2189	HLTF_ENSG00000071794_39600.6	1068	540	1042	365	344	1367	760	1094	1543	1521	504	1592	2183	1613	1684	1443	2263	1311	1403	1465
2190	HMG20A_ENSG00000140382_135107.1	489	257	391	450	51	366	146	445	1048	1091	117	631	854	633	674	588	660	268	652	631
2191	HMG20A_ENSG00000140382_135108.2	1160	726	1341	1431	824	1909	1409	1338	2007	1342	1053	1794	2235	1620	1597	1298	2417	1802	1633	1899
2192	HMG20A_ENSG00000140382_135109.3	1253	580	1409	737	619	1635	1220	1245	1934	1600	868	1642	2534	1792	1585	1410	2049	1212	1539	1684
2193	HMG20A_ENSG00000140382_135110.4	812	754	1061	503	550	1591	1010	1090	1225	2392	583	1452	1967	1413	1290	1282	1162	1246	1231	1181
2194	HMG20A_ENSG00000140382_135111.5	513	96	341	350	185	676	282	468	908	1461	161	875	1158	770	804	733	702	283	780	682
2195	HMG20B_ENSG00000064961_114370.1	638	1104	705	584	126	777	359	639	927	907	201	795	1274	1121	1044	991	740	824	886	1024
2196	HMG20B_ENSG00000064961_114371.2	1458	861	1855	1425	459	1805	1168	1694	2989	3832	712	2637	2919	2349	2298	1922	3773	2503	2165	2575
2197	HMG20B_ENSG00000064961_114372.3	1677	905	1700	658	1954	2585	2244	1750	2385	1768	1878	1942	3062	2402	1689	1477	2652	1765	1648	1958
2198	HMG20B_ENSG00000064961_114373.4	1111	385	1169	592	208	1113	585	1200	1891	942	302	1718	2243	1643	1685	1425	2160	2064	1496	1770
2199	HMG20B_ENSG00000064961_114374.5	419	678	415	759	181	640	490	563	717	440	297	793	1167	645	667	505	857	832	606	638
2200	HMG20B_ENSG00000064961_114375.6	878	571	1168	1117	310	969	741	1066	1928	888	507	1610	1819	1290	1215	974	1732	984	1247	1658
2201	HMGN1_ENSG00000205581_149105.2	792	890	1005	594	613	1505	1019	1139	1610	227	562	1510	1763	1473	1299	1126	1839	1709	1099	1271
2202	HMGN1_ENSG00000205581_149106.3	166	324	219	249	8	92	35	145	312	1274	16	420	339	265	468	423	437	697	442	381
2203	HMGN1_ENSG00000205581_149108.5	422	255	470	129	104	559	313	512	1038	973	166	689	966	560	682	556	806	290	762	789
2204	HMGN1_ENSG00000205581_149109.6	341	303	406	64	37	261	154	315	515	1529	87	524	633	476	515	397	1256	771	524	497
2205	HMGN2_ENSG00000198830_85748.1	468	309	507	561	153	588	280	462	522	2506	199	543	972	720	778	564	1455	440	555	660
2206	HMGN2_ENSG00000198830_85749.2	603	407	473	241	77	486	301	510	651	481	150	716	984	711	787	701	1213	204	682	621
2207	HMGN2_ENSG00000198830_85750.3	710	403	787	464	63	859	282	810	1449	2873	120	1312	1556	1278	1609	1289	1110	253	1341	1080
2208	HMGN2_ENSG00000198830_85751.4	365	536	338	102	16	50	116	112	88	1219	139	487	121	58	341	73	203	1933	249	422
2209	HMGN3_ENSG00000118418_3589.1	1372	403	1225	814	488	1694	1023	1444	1839	750	547	2129	2807	2000	2038	1681	2352	1484	1873	1929
2210	HMGN3_ENSG00000118418_3590.2	575	305	618	309	155	686	403	634	1002	2203	188	808	1192	873	851	772	858	264	865	902
2211	HMGN3_ENSG00000118418_3591.3	1011	341	996	579	172	1285	584	1132	1193	1972	295	1380	2181	1478	1344	1479	1359	1053	1430	1379
2212	HMGN3_ENSG00000118418_3592.4	413	158	463	347	148	522	429	514	547	321	218	594	819	549	633	439	419	392	621	660
2213	HMGN4_ENSG00000182952_77513.1	764	370	643	547	394	925	751	889	1343	1131	448	1249	1640	1154	1107	988	1496	1067	912	1123
2214	HMGN4_ENSG00000182952_77514.2	449	294	519	278	75	458	176	531	1007	1343	107	767	961	809	826	795	1060	1033	810	690
2215	HMGN4_ENSG00000182952_77515.3	1261	813	1347	1379	91	856	258	836	1119	2304	192	1312	2066	1716	1933	1817	1658	1294	1896	1675
2216	HMGN4_ENSG00000182952_77516.4	628	504	662	485	239	815	558	746	1077	707	308	1109	1260	1024	1011	837	1113	1502	851	774
2217	HMGN4_ENSG00000182952_77518.6	1485	255	1294	1321	553	1431	1165	1235	2666	2528	779	1835	2314	1299	1538	1315	2428	1665	1578	1849
2218	HMGN5_ENSG00000198157_124514.1	1729	997	2109	774	626	2289	1349	1519	2264	4089	818	2402	3365	2599	2207	1964	1758	968	2281	2320
2219	HMGN5_ENSG00000198157_124515.2	696	273	564	628	657	1017	1083	839	1254	555	710	912	1461	1011	926	767	1067	262	925	931
2220	HMGN5_ENSG00000198157_124516.3	1616	1134	1632	935	514	2350	1206	1603	2385	1785	838	1834	3359	2753	2273	1912	1781	1145	2064	1914
2221	HMGN5_ENSG00000198157_124517.4	341	161	308	626	41	360	163	393	678	195	74	637	652	571	709	555	835	822	694	555
2222	HMGN5_ENSG00000198157_124518.5	606	472	579	519	209	837	523	717	1134	149	295	1006	1250	1107	946	804	816	1080	947	777
2223	HMGN5_ENSG00000198157_124519.6	1057	505	1173	827	142	1315	528	1192	1660	3072	298	1610	2215	1661	1855	1659	2047	3044	1736	1453
2224	HNRNPA0_ENSG00000177733_103917.1	718	356	712	538	228	848	528	760	807	459	386	897	1532	1058	1074	961	1044	268	992	895
2225	HNRNPA0_ENSG00000177733_103919.3	1246	1681	1393	923	225	1197	663	1245	2743	2602	403	1595	2082	1811	1811	1382	3192	2812	1798	1842
2226	HNRNPA0_ENSG00000177733_103920.4	479	577	489	791	87	470	238	405	575	733	139	700	762	539	673	512	676	651	665	766
2227	HNRNPA0_ENSG00000177733_103921.5	1114	1093	1196	635	601	1701	1125	1340	1884	1573	777	1362	2448	1859	1497	1302	2088	1580	1488	1501
2228	HNRNPA0_ENSG00000177733_103922.6	623	263	663	471	392	934	653	667	960	1116	565	972	1183	929	786	752	1322	751	670	783
2229	HNRNPA1L2_ENSG00000139675_57467.2	2027	1073	1806	1944	953	2718	1914	1987	3431	2203	1247	2906	3343	2368	2347	2009	3607	2036	2388	2280
2230	HNRNPA1L2_ENSG00000139675_57469.4	619	399	707	1226	199	483	442	492	1257	1383	355	1241	1009	610	802	533	1011	1288	805	943
2231	HNRNPA1L2_ENSG00000139675_57470.5	376	204	316	34	253	481	327	437	713	671	274	592	607	488	482	379	605	146	490	449
2232	HNRNPA1L2_ENSG00000139675_57471.6	1816	1300	1897	1577	1175	3234	2044	2187	3126	3617	1320	2347	3798	2852	2618	2364	2461	3968	2453	2776
2233	HNRNPA2B1_ENSG00000122566_123580.1	202	54	297	377	54	272	149	244	158	161	104	544	539	360	405	345	585	315	296	430
2234	HNRNPA2B1_ENSG00000122566_123581.2	657	244	563	856	242	914	652	677	1245	517	402	1306	1274	946	1001	787	1019	1845	830	999
2235	HNRNPA2B1_ENSG00000122566_123582.3	1099	631	1142	295	320	1699	884	1305	2763	2518	465	2111	2465	1909	1854	1638	2534	2460	1731	2073
2236	HNRNPA2B1_ENSG00000122566_123583.4	1139	627	1150	1122	494	1669	1022	1437	2416	1932	705	2068	2510	1838	1822	1463	3095	2107	1549	2128
2237	HNRNPA2B1_ENSG00000122566_123584.5	1818	838	1850	1270	1213	3482	2265	2118	3444	2935	1339	2585	4435	3214	2779	2424	2870	1767	2513	2698
2238	HNRNPA2B1_ENSG00000122566_123585.6	468	247	606	710	113	671	287	574	777	643	196	912	986	722	746	724	754	1430	755	819
2239	HOMEZ_ENSG00000215271_148040.1	1037	506	1021	349	430	1278	887	1151	1306	2868	619	1502	1798	1627	1570	1173	2529	1188	1308	1496
2240	HOMEZ_ENSG00000215271_148041.2	1183	532	1094	1458	297	1074	761	1184	2473	3633	526	1567	2282	1591	1662	1368	2004	2755	1502	1966
2241	HOMEZ_ENSG00000215271_148042.3	456	242	398	174	203	499	496	505	830	273	293	569	953	555	623	515	593	509	660	596
2242	HOMEZ_ENSG00000215271_148043.4	565	415	711	349	192	964	586	886	887	777	342	1043	1559	1145	1074	986	824	1355	990	1064
2243	HOMEZ_ENSG00000215271_148045.6	1905	1180	1843	1541	913	2855	1764	2148	3444	2118	1090	2579	3995	2705	2638	2169	3295	2964	2391	2553
2244	HOXC10_ENSG00000180818_111728.1	1185	584	1042	605	218	1113	509	1093	2091	1577	397	1665	1995	1357	1558	1303	2499	2069	1377	1560
2245	HOXC10_ENSG00000180818_111729.2	929	494	746	263	186	1022	516	1019	1170	1542	346	1162	1654	1255	1348	1108	945	982	1151	1259
2246	HOXC10_ENSG00000180818_111730.3	587	146	489	468	161	521	307	529	2483	1618	187	792	1155	611	806	610	1631	177	630	644
2247	HOXC10_ENSG00000180818_111731.4	757	583	722	529	129	982	408	797	789	599	300	1030	1638	1304	1153	1142	1771	690	1055	890
2248	HOXC10_ENSG00000180818_111732.5	817	772	704	617	336	934	617	707	1765	1792	307	1043	1314	805	1034	844	1839	754	967	985
2249	HOXC10_ENSG00000180818_111733.6	1110	677	926	964	337	1109	780	882	1787	1891	459	1574	1636	1177	1099	979	2468	1010	1101	1341
2250	HOXC11_ENSG00000123388_178325.1	829	292	867	174	410	1087	720	866	889	634	510	1011	1319	850	902	793	1322	505	944	976
2251	HOXC11_ENSG00000123388_178326.2	347	379	294	149	72	378	198	397	426	741	107	716	605	570	568	469	772	511	502	728
2252	HOXC11_ENSG00000123388_178327.3	927	410	1012	818	699	1622	1150	1219	1051	1753	813	1208	2110	1433	1267	1143	1183	759	1184	1301
2253	HOXC11_ENSG00000123388_178329.5	1360	1061	1585	1420	364	1618	959	1397	1409	1757	557	1970	2625	2068	2019	1654	2207	792	1763	1921
2254	HOXC11_ENSG00000123388_178330.6	423	170	411	230	55	352	169	366	580	213	89	499	687	665	639	615	599	469	669	496
2255	HP1BP3_ENSG00000127483_130610.1	2044	1087	2000	1025	750	2572	2106	2145	3932	3923	1182	2841	3828	2782	2710	2347	4737	2861	2478	2925
2256	HP1BP3_ENSG00000127483_130611.2	526	283	633	792	378	773	726	685	940	504	421	950	1063	951	754	795	652	382	702	915
2257	HP1BP3_ENSG00000127483_130612.3	1144	943	1038	612	148	861	699	928	1314	2140	419	1444	1867	1276	1458	1115	2065	1903	1342	1798
2258	HP1BP3_ENSG00000127483_130613.4	1760	693	1634	1019	1295	3146	2000	2136	3069	2738	1425	2509	3398	2632	2354	1944	2924	1394	2272	2365
2259	HP1BP3_ENSG00000127483_130614.5	570	283	557	504	152	665	434	605	937	1724	268	767	1280	788	830	634	973	275	733	789
2260	HP1BP3_ENSG00000127483_130615.6	601	608	764	422	313	930	636	855	1329	2016	352	1130	1392	908	1038	750	1010	1614	867	1033
2261	HPRT1_ENSG00000165704_190410.1	1026	583	973	550	472	1564	1113	1265	1533	1654	644	1435	1937	1539	1427	1228	1250	617	1361	1338
2262	HPRT1_ENSG00000165704_190411.2	724	600	775	604	183	1168	485	1032	1097	2662	230	1237	1858	1336	1333	1167	1400	581	1502	1386
2263	HPRT1_ENSG00000165704_190412.3	601	1	625	535	365	778	743	694	1193	1169	418	917	1251	588	812	497	1399	428	755	809
2264	HPRT1_ENSG00000165704_190413.4	570	166	546	219	133	703	322	518	818	1523	201	645	1050	863	900	713	1024	849	708	709
2265	HPRT1_ENSG00000165704_190414.5	1068	751	1124	1011	416	1992	889	1425	2309	2208	433	1831	2488	2006	2054	1755	1820	2823	2024	1964
2266	HR_ENSG00000168453_21774.1	1318	1301	1229	1217	129	1045	556	1170	2764	2531	307	1775	2211	1686	1966	1769	2576	3141	1843	2043
2267	HR_ENSG00000168453_21775.2	1528	1199	1921	1392	433	1992	1345	1849	3694	1342	752	2497	3043	2051	2071	1907	3274	1760	2119	2504
2268	HR_ENSG00000168453_21776.3	2387	1594	2486	1267	1635	3026	2901	2599	4160	3473	2081	3366	4679	3198	2741	2439	4216	2812	2690	3031
2269	HR_ENSG00000168453_21777.4	701	763	712	589	161	844	477	755	1519	2013	256	1329	1372	1067	1061	984	1856	408	946	1138
2270	HR_ENSG00000168453_21778.5	345	402	534	772	39	421	140	428	372	1637	88	618	762	575	598	580	437	2330	614	570
2271	HR_ENSG00000168453_21779.6	822	190	810	625	361	1095	797	956	1279	257	499	1176	1905	1449	1176	1142	1367	1593	1077	1063
2272	HSPBAP1_ENSG00000169087_24070.1	506	508	566	328	280	924	469	639	845	298	356	871	1144	834	751	626	1589	931	765	634
2273	HSPBAP1_ENSG00000169087_24071.2	1252	896	1265	512	544	1606	1150	1223	2061	450	797	1509	2450	1702	1785	1375	1582	1060	1652	1446
2274	HSPBAP1_ENSG00000169087_24072.3	1343	692	1553	901	578	1770	939	1512	1362	1229	693	1653	2715	2015	2041	1774	1668	1637	1813	1739
2275	HSPBAP1_ENSG00000169087_24073.4	1119	922	1204	680	507	1781	1097	1422	1335	1238	707	1510	2320	1729	1557	1445	2375	2515	1602	1704
2276	HSPBAP1_ENSG00000169087_24074.5	430	486	519	98	90	534	249	467	883	495	105	644	1163	780	886	687	718	600	809	789
2277	HSPBAP1_ENSG00000169087_24075.6	884	659	943	609	499	1394	930	1071	1557	1533	609	1282	1683	1279	1302	1037	1615	262	1170	1202
2278	HUWE1_ENSG00000086758_38405.1	484	483	475	614	87	493	169	564	743	1011	154	638	1074	762	980	870	1277	537	796	760
2279	HUWE1_ENSG00000086758_38406.2	2000	997	1806	1721	308	1465	908	1577	2840	3100	604	2614	3013	2128	2676	2116	5006	4813	2547	2142
2280	HUWE1_ENSG00000086758_38407.3	1507	373	1404	952	1210	1749	1769	1532	1988	2928	1369	1830	2740	1681	1829	1383	2999	1375	1690	1621
2281	HUWE1_ENSG00000086758_38408.4	449	195	475	556	354	548	598	495	434	503	339	612	930	475	594	433	644	308	567	566
2282	HUWE1_ENSG00000086758_38410.6	1886	1176	1914	1336	914	2776	1555	2256	2556	3720	1059	2355	3866	2995	2529	2130	2607	3529	2289	2481
2283	IFIH1_ENSG00000115267_4588.3	492	266	480	232	65	570	169	500	976	801	111	832	895	698	898	663	1100	690	749	733
2284	IFIH1_ENSG00000115267_4589.4	1316	183	1261	292	938	2004	1297	1528	1847	2096	1140	1741	2695	2138	1604	1542	2169	1466	1527	1463
2285	IFIH1_ENSG00000115267_4591.6	1352	972	1435	1314	856	2119	1404	1595	2140	1013	877	1445	2768	2203	1970	1592	1880	1076	1722	1622
2286	IGHMBP2_ENSG00000132740_18622.3	245	157	300	201	7	189	42	188	559	233	32	388	452	451	473	389	1031	517	452	292
2287	IGHMBP2_ENSG00000132740_18623.4	743	274	637	277	236	810	393	641	785	2371	287	862	1183	1012	945	841	1500	1408	997	813
2288	IGHMBP2_ENSG00000132740_18624.5	1072	528	1048	805	452	1068	719	921	2050	2028	547	1381	1639	1195	1164	1098	1792	1502	1284	1237
2289	IGHMBP2_ENSG00000132740_18625.6	1563	630	1696	1938	1406	2885	2139	2146	2357	3104	1585	2528	3350	2295	2120	1886	2614	1362	2093	2533
2290	IKBKAP_ENSG00000070061_50935.1	373	179	430	194	132	445	226	387	370	284	148	511	956	684	673	526	718	196	562	535
2291	IKBKAP_ENSG00000070061_50936.2	1422	705	1414	524	531	1961	1146	1759	1655	2261	842	1960	2838	2034	1934	1721	1899	1557	1820	1947
2292	IKBKAP_ENSG00000070061_50937.3	1237	602	1305	1234	277	1443	738	1429	1714	1603	462	1848	2490	1874	1747	1572	1353	1048	1593	1544
2293	IKBKAP_ENSG00000070061_50938.4	1175	561	1196	529	337	1419	943	1302	2409	2653	528	1883	2247	1525	1567	1306	1983	3442	1582	1723
2294	IKBKAP_ENSG00000070061_50939.5	270	73	214	162	52	146	107	188	401	290	80	291	372	251	368	253	644	100	281	320
2295	IKBKAP_ENSG00000070061_50940.6	459	313	408	548	137	494	324	456	587	786	179	601	804	601	610	483	952	237	599	643
2296	ING1_ENSG00000153487_121613.1	1826	1141	1709	1121	465	1831	896	1749	2340	4232	554	2187	3135	2219	2629	2285	3432	3257	2540	2395
2297	ING1_ENSG00000153487_121614.2	326	160	386	227	120	592	285	494	426	811	214	477	833	575	567	436	633	569	540	436
2298	ING1_ENSG00000153487_121615.3	2132	1190	2289	812	1502	3469	2362	2665	3794	3587	1940	3168	4433	3861	3024	2845	3663	4198	2880	3031
2299	ING1_ENSG00000153487_121616.4	1131	436	1208	1029	450	1456	772	1272	1375	1044	452	1473	2112	1660	1566	1345	2136	2057	1313	1537
2300	ING1_ENSG00000153487_121617.5	921	288	946	376	373	1152	707	1080	1294	1065	523	1264	1727	1426	1174	1047	1784	1724	1070	1180
2301	ING1_ENSG00000153487_121618.6	476	125	641	110	151	648	371	421	651	1917	236	698	893	556	655	478	471	524	571	553
2302	ING2_ENSG00000168556_61302.1	1241	736	992	848	312	1396	792	1090	1663	1180	486	1557	2071	1501	1417	1197	1431	1270	1213	1118
2303	ING2_ENSG00000168556_61303.2	503	253	503	405	144	682	347	633	432	496	223	608	1088	814	789	748	521	568	855	848
2304	ING2_ENSG00000168556_61304.3	901	525	951	398	277	1198	718	1082	1599	3749	406	1241	2042	1497	1521	1303	1992	11	1296	1297
2305	ING2_ENSG00000168556_61305.4	923	760	954	357	359	1583	790	1272	1480	1308	535	1505	2109	1654	1475	1254	1931	125	1322	1391
2306	ING2_ENSG00000168556_61306.5	1029	397	1141	874	231	1279	592	1017	1319	1416	386	1428	1889	1456	1694	1342	1974	1538	1454	1482
2307	ING2_ENSG00000168556_61307.6	981	615	926	491	398	1240	835	1137	1603	3473	475	1301	2125	1577	1563	1323	1790	468	1395	1302
2308	ING3_ENSG00000071243_57016.1	2848	1082	3126	1455	1013	3029	2468	2504	3345	5043	1626	4142	4664	3295	3396	2661	4715	3596	3404	4482
2309	ING3_ENSG00000071243_57017.2	1025	387	1024	1018	800	1189	1069	1129	1248	1939	736	1376	1830	1192	1346	1029	2291	1756	1278	1781
2310	ING3_ENSG00000071243_57018.3	467	1035	538	1076	16	462	167	451	952	4486	42	1276	936	892	1358	1068	2137	1888	1163	1089
2311	ING3_ENSG00000071243_57019.4	1587	859	1442	1101	798	2201	1555	2005	2701	3036	998	2209	2903	2399	2121	1772	3040	2469	1914	2181
2312	ING3_ENSG00000071243_57020.5	757	281	785	682	456	921	934	853	1388	651	529	1127	1404	892	948	832	1741	1459	952	1016
2313	ING3_ENSG00000071243_57021.6	1424	1087	1578	1408	538	1544	1118	1331	3081	3271	715	1941	2511	1855	1962	1604	2180	3122	1795	2064
2314	ING4_ENSG00000111653_132688.1	306	341	319	65	79	320	252	314	484	262	120	420	622	452	467	365	900	530	435	541
2315	ING4_ENSG00000111653_132689.2	916	632	813	476	213	1175	539	999	1678	1445	296	1244	1950	1309	1439	1208	1317	275	1279	1258
2316	ING4_ENSG00000111653_132690.3	631	288	510	571	160	824	484	740	636	2155	220	760	1325	834	1065	862	910	155	900	833
2317	ING4_ENSG00000111653_132691.4	933	724	959	1891	72	1103	353	1066	782	2803	166	1522	2077	1680	2027	1724	1879	938	1717	1541
2318	ING4_ENSG00000111653_132692.5	1103	1197	1021	958	386	1669	744	1405	1890	1302	505	1756	2498	1850	1963	1620	1974	1491	1768	1807
2319	ING4_ENSG00000111653_132693.6	766	333	756	455	272	1236	843	965	1133	1540	378	1042	1935	1199	1190	964	1632	849	1111	1085
2320	ING5_ENSG00000168395_38805.1	1142	854	969	796	504	1666	1169	1429	1023	485	737	1425	2381	1783	1691	1377	1425	1479	1465	1346
2321	ING5_ENSG00000168395_38806.2	2606	1059	2847	2139	1370	4515	2644	3092	2998	4971	1818	3613	5431	4120	3902	3431	3929	3326	3289	3481
2322	ING5_ENSG00000168395_38807.3	1149	461	1160	678	398	1013	827	1177	1689	1535	559	1644	2163	1526	1651	1281	2273	2029	1445	1480
2323	ING5_ENSG00000168395_38808.4	1369	1063	1291	1144	967	1984	1525	1747	1594	1446	1062	1460	2619	2226	1763	1521	1816	651	1596	1698
2324	ING5_ENSG00000168395_38809.5	512	346	369	445	96	424	193	430	417	994	142	682	664	520	571	403	435	744	516	566
2325	ING5_ENSG00000168395_38810.6	1210	204	1041	311	460	1398	997	1107	1802	1382	769	1324	2002	1543	1261	1189	1529	816	1223	1283
2326	INMT_ENSG00000241644_197271.2	1547	940	1448	862	783	1952	1709	1751	2408	4803	1211	2274	2794	1921	1738	1606	3501	2136	1786	2044
2327	INMT_ENSG00000241644_197272.3	637	833	582	470	270	810	585	769	1233	259	290	826	1386	951	1028	805	1009	816	923	984
2328	INMT_ENSG00000241644_197273.4	678	343	606	218	84	666	254	517	636	702	147	858	968	751	964	772	1966	803	782	1067
2329	INMT_ENSG00000241644_197274.5	1299	854	1314	1333	1072	1640	1611	1357	2175	1565	1236	1758	2447	1724	1625	1403	2037	1764	1428	2070
2330	INMT_ENSG00000241644_197275.6	254	504	331	375	32	233	100	237	549	1789	61	520	427	393	472	399	370	764	410	562
2331	INMT-FAM188B_ENSG00000254959_70530.8	250	31	274	73	45	204	101	260	318	279	71	531	411	253	405	351	786	730	363	476
2332	INMT-FAM188B_ENSG00000254959_70531.9	1195	944	1309	745	482	1473	1096	1506	2200	2389	669	2058	2437	1801	1759	1431	3026	2332	1721	1983
2333	INMT-FAM188B_ENSG00000254959_70532.1	1325	678	1264	318	1337	2270	1702	1713	2843	2145	1395	1949	2660	1950	1703	1539	1477	1208	1531	1816
2334	INO80_ENSG00000128908_53868.1	1043	882	1123	716	228	1221	644	1152	1098	4343	314	1490	2221	1728	1797	1618	1863	1938	1681	1463
2335	INO80_ENSG00000128908_53869.2	649	277	651	974	641	1076	816	875	884	1508	565	894	1382	1079	1014	907	1450	830	1019	814
2336	INO80_ENSG00000128908_53870.3	705	588	856	643	144	775	529	693	824	600	282	878	1533	820	1041	886	1455	659	1077	1048
2337	INO80_ENSG00000128908_53871.4	881	589	644	517	131	541	456	641	932	442	204	801	1252	732	1000	765	773	529	980	755
2338	INO80_ENSG00000128908_53872.5	696	182	666	507	116	773	441	679	1171	1002	239	931	1511	970	1143	981	1449	2661	989	1003
2339	INO80_ENSG00000128908_53873.6	665	81	590	290	172	685	496	818	724	855	303	927	1376	821	982	777	1215	835	941	816
2340	INO80B_ENSG00000115274_107883.1	893	371	756	751	281	858	612	655	828	1275	423	1104	1378	722	896	696	1329	271	853	953
2341	INO80B_ENSG00000115274_107884.2	562	378	677	651	77	583	251	596	1074	1598	160	729	906	882	927	883	972	881	918	783
2342	INO80B_ENSG00000115274_107885.3	1524	740	1357	1161	692	1790	1460	1606	1909	1615	962	1808	2550	1768	1836	1642	2157	3663	1771	1701
2343	INO80B_ENSG00000115274_107887.5	1155	434	1056	429	573	1020	1264	1002	1707	1703	934	1028	1696	961	1241	973	2332	2202	1165	1158
2344	INO80B_ENSG00000115274_107888.6	582	243	635	271	287	754	535	639	691	144	327	766	942	716	708	556	686	1040	711	653
2345	INO80C_ENSG00000153391_48064.4	1671	755	1776	1259	607	2031	1367	1764	3146	3974	1094	2229	3037	2133	2256	1747	2918	3138	2046	2193
2346	INO80C_ENSG00000153391_48065.5	1512	1058	1585	977	839	2466	1574	1763	2038	2639	1018	2055	3496	2792	2183	2071	1326	970	2051	2293
2347	INO80C_ENSG00000153391_48066.6	506	168	421	456	152	565	414	561	856	647	168	595	1125	688	721	640	1320	1672	767	606
2348	INO80C_ENSG00000153391_48067.7	1324	433	1543	1531	872	2395	1514	1601	2513	4613	1046	2406	2665	2198	1878	1821	1569	2134	1816	1745
2349	INO80C_ENSG00000153391_48068.8	875	921	964	741	300	1579	791	1256	1189	1251	549	1705	2299	1710	1452	1304	1482	1998	1503	1460
2350	INO80C_ENSG00000153391_48069.9	506	238	473	411	59	445	140	469	746	1075	104	814	1059	748	769	671	1155	853	805	821
2351	INO80D_ENSG00000114933_130263.1	771	518	673	286	417	769	862	876	1051	1335	566	731	1185	923	706	601	840	570	851	890
2352	INO80D_ENSG00000114933_130264.2	1489	695	1482	1335	822	2142	1513	1676	2175	2173	1092	2340	3247	2047	2235	2010	2409	2065	1967	1922
2353	INO80D_ENSG00000114933_130265.3	898	477	875	951	254	1005	657	921	1298	933	417	1001	1719	1169	1210	1109	2131	1593	963	1156
2354	INO80D_ENSG00000114933_130268.6	782	191	839	658	324	1006	817	936	1003	1879	510	1075	1595	933	1036	888	1045	847	1010	1039
2355	INO80E_ENSG00000169592_10313.1	1148	554	1335	323	804	1859	1174	1249	1336	1689	939	1708	2205	1584	1580	1292	1515	1361	1427	1657
2356	INO80E_ENSG00000169592_10314.2	542	239	516	612	110	765	319	535	1040	938	132	1015	930	819	900	716	1752	2644	893	709
2357	INO80E_ENSG00000169592_10316.4	862	719	876	828	279	977	658	785	1009	1806	393	1263	1759	1170	1155	1045	1831	1832	1183	993
2358	INO80E_ENSG00000169592_10317.5	1022	939	1074	681	310	1395	665	1259	1424	2192	439	1457	2139	1650	1559	1461	1888	881	1694	1479
2359	INO80E_ENSG00000169592_10318.6	920	868	993	919	457	1233	973	1224	1827	2789	645	1468	1837	1371	1365	1115	2254	1595	1343	1604
2360	INTS1_ENSG00000164880_149814.1	1397	862	1421	1696	429	1999	968	1577	2463	3529	611	2036	2914	2063	2024	1756	3477	3488	2034	1686
2361	INTS1_ENSG00000164880_149818.5	427	77	460	279	144	733	353	399	482	810	258	772	866	579	515	459	879	795	498	662
2362	INTS1_ENSG00000164880_149819.6	1078	246	1353	866	271	1460	780	1282	1598	1452	492	1367	2320	1527	1821	1446	2721	1117	1662	1436
2363	INTS10_ENSG00000104613_100335.1	581	486	538	506	117	651	419	567	559	1072	225	600	1013	788	848	612	935	241	771	701
2364	INTS10_ENSG00000104613_100336.2	2354	1871	2466	1820	1750	3029	2658	2403	4407	4016	1671	2661	4396	3042	2977	2379	4062	6133	2984	3279
2365	INTS10_ENSG00000104613_100337.3	1239	863	1239	795	150	1312	681	1223	2812	3611	375	1780	2367	1686	1894	1474	2442	1590	1851	1664
2366	INTS10_ENSG00000104613_100338.4	1303	353	1253	846	816	1954	1344	1386	2429	3216	915	1550	2644	1825	1735	1312	2805	3204	1596	1750
2367	INTS10_ENSG00000104613_100339.5	2541	808	3299	1604	2310	4349	3574	2931	3228	3105	2480	3261	4866	3625	3168	2949	3437	3002	2986	3144
2368	INTS10_ENSG00000104613_100340.6	586	622	606	559	46	512	242	534	1151	2787	105	946	1168	799	1131	949	1762	1904	1137	1106
2369	INTS12_ENSG00000138785_58246.1	556	259	658	153	156	731	376	728	1040	624	246	1017	1210	1089	964	857	706	1092	1007	960
2370	INTS12_ENSG00000138785_58247.2	2419	2433	2297	1252	1215	3593	2244	2916	4624	4098	1590	3073	5266	3842	3504	3085	6129	2591	3259	2814
2371	INTS12_ENSG00000138785_58248.3	693	967	744	636	113	977	289	901	1234	2710	133	1197	1718	1433	1469	1419	4764	757	1497	1255
2372	INTS12_ENSG00000138785_58249.4	830	457	891	966	367	1540	856	1138	1165	287	537	1293	1969	1582	1279	1231	1645	693	1260	1138
2373	INTS12_ENSG00000138785_58250.5	1049	750	1222	1015	58	1028	418	1173	1403	3806	153	1524	2430	1970	2217	1983	2003	1331	1937	1799
2374	INTS12_ENSG00000138785_58251.6	1248	1106	1389	693	387	1606	809	1435	2396	3946	465	2004	2617	1734	1938	1569	3602	2293	1729	1765
2375	INTS2_ENSG00000108506_141290.1	287	130	318	303	136	411	292	407	399	927	217	436	706	550	559	439	937	565	440	343
2376	INTS2_ENSG00000108506_141291.2	1004	344	1137	672	576	1996	1030	1401	1654	2371	739	1639	2502	1923	1601	1416	1802	2749	1589	1573
2377	INTS2_ENSG00000108506_141292.3	1428	1145	1477	1556	629	2504	1344	2005	2651	2719	703	2140	3265	2308	2164	1931	1692	1014	2132	2143
2378	INTS2_ENSG00000108506_141293.4	1492	1004	1268	1753	428	1628	1148	1355	2843	849	580	1498	2708	1509	2088	1289	2421	976	1805	1281
2379	INTS2_ENSG00000108506_141294.5	2411	2028	2394	1980	563	2246	1536	2063	4463	3423	769	2120	4423	2428	3732	2224	4986	2155	3113	2356
2380	INTS2_ENSG00000108506_141295.6	473	433	453	126	77	549	290	497	402	171	125	742	907	776	769	596	849	651	648	614
2381	INTS3_ENSG00000143624_109181.1	656	300	700	442	316	834	675	813	1478	224	446	714	1150	900	883	772	1555	1189	885	796
2382	INTS3_ENSG00000143624_109182.2	993	108	936	760	868	1492	1354	1131	2168	2555	782	1220	1934	1488	1359	1208	1837	2115	1296	1347
2383	INTS3_ENSG00000143624_109183.3	774	371	798	497	255	827	573	852	1332	859	283	837	1718	948	1156	966	1688	897	1132	944
2384	INTS3_ENSG00000143624_109184.4	898	445	804	518	365	1146	714	870	1383	2458	408	932	1685	1141	1110	920	1929	2082	1050	1157
2385	INTS3_ENSG00000143624_109185.5	1341	241	1227	1175	100	901	521	1018	2213	2097	255	1255	1962	1258	1733	1102	2269	1366	1514	1388
2386	INTS3_ENSG00000143624_109186.6	2412	3210	2595	1517	822	3132	1907	2606	2873	5801	1070	3324	4424	3434	3159	2973	2883	2248	2983	3001
2387	INTS4_ENSG00000149262_8570.1	973	510	923	955	159	913	526	740	957	2591	285	1065	1666	1095	1447	1089	2670	1318	1390	1045
2388	INTS4_ENSG00000149262_8571.2	889	325	696	234	285	771	665	693	1242	553	365	955	1540	723	1127	759	1262	1816	1044	813
2389	INTS4_ENSG00000149262_8574.5	1516	1036	1906	537	914	2805	1591	2305	1951	2983	1150	2469	3749	2882	2471	2112	2013	2470	2334	2480
2390	INTS4_ENSG00000149262_8575.6	495	247	480	379	225	575	416	517	894	617	292	726	1116	646	612	525	529	600	656	595
2391	INTS5_ENSG00000185085_110758.1	860	1047	807	510	378	1281	788	937	1255	1096	534	1055	1613	1365	1032	991	1856	356	1085	1029
2392	INTS5_ENSG00000185085_110759.2	1235	550	1206	465	358	1289	964	1267	2978	2362	516	1449	2295	1508	1680	1262	3963	2054	1649	1425
2393	INTS5_ENSG00000185085_110761.4	1442	890	1363	1035	980	2208	1859	1519	2984	2722	1165	1440	2632	1955	1794	1548	3328	867	1484	1816
2394	INTS5_ENSG00000185085_110762.5	533	473	547	826	31	276	149	344	716	1049	68	408	781	504	886	778	1010	502	752	525
2395	INTS5_ENSG00000185085_110763.6	1523	796	1532	1454	1064	2410	1845	1771	2710	3106	1237	1815	3108	2058	1927	1807	2025	2934	1576	1811
2396	INTS7_ENSG00000143493_188879.1	2327	1297	2424	1218	793	2656	1981	2187	3072	3672	1345	3156	3987	3038	2755	2526	2652	3128	2654	2861
2397	INTS7_ENSG00000143493_188880.2	382	640	323	461	79	414	243	370	830	1719	103	578	746	538	578	482	949	901	670	612
2398	INTS7_ENSG00000143493_188881.3	1596	989	1507	321	950	2619	1980	1976	1592	2352	1219	1909	3354	2512	2167	1797	1939	1945	1839	1733
2399	INTS7_ENSG00000143493_188882.4	1006	831	1108	1338	101	962	480	1067	2143	3658	170	1646	1814	1431	1867	1430	2369	3882	1745	1382
2400	INTS7_ENSG00000143493_188883.5	2546	2111	2602	1940	1002	3043	2425	2609	4924	4312	1479	3307	4796	3168	3246	2717	5101	2275	3062	3251
2401	INTS7_ENSG00000143493_188884.6	798	711	770	566	137	914	446	822	1811	2287	222	1054	1638	940	1201	990	2213	2182	1136	942
2402	INTS8_ENSG00000164941_26225.1	655	387	643	450	429	920	612	556	916	299	448	637	969	579	689	500	1413	620	569	717
2403	INTS8_ENSG00000164941_26226.2	1404	1170	1424	1743	146	1109	417	1146	2154	3860	208	1446	2290	1696	2221	1777	3660	2556	2142	1640
2404	INTS8_ENSG00000164941_26227.3	810	1315	810	924	191	727	540	709	1632	4527	288	959	1402	955	1152	822	1813	1979	1040	1102
2405	INTS8_ENSG00000164941_26228.4	2066	1311	1536	1473	693	2247	1843	1980	3695	4501	1063	2172	3656	2452	2622	2119	4314	2078	2558	1934
2406	INTS8_ENSG00000164941_26230.6	721	216	717	269	334	1263	645	931	1244	24	418	1108	1564	1315	1025	919	1504	566	1063	1012
2407	INTS9_ENSG00000104299_116413.1	713	333	727	361	521	1123	910	832	1251	912	564	951	1452	885	1075	689	705	859	967	792
2408	INTS9_ENSG00000104299_116414.2	802	425	833	668	345	1217	602	921	929	1782	395	1111	1715	1266	1218	989	1378	1402	1160	1387
2409	INTS9_ENSG00000104299_116415.3	582	250	679	655	154	885	339	752	1025	475	269	998	1370	973	973	867	904	273	952	1005
2410	INTS9_ENSG00000104299_116416.4	1868	1389	2017	1163	902	2047	1931	2069	3416	4661	1080	2963	3531	1916	2432	1775	3802	1531	2417	2496
2411	INTS9_ENSG00000104299_116417.5	2251	1984	2391	1514	1245	3813	2429	2732	2767	5809	1565	3481	5015	3866	3423	3031	3115	1978	3156	3363
2412	INTS9_ENSG00000104299_116418.6	665	330	601	299	366	1057	709	720	1512	1800	473	953	1284	1094	830	756	1981	1	917	794
2413	IWS1_ENSG00000163166_124992.1	1715	1066	1783	1419	558	1712	1211	1581	2917	2319	806	1849	2827	1979	2102	1717	3601	1469	2092	1885
2414	IWS1_ENSG00000163166_124993.2	1028	367	1221	884	866	2312	1365	1721	1863	1690	1049	1698	2470	1794	1685	1515	1654	2002	1468	1568
2415	IWS1_ENSG00000163166_124994.3	2128	1585	2077	2226	1583	2470	2398	2214	4377	2006	1576	2264	3491	2353	2497	2147	4172	1454	2356	2288
2416	IWS1_ENSG00000163166_124995.4	1117	597	1061	1045	475	1294	1173	1196	1738	1148	700	1388	2170	1375	1557	1134	1993	850	1444	1390
2417	IWS1_ENSG00000163166_124996.5	956	1175	963	951	264	1261	781	1100	1282	3149	426	1573	2219	1491	1446	1157	1407	878	1296	1340
2418	IWS1_ENSG00000163166_124997.6	1741	725	1876	1166	2003	2860	2691	1947	3473	1961	2043	2490	3562	2598	2161	1841	3514	1269	2055	2297
2419	JADE1_ENSG00000077684_178995.1	902	382	877	648	547	1408	1141	1254	2092	306	741	1388	1915	1456	1234	1045	1819	1142	1181	1143
2420	JADE1_ENSG00000077684_178996.2	967	681	1159	617	277	1163	488	944	1258	1441	280	1268	1925	1547	1357	1395	1816	1195	1332	1548
2421	JADE1_ENSG00000077684_178997.3	2146	974	2329	1089	2248	3916	2817	2476	2962	4000	2369	2679	4393	3292	2658	2552	3073	1628	2610	2715
2422	JADE1_ENSG00000077684_178998.4	893	744	840	609	61	519	262	608	988	1047	129	970	1451	1141	1286	1298	1594	1224	1286	1095
2423	JADE1_ENSG00000077684_178999.5	887	249	896	667	464	1354	979	1051	1487	1519	746	1019	1585	1240	1073	943	873	928	990	1082
2424	JADE1_ENSG00000077684_179000.6	825	212	741	167	533	1074	871	955	1917	1529	655	1083	1578	1117	980	897	1271	1715	969	1164
2425	JADE2_ENSG00000043143_25006.1	1225	350	1351	1129	590	1974	1286	1599	1931	572	838	1601	2647	1801	1701	1469	1477	2466	1290	1435
2426	JADE2_ENSG00000043143_25007.2	856	595	814	634	360	1240	925	999	1552	1544	640	1027	1705	1158	1150	975	1857	2074	992	1095
2427	JADE2_ENSG00000043143_25009.4	1177	802	1205	772	501	1876	1030	1436	1743	1318	673	1629	2515	2002	1692	1655	2572	1323	1631	1405
2428	JADE2_ENSG00000043143_25010.5	728	357	659	295	263	917	551	815	997	1122	292	842	1254	959	1003	865	1108	67	808	902
2429	JADE3_ENSG00000102221_201729.1	2742	1864	3191	1860	1778	4732	3089	3420	4672	4140	2259	3263	5889	4641	3777	3400	3368	2950	3856	3956
2430	JADE3_ENSG00000102221_201730.2	924	605	888	887	741	1248	1000	924	1089	1351	790	1254	1987	1374	1203	1103	711	1841	1188	1197
2431	JADE3_ENSG00000102221_201731.3	951	763	1136	541	251	1362	629	1197	1525	1620	384	1463	2076	1889	1536	1422	1928	1847	1429	1534
2432	JADE3_ENSG00000102221_201732.4	651	685	871	1057	138	823	346	753	1298	1515	257	1012	1346	1022	1132	900	1514	1166	1050	926
2433	JADE3_ENSG00000102221_201734.6	1472	933	1377	1155	1231	2174	1896	1743	2053	1256	1313	1912	2636	1889	1849	1634	2126	785	1606	2193
2434	JAK2_ENSG00000096968_36136.2	1037	515	1016	752	391	1459	762	1265	1860	2249	531	1225	2228	1673	1608	1379	1989	2500	1469	1414
2435	JAK2_ENSG00000096968_36137.3	748	532	813	619	390	1174	759	905	1446	805	409	927	1291	1156	975	892	1158	443	917	768
2436	JAK2_ENSG00000096968_36138.4	1069	244	1073	407	581	1839	1105	1298	2053	1675	728	1483	2226	1643	1526	1379	1971	2022	1440	1444
2437	JAK2_ENSG00000096968_36139.5	1129	807	1148	461	539	1660	1040	1329	2136	1581	837	1566	2394	1818	1493	1356	1978	857	1386	1620
2438	JAK2_ENSG00000096968_36140.6	729	465	714	225	229	1015	523	843	1114	1374	339	987	1671	1098	1130	1062	1745	828	1087	1025
2439	JARID2_ENSG00000008083_159804.1	601	252	539	489	121	406	272	455	631	1629	163	967	715	585	776	649	1704	1735	760	773
2440	JARID2_ENSG00000008083_159806.3	239	479	215	76	41	189	126	212	602	544	101	315	333	287	341	317	1017	1525	319	447
2441	JARID2_ENSG00000008083_159807.4	455	45	493	458	132	482	407	491	812	2367	212	523	786	540	573	439	1497	280	629	681
2442	JARID2_ENSG00000008083_159808.5	1381	698	1195	1214	532	1256	1008	1312	1822	3365	788	1723	2345	1670	1455	1368	2553	2751	1433	1731
2443	JARID2_ENSG00000008083_159809.6	1758	782	2086	800	1349	2653	2046	2160	2552	5030	1480	2521	3431	2572	2254	2053	3001	841	2138	2420
2444	JMJD1C_ENSG00000171988_45642.2	797	342	843	844	530	936	857	771	1684	1826	535	1292	1612	800	1034	788	1932	523	955	1260
2445	JMJD1C_ENSG00000171988_45643.3	706	1115	863	1159	110	840	348	808	1438	2297	215	1357	1394	1112	1223	1037	1315	2972	1156	1279
2446	JMJD1C_ENSG00000171988_45644.4	886	645	879	997	138	716	476	786	1497	3019	292	1404	1355	836	1189	1065	2572	1491	1175	1432
2447	JMJD1C_ENSG00000171988_45645.5	753	429	790	625	115	653	443	652	1005	1190	293	1262	1430	855	1123	893	1906	1388	1165	1334
2448	JMJD4_ENSG00000081692_37724.1	789	624	753	643	118	817	427	841	1048	1502	199	1077	1413	1166	1328	1003	1489	2248	1239	1144
2449	JMJD4_ENSG00000081692_37725.2	722	730	813	717	148	469	421	529	1482	1853	312	1043	1064	640	941	721	2054	519	870	1002
2450	JMJD4_ENSG00000081692_37728.5	897	573	898	674	108	765	387	932	1381	1681	280	1247	1478	1174	1362	1086	1723	1698	1367	1376
2451	JMJD4_ENSG00000081692_37729.6	2181	994	2317	1094	845	2266	1876	2251	3215	5436	1225	2767	3788	2485	2822	2333	4550	3836	2815	3022
2452	JMJD6_ENSG00000070495_124814.1	924	650	832	617	403	1382	856	1154	980	1502	495	1137	2238	1334	1447	1173	2070	1519	1194	1371
2453	JMJD6_ENSG00000070495_124815.2	733	411	800	1859	447	823	829	655	1169	255	648	989	1199	677	800	670	1381	1845	937	862
2454	JMJD6_ENSG00000070495_124816.3	240	343	232	224	5	184	57	203	535	755	24	414	498	335	519	476	972	476	521	492
2455	JMJD6_ENSG00000070495_124817.4	274	70	289	296	54	233	119	263	545	704	85	406	605	364	471	393	346	247	414	458
2456	JMJD6_ENSG00000070495_124818.5	1255	1231	1202	847	253	1187	678	1126	1896	2311	500	1532	2314	1503	1514	1231	1841	1173	1444	1566
2457	JMJD6_ENSG00000070495_124819.6	1019	596	1192	641	497	1865	1073	1407	2018	895	774	1957	2277	1653	1603	1452	2140	3108	1596	1710
2458	JMJD7_ENSG00000243789_67915.3	929	627	789	168	355	921	732	689	1369	2036	526	1067	1123	953	1024	842	963	407	898	993
2459	JMJD7_ENSG00000243789_67916.4	1272	776	1278	761	205	1036	633	1209	2287	2655	426	1849	1923	1275	1562	1317	3764	1077	1443	1872
2460	JMJD7_ENSG00000243789_67917.5	1260	310	1255	639	722	1968	1259	1457	2105	639	887	1683	2753	2064	1671	1456	1611	2404	1439	1980
2461	JMJD7_ENSG00000243789_67918.6	407	328	446	575	8	173	52	206	332	572	12	515	447	464	735	640	835	908	668	460
2462	JMJD8_ENSG00000161999_24616.1	643	84	653	406	162	794	364	636	681	1655	241	813	1138	940	802	732	1004	721	798	917
2463	JMJD8_ENSG00000161999_24617.2	870	277	967	614	239	1011	493	831	1540	1334	390	1086	1809	1375	1235	1057	1466	1310	1129	1328
2464	JMJD8_ENSG00000161999_24618.3	1019	328	1076	703	702	1366	1032	1076	1992	886	676	1520	1760	1305	1413	1120	1750	1098	1179	1545
2465	JMJD8_ENSG00000161999_24619.4	555	165	518	299	51	476	216	438	854	1284	144	675	1126	879	940	688	1476	676	790	786
2466	JMJD8_ENSG00000161999_24620.5	977	532	1007	1338	117	733	450	832	1264	2877	211	1563	1859	1129	1533	1199	2796	3532	1383	1655
2467	JMJD8_ENSG00000161999_24621.6	582	502	586	209	335	655	487	580	867	504	468	858	1007	863	753	613	1581	723	608	831
2468	JUNB_ENSG00000171223_144052.1	428	279	424	292	139	450	277	399	741	1363	180	690	826	589	576	534	907	1113	498	601
2469	JUNB_ENSG00000171223_144053.2	370	176	365	551	13	227	97	238	389	246	50	580	506	390	514	431	689	566	553	491
2470	JUNB_ENSG00000171223_144054.3	441	62	426	229	176	570	377	404	578	251	223	512	812	440	576	425	594	372	492	547
2471	JUNB_ENSG00000171223_144055.4	922	507	1132	982	158	605	272	715	881	3069	174	1393	1581	995	1459	1255	1848	1479	1433	1759
2472	JUNB_ENSG00000171223_144056.5	1386	374	1466	1107	362	1454	791	1323	1591	2349	546	1949	2677	2029	1904	1705	2089	1169	1795	2028
2473	JUNB_ENSG00000171223_144057.6	699	263	673	300	382	1009	826	777	1017	538	553	1118	1360	918	985	747	1089	2541	1004	1215
2474	KANSL1_ENSG00000120071_135717.1	1155	833	1206	709	728	2193	1562	1408	2858	767	1040	1960	2455	1781	1591	1582	1746	899	1657	2006
2475	KANSL1_ENSG00000120071_135718.2	752	1336	908	674	86	847	448	903	2012	1782	186	1454	1727	1407	1464	1445	1586	1350	1589	1762
2476	KANSL1_ENSG00000120071_135719.3	1063	327	1215	1412	320	1766	936	1565	2043	3339	560	1727	2275	1722	1860	1522	1809	1515	1668	1691
2477	KANSL1_ENSG00000120071_135720.4	2062	1974	2181	1626	946	2672	1959	2298	3955	1464	1300	3470	3888	2480	2768	2165	6009	2024	2571	3566
2478	KANSL1_ENSG00000120071_135721.5	596	480	702	545	111	851	359	685	1054	1153	214	1314	1390	943	959	974	1053	1066	958	1170
2479	KANSL1_ENSG00000120071_135722.6	1447	536	1714	538	590	2458	1307	1943	2513	2687	815	2451	3169	2526	2213	1970	2446	1858	2028	2321
2480	KAT2A_ENSG00000108773_36006.2	949	157	884	1062	212	979	707	846	1518	1866	434	1195	1710	1194	1287	940	1793	976	1219	1153
2481	KAT2A_ENSG00000108773_36007.3	524	84	522	496	78	489	286	410	993	2730	134	738	906	704	802	609	1015	430	694	719
2482	KAT2A_ENSG00000108773_36008.4	527	187	478	329	172	633	315	529	1020	743	212	888	1089	743	748	618	897	709	669	624
2483	KAT2A_ENSG00000108773_36009.5	506	77	510	368	114	470	354	432	817	995	198	618	743	470	748	520	912	682	574	633
2484	KAT2B_ENSG00000114166_85688.1	940	600	960	861	104	908	375	899	1076	2574	221	1304	1743	1457	1530	1431	1996	1076	1581	1481
2485	KAT2B_ENSG00000114166_85689.2	426	369	471	35	136	629	319	512	556	753	214	795	815	602	709	554	817	551	604	784
2486	KAT2B_ENSG00000114166_85690.3	998	517	880	422	85	814	314	778	871	1239	168	1152	1614	1175	1194	1108	1024	646	1292	1035
2487	KAT2B_ENSG00000114166_85691.4	1453	900	1398	813	505	1242	992	1451	1555	2786	661	1999	2293	1624	1698	1409	2421	1806	1742	1711
2488	KAT2B_ENSG00000114166_85692.5	1461	713	1721	543	413	2220	988	1894	2357	3058	589	2106	3357	2437	2070	2166	2893	1794	2072	2273
2489	KAT2B_ENSG00000114166_85693.6	469	437	639	142	164	754	430	680	973	2027	261	938	1077	911	912	798	623	714	772	815
2490	KAT5_ENSG00000172977_40884.2	712	1031	698	320	245	611	640	664	855	296	436	1150	1207	715	909	669	1567	694	975	956
2491	KAT5_ENSG00000172977_40885.3	905	331	905	611	858	1021	1082	859	1131	614	900	1138	1765	1062	936	810	971	90	937	1037
2492	KAT5_ENSG00000172977_40886.4	711	733	925	1080	96	567	392	624	1668	3453	188	1305	1281	869	1302	893	1431	2642	1111	1199
2493	KAT5_ENSG00000172977_40887.5	619	203	595	804	237	479	504	424	1004	1917	424	615	786	347	524	329	2399	1142	639	831
2494	KAT5_ENSG00000172977_40888.6	425	198	461	147	319	756	516	505	352	269	373	512	779	663	535	534	882	296	569	624
2495	KAT6A_ENSG00000083168_152091.1	846	402	1047	702	252	1385	571	1004	1245	2110	321	1221	1894	1427	1169	1268	1794	1957	1292	1283
2496	KAT6A_ENSG00000083168_152092.2	1447	708	1509	707	1072	2503	1794	1806	2323	1480	1230	2069	2892	2255	1805	1700	1994	2178	1692	1951
2497	KAT6A_ENSG00000083168_152093.3	1231	249	1206	868	305	1564	764	1410	1936	1820	587	1825	2258	2077	1673	1679	2774	1872	1862	1927
2498	KAT6A_ENSG00000083168_152094.4	616	335	718	643	460	994	836	862	1240	458	531	1144	1403	1142	998	932	1765	1554	922	1208
2499	KAT6A_ENSG00000083168_152095.5	380	605	435	256	307	543	444	397	768	496	310	495	662	437	520	383	1030	297	521	481
2500	KAT6A_ENSG00000083168_152096.6	564	143	776	519	342	873	591	821	1107	1976	364	1142	1146	796	965	762	2023	1215	912	1064
2501	KAT6B_ENSG00000156650_125352.1	832	75	733	384	289	704	622	714	1574	286	426	998	1323	639	937	629	1679	508	884	1223
2502	KAT6B_ENSG00000156650_125353.2	1976	1165	2038	1143	975	3241	2165	2404	3048	3871	1520	2738	5208	3088	2745	2524	2606	1744	2561	2480
2503	KAT6B_ENSG00000156650_125354.3	827	335	782	699	280	946	825	871	1263	985	594	966	1560	921	1018	874	1500	995	893	1138
2504	KAT6B_ENSG00000156650_125355.4	805	101	955	446	201	805	482	770	1373	175	298	1278	1520	1225	1236	1132	1630	285	1053	1213
2505	KAT6B_ENSG00000156650_125356.5	529	248	449	149	156	595	297	408	526	698	178	657	984	647	751	654	908	333	652	579
2506	KAT7_ENSG00000136504_182952.1	604	256	585	238	191	809	555	616	628	804	291	704	1044	711	843	673	951	600	724	896
2507	KAT7_ENSG00000136504_182953.2	1196	893	1153	576	339	1730	879	1431	1402	1686	465	1776	2580	1906	1939	1612	2029	1607	1787	1855
2508	KAT7_ENSG00000136504_182954.3	598	299	615	573	132	751	392	684	795	1817	281	925	1418	1117	984	972	481	1623	991	1179
2509	KAT7_ENSG00000136504_182955.4	1135	1044	1195	2109	117	1324	501	1318	2143	3748	259	1982	2532	1958	2167	1792	2496	2466	1909	2420
2510	KAT7_ENSG00000136504_182956.5	1644	861	1465	1057	531	1744	1272	1450	2189	1563	870	1760	2802	1964	1849	1636	1529	1357	1757	1978
2511	KAT7_ENSG00000136504_182957.6	1847	464	1836	880	1070	2843	2498	2360	2717	2336	1495	2408	3368	2502	2570	2092	1467	2748	2317	2571
2512	KAT8_ENSG00000103510_56401.1	244	176	294	322	96	425	218	278	469	1283	83	408	381	366	299	253	562	1229	278	430
2513	KAT8_ENSG00000103510_56402.2	819	562	844	414	443	1396	835	944	1341	1650	610	1414	1766	1301	921	1024	1341	550	1041	1294
2514	KAT8_ENSG00000103510_56403.3	804	637	1107	554	524	1070	1037	869	1160	1556	722	1647	1634	852	1060	753	1479	1504	1084	1870
2515	KAT8_ENSG00000103510_56404.4	389	637	439	306	35	328	170	363	834	1456	95	782	703	455	762	545	1034	1302	748	1029
2516	KAT8_ENSG00000103510_56405.5	403	206	428	372	180	617	413	542	802	1140	262	584	973	719	607	482	515	901	575	430
2517	KDM1A_ENSG00000004487_37714.1	1312	655	1218	599	186	1236	726	1201	1324	1581	393	1710	1964	1347	1866	1306	2679	911	1716	1827
2518	KDM1A_ENSG00000004487_37715.2	494	86	549	529	31	298	88	426	654	466	64	546	746	677	755	742	1032	1614	689	714
2519	KDM1A_ENSG00000004487_37716.3	645	95	650	196	700	1052	905	845	1145	686	685	1075	1492	1049	977	817	837	525	903	1096
2520	KDM1A_ENSG00000004487_37717.4	632	161	647	287	43	432	187	413	479	301	115	887	873	630	967	795	1034	1207	959	922
2521	KDM1A_ENSG00000004487_37718.5	818	510	749	414	74	494	234	491	707	961	145	1022	1123	1013	1031	1018	985	544	1111	936
2522	KDM1A_ENSG00000004487_37719.6	944	315	834	463	306	1051	756	879	1346	2541	494	1907	1422	992	1274	977	1337	1485	1082	1646
2523	KDM1B_ENSG00000165097_9147.1	801	281	802	295	371	1349	851	1063	1098	1361	617	1118	1585	1349	1181	989	284	191	1080	1009
2524	KDM1B_ENSG00000165097_9148.2	588	306	638	372	176	734	469	688	390	1426	277	893	1026	855	968	807	987	728	725	951
2525	KDM1B_ENSG00000165097_9150.4	588	287	702	448	399	1052	806	743	812	277	510	800	1267	914	735	634	793	551	711	873
2526	KDM1B_ENSG00000165097_9151.5	706	432	710	781	282	891	581	904	1635	445	480	1110	1176	994	861	869	953	902	975	851
2527	KDM1B_ENSG00000165097_9152.6	1067	373	1140	915	304	906	861	959	1577	625	496	1371	1898	1271	1430	1105	1838	1353	1231	1513
2528	KDM2A_ENSG00000173120_83116.1	1054	416	1103	413	296	1024	713	1007	1880	2058	414	1806	1654	1012	1284	1082	1797	2923	1312	1458
2529	KDM2A_ENSG00000173120_83118.3	562	244	401	586	76	410	164	377	185	682	141	648	801	713	598	593	944	286	611	540
2530	KDM2A_ENSG00000173120_83119.4	2116	661	2419	800	485	2014	1472	1853	3321	4574	922	3079	3156	2241	2635	2103	4744	4964	2606	2950
2531	KDM2A_ENSG00000173120_83121.6	931	872	1209	878	707	1391	1303	1231	1350	1083	903	1654	2217	1501	1333	1084	2013	1413	1262	1422
2532	KDM2B_ENSG00000089094_10573.1	1437	1006	1707	954	905	2487	1884	1995	2178	2891	1197	2109	3588	2350	2031	1967	2970	899	1980	1841
2533	KDM2B_ENSG00000089094_10574.2	522	31	580	454	931	1120	840	627	818	1738	761	737	1041	836	676	608	562	457	560	726
2534	KDM2B_ENSG00000089094_10575.3	547	564	720	694	250	905	499	794	748	1083	364	820	1401	995	917	670	1032	810	783	771
2535	KDM2B_ENSG00000089094_10576.4	704	1097	562	865	74	636	200	509	872	716	131	616	1205	904	883	820	717	833	781	833
2536	KDM2B_ENSG00000089094_10577.5	958	574	764	549	225	1009	526	861	1198	725	369	989	1860	1228	1138	1073	1250	276	1004	911
2537	KDM2B_ENSG00000089094_10578.6	211	168	207	344	22	235	77	208	195	543	53	275	401	277	367	305	306	284	309	340
2538	KDM3A_ENSG00000115548_93667.1	1009	500	842	163	369	1071	823	873	773	511	563	1097	1691	1160	1082	957	1565	1637	1152	998
2539	KDM3A_ENSG00000115548_93668.2	1329	595	1455	1079	808	1840	1603	1453	1921	1517	1097	2039	2501	1774	1830	1516	3769	1392	1719	1969
2540	KDM3A_ENSG00000115548_93669.3	1275	677	1258	678	108	1367	533	1338	1192	910	291	1866	2627	1970	1934	1725	2232	1766	1667	1620
2541	KDM3A_ENSG00000115548_93670.4	2243	1053	2097	1496	1250	2873	2022	2134	3763	2483	1368	2944	3640	2813	2379	2128	2663	2897	2359	2392
2542	KDM3A_ENSG00000115548_93671.5	819	499	865	154	131	869	431	869	1369	3153	271	1347	1573	1220	1454	1244	1592	2008	1270	1154
2543	KDM3A_ENSG00000115548_93672.6	503	603	510	461	64	528	227	509	897	1296	170	567	883	668	695	548	1183	257	699	716
2544	KDM3B_ENSG00000120733_123550.1	675	104	858	862	264	970	672	820	582	1363	407	917	1370	1276	1008	938	967	1179	1037	927
2545	KDM3B_ENSG00000120733_123551.2	565	294	644	455	269	884	648	755	1455	744	469	936	1086	874	803	596	1023	831	799	804
2546	KDM3B_ENSG00000120733_123552.3	554	642	430	77	36	613	201	456	652	2394	75	886	794	758	816	674	1947	1137	699	837
2547	KDM3B_ENSG00000120733_123553.4	1272	1033	1327	709	599	1906	1215	1595	1150	2140	789	1714	2584	2063	1705	1606	1661	1260	1613	1690
2548	KDM3B_ENSG00000120733_123555.6	828	314	843	596	368	1088	789	878	1278	2366	617	1205	1510	1132	968	795	2047	1280	980	1158
2549	KDM4A_ENSG00000066135_57526.1	1599	1028	1745	848	446	1433	1315	1302	2158	3197	874	2400	2393	1557	1901	1587	3667	1985	1744	2259
2550	KDM4A_ENSG00000066135_57528.3	1410	958	1574	2272	718	2078	1628	1899	2531	1753	906	1735	3047	2181	2028	1851	1857	1934	2000	1910
2551	KDM4A_ENSG00000066135_57529.4	715	167	688	1131	59	473	240	541	617	639	139	882	1148	640	956	755	6154	928	958	1013
2552	KDM4A_ENSG00000066135_57530.5	493	232	528	265	212	760	474	673	1118	2017	292	817	1058	933	865	736	1918	627	755	861
2553	KDM4A_ENSG00000066135_57531.6	198	126	178	148	25	169	94	184	269	386	58	97	280	235	197	181	358	295	200	215
2554	KDM4B_ENSG00000127663_83356.1	570	112	421	79	457	675	525	567	660	993	363	550	898	569	617	427	722	524	616	553
2555	KDM4B_ENSG00000127663_83357.2	1868	961	1963	1883	694	2187	1688	1771	2341	3461	1248	2619	2755	2207	2155	1783	4302	1560	2160	2301
2556	KDM4B_ENSG00000127663_83358.3	1155	821	1290	654	685	1730	1145	1351	2209	1850	825	1621	2179	1450	1502	1417	1702	530	1434	1612
2557	KDM4B_ENSG00000127663_83359.4	186	410	240	250	6	105	46	137	184	470	16	298	328	228	454	285	730	450	278	324
2558	KDM4B_ENSG00000127663_83360.5	1336	552	1358	873	693	1673	1294	1523	2368	1664	927	2290	2639	1865	1814	1569	2442	3385	1734	2004
2559	KDM4B_ENSG00000127663_83361.6	1169	125	1075	499	890	1473	1290	1286	1804	1399	945	1658	2097	1414	1513	1197	2563	2718	1383	1539
2560	KDM4C_ENSG00000107077_177961.1	1410	736	1425	1250	1342	2533	2157	1758	2647	2584	1667	2130	3034	2259	1881	1728	2390	1028	1804	2151
2561	KDM4C_ENSG00000107077_177962.2	839	498	710	510	212	1063	473	813	1509	2165	353	1285	1500	1328	1240	1106	1429	238	1193	1054
2562	KDM4C_ENSG00000107077_177963.3	1351	947	1344	889	269	1484	720	1367	1578	3804	408	1565	2483	1910	1908	1592	1932	1214	1660	1688
2563	KDM4C_ENSG00000107077_177964.4	408	79	462	510	381	769	534	619	1249	283	415	932	1068	978	838	781	848	1115	689	725
2564	KDM4C_ENSG00000107077_177965.5	1890	1233	2166	1484	1343	3146	2217	2217	2357	2209	1573	2684	3638	2597	2359	1943	2535	1471	2191	2368
2565	KDM4C_ENSG00000107077_177966.6	1364	224	1600	926	1254	2332	2171	1957	2530	2072	1586	1654	3128	2312	2104	1763	1503	1988	2059	2022
2566	KDM4D_ENSG00000186280_112168.1	1345	1044	1313	886	810	1730	1534	1686	2510	2082	926	1960	2688	1832	1848	1412	2837	2680	1612	1811
2567	KDM4D_ENSG00000186280_112170.3	556	487	553	516	25	483	184	480	873	2156	78	1033	1110	980	1240	908	1452	2148	1145	1082
2568	KDM4D_ENSG00000186280_112171.4	409	390	498	375	62	761	229	581	1140	443	111	942	1261	951	1084	905	1317	501	1016	976
2569	KDM4D_ENSG00000186280_112172.5	672	471	575	830	124	713	484	657	1261	1884	194	1011	1297	767	1035	830	1461	753	987	1136
2570	KDM4D_ENSG00000186280_112173.6	1152	897	1302	714	170	1746	779	1362	2239	2196	304	1962	2479	2140	2050	1781	2431	638	1893	2027
2571	KDM5A_ENSG00000073614_125722.1	213	238	280	210	10	154	58	166	288	1317	32	356	413	315	524	446	700	728	490	476
2572	KDM5A_ENSG00000073614_125723.2	730	662	920	227	508	1194	739	946	1011	770	493	1253	1800	1102	1064	867	1269	1593	1121	1057
2573	KDM5A_ENSG00000073614_125724.3	1814	838	1842	1319	664	2497	1414	2101	2478	3124	994	2910	3935	3037	3072	2479	3061	2763	2562	2712
2574	KDM5A_ENSG00000073614_125725.4	712	104	719	773	175	1149	484	841	904	882	346	913	1438	1210	985	944	1631	480	968	851
2575	KDM5A_ENSG00000073614_125726.5	740	256	813	1384	317	1177	678	865	1021	501	392	1109	1629	1260	955	890	1427	773	990	1099
2576	KDM5A_ENSG00000073614_125727.6	294	368	277	316	16	257	74	281	336	1064	33	616	529	444	722	574	916	1626	657	572
2577	KDM5B_ENSG00000117139_37584.1	1998	1262	1755	1141	551	1724	1402	1877	3294	5647	792	2826	3182	2071	2439	1887	4370	3082	2264	3302
2578	KDM5B_ENSG00000117139_37585.2	1305	465	1369	1709	262	1476	734	1393	1917	3958	418	1996	2599	1855	2131	1795	1811	3132	2150	1943
2579	KDM5B_ENSG00000117139_37586.3	614	457	750	109	263	729	413	648	1009	1091	306	800	1383	962	888	880	1252	564	929	816
2580	KDM5B_ENSG00000117139_37587.4	1862	1143	1963	2892	815	2247	1647	1957	3671	2452	1193	2911	3757	2512	2562	2068	4548	3802	2385	2693
2581	KDM5B_ENSG00000117139_37588.5	710	287	730	310	159	865	490	829	629	768	296	966	1476	1272	1184	915	1468	1336	1039	950
2582	KDM5B_ENSG00000117139_37589.6	218	177	239	285	31	220	150	248	487	1017	58	414	429	287	398	299	548	517	374	386
2583	KDM5C_ENSG00000126012_152900.1	499	216	511	317	36	356	155	405	515	715	66	736	774	503	889	620	579	708	727	698
2584	KDM5C_ENSG00000126012_152901.2	1860	803	2077	1089	935	2709	1896	2343	2703	5089	1203	2879	3993	2962	2711	2404	2553	2029	2473	2656
2585	KDM5C_ENSG00000126012_152902.3	1949	767	2093	1324	534	2292	1321	2113	2482	2469	676	3058	3801	2770	2948	2511	3554	4699	2523	2799
2586	KDM5C_ENSG00000126012_152903.4	3094	1169	3160	2225	1454	4350	2699	3724	4585	5351	1835	4058	5845	4516	4098	3615	4816	3582	4015	4158
2587	KDM5C_ENSG00000126012_152904.5	470	257	534	94	232	620	554	434	698	131	344	658	898	600	592	566	1164	1352	562	717
2588	KDM5C_ENSG00000126012_152905.6	1251	911	1451	1438	395	1980	1206	1553	2226	2883	629	2142	3205	2357	2003	1865	1572	2527	1984	2015
2589	KDM5D_ENSG00000012817_112590.1	1276	511	1084	1059	501	2284	1138	1688	1484	2631	602	1876	2614	2170	1976	1646	1644	985	1656	1719
2590	KDM5D_ENSG00000012817_112591.2	1650	484	1864	976	682	2928	1650	2113	2523	1645	994	2482	4069	3309	2775	2391	2382	1069	2518	2584
2591	KDM5D_ENSG00000012817_112592.3	1398	1169	1546	1084	358	2033	1083	1685	2471	4244	598	2088	3492	2299	2253	2174	1826	1598	2073	2097
2592	KDM5D_ENSG00000012817_112593.4	392	334	472	161	241	788	463	735	459	738	247	545	964	694	693	543	754	242	549	570
2593	KDM5D_ENSG00000012817_112594.5	643	543	641	812	303	1130	694	737	924	1936	436	839	1484	1139	859	846	992	269	835	712
2594	KDM5D_ENSG00000012817_112595.6	1553	463	1654	1991	911	2366	1537	2025	3285	1907	980	3097	3394	2626	2132	2001	2040	2432	2075	2123
2595	KDM6A_ENSG00000147050_114240.1	1449	778	1452	1100	577	1841	1138	1556	2107	2335	871	1762	2839	1995	1944	1749	1568	890	1850	1783
2596	KDM6A_ENSG00000147050_114241.2	944	787	910	605	448	1503	944	1122	2594	1763	583	1302	2315	1692	1367	1266	2088	1583	1367	1325
2597	KDM6A_ENSG00000147050_114242.3	1050	1340	931	272	331	1146	892	1000	2627	2533	515	1246	1878	1215	1348	1071	2906	2029	1218	996
2598	KDM6A_ENSG00000147050_114243.4	716	892	743	576	143	1065	592	797	1793	1426	256	814	1449	1077	895	880	1408	1614	866	805
2599	KDM6A_ENSG00000147050_114244.5	319	471	281	474	48	446	147	346	993	1105	101	451	862	576	617	561	460	1	558	388
2600	KDM6A_ENSG00000147050_114245.6	1047	828	1105	552	668	1868	1271	1498	3510	3528	851	1556	2302	2045	1738	1483	3472	2333	1421	1386
2601	KDM6B_ENSG00000132510_28933.1	1558	648	1935	712	1640	3044	2322	2156	2024	1032	1665	2226	3655	2613	2370	2042	2598	2045	2215	2208
2602	KDM6B_ENSG00000132510_28934.2	420	517	470	491	59	529	184	398	518	1516	95	533	825	637	681	497	1111	998	667	516
2603	KDM6B_ENSG00000132510_28935.3	1403	850	1331	1113	386	1896	1042	1569	1969	1850	640	1705	3012	1956	2085	1917	1989	1386	2035	1782
2604	KDM6B_ENSG00000132510_28936.4	1464	861	1730	1329	382	1731	940	1561	1642	4311	617	1890	2765	2534	2060	1930	1794	466	2004	1907
2605	KDM6B_ENSG00000132510_28937.5	1820	969	2092	1212	1015	3583	2039	2349	2862	2819	1375	2551	4405	3334	2675	2509	3372	1959	2486	2842
2606	KDM6B_ENSG00000132510_28938.6	714	183	641	529	110	682	398	725	1098	616	206	830	1126	816	838	805	1372	102	862	799
2607	KDM7A_ENSG00000006459_48988.1	1857	808	1729	1446	1446	3410	2180	2202	3148	953	1536	2382	3888	2923	2308	2177	3040	1761	2232	2121
2608	KDM7A_ENSG00000006459_48989.2	483	414	479	412	51	468	197	485	389	1850	102	652	899	680	801	617	801	1390	790	699
2609	KDM7A_ENSG00000006459_48991.4	688	475	643	350	263	867	667	787	1085	1109	376	834	1038	871	879	757	1037	326	846	821
2610	KDM7A_ENSG00000006459_48992.5	354	156	422	99	144	560	237	394	525	724	222	657	787	726	523	513	649	1187	474	433
2611	KDM7A_ENSG00000006459_48993.6	1458	199	1340	966	681	1751	1413	1719	2027	2849	969	1809	2556	1786	1811	1629	2158	1523	1841	2006
2612	KDM8_ENSG00000155666_65855.1	511	230	506	496	116	630	335	583	1188	1699	207	780	1305	865	873	780	1335	717	890	803
2613	KDM8_ENSG00000155666_65856.2	843	479	888	632	73	714	305	735	931	3015	159	1149	1602	1150	1320	1433	1400	1467	1219	1298
2614	KDM8_ENSG00000155666_65857.3	395	286	359	382	114	452	338	340	451	283	201	604	564	499	429	435	990	258	355	656
2615	KDM8_ENSG00000155666_65858.4	973	475	855	945	526	1216	1054	1205	1942	679	750	1503	1805	1288	1219	953	1692	1435	1146	1116
2616	KDM8_ENSG00000155666_65859.5	273	274	247	75	13	74	59	189	211	1035	26	310	244	179	351	200	543	683	271	328
2617	KDM8_ENSG00000155666_65860.6	360	251	351	344	64	357	192	287	448	737	88	592	722	557	596	455	944	199	563	677
2618	KEAP1_ENSG00000079999_158066.1	699	455	686	451	235	757	366	692	1095	841	268	1040	1339	865	944	732	1404	1291	1033	1034
2619	KEAP1_ENSG00000079999_158067.2	479	136	465	291	396	625	460	483	737	1280	391	789	834	815	648	622	965	1223	619	744
2620	KEAP1_ENSG00000079999_158068.3	204	377	279	285	12	174	164	271	221	1295	46	337	372	261	336	331	446	1640	342	278
2621	KEAP1_ENSG00000079999_158069.4	1797	932	1909	450	1022	2724	1935	2110	2709	2823	1297	2545	3490	2358	2129	2007	1954	1501	2369	2603
2622	KEAP1_ENSG00000079999_158070.5	1735	466	1625	1152	1251	2852	2175	1917	1835	1128	1450	2068	3072	2261	1966	1782	1996	3761	2008	2054
2623	KIAA1045_ENSG00000122733_133813.1	1343	1136	1289	832	761	1529	1217	1391	2482	1810	910	1585	2297	1334	1604	1124	3525	1319	1522	1754
2624	KIAA1045_ENSG00000122733_133814.2	745	707	689	1098	265	836	461	746	856	770	377	870	1169	993	874	692	1044	2022	782	871
2625	KIAA1045_ENSG00000122733_133815.3	2318	1760	2542	1701	700	3504	1842	2913	3312	4901	1197	3404	4769	3738	3529	3006	3850	3242	3241	3257
2626	KIAA1045_ENSG00000122733_133816.4	505	628	689	451	131	520	390	494	1308	910	243	657	954	572	641	457	893	1014	678	738
2627	KIAA1045_ENSG00000122733_133817.5	696	280	607	671	110	593	356	624	1475	1950	196	930	1214	864	963	740	2397	909	949	928
2628	KIAA1045_ENSG00000122733_133818.6	803	396	625	242	300	818	530	813	1527	2191	442	989	1468	1012	974	921	2411	1826	1020	703
2629	KIAA1958_ENSG00000165185_122529.1	1696	1092	1405	929	405	2021	1118	1776	2600	3331	637	2143	3128	2045	2275	1886	3154	1264	1942	2228
2630	KIAA1958_ENSG00000165185_122530.2	1249	455	1175	885	1049	1941	1364	1450	1588	2029	948	1887	2602	1842	1626	1477	2120	1714	1558	1781
2631	KIAA1958_ENSG00000165185_122531.3	1374	703	1313	855	462	1436	898	1275	2248	1289	531	1882	2277	1709	1966	1595	2074	2509	1597	1872
2632	KIAA1958_ENSG00000165185_122532.4	358	89	389	331	56	605	329	471	575	641	204	358	729	648	577	452	751	229	765	450
2633	KIAA1958_ENSG00000165185_122533.5	536	163	463	81	355	815	648	586	801	1241	328	775	1179	690	596	655	1043	645	609	681
2634	KIAA1958_ENSG00000165185_122534.6	1292	774	1156	857	453	1443	1044	1299	1455	1248	774	1464	1916	1545	1267	1211	2070	566	1318	1376
2635	KIAA2026_ENSG00000183354_137366.1	1530	687	1584	947	896	2554	2019	2003	2762	3184	1238	2027	3270	2488	2087	1826	2877	1351	2053	2179
2636	KIAA2026_ENSG00000183354_137368.3	793	831	966	280	332	1248	666	1078	1256	1054	436	1150	1601	1237	1087	988	1555	1067	1103	1148
2637	KIAA2026_ENSG00000183354_137369.4	1461	1269	1476	895	367	1954	973	1682	1968	3021	684	2026	2991	2202	2275	1930	2248	3440	2081	2043
2638	KIAA2026_ENSG00000183354_137371.6	927	887	972	1149	121	935	470	1014	1311	1314	174	1563	2082	1617	1765	1415	1673	1337	1600	1456
2639	KIF22_ENSG00000079616_48732.2	314	129	350	623	22	217	91	244	759	2208	35	735	618	411	632	507	1257	910	613	699
2640	KIF22_ENSG00000079616_48733.3	1820	759	1706	1286	517	1808	1151	1679	2901	3071	831	2717	2638	1759	2209	1667	2620	3844	2186	2987
2641	KIF22_ENSG00000079616_48736.6	955	431	1028	669	602	1582	1060	1242	1604	4221	740	1661	1807	1252	1226	922	1711	1817	1109	1666
2642	KLF1_ENSG00000105610_100095.1	887	682	958	559	387	927	717	825	352	1393	486	1875	1446	1008	1071	856	2864	92	1077	1829
2643	KLF1_ENSG00000105610_100097.3	942	363	959	854	94	670	418	709	614	1375	237	2617	1399	1155	1401	1110	646	2263	1307	3006
2644	KLF1_ENSG00000105610_100098.4	672	199	592	597	363	824	683	746	526	1533	406	1746	1246	806	756	666	723	461	757	1480
2645	KLF1_ENSG00000105610_100100.6	474	106	516	620	143	435	367	408	374	951	192	1327	834	513	549	380	214	1082	632	1242
2646	KLHDC3_ENSG00000124702_111498.1	1602	867	1617	1380	812	1504	1417	1517	2612	2539	1110	2391	2336	2234	1877	1519	3271	1676	1725	2183
2647	KLHDC3_ENSG00000124702_111500.3	1338	423	1175	889	630	1299	1373	1243	1693	1719	1036	1919	2011	1247	1326	1062	1737	1731	1439	1730
2648	KLHDC3_ENSG00000124702_111501.4	1535	817	1499	815	719	2398	1563	1948	2699	3101	973	2752	3250	2716	2255	1907	2958	2577	2086	2362
2649	KLHDC3_ENSG00000124702_111503.6	627	209	611	155	485	948	794	905	1188	2364	484	945	1349	956	977	699	1224	505	756	810
2650	KMT2A_ENSG00000118058_33300.1	892	876	935	556	331	1146	887	943	583	825	559	1141	1409	971	1236	944	879	279	1111	996
2651	KMT2A_ENSG00000118058_33301.2	323	177	328	234	54	375	179	277	310	429	68	386	598	551	525	463	634	401	456	372
2652	KMT2A_ENSG00000118058_33304.5	618	410	547	373	740	1012	935	831	693	1020	644	902	1297	938	968	824	1341	792	714	834
2653	KMT2A_ENSG00000118058_33305.6	1874	861	1809	1328	1010	2079	1806	1552	1490	2890	1105	1925	2809	1877	2042	1656	2121	3890	1804	2183
2654	KMT2B_ENSG00000272333_50089.1	213	92	214	480	50	234	122	257	642	1263	63	466	443	302	434	322	289	588	449	473
2655	KMT2B_ENSG00000272333_50090.2	967	513	909	669	272	1340	685	1124	1817	3575	456	1560	2093	1418	1409	1158	2668	1247	1327	1668
2656	KMT2B_ENSG00000272333_50091.3	1188	833	1046	942	358	1390	759	1155	2179	3798	454	1686	1861	1334	1569	1308	2224	1981	1431	1579
2657	KMT2B_ENSG00000272333_50092.4	659	92	711	287	309	621	553	484	1204	1930	352	1010	1006	709	795	568	995	500	628	1038
2658	KMT2B_ENSG00000272333_50093.5	1930	1039	2018	1678	1186	2309	2143	1670	2401	3597	1454	2422	2723	2051	2013	1574	3349	3468	2043	2727
2659	KMT2C_ENSG00000055609_151141.1	2568	968	2695	1645	2893	5339	4030	3377	3464	4030	2726	3093	5130	4330	3061	3001	2672	3278	3106	3247
2660	KMT2C_ENSG00000055609_151142.2	415	463	472	186	272	907	538	657	449	757	443	690	983	811	699	659	609	841	639	563
2661	KMT2C_ENSG00000055609_151143.3	1092	1203	1111	1121	106	1254	498	1216	1152	2293	219	1550	2193	1729	1944	1673	2100	2473	1796	1659
2662	KMT2C_ENSG00000055609_151144.4	460	555	599	717	55	518	257	496	1140	1329	79	923	948	762	897	736	1807	1247	886	893
2663	KMT2C_ENSG00000055609_151145.5	884	993	986	567	1041	1554	1203	1113	1437	506	913	1332	1887	1283	1211	1033	2305	973	1062	1316
2664	KMT2C_ENSG00000055609_151146.6	1997	1346	2079	1621	1358	3148	2138	2584	3905	4131	1522	2718	4467	3300	2798	2405	3806	3999	2635	2510
2665	KMT2D_ENSG00000167548_75190.1	1080	1631	1134	849	555	1049	1027	950	3184	278	702	905	1868	1262	1267	1150	3471	700	1258	770
2666	KMT2D_ENSG00000167548_75191.2	1509	1981	1295	953	511	1109	1188	1310	3569	2087	716	1359	2176	1059	1716	1217	5970	1637	1362	1303
2667	KMT2D_ENSG00000167548_75192.3	548	730	518	599	30	386	184	389	1114	3056	90	661	1024	669	1096	788	2282	817	915	712
2668	KMT2D_ENSG00000167548_75193.4	1065	1159	962	1218	174	760	552	912	2595	3518	262	1024	1924	1280	1510	1195	4545	2022	1328	1139
2669	KMT2D_ENSG00000167548_75194.5	1149	475	1105	1044	838	1469	1335	1394	2049	3948	1037	1425	2159	1744	1326	1181	2166	1914	1329	1172
2670	KMT2D_ENSG00000167548_75195.6	1525	1823	1636	1132	1009	2038	1944	1670	3958	2751	1427	1543	3023	2023	1985	1766	4801	3738	1755	1678
2671	KMT2E_ENSG00000005483_160603.1	1067	179	1199	569	278	1187	705	1081	1954	2258	354	1530	1916	1674	1674	1202	2684	2359	1445	1762
2672	KMT2E_ENSG00000005483_160604.2	807	343	803	684	227	1287	628	852	1212	1582	445	1397	1665	1254	1133	951	1364	1106	1010	1285
2673	KMT2E_ENSG00000005483_160605.3	871	320	1003	560	261	1316	858	1027	1885	1464	458	1276	1777	1486	1350	1136	1647	1465	1262	1452
2674	KMT2E_ENSG00000005483_160607.5	1480	971	1359	278	1007	1449	1536	1129	1283	761	984	1598	2125	1528	1374	1169	1974	858	1262	1318
2675	KMT2E_ENSG00000005483_160608.6	880	194	867	991	363	1295	784	1066	1134	613	627	1222	1859	1287	1267	1082	1699	629	1148	1346
2676	KNTC1_ENSG00000184445_32693.1	494	92	486	506	194	586	499	478	647	254	342	548	782	510	613	471	478	1382	559	671
2677	KNTC1_ENSG00000184445_32694.2	596	287	700	726	249	853	700	670	1083	1181	549	790	1210	682	864	637	1120	527	745	870
2678	KNTC1_ENSG00000184445_32695.3	1464	680	1646	800	993	2494	1566	1774	2761	3021	1264	2252	3132	2248	2138	1666	1992	801	1963	1908
2679	KNTC1_ENSG00000184445_32696.4	582	143	651	673	306	914	690	897	989	876	483	800	1357	932	1012	672	864	1924	931	921
2680	KNTC1_ENSG00000184445_32697.5	1619	1045	1842	696	972	2280	1961	1793	3005	1475	1148	2447	2903	2459	2006	1728	3144	1267	1895	2089
2681	KNTC1_ENSG00000184445_32698.6	1128	575	1357	866	223	1333	661	1152	1479	3672	376	1776	2281	1813	1792	1518	2160	1548	1682	1622
2682	L3MBTL2_ENSG00000100395_9371.1	910	292	754	658	295	1116	722	744	561	554	347	1250	1644	1179	1137	900	1154	562	1094	1132
2683	L3MBTL2_ENSG00000100395_9372.2	531	467	539	181	139	724	397	613	664	977	237	603	1277	817	833	660	426	326	654	736
2684	L3MBTL2_ENSG00000100395_9373.3	1497	1495	1501	1303	609	2295	1364	1671	1772	2720	833	2373	3470	2380	2298	1986	1796	2608	2010	2037
2685	L3MBTL2_ENSG00000100395_9374.4	1368	918	1465	972	594	2400	1268	1977	1452	2856	853	2223	3024	2423	2105	1754	1498	1405	1975	2054
2686	L3MBTL2_ENSG00000100395_9375.5	764	165	720	346	219	902	496	878	854	788	320	845	1746	1010	1106	933	1076	1079	1040	1101
2687	L3MBTL2_ENSG00000100395_9376.6	1039	619	1014	368	525	1389	962	1038	1056	229	682	1230	1927	1403	1234	1072	1311	1593	1090	1187
2688	L3MBTL3_ENSG00000198945_77082.1	1824	564	1738	1357	584	2093	1428	1966	2985	2710	963	2507	2972	2443	2342	1978	2757	3192	2223	2562
2689	L3MBTL3_ENSG00000198945_77085.4	189	256	148	144	12	136	57	152	160	485	31	314	337	207	270	256	251	950	312	241
2690	L3MBTL3_ENSG00000198945_77086.5	1082	492	1139	666	283	1279	736	1212	1301	1791	439	1603	2048	1453	1570	1275	1463	1059	1572	1632
2691	L3MBTL3_ENSG00000198945_77087.6	885	543	796	617	369	1254	817	923	1565	669	556	1191	1626	1144	1262	987	1123	169	1146	1177
2692	L3MBTL4_ENSG00000154655_180409.1	594	87	640	400	92	744	270	711	706	616	191	817	1060	969	837	747	822	1426	885	981
2693	L3MBTL4_ENSG00000154655_180410.2	897	88	1127	910	618	1526	1120	1178	1791	1580	856	1124	1851	1395	1212	1224	1039	560	1241	1497
2694	L3MBTL4_ENSG00000154655_180412.4	957	231	1026	594	273	1442	730	1069	1658	2141	421	1565	1947	1236	1421	1197	1368	1223	1255	1324
2695	L3MBTL4_ENSG00000154655_180413.5	585	363	528	463	115	434	359	474	1009	1549	277	692	1028	629	734	592	1457	504	695	749
2696	L3MBTL4_ENSG00000154655_180414.6	1012	1149	1197	719	426	1290	809	1204	1755	1439	534	1649	2161	1375	1501	1246	2166	761	1327	1736
2697	LARP7_ENSG00000174720_199955.1	565	420	569	243	78	778	303	642	953	1322	194	755	1194	972	896	778	972	427	840	814
2698	LARP7_ENSG00000174720_199956.2	1895	1372	1881	1783	1149	3239	1980	2233	3555	3510	1515	2794	4033	3073	2781	2462	3025	5668	2735	2541
2699	LARP7_ENSG00000174720_199957.3	334	100	328	233	80	459	243	324	589	647	135	499	680	473	555	440	1139	1388	498	358
2700	LARP7_ENSG00000174720_199959.5	786	413	997	999	127	1260	422	1087	1176	1283	237	1415	1817	1317	1441	1243	1717	1617	1396	1231
2701	LARP7_ENSG00000174720_199960.6	1158	861	1137	527	599	1778	1168	1352	1810	1873	737	1473	2737	1773	1484	1411	1676	1021	1390	1430
2702	LBR_ENSG00000143815_84968.1	684	77	758	610	468	1206	750	911	1403	1236	513	1236	1483	1150	1071	935	619	424	934	1254
2703	LBR_ENSG00000143815_84971.4	1263	300	1194	860	372	1839	1058	1366	2085	3392	647	1680	2390	1805	1511	1318	2255	2169	1461	1780
2704	LBR_ENSG00000143815_84973.6	372	132	397	656	52	245	108	251	505	998	98	584	552	382	601	464	715	304	531	631
2705	LCOR_ENSG00000196233_5340.1	735	204	633	682	222	1057	552	803	882	1371	437	986	1500	1218	1078	1005	544	540	1012	972
2706	LCOR_ENSG00000196233_5341.2	1546	2360	1467	1218	492	1806	979	1565	1954	1515	737	2024	2608	2166	1962	1697	2067	1248	1994	2003
2707	LCOR_ENSG00000196233_5342.3	1793	674	1753	1245	741	2500	1379	2086	2471	1623	945	2308	3715	2696	2345	1985	2188	1314	2165	2247
2708	LCOR_ENSG00000196233_5343.4	723	275	773	760	200	988	547	854	1016	409	301	905	1637	1384	1286	1158	1106	1311	1217	961
2709	LCOR_ENSG00000196233_5344.5	796	512	828	614	661	1177	942	1153	1982	2726	612	1206	1804	1400	1302	1044	2311	1309	1049	1212
2710	LCORL_ENSG00000178177_180490.2	912	424	1020	282	254	1369	670	1051	1779	2435	365	1508	2086	1630	1489	1266	2169	1453	1451	1474
2711	LCORL_ENSG00000178177_180491.3	617	279	649	473	194	792	484	498	1069	1787	326	810	1347	778	952	611	1157	806	773	907
2712	LCORL_ENSG00000178177_180493.5	923	739	951	160	578	1091	1067	962	1252	802	597	1076	1620	1249	1066	889	2198	1098	1150	984
2713	LCORL_ENSG00000178177_180494.6	1556	1637	1684	1449	571	2216	1322	1841	1870	2875	708	2358	3138	2551	2522	2035	2359	1859	2062	2248
2714	LEO1_ENSG00000166477_58346.1	483	536	475	394	99	531	267	491	1307	1177	143	511	1052	626	738	583	2760	784	700	740
2715	LEO1_ENSG00000166477_58347.2	882	561	955	1045	415	1013	813	996	2701	2260	524	1044	2118	1279	1190	991	3014	2364	1098	1127
2716	LEO1_ENSG00000166477_58349.4	823	374	978	703	342	1495	688	1107	1419	2586	439	1164	2076	1403	1358	1217	1752	584	1286	1192
2717	LEO1_ENSG00000166477_58350.5	2297	2131	2376	1368	1135	3007	2341	2461	5558	3820	1350	2787	4284	2928	2875	2412	5658	1907	2522	3147
2718	LEO1_ENSG00000166477_58351.6	504	279	490	1193	172	724	480	621	738	1072	280	774	885	723	638	572	1410	1247	650	520
2719	LMNA_ENSG00000160789_159023.1	1009	995	989	1159	282	1056	686	858	2434	1995	420	1330	1776	1230	1437	1136	1533	1533	1254	1620
2720	LMNA_ENSG00000160789_159024.2	681	362	609	530	93	580	318	595	499	1203	194	829	1144	930	1005	928	1396	1131	875	735
2721	LMNA_ENSG00000160789_159025.3	971	743	1005	332	685	1451	1069	1115	927	1859	813	1254	1832	1361	1227	1087	1933	580	1304	1321
2722	LMNA_ENSG00000160789_159026.4	529	86	630	302	107	650	355	521	805	1321	263	743	1004	717	717	659	1519	279	747	750
2723	LMNA_ENSG00000160789_159027.5	652	651	736	332	307	1154	735	919	1860	640	396	954	1248	980	922	926	1524	787	824	1012
2724	LMNA_ENSG00000160789_159028.6	1879	1034	1873	1394	547	1281	1126	1557	2416	4565	771	2199	3137	2254	2282	1875	2872	3062	2206	2161
2725	LMNB1_ENSG00000113368_23449.1	567	267	557	271	329	793	662	525	823	1615	455	687	1035	652	610	613	1230	1154	703	688
2726	LMNB1_ENSG00000113368_23450.2	1416	556	1543	332	854	1928	1134	1760	2316	1882	980	1831	3000	2156	1797	1719	2634	1944	1691	1976
2727	LMNB1_ENSG00000113368_23451.3	893	560	787	846	493	1008	985	978	1116	919	545	1171	1753	1253	1133	924	1092	1167	894	1206
2728	LMNB1_ENSG00000113368_23452.4	2262	1906	2273	1491	1360	2954	2103	2102	3189	2575	1572	2565	4074	2661	2759	2181	3460	1592	2444	2891
2729	LMNB1_ENSG00000113368_23453.5	704	623	744	457	73	606	330	635	1616	1842	205	1128	1335	805	1127	852	986	1843	1070	1000
2730	LMNB1_ENSG00000113368_23454.6	744	438	744	361	181	812	479	767	1463	1556	298	1128	1335	959	1037	878	1437	798	907	946
2731	LMNB2_ENSG00000176619_204241.1	1364	882	1427	676	587	1231	1106	1273	1666	1277	871	1666	1779	1429	1293	1220	1711	1718	1243	1667
2732	LMNB2_ENSG00000176619_204242.2	556	237	606	517	208	725	440	673	780	1084	344	849	1194	961	862	639	1272	551	749	738
2733	LMNB2_ENSG00000176619_204243.3	1718	957	1737	1069	422	1797	1099	1536	2372	1982	776	2040	2891	2148	2030	1839	2076	2148	1879	1917
2734	LMNB2_ENSG00000176619_204244.4	750	460	981	442	356	1065	645	781	1841	1494	432	1514	1648	1262	1241	952	1186	1121	1161	1335
2735	LMNB2_ENSG00000176619_204245.5	1196	438	1246	856	236	1147	545	1083	1652	2498	342	1683	2116	1462	1649	1431	2464	1355	1532	1702
2736	LMNB2_ENSG00000176619_204246.6	1032	565	1108	929	143	904	319	807	1279	1671	223	1292	2177	1456	1602	1523	1747	1854	1440	1465
2737	LNX1_ENSG00000072201_124184.1	1373	635	1421	806	1102	2447	1902	1936	2162	12467	1195	1829	3049	2271	1988	1810	1739	1157	1830	1889
2738	LNX1_ENSG00000072201_124185.2	698	598	704	655	402	1448	772	1036	1191	868	607	730	1622	1236	1170	936	1420	1304	961	891
2739	LNX1_ENSG00000072201_124186.3	1270	825	1198	1152	494	1366	1072	1286	2670	2010	864	1584	2200	1695	1484	1347	2127	1137	1460	1520
2740	LNX1_ENSG00000072201_124187.4	576	96	479	522	174	746	425	548	1100	1261	299	829	1009	916	820	614	860	594	801	734
2741	LNX1_ENSG00000072201_124189.6	503	1037	478	125	92	618	257	530	443	945	135	667	1110	689	695	571	894	1171	688	699
2742	LRWD1_ENSG00000161036_98488.1	398	178	438	561	30	414	140	441	350	1204	111	553	714	604	805	666	853	985	621	580
2743	LRWD1_ENSG00000161036_98489.2	278	92	305	465	27	226	113	216	684	249	72	376	395	324	433	351	544	895	385	487
2744	LRWD1_ENSG00000161036_98490.3	1081	456	889	443	245	1246	642	981	2004	1635	443	1245	1891	1338	1367	1156	1706	2957	1254	1340
2745	LRWD1_ENSG00000161036_98491.4	664	933	732	568	204	611	440	616	746	277	271	1039	1364	877	854	747	1966	1167	859	948
2746	LRWD1_ENSG00000161036_98492.5	1347	478	1363	744	241	1247	715	1263	1932	3075	386	1847	2226	1673	1984	1562	2094	3524	1627	1777
2747	LRWD1_ENSG00000161036_98493.6	1356	942	1472	648	218	1308	604	1426	1955	1493	328	2139	2420	1917	2183	1855	2493	868	1917	2035
2748	MACROD1_ENSG00000133315_1727.3	794	93	662	327	130	787	355	607	1068	1575	253	1049	1401	1163	1072	961	726	236	978	1048
2749	MACROD1_ENSG00000133315_1728.4	826	168	793	441	269	1124	766	848	1205	282	523	1171	1413	1036	1083	778	1437	390	1105	971
2750	MACROD1_ENSG00000133315_1729.5	275	431	310	582	33	94	97	236	283	242	84	439	386	179	365	267	1152	1198	401	430
2751	MACROD1_ENSG00000133315_1730.6	1868	1174	1878	924	756	1839	1459	1836	3489	1881	1168	2573	2953	2236	2325	1957	3939	2865	2152	2312
2752	MACROD2_ENSG00000172264_152690.1	1154	1157	1184	879	327	1699	801	1547	1764	1515	488	1695	2845	1964	1843	1636	2269	2290	1932	1832
2753	MACROD2_ENSG00000172264_152691.2	782	269	909	376	858	1357	997	983	624	778	705	1184	1660	1310	1174	925	1575	305	1034	1092
2754	MACROD2_ENSG00000172264_152693.4	1013	615	941	1214	338	1103	772	1050	1372	1327	471	1360	2003	1226	1352	1036	2038	12353	1400	1193
2755	MACROD2_ENSG00000172264_152694.5	376	169	302	376	101	471	210	392	649	620	148	554	914	712	720	550	855	1790	776	574
2756	MACROD2_ENSG00000172264_152695.6	1169	380	1120	1137	473	1724	1077	1179	1065	700	687	1192	2219	1822	1447	1218	1161	777	1343	1360
2757	MAEL_ENSG00000143194_51285.1	1770	940	1862	1203	465	2340	1204	2054	2297	2662	662	2706	3873	3269	2614	2386	4205	1127	2445	2432
2758	MAEL_ENSG00000143194_51286.2	1144	1017	1176	955	560	1347	1173	1249	1678	1267	800	1332	1958	1425	1249	1055	1544	908	1266	1367
2759	MAEL_ENSG00000143194_51287.3	600	405	513	433	230	715	474	583	898	608	309	696	1011	541	736	499	833	438	694	804
2760	MAEL_ENSG00000143194_51288.4	1075	923	1211	539	269	978	644	997	1168	1684	520	1305	1611	1108	1305	1019	2599	952	1167	1399
2761	MAEL_ENSG00000143194_51289.5	501	84	625	564	183	777	449	531	705	715	295	705	1262	684	699	665	820	302	658	683
2762	MAEL_ENSG00000143194_51290.6	665	151	668	468	185	585	590	643	1176	797	327	1005	1119	713	924	766	1863	2731	859	839
2763	MAP3K12_ENSG00000139625_141544.1	561	805	582	612	141	580	320	495	839	352	227	721	983	667	753	538	1093	1671	663	752
2764	MAP3K12_ENSG00000139625_141545.2	817	296	843	549	602	1164	1048	1061	1340	594	691	1053	1717	1043	1023	874	1371	1105	934	1105
2765	MAP3K12_ENSG00000139625_141546.3	809	607	885	782	429	1338	883	1060	1559	1345	592	1155	1892	1118	1174	939	1948	497	1067	1356
2766	MAP3K12_ENSG00000139625_141547.4	375	601	379	448	50	363	156	319	428	1084	102	523	725	461	670	538	207	1271	698	572
2767	MAP3K12_ENSG00000139625_141548.5	1094	680	1189	918	873	1681	1199	1393	2005	6876	807	1375	2383	1801	1643	1375	2374	2271	1693	1684
2768	MAP3K12_ENSG00000139625_141549.6	568	108	517	480	95	454	320	382	1287	1532	179	826	720	445	748	393	831	2525	624	847
2769	MAU2_ENSG00000129933_78023.1	753	218	844	412	304	653	868	748	1215	529	484	1767	1258	738	1023	867	2073	424	958	1556
2770	MAU2_ENSG00000129933_78024.2	1279	572	1380	403	270	1533	785	1384	2047	3031	509	1588	2374	2055	1745	1759	1732	564	1716	1426
2771	MAU2_ENSG00000129933_78025.3	1044	601	1112	574	683	1090	1202	1132	1686	415	867	2395	1901	1124	1403	1092	1270	860	1317	2024
2772	MAU2_ENSG00000129933_78026.4	1226	708	1279	1098	357	1728	894	1445	1847	3510	556	1932	2377	1748	1878	1478	2669	1455	1705	1696
2773	MAU2_ENSG00000129933_78027.5	892	570	793	331	234	630	744	786	1707	2771	473	2209	1248	720	1127	849	1377	1541	1022	1787
2774	MAZ_ENSG00000103495_143592.1	1129	462	1138	782	1116	1931	1656	1319	1698	1088	1304	1724	2279	1630	1371	1233	1260	553	1282	1647
2775	MAZ_ENSG00000103495_143593.2	1227	584	1034	609	414	1587	965	1122	2071	797	701	1652	2143	1236	1572	1137	2862	2957	1365	1636
2776	MAZ_ENSG00000103495_143594.3	523	221	422	691	331	637	487	582	756	617	332	728	1039	548	665	560	1526	395	609	725
2777	MAZ_ENSG00000103495_143595.4	1990	320	2092	1549	337	832	1417	1165	2147	4817	839	3616	1967	925	2165	1146	4352	7239	2012	2710
2778	MAZ_ENSG00000103495_143596.5	193	536	226	148	19	148	107	219	296	649	29	295	359	223	338	257	746	1971	336	396
2779	MBD1_ENSG00000141644_160494.1	688	600	658	350	385	1456	881	872	1133	1049	689	1072	1539	1228	1015	979	1279	895	959	904
2780	MBD1_ENSG00000141644_160495.2	754	478	779	288	157	965	405	896	964	1312	239	961	1807	1244	1099	1172	699	150	1099	1109
2781	MBD1_ENSG00000141644_160497.4	762	352	856	803	238	1148	674	871	1093	1647	317	1074	1491	1191	1214	914	1484	1665	1064	1121
2782	MBD1_ENSG00000141644_160498.5	1130	538	1158	1212	307	1574	833	1177	1720	2476	525	1810	2461	1669	1586	1520	2162	1937	1580	1635
2783	MBD1_ENSG00000141644_160499.6	1244	1130	1342	709	320	1326	793	1255	2143	2123	431	1564	2192	1385	1839	1409	1993	714	1427	1626
2784	MBD2_ENSG00000134046_130849.1	413	267	415	34	90	388	214	375	588	68	100	614	700	600	605	481	1095	502	542	656
2785	MBD2_ENSG00000134046_130850.2	580	382	652	668	490	1075	775	868	645	417	472	758	1275	965	766	727	970	551	817	898
2786	MBD2_ENSG00000134046_130852.4	947	973	1049	811	103	846	302	1028	908	2623	177	1152	1884	1462	1350	1325	1525	1087	1298	1235
2787	MBD2_ENSG00000134046_130853.5	933	566	994	405	322	1202	633	1034	928	1447	386	1067	1608	1471	1161	1034	2205	1517	1110	1043
2788	MBD2_ENSG00000134046_130854.6	832	507	775	642	199	1250	601	1037	1177	856	400	1135	1737	1528	1362	1248	1394	957	1270	1264
2789	MBD3_ENSG00000071655_202811.1	1802	791	2075	1140	988	2987	1892	2193	2765	1435	1211	2622	3903	2777	2462	2110	3044	773	2347	2482
2790	MBD3_ENSG00000071655_202813.3	545	190	606	391	312	642	529	554	705	1415	467	909	955	675	737	622	783	170	702	808
2791	MBD3_ENSG00000071655_202814.4	1708	1079	1790	1793	380	1822	1018	1640	2973	947	687	1939	2757	2283	2093	1806	2473	2235	2073	2048
2792	MBD3_ENSG00000071655_202815.5	858	406	1000	590	276	1055	707	916	1387	886	485	1169	1716	1371	1147	1094	1254	879	1094	1122
2793	MBD3_ENSG00000071655_202816.6	1077	382	1079	588	314	1362	744	1058	2133	822	413	1499	2275	1400	1637	1289	1711	1276	1377	1377
2794	MBD4_ENSG00000129071_37272.2	916	544	925	452	143	1129	418	986	1256	1481	280	1208	1776	1261	1407	1161	1767	2737	1322	1374
2795	MBD4_ENSG00000129071_37273.3	840	692	872	458	141	901	516	999	1274	1861	309	1172	1856	1186	1360	1125	1520	1373	1331	1335
2796	MBD4_ENSG00000129071_37274.4	1084	534	1048	783	340	1365	721	1117	1511	2071	450	1537	2004	1715	1713	1468	2039	2184	1597	1476
2797	MBD4_ENSG00000129071_37275.5	857	892	822	1276	115	999	360	862	1188	723	200	1399	1726	1213	1266	1038	2457	961	1257	1319
2798	MBD4_ENSG00000129071_37276.6	1019	292	1106	1271	272	1209	722	1020	1519	1795	452	1296	1996	1271	1411	1307	1771	2245	1466	1533
2799	MBD5_ENSG00000204406_88995.1	646	509	719	272	314	870	578	683	646	1764	452	890	1298	964	839	690	929	605	737	791
2800	MBD5_ENSG00000204406_88996.2	327	288	395	195	326	612	438	422	629	1056	287	517	661	483	397	367	498	295	458	380
2801	MBD5_ENSG00000204406_88997.3	851	505	870	925	396	1605	773	1124	1979	690	486	1352	2080	1399	1276	1234	2003	1049	1271	1371
2802	MBD5_ENSG00000204406_88998.4	630	178	596	132	688	1118	908	815	963	930	686	957	1419	920	733	700	2126	1107	667	663
2803	MBD5_ENSG00000204406_88999.5	2842	1713	2945	1253	2092	4560	3513	3336	4718	3493	2439	3951	5892	4243	3653	3437	4242	3240	3542	3776
2804	MBD5_ENSG00000204406_89000.6	1260	667	1383	890	479	2024	1167	1565	1826	3141	739	1884	2732	2057	1830	1611	1978	1253	1622	1787
2805	MBD6_ENSG00000166987_121354.1	1416	1267	1544	1417	432	1752	1118	1712	1982	1837	667	2317	3094	2096	2082	1867	2243	1979	2025	2324
2806	MBD6_ENSG00000166987_121355.2	416	95	441	146	63	266	152	348	283	700	84	686	658	469	526	437	398	1427	504	507
2807	MBD6_ENSG00000166987_121356.3	937	642	914	415	379	1197	839	745	1594	1663	548	1092	1603	1024	1106	824	1592	1166	936	1300
2808	MBD6_ENSG00000166987_121357.4	1516	925	1720	915	646	2174	1651	1790	2602	2198	1049	2583	3057	2051	2274	1777	3277	3698	2119	2636
2809	MBD6_ENSG00000166987_121358.5	691	704	803	459	42	444	240	486	1063	1487	84	973	1006	909	1227	930	1166	1775	1018	1109
2810	MBTD1_ENSG00000011258_69235.1	212	148	266	94	70	227	102	246	525	376	74	283	497	430	360	330	588	1162	362	345
2811	MBTD1_ENSG00000011258_69236.2	809	523	862	722	498	1413	867	1195	843	2747	700	1232	1769	1336	1175	1036	2024	988	1166	1244
2812	MBTD1_ENSG00000011258_69237.3	738	68	657	705	489	1072	817	865	715	1469	634	1218	1354	909	1087	852	914	1501	937	956
2813	MBTD1_ENSG00000011258_69238.4	381	438	464	224	137	439	336	428	705	1034	195	736	718	564	539	424	800	656	511	727
2814	MBTD1_ENSG00000011258_69239.5	913	178	789	648	419	612	928	564	984	813	578	1347	1234	674	891	603	1450	1808	936	1116
2815	MBTD1_ENSG00000011258_69240.6	1711	585	1534	745	987	1988	1581	1761	2618	2763	1056	2757	2765	1944	1989	1602	3164	4053	1881	2161
2816	MCM2_ENSG00000073111_109271.1	1623	1102	1637	947	1011	2244	1555	1983	2675	3300	1146	2058	3116	2220	1916	1774	2002	519	1985	2135
2817	MCM2_ENSG00000073111_109272.2	1614	364	1680	930	1218	2919	2254	2043	1885	503	1649	2005	3337	2740	2153	1995	1752	709	1935	2108
2818	MCM2_ENSG00000073111_109273.3	219	186	207	153	84	279	138	230	196	326	107	359	481	293	351	297	155	546	404	315
2819	MCM2_ENSG00000073111_109275.5	866	595	921	312	488	916	975	949	1639	3529	589	1318	1412	931	1019	863	2524	919	1021	1068
2820	MCM2_ENSG00000073111_109276.6	460	532	486	292	147	481	281	555	900	190	176	708	884	616	693	602	1031	1110	733	763
2821	MCM3_ENSG00000112118_176804.1	566	546	615	545	142	740	464	736	714	2661	238	769	1211	839	995	710	1467	1582	917	933
2822	MCM3_ENSG00000112118_176805.2	691	241	597	267	266	443	468	659	793	302	345	906	1063	660	801	555	1407	1216	736	756
2823	MCM3_ENSG00000112118_176806.3	1004	733	1303	766	138	793	484	824	1004	2707	247	1614	1698	1344	1801	1455	2324	7616	1707	1404
2824	MCM3_ENSG00000112118_176807.4	634	496	662	249	150	925	480	696	1425	1470	237	976	1582	1142	1125	930	968	573	1006	922
2825	MCM3_ENSG00000112118_176808.5	1300	252	1318	739	641	1587	1208	1235	2254	2315	1030	1389	2014	1381	1383	1009	2405	1577	1250	1560
2826	MCM3_ENSG00000112118_176809.6	500	338	674	157	367	584	651	539	998	1199	407	915	1032	586	761	567	628	839	714	710
2827	MCM4_ENSG00000104738_48171.1	328	175	285	271	30	129	76	177	498	295	77	412	452	276	478	318	945	2394	428	449
2828	MCM4_ENSG00000104738_48172.2	898	496	1092	1170	119	918	458	833	1130	2935	205	1312	1742	1256	1342	1178	1362	950	1399	1418
2829	MCM4_ENSG00000104738_48173.3	496	210	450	246	136	416	385	590	541	258	306	676	721	554	641	478	1215	342	594	741
2830	MCM4_ENSG00000104738_48174.4	596	369	691	900	184	544	433	559	1016	2145	314	783	963	608	852	598	1841	570	726	925
2831	MCM4_ENSG00000104738_48175.5	401	127	327	421	67	290	241	339	496	1010	164	635	730	452	541	460	472	1332	528	555
2832	MCM4_ENSG00000104738_48176.6	976	517	932	810	89	788	295	824	1213	2338	177	1571	1686	1365	1850	1356	2494	1737	1660	1549
2833	MCM5_ENSG00000100297_201549.1	366	146	395	58	101	472	253	342	484	186	187	376	617	430	466	367	455	850	513	560
2834	MCM5_ENSG00000100297_201550.2	1448	1020	1652	558	1061	1695	1688	1510	1741	3403	1246	1979	2720	1360	1680	1239	3565	2865	1867	2434
2835	MCM5_ENSG00000100297_201551.3	437	525	451	654	14	195	110	209	308	530	50	507	506	294	671	389	560	1161	559	594
2836	MCM5_ENSG00000100297_201552.4	1533	826	1768	672	1110	2222	1685	1726	2101	4259	1164	2234	2800	2332	1825	1587	1775	2192	1905	2168
2837	MCM5_ENSG00000100297_201553.5	1404	577	1285	676	864	2684	1539	2049	2034	2222	1020	1944	3193	2383	2086	1964	2672	1816	1942	2092
2838	MCM5_ENSG00000100297_201554.6	412	164	381	489	117	335	222	383	1096	1604	163	954	716	437	560	439	1057	891	559	852
2839	MCM6_ENSG00000076003_188345.1	1334	707	1638	701	714	1784	1580	1515	3654	1770	1039	1991	2480	1712	2027	1482	2083	2793	1834	2202
2840	MCM6_ENSG00000076003_188346.2	1419	516	1304	613	181	871	553	994	1731	3971	330	2109	2196	1458	1854	1579	2731	3310	1920	1830
2841	MCM6_ENSG00000076003_188347.3	1634	631	1621	1412	320	1928	1020	1889	1689	1981	662	2556	3514	2282	2539	2315	2586	1931	2280	2635
2842	MCM6_ENSG00000076003_188348.4	2438	2440	2439	1592	947	2318	1842	2228	3189	7214	1273	3518	4290	2243	2915	2207	6344	6368	2819	3444
2843	MCM6_ENSG00000076003_188349.5	738	924	863	691	227	1165	534	968	907	277	311	1295	1796	1329	1355	1106	2035	551	1324	1205
2844	MCM7_ENSG00000166508_28703.1	605	683	669	238	187	539	370	482	841	550	304	685	935	693	745	579	1280	309	688	809
2845	MCM7_ENSG00000166508_28704.2	792	253	837	174	240	1032	733	835	1249	1270	493	1068	1520	979	1065	1004	1557	1624	1109	1272
2846	MCM7_ENSG00000166508_28705.3	217	461	304	73	37	201	135	213	452	286	100	475	345	234	324	254	774	291	393	324
2847	MCM7_ENSG00000166508_28706.4	1004	215	1055	811	637	1132	1269	1028	2146	2354	947	1299	1615	970	1155	820	2441	2064	1018	1255
2848	MCM7_ENSG00000166508_28707.5	487	44	552	261	160	664	374	542	472	736	250	627	1089	574	656	540	705	219	665	569
2849	MCRS1_ENSG00000187778_129366.2	608	479	497	413	268	528	407	464	979	1040	265	671	987	553	647	564	1305	550	637	606
2850	MCRS1_ENSG00000187778_129367.3	1060	429	1185	1281	94	1171	458	1146	2290	5017	239	1992	2153	1630	1853	1680	2223	3324	1765	2025
2851	MCRS1_ENSG00000187778_129368.4	362	93	362	44	147	358	313	377	818	263	211	485	859	477	502	495	824	1159	487	505
2852	MCRS1_ENSG00000187778_129369.5	1125	713	1043	344	160	1027	494	1186	1844	3140	307	1422	2113	1492	1603	1511	3216	2558	1605	1827
2853	MCRS1_ENSG00000187778_129370.6	1167	1142	1110	993	368	1423	921	1220	1456	3253	631	1743	2329	1574	1657	1522	2380	552	1627	1734
2854	MDC1_ENSG00000137337_119599.1	1551	1380	1389	1439	440	1347	1177	1362	1750	2598	757	1981	2969	2189	2089	1785	2542	3360	1910	2250
2855	MDC1_ENSG00000137337_119600.2	702	92	676	1141	221	735	519	608	788	657	272	832	1023	682	939	674	951	1598	772	1034
2856	MDC1_ENSG00000137337_119601.3	1110	468	964	659	286	1038	926	1126	1358	2440	463	1269	1741	1346	1365	1139	1353	1191	1175	1520
2857	MDC1_ENSG00000137337_119603.5	1352	480	1340	692	1035	2402	1667	1649	2204	2564	1177	1807	3060	2404	1725	1601	1993	1094	1668	1538
2858	MDC1_ENSG00000137337_119604.6	384	273	349	262	21	222	144	256	345	963	97	331	529	343	410	326	624	420	447	410
2859	MEAF6_ENSG00000163875_201979.1	505	224	535	395	145	515	402	486	728	280	225	664	952	722	714	512	963	600	641	756
2860	MEAF6_ENSG00000163875_201980.2	605	106	514	555	304	693	512	519	538	166	391	642	868	474	623	435	827	1055	529	663
2861	MEAF6_ENSG00000163875_201982.4	1084	457	1045	405	322	879	615	850	757	1953	356	1406	1803	1119	1424	1014	2005	2107	1389	1599
2862	MEAF6_ENSG00000163875_201983.5	1211	870	1284	1045	284	1612	882	1375	1955	3291	459	2079	2528	1935	1851	1576	2098	1870	1723	1746
2863	MEAF6_ENSG00000163875_201984.6	865	225	756	1003	63	529	287	640	344	1155	108	1020	1237	843	1210	872	1558	2226	1134	1120
2864	MECOM_ENSG00000085276_127480.1	926	539	858	973	176	1130	469	987	1080	1460	267	1127	1633	1321	1514	1292	1408	103	1096	1097
2865	MECOM_ENSG00000085276_127481.2	1259	1110	1273	1362	125	1039	474	1055	2037	2710	271	1699	2194	1604	1891	1523	1542	1653	1722	1569
2866	MECOM_ENSG00000085276_127482.3	689	206	973	672	289	1158	685	1081	1547	767	403	1129	1884	1264	1188	1083	2526	659	1330	1255
2867	MECOM_ENSG00000085276_127483.4	262	241	242	76	187	372	251	231	281	483	195	194	447	373	330	250	119	169	356	232
2868	MECOM_ENSG00000085276_127484.5	1374	1179	1675	993	726	1801	1202	1454	2005	1897	869	1811	2651	2042	1775	1476	2700	1510	1720	1658
2869	MECOM_ENSG00000085276_127485.6	1619	1155	1745	1621	777	2509	1415	1765	3226	1901	991	2400	2863	2084	2118	1776	2169	1775	1968	2278
2870	MECP2_ENSG00000169057_78293.1	379	162	376	278	21	285	82	273	384	697	38	457	709	599	661	538	1073	247	589	421
2871	MECP2_ENSG00000169057_78294.2	869	666	944	618	182	1039	518	927	1288	2783	302	1121	1507	1247	1311	1213	1052	1508	1197	1394
2872	MECP2_ENSG00000169057_78295.3	1007	404	862	577	554	1354	943	910	1370	1207	690	1024	1950	1298	1177	1041	1239	1144	1170	1227
2873	MECP2_ENSG00000169057_78296.4	1044	902	1212	922	467	1551	973	1261	1376	2450	591	1476	2419	1718	1564	1286	1480	425	1502	1501
2874	MECP2_ENSG00000169057_78297.5	1946	1155	1676	1114	1330	2677	1845	2065	2938	1010	1226	2393	3807	3040	2465	2336	2932	1721	2376	2403
2875	MECP2_ENSG00000169057_78298.6	972	643	1085	883	240	1049	676	827	1221	792	407	1288	1620	1487	1178	1186	1651	893	1137	1076
2876	MED1_ENSG00000125686_158727.2	975	471	886	378	167	687	664	938	719	2233	375	2406	1265	885	1483	996	918	1582	1452	2388
2877	MED1_ENSG00000125686_158728.3	503	720	621	272	311	853	399	802	693	239	295	825	1249	843	802	733	764	1461	781	717
2878	MED1_ENSG00000125686_158729.4	1030	781	1118	861	251	1393	779	1130	1407	1833	427	1462	2011	1546	1519	1312	1149	797	1393	1627
2879	MED1_ENSG00000125686_158730.5	1178	150	1225	306	516	1453	1251	1316	1637	1505	869	2415	2182	1580	1760	1491	1072	3595	1609	2566
2880	MED1_ENSG00000125686_158731.6	429	361	502	338	82	349	173	317	345	1255	132	643	690	566	607	570	471	286	598	827
2881	MED11_ENSG00000161920_116141.2	2109	523	1929	365	373	302	2137	1804	687	671	1427	7054	983	402	2620	1457	536	911	2978	6151
2882	MED11_ENSG00000161920_116142.3	433	161	487	204	2	29	113	124	810	975	25	974	173	77	710	382	335	512	691	938
2883	MED11_ENSG00000161920_116143.4	742	175	799	207	193	187	836	622	310	290	518	2017	511	180	940	621	108	505	1074	1577
2884	MED11_ENSG00000161920_116144.5	1117	128	1030	249	159	419	691	789	523	793	564	2437	769	353	1236	733	798	276	1281	2377
2885	MED11_ENSG00000161920_116145.6	653	285	658	187	140	187	500	456	142	497	343	1890	467	261	916	570	153	622	908	1929
2886	MED12_ENSG00000184634_197980.1	1086	561	960	241	273	640	849	1039	669	955	526	2706	1077	712	1355	881	911	140	1235	2205
2887	MED12_ENSG00000184634_197981.2	578	422	578	69	118	334	350	552	835	2552	196	2037	704	330	889	686	958	284	924	1897
2888	MED12_ENSG00000184634_197982.3	302	170	343	215	23	151	149	300	154	249	67	1068	442	306	483	384	163	248	462	1041
2889	MED12_ENSG00000184634_197983.4	1289	701	1384	877	666	2210	1496	1710	1652	1930	786	2310	3016	2036	2032	1772	3017	1503	1924	2081
2890	MED12_ENSG00000184634_197984.5	873	350	801	350	91	504	489	810	399	1258	300	2737	888	604	1241	906	215	1019	1200	2293
2891	MED12_ENSG00000184634_197985.6	831	456	795	681	174	489	640	661	526	745	400	2177	1002	617	1017	881	1119	2	967	2047
2892	MED13_ENSG00000108510_36385.1	1274	608	1234	475	268	1338	777	1309	1263	3228	443	1967	2318	1848	1862	1607	1345	3116	1747	2056
2893	MED13_ENSG00000108510_36386.2	600	556	718	571	80	741	239	683	537	1536	130	949	1233	1045	1313	1038	763	1008	1160	1208
2894	MED13_ENSG00000108510_36388.4	649	448	589	356	322	1034	691	727	752	1260	357	1046	1365	1183	966	902	1861	286	1042	1084
2895	MED13_ENSG00000108510_36389.5	944	720	1022	824	376	1767	906	1411	1889	859	483	1429	2303	1879	1628	1353	1532	1012	1579	1449
2896	MED13_ENSG00000108510_36390.6	206	196	269	390	10	127	23	151	140	625	14	220	338	235	408	353	233	804	355	320
2897	MED14_ENSG00000180182_141564.1	867	369	875	443	341	1056	770	1114	1134	1230	465	1270	1974	1314	1421	1242	1825	2003	1512	1390
2898	MED14_ENSG00000180182_141565.2	491	172	506	484	27	173	218	319	156	1314	125	1323	305	179	822	482	154	214	694	1426
2899	MED14_ENSG00000180182_141566.3	2101	620	2164	503	1202	1765	2419	1768	1736	760	1933	4364	2038	1252	2223	1583	1285	1015	2251	4022
2900	MED14_ENSG00000180182_141568.5	633	251	644	180	216	1097	593	899	928	710	309	1225	1642	1148	1095	950	937	704	1019	1112
2901	MED15_ENSG00000099917_91809.2	1349	479	1444	953	220	419	804	968	705	40821	500	2535	1160	571	1426	930	1904	1782	1497	2350
2902	MED15_ENSG00000099917_91810.3	600	483	655	970	129	384	281	428	802	1692	192	785	830	633	771	519	1862	490	700	847
2903	MED15_ENSG00000099917_91811.4	962	449	1098	902	308	778	648	732	1386	1621	508	1306	1503	1013	1214	891	1325	925	1100	1236
2904	MED15_ENSG00000099917_91812.5	1125	423	972	678	248	871	783	881	1708	2107	542	1425	1686	841	1129	907	1840	2618	1213	1328
2905	MED15_ENSG00000099917_91813.6	730	614	733	230	385	464	651	597	2363	4861	539	1000	742	434	839	484	1103	267	812	996
2906	MED16_ENSG00000175221_13295.1	1456	598	1361	938	788	1404	1545	1321	948	1730	1292	3177	2135	1571	1606	1273	1549	2088	1700	2886
2907	MED16_ENSG00000175221_13296.2	770	279	815	727	292	766	563	667	515	1421	450	1700	1225	912	869	849	1140	321	973	1755
2908	MED16_ENSG00000175221_13297.3	1247	1353	1274	1295	329	1924	876	1538	1729	1148	557	2242	2713	2180	2038	1712	2798	1623	1714	2037
2909	MED16_ENSG00000175221_13298.4	855	293	719	436	267	650	559	692	838	1698	364	1579	1080	760	785	657	923	434	879	1495
2910	MED16_ENSG00000175221_13300.6	470	65	372	154	155	554	331	512	661	413	245	564	792	860	533	513	449	504	596	580
2911	MED17_ENSG00000042429_63139.2	474	123	480	86	123	191	455	339	68	296	237	1190	399	237	626	351	355	502	638	1160
2912	MED17_ENSG00000042429_63140.3	578	311	489	274	70	280	235	430	300	1246	163	1387	651	412	750	482	259	626	698	1193
2913	MED17_ENSG00000042429_63142.5	398	425	448	54	165	439	469	340	47	480	322	777	557	369	521	272	170	313	375	683
2914	MED18_ENSG00000130772_186936.1	824	515	869	640	384	1049	846	1146	1410	1548	549	1491	1366	1053	1148	910	1938	481	1045	1365
2915	MED18_ENSG00000130772_186937.2	851	882	922	661	633	1720	1058	1227	1325	1786	704	1208	1593	1272	1033	1077	1911	2513	1136	1216
2916	MED18_ENSG00000130772_186938.3	620	443	652	1261	356	1041	523	801	1339	799	367	897	1291	1069	810	784	875	1040	944	790
2917	MED18_ENSG00000130772_186939.4	1532	348	1527	1145	1022	1499	1614	1372	1795	2813	1235	2580	2187	1235	1667	1278	2416	2743	1744	2628
2918	MED18_ENSG00000130772_186940.5	2189	1450	2519	2032	806	2574	2032	2336	4248	3916	1367	3816	4173	2759	2759	2213	3966	3912	2697	3377
2919	MED18_ENSG00000130772_186941.6	933	557	1008	1116	444	1333	868	1188	1093	1917	517	1628	2090	1861	1498	1382	1920	2456	1453	1631
2920	MED19_ENSG00000156603_42432.1	1185	738	1119	573	476	1179	958	1291	832	1389	619	1995	2246	1706	1571	1391	1066	1190	1532	1677
2921	MED19_ENSG00000156603_42434.3	1344	730	1410	1	170	361	918	1164	534	643	645	4364	675	631	1617	1120	641	249	1721	3770
2922	MED19_ENSG00000156603_42435.4	593	49	604	220	50	218	349	481	233	1135	175	2470	393	206	932	612	150	880	949	1870
2923	MED19_ENSG00000156603_42436.5	1042	394	1086	340	438	939	1177	1093	672	535	815	2215	1317	925	1289	979	914	710	1213	1983
2924	MED20_ENSG00000124641_86751.1	1485	631	1666	872	545	1230	1438	1542	1640	2891	781	2404	2289	1207	1943	1356	1646	2083	1628	2359
2925	MED20_ENSG00000124641_86753.3	691	342	689	173	272	523	773	622	357	633	479	1564	1071	632	890	623	423	139	857	1244
2926	MED20_ENSG00000124641_86754.4	1498	272	1362	435	699	1232	1758	1334	1037	2321	1090	2807	2440	1357	1773	1329	2121	2228	1713	2345
2927	MED20_ENSG00000124641_86755.5	507	336	496	377	199	519	573	572	702	1475	347	657	852	593	650	538	1158	500	592	864
2928	MED20_ENSG00000124641_86756.6	268	37	287	72	53	151	176	272	226	980	84	414	398	290	465	267	342	881	373	574
2929	MED21_ENSG00000152944_130320.1	1594	287	1394	242	225	223	1104	987	545	942	884	4865	619	183	1603	835	755	837	1708	3722
2930	MED21_ENSG00000152944_130321.2	266	665	281	250	8	215	78	226	410	791	34	461	545	470	672	580	759	1100	642	494
2931	MED21_ENSG00000152944_130323.4	926	695	933	374	320	1452	813	1139	1609	518	579	1166	2108	1560	1332	1199	1930	848	1376	1323
2932	MED21_ENSG00000152944_130324.5	486	319	404	425	208	577	327	487	442	306	237	563	945	577	672	602	867	532	585	641
2933	MED21_ENSG00000152944_130325.6	685	307	628	338	204	702	408	839	812	1281	316	1021	1403	819	949	750	1231	401	931	941
2934	MED23_ENSG00000112282_5900.1	910	426	938	582	150	1161	566	1021	1223	2851	229	1614	2001	1675	1636	1471	2094	2100	1607	1356
2935	MED23_ENSG00000112282_5901.2	757	268	863	525	150	700	545	771	395	2418	274	2007	1226	881	1179	933	781	731	1174	2200
2936	MED23_ENSG00000112282_5902.3	997	478	1004	354	446	1425	706	1048	1261	1186	423	1388	1758	1580	1485	1198	1389	515	1336	1392
2937	MED23_ENSG00000112282_5903.4	819	763	801	649	238	901	814	898	397	446	470	2095	1442	1003	1257	949	761	955	1183	2058
2938	MED23_ENSG00000112282_5904.5	848	199	942	554	275	975	505	900	881	2100	388	1150	1510	1350	1146	1085	1134	1848	1055	971
2939	MED23_ENSG00000112282_5905.6	607	342	602	472	196	755	555	878	545	2008	336	1726	1132	856	1079	796	584	1007	929	1593
2940	MED24_ENSG00000008838_56956.1	1283	481	1204	132	379	865	1017	1019	907	2040	726	2475	1233	857	1329	997	319	518	1235	2863
2941	MED24_ENSG00000008838_56957.2	614	264	716	319	239	748	599	698	1354	267	368	879	1206	867	917	714	847	343	728	899
2942	MED24_ENSG00000008838_56958.3	1887	559	2022	994	1452	1755	2429	2226	1599	5179	1805	5953	3060	1824	2532	1827	1211	1369	2474	5724
2943	MED24_ENSG00000008838_56959.4	651	256	537	68	195	531	496	426	372	743	337	1858	717	509	802	646	372	531	882	1803
2944	MED24_ENSG00000008838_56960.5	1323	705	1494	826	698	1012	1376	1294	1078	5576	1058	3741	1837	1336	1757	1207	728	1900	1717	3627
2945	MED24_ENSG00000008838_56961.6	458	81	498	321	161	184	428	505	340	262	266	1420	598	362	496	412	632	289	492	1348
2946	MED25_ENSG00000104973_158026.1	832	462	814	1066	169	900	419	954	1404	1209	261	1426	1423	1273	1183	1113	1143	830	1320	1293
2947	MED25_ENSG00000104973_158028.3	1651	790	1545	470	798	1749	1683	1464	1682	1859	1242	2531	2692	2037	1892	1578	2317	3772	1845	2570
2948	MED25_ENSG00000104973_158029.4	1235	250	1223	382	809	1424	1209	1099	1204	1265	822	1593	1845	1457	1484	1172	1213	1610	1464	1636
2949	MED25_ENSG00000104973_158030.5	844	583	860	472	353	1229	631	963	1557	417	501	1061	1798	1327	1196	1133	498	694	1080	1205
2950	MED25_ENSG00000104973_158031.6	402	97	312	259	65	283	190	242	282	933	113	409	582	425	457	363	759	249	401	538
2951	MED27_ENSG00000160563_158536.1	917	288	945	283	429	531	834	848	693	1023	716	2086	839	586	1213	805	1065	823	1148	1940
2952	MED27_ENSG00000160563_158537.2	1545	1283	1787	896	777	2228	1927	1858	1935	3205	1141	2680	3234	2312	2252	1989	1638	2706	2169	2688
2953	MED27_ENSG00000160563_158539.4	490	390	525	100	90	328	243	437	489	769	114	743	796	487	640	503	807	144	597	680
2954	MED27_ENSG00000160563_158540.5	808	451	820	95	155	508	580	609	868	1925	318	1644	848	375	1044	742	1009	539	948	1585
2955	MED27_ENSG00000160563_158541.6	1369	1452	1381	1120	101	780	483	1122	1170	6491	254	2540	1943	1052	2310	1742	2025	3142	2102	2834
2956	MED29_ENSG00000063322_122169.1	862	984	911	664	161	689	489	716	822	479	298	1109	1221	892	1009	833	1254	1519	997	1116
2957	MED29_ENSG00000063322_122170.2	539	72	502	349	75	354	328	484	258	3573	212	1150	786	415	751	513	423	882	629	1143
2958	MED29_ENSG00000063322_122171.3	1297	666	1345	347	677	1580	1365	1542	1603	1832	934	2160	2132	1269	1504	1212	1067	1803	1466	2222
2959	MED29_ENSG00000063322_122172.4	675	322	736	168	184	393	734	520	378	1	433	1520	632	329	810	554	363	72	886	1364
2960	MED29_ENSG00000063322_122173.5	774	307	784	456	229	603	706	695	530	269	407	2066	1043	542	1067	810	270	1446	1090	1971
2961	MED29_ENSG00000063322_122174.6	1333	900	1211	1090	1515	2618	1688	1676	2042	1707	1196	1764	3028	2453	1879	1738	1611	1168	1848	1889
2962	MED30_ENSG00000164758_79571.2	1855	1093	1710	895	777	1471	1824	1732	2055	4018	1303	3663	2530	1534	2359	1697	1980	1345	2138	3545
2963	MED30_ENSG00000164758_79573.4	749	202	767	234	57	200	363	640	665	1488	217	2469	474	297	1090	655	545	259	1240	2274
2964	MED30_ENSG00000164758_79574.5	1217	468	1136	380	315	135	1818	1098	439	287	1215	3631	425	97	1145	822	385	1703	1334	3035
2965	MED31_ENSG00000108590_65222.1	1347	295	1491	1052	163	946	538	1096	980	1329	381	1830	2079	1439	1626	1328	1845	2141	1788	2138
2966	MED31_ENSG00000108590_65223.2	1673	636	1906	787	872	2298	1591	1904	2280	1994	1292	3219	3443	2476	2587	2005	1506	494	2501	3275
2967	MED31_ENSG00000108590_65224.3	1096	414	1082	725	270	1137	619	1019	878	2345	362	1612	2132	1360	1623	1328	1026	1417	1588	1858
2968	MED31_ENSG00000108590_65226.5	812	1229	888	598	177	1260	552	995	1343	1262	379	1301	2009	1635	1396	1321	1497	1217	1297	1312
2969	MED31_ENSG00000108590_65227.6	1138	783	1227	965	484	1866	1322	1411	1213	1023	604	2003	2760	1843	1903	1605	2688	1024	1733	1878
2970	MED4_ENSG00000136146_65612.1	729	321	997	570	311	1344	755	1093	965	2027	401	1355	1790	1511	1448	1291	1213	997	1311	1374
2971	MED4_ENSG00000136146_65613.2	1141	1058	1307	522	439	1795	1078	1537	1703	3264	665	2059	2779	1918	1870	1790	1931	1453	1888	1712
2972	MED4_ENSG00000136146_65614.3	948	687	1072	434	96	863	404	998	1016	3157	207	1634	1751	1486	1944	1668	2302	1284	1803	1886
2973	MED4_ENSG00000136146_65615.4	866	589	1138	617	97	253	514	842	463	783	285	3137	781	317	1496	934	434	518	1588	3071
2974	MED4_ENSG00000136146_65616.5	525	337	623	293	251	483	585	575	587	508	508	1207	765	551	686	464	985	564	621	1017
2975	MED6_ENSG00000133997_199380.1	723	497	875	201	189	1086	480	859	1235	1830	370	1270	1517	1197	1221	1055	1603	1487	1143	1220
2976	MED6_ENSG00000133997_199381.2	1426	930	1280	946	216	1160	636	1198	1002	1990	420	2421	2273	1506	1931	1567	2029	870	1863	2359
2977	MED6_ENSG00000133997_199382.3	431	216	410	68	128	411	256	448	684	429	185	940	571	502	614	473	567	332	592	775
2978	MED6_ENSG00000133997_199383.4	2449	639	2320	2007	1308	2308	2878	2458	2462	2668	1779	5584	3744	2143	3055	2414	3242	2918	3276	5339
2979	MED6_ENSG00000133997_199384.5	1090	280	1195	595	286	1043	1066	1136	1042	844	537	2599	1720	1023	1599	1268	1663	1498	1517	2467
2980	MED8_ENSG00000159479_37854.1	1800	738	1618	946	812	2047	1667	1537	1857	1827	1084	2412	2742	2022	1952	1574	2764	2521	1959	2355
2981	MED8_ENSG00000159479_37855.2	698	240	730	296	171	378	475	592	560	288	326	1957	795	489	958	722	444	950	1013	1714
2982	MED8_ENSG00000159479_37856.3	725	175	792	458	258	681	676	654	945	878	450	1608	1246	657	893	695	966	505	846	1518
2983	MED8_ENSG00000159479_37857.4	1254	248	1223	607	418	650	1103	866	525	363	828	2157	1196	611	1178	774	1352	607	1088	1924
2984	MED8_ENSG00000159479_37858.5	2107	512	2159	1459	839	1518	2087	1814	1440	1302	1451	4215	2036	1275	2277	1625	2025	3306	2202	3719
2985	MED8_ENSG00000159479_37859.6	226	87	323	242	38	307	82	270	436	495	83	347	451	438	413	293	295	660	415	423
2986	MED9_ENSG00000141026_11551.1	705	154	745	216	67	344	303	537	162	1981	205	1615	663	459	979	710	639	1191	910	1490
2987	MED9_ENSG00000141026_11552.2	582	87	574	590	115	383	349	475	187	208	176	1245	694	413	611	490	400	1337	687	964
2988	MED9_ENSG00000141026_11553.3	742	196	665	272	228	514	681	693	230	301	457	1391	693	495	708	541	75	609	806	1263
2989	MED9_ENSG00000141026_11554.4	1870	855	1932	886	1686	2958	2497	2322	2837	1994	1626	2973	3773	2762	2655	2389	2499	277	2444	2901
2990	MED9_ENSG00000141026_11555.5	2350	1491	2534	1106	788	2302	1953	2517	1806	3289	1344	4792	3113	2139	3044	2370	1348	2020	3098	4739
2991	MED9_ENSG00000141026_11556.6	823	314	950	619	125	460	472	604	515	364	266	2009	886	540	1090	759	355	988	1028	1632
2992	MEN1_ENSG00000133895_157131.1	1541	872	1310	929	1095	2238	1809	1607	1387	938	1143	1243	2985	2101	1836	1518	1631	1212	1685	1418
2993	MEN1_ENSG00000133895_157132.2	729	189	571	204	237	804	524	702	924	731	319	842	1197	735	880	693	496	1132	877	728
2994	MEN1_ENSG00000133895_157133.3	1784	534	1781	992	323	1601	1164	1587	2534	2674	684	2275	2809	1939	2313	1817	1987	3841	2105	1954
2995	MEN1_ENSG00000133895_157134.4	511	278	543	478	129	711	376	705	845	754	251	783	1098	727	724	622	788	162	810	562
2996	MEPCE_ENSG00000146834_135547.1	560	414	489	598	27	246	113	312	324	910	45	564	720	631	899	767	942	734	959	641
2997	MEPCE_ENSG00000146834_135549.3	575	1064	477	664	92	183	328	370	1269	1686	172	627	625	221	789	337	2290	1238	649	844
2998	MEPCE_ENSG00000146834_135550.4	1782	2210	1756	2206	869	2575	1835	2152	3605	2970	1084	2391	3599	2029	2541	1925	5371	2564	2278	2294
2999	MEPCE_ENSG00000146834_135551.5	869	393	732	459	108	683	338	617	924	1606	244	794	1139	762	941	717	1278	1360	786	813
3000	MEPCE_ENSG00000146834_135552.6	1679	1174	1902	1015	1295	2528	2345	1959	2909	3189	1450	2190	3721	2477	2285	1929	3216	2417	2137	2385
3001	METTL11B_ENSG00000203740_116313.1	1109	632	1000	600	350	1034	756	999	1645	2203	441	1518	1627	1099	1157	981	1280	3328	1168	1226
3002	METTL11B_ENSG00000203740_116314.2	320	502	277	439	21	157	81	192	354	842	43	534	405	317	478	363	1046	403	401	401
3003	METTL11B_ENSG00000203740_116315.3	706	580	846	1429	64	664	314	799	1387	3593	113	1783	1400	1070	1291	1234	2448	993	1317	1278
3004	METTL11B_ENSG00000203740_116316.4	918	995	1094	1400	146	942	362	984	1314	1250	246	1145	1525	1334	1554	1256	1740	896	1416	1422
3005	METTL11B_ENSG00000203740_116317.5	953	294	1007	320	831	1699	1269	1153	1297	2471	885	1395	2108	1326	1225	1056	1643	3507	1104	1269
3006	METTL11B_ENSG00000203740_116318.6	668	679	783	738	26	526	225	532	1116	2808	82	1013	1504	684	1014	724	1869	1134	918	1166
3007	METTL13_ENSG00000010165_83852.1	737	448	712	693	195	1101	615	809	1135	1435	409	1000	1668	1303	1052	955	1212	834	926	891
3008	METTL13_ENSG00000010165_83853.2	245	203	301	364	75	367	246	318	347	1749	120	425	572	455	448	345	554	1298	389	461
3009	METTL13_ENSG00000010165_83854.3	1915	1417	2214	1936	1252	3044	1997	2107	3496	2321	1388	2920	4179	3211	2847	2505	3049	1173	2478	3012
3010	METTL13_ENSG00000010165_83855.4	2239	506	2219	1211	846	2385	1894	1982	2855	1840	1298	2644	3141	2387	2310	2005	5488	1741	2134	2395
3011	METTL13_ENSG00000010165_83856.5	1117	353	959	367	531	1474	1126	1302	1935	813	755	1551	1944	1368	1334	1292	1635	1534	1282	1271
3012	METTL20_ENSG00000139160_192296.1	642	807	742	443	349	897	804	755	1042	1067	494	1068	1295	767	967	730	1543	814	803	982
3013	METTL20_ENSG00000139160_192297.2	626	487	714	474	144	705	493	643	898	1205	361	1042	1062	746	751	733	966	1183	842	824
3014	METTL20_ENSG00000139160_192298.3	995	448	1195	619	244	1084	689	953	1715	1732	415	1520	1804	1046	1385	989	1487	1157	1293	1538
3015	METTL20_ENSG00000139160_192299.4	467	197	485	184	73	274	195	426	628	983	121	712	593	355	553	431	1155	1417	659	703
3016	METTL20_ENSG00000139160_192300.5	442	191	436	425	18	94	265	227	229	638	108	730	290	123	415	250	1114	781	355	516
3017	METTL20_ENSG00000139160_192301.6	691	722	896	518	475	1369	789	1007	1332	1148	564	1140	1535	1172	1111	915	992	1771	926	1063
3018	METTL2A_ENSG00000087995_58306.1	109	65	90	67	41	68	54	47	51	58	42	62	88	73	67	43	98	43	49	51
3019	METTL2A_ENSG00000087995_58307.2	41	49	58	32	6	28	18	41	20	62	10	47	48	27	32	25	29	45	38	34
3020	METTL2A_ENSG00000087995_58308.3	1090	1410	1213	894	517	1875	1077	1562	1895	1998	667	1829	2687	2049	1906	1748	2489	447	1670	1743
3021	METTL2A_ENSG00000087995_58309.4	1214	644	1165	500	442	1404	852	964	1123	1583	596	1706	2023	1439	1360	1289	1683	285	1373	1221
3022	METTL2A_ENSG00000087995_58310.5	1063	628	1040	738	476	1125	1037	996	2343	1552	706	1628	1700	1079	1362	923	3014	1677	1242	1505
3023	METTL2A_ENSG00000087995_58311.6	766	851	962	1373	57	752	230	841	1156	467	131	1473	1716	1470	1895	1786	2019	2157	1831	1399
3024	METTL2B_ENSG00000165055_119226.1	132	44	140	53	28	100	88	52	99	82	67	69	119	73	71	71	64	76	76	74
3025	METTL2B_ENSG00000165055_119227.2	60	39	45	40	6	32	19	25	37	38	12	34	51	30	70	23	56	77	48	37
3026	METTL2B_ENSG00000165055_119228.3	783	981	746	398	187	912	526	832	1324	2470	263	1219	1375	1130	1161	1086	734	514	1063	977
3027	METTL2B_ENSG00000165055_119229.4	1057	756	890	1124	99	641	415	739	2060	2487	227	1577	1156	785	1560	1103	3059	2251	1503	1522
3028	METTL2B_ENSG00000165055_119230.5	494	265	676	476	486	1002	628	793	985	150	333	750	1089	1088	852	699	846	540	790	805
3029	METTL6_ENSG00000206562_164941.1	164	99	187	71	19	172	84	168	99	259	43	311	374	330	315	320	355	313	301	264
3030	METTL6_ENSG00000206562_164943.3	648	91	866	402	579	1325	1009	864	1529	455	639	1082	1459	1139	873	834	1216	496	896	971
3031	METTL6_ENSG00000206562_164944.4	783	470	674	485	319	891	644	677	1138	834	479	1001	1208	910	946	748	1128	406	915	969
3032	METTL6_ENSG00000206562_164945.5	476	187	461	412	64	561	297	405	764	792	158	804	880	638	739	586	722	522	595	625
3033	METTL6_ENSG00000206562_164946.6	1009	832	1031	912	131	1329	504	1078	1672	3033	225	1624	2443	1749	1878	1710	1533	916	1773	1461
3034	METTL7A_ENSG00000185432_204470.1	741	227	771	431	162	835	631	821	976	856	272	1388	1628	1164	1247	1109	1875	1272	1170	1368
3035	METTL7A_ENSG00000185432_204471.2	489	235	521	521	17	379	91	432	731	1331	56	782	990	747	973	857	1090	1175	954	986
3036	METTL7A_ENSG00000185432_204472.3	682	259	640	430	249	731	519	712	1223	1052	305	1015	1439	879	870	756	941	1205	1042	967
3037	METTL7A_ENSG00000185432_204474.5	1020	560	861	246	111	734	373	758	1382	894	242	1169	1720	1185	1342	1145	1646	3052	1295	1395
3038	METTL7A_ENSG00000185432_204475.6	354	534	338	197	11	189	49	249	467	533	26	442	610	445	672	544	1107	890	520	427
3039	METTL7B_ENSG00000170439_154754.1	991	560	1043	682	265	975	602	792	1556	1456	329	1494	1357	941	1256	919	2507	1454	1163	1489
3040	METTL7B_ENSG00000170439_154755.2	374	751	364	244	9	163	81	240	362	2004	34	741	493	385	757	605	1199	759	729	630
3041	METTL7B_ENSG00000170439_154756.3	530	269	390	244	301	751	563	656	869	554	345	440	1014	847	763	542	562	286	550	642
3042	METTL7B_ENSG00000170439_154758.5	1259	1321	1449	1684	119	1112	632	1134	2347	4107	291	2208	2534	1874	2241	1810	3119	2898	2133	2496
3043	METTL7B_ENSG00000170439_154759.6	473	611	589	319	101	448	349	478	875	1252	223	731	787	737	601	481	270	1	583	663
3044	METTL8_ENSG00000123600_63675.1	916	562	1112	618	238	1537	646	1357	1878	1491	444	1731	2089	1838	1672	1573	1410	1913	1589	1427
3045	METTL8_ENSG00000123600_63676.2	622	240	582	416	127	797	356	540	897	849	190	973	1239	943	1015	806	1192	748	898	860
3046	METTL8_ENSG00000123600_63677.3	1503	362	1452	1210	431	1633	1132	1514	2989	3131	650	1989	2941	2446	2135	1879	1667	603	1908	2118
3047	METTL8_ENSG00000123600_63678.4	1380	1895	1498	2094	113	1194	489	1331	2460	2746	221	2060	2575	1851	2402	2058	3638	1919	2338	2487
3048	METTL8_ENSG00000123600_63679.5	482	189	630	141	280	823	636	718	704	772	400	809	1092	879	796	721	1004	1770	733	830
3049	METTL8_ENSG00000123600_63680.6	712	1090	714	614	114	918	487	806	1011	1453	236	1059	1416	960	1153	961	1406	809	1187	1094
3050	MGEA5_ENSG00000198408_162110.1	265	192	288	292	26	151	82	185	220	698	37	649	462	328	412	346	697	14	388	630
3051	MGEA5_ENSG00000198408_162111.2	750	738	709	679	138	743	372	654	1005	1147	135	1518	1289	910	1278	1015	1983	1097	1248	1403
3052	MGEA5_ENSG00000198408_162112.3	245	381	316	211	7	139	31	140	222	1480	24	477	428	416	764	596	945	1437	759	519
3053	MGEA5_ENSG00000198408_162113.4	516	817	580	311	60	619	209	625	849	1354	116	692	1293	969	1069	876	1044	1562	987	887
3054	MGEA5_ENSG00000198408_162114.5	365	1912	355	339	87	480	208	390	493	1834	126	829	730	600	619	566	743	461	593	826
3055	MGEA5_ENSG00000198408_162115.6	1121	1063	1180	1078	369	1264	808	1091	1323	2472	554	1666	1917	1358	1384	1160	1196	1480	1292	1589
3056	MGMT_ENSG00000170430_167526.1	208	105	212	93	81	362	209	257	206	239	121	236	450	314	351	343	433	740	309	288
3057	MGMT_ENSG00000170430_167527.2	316	147	365	159	5	186	40	189	363	184	22	427	578	463	692	551	813	263	580	399
3058	MGMT_ENSG00000170430_167528.3	1250	537	1393	878	900	2260	1565	1581	2148	2317	966	1887	3126	2328	1750	1640	3375	5373	1773	1851
3059	MGMT_ENSG00000170430_167530.5	591	681	647	1008	41	594	152	536	736	2436	70	1089	1126	929	1083	1093	1164	2126	1181	945
3060	MGMT_ENSG00000170430_167531.6	1014	68	1026	974	529	1442	958	979	1566	985	670	1283	1822	1469	1140	1060	1186	637	1146	1205
3061	MIER1_ENSG00000198160_13872.1	581	511	620	449	384	1092	722	877	869	834	392	821	1225	914	988	879	1288	1251	928	980
3062	MIER1_ENSG00000198160_13873.2	1243	465	1415	1298	444	1888	999	1688	1626	1788	677	2299	3235	2336	2135	1839	1998	3111	1967	1914
3063	MIER1_ENSG00000198160_13874.3	769	266	761	414	322	1002	740	927	1007	637	484	989	1587	1188	1002	850	1567	2499	937	869
3064	MIER1_ENSG00000198160_13875.4	793	613	761	594	251	1109	598	828	822	1534	355	1040	1841	1288	1108	989	849	1096	1097	1015
3065	MIER1_ENSG00000198160_13876.5	1224	823	1222	1249	173	1420	555	1281	2252	2408	386	2217	2549	1771	2064	1617	2220	2245	1780	1929
3066	MIER1_ENSG00000198160_13877.6	510	409	519	108	242	768	613	682	751	1814	331	724	1097	612	722	550	698	1387	589	759
3067	MIER2_ENSG00000105556_67683.1	287	76	359	217	172	498	349	448	416	765	161	618	674	547	493	459	542	990	435	479
3068	MIER2_ENSG00000105556_67685.3	730	668	686	391	181	950	451	960	1092	2010	244	1378	1620	1369	1294	1231	1050	930	1110	1304
3069	MIER2_ENSG00000105556_67686.4	187	204	141	62	16	169	76	183	142	559	66	364	290	220	249	237	29	480	236	244
3070	MIER2_ENSG00000105556_67687.5	847	330	722	385	380	1130	662	894	1208	475	421	1380	1377	1220	1180	973	921	428	1057	1147
3071	MIER3_ENSG00000155545_201499.1	1299	1256	1216	1068	610	1361	1305	1247	2630	1458	847	1539	1906	1320	1472	1260	2401	1749	1555	1701
3072	MIER3_ENSG00000155545_201500.2	801	440	785	1362	61	699	199	732	716	2577	149	1023	1502	1376	1411	1335	1370	678	1241	1145
3073	MIER3_ENSG00000155545_201501.3	373	92	337	111	68	461	190	422	305	743	109	522	707	557	569	569	707	1290	700	682
3074	MIER3_ENSG00000155545_201502.4	704	722	686	702	100	783	310	670	879	246	147	1054	1478	1182	1050	953	1055	868	1094	1093
3075	MIER3_ENSG00000155545_201503.5	815	79	690	547	479	1193	1011	759	1028	1028	652	790	1248	915	887	823	824	599	862	1019
3076	MIER3_ENSG00000155545_201504.6	1957	1143	1856	1370	1112	2670	2067	2131	2992	2978	1160	2684	4075	2953	2639	2544	3561	4641	2545	3070
3077	MINA_ENSG00000170854_73713.1	1335	890	1542	813	454	1821	1236	1695	1576	1639	699	1983	2879	2256	2037	1803	2810	1811	1832	2005
3078	MINA_ENSG00000170854_73714.2	1051	672	1242	1091	884	1512	1242	1166	1421	891	841	1622	2717	1699	1447	1261	1762	2619	1539	1610
3079	MINA_ENSG00000170854_73715.3	1292	910	1539	1680	299	1947	933	1729	2009	2395	398	2591	3220	2463	2335	2096	2389	3586	2293	2130
3080	MINA_ENSG00000170854_73716.4	856	920	810	838	474	1175	930	897	1596	1897	633	1416	1736	1357	1356	1014	1439	353	1132	1216
3081	MINA_ENSG00000170854_73717.5	434	281	519	797	26	406	162	476	441	1929	78	670	875	687	916	762	476	529	863	669
3082	MINA_ENSG00000170854_73718.6	758	865	685	244	428	1245	817	789	1409	722	484	1107	1438	1141	1117	874	975	2175	1009	941
3083	MIS12_ENSG00000167842_25676.2	1519	1228	1743	810	949	2232	1558	1603	2160	2051	1220	2217	3043	2179	1892	1646	2928	1418	1813	1913
3084	MIS12_ENSG00000167842_25677.3	742	446	751	670	297	789	656	644	1009	1577	400	881	1308	700	912	774	1087	429	1055	1346
3085	MIS12_ENSG00000167842_25678.4	1005	530	1120	675	459	1728	1134	1172	1898	2922	614	1646	2601	1714	1732	1376	1990	1846	1574	1663
3086	MIS12_ENSG00000167842_25679.5	1223	1071	1280	806	126	1234	407	1168	1504	1468	255	1547	2441	1956	1991	1877	1763	1815	1731	1584
3087	MIS12_ENSG00000167842_25680.6	568	556	558	381	168	783	464	675	836	733	299	1134	1197	1024	852	860	940	803	945	1045
3088	MIS18A_ENSG00000159055_79610.1	1334	92	1309	945	486	1836	992	1554	2741	2586	759	1932	3000	1961	1918	1611	2817	2399	1783	1928
3089	MIS18A_ENSG00000159055_79612.3	521	280	646	401	255	665	631	564	1008	1252	393	763	912	578	708	611	744	1430	581	725
3090	MIS18A_ENSG00000159055_79613.4	1085	440	1048	612	486	1743	1073	1274	2209	542	627	1555	2417	1574	1421	1388	2492	2402	1282	1533
3091	MIS18A_ENSG00000159055_79614.5	1697	839	1595	467	733	1770	1504	1622	2497	1905	912	1955	2495	1786	1880	1397	2860	1771	1836	2260
3092	MIS18A_ENSG00000159055_79615.6	378	397	392	268	43	495	137	421	795	1108	114	550	804	672	687	642	794	482	621	891
3093	MIS18BP1_ENSG00000129534_170531.1	543	176	590	617	189	947	425	662	1015	1064	221	905	1264	1094	1000	958	901	1409	848	837
3094	MIS18BP1_ENSG00000129534_170532.2	1538	977	1537	1027	270	1946	905	1873	2552	2635	511	2545	3419	2608	2416	2170	3233	1808	2280	2087
3095	MIS18BP1_ENSG00000129534_170533.3	673	96	593	482	197	791	486	655	1229	1328	289	1025	1270	963	860	823	1356	152	944	942
3096	MIS18BP1_ENSG00000129534_170535.5	561	276	636	48	272	1129	564	828	694	830	462	818	1544	1162	1012	911	1244	260	851	977
3097	MIS18BP1_ENSG00000129534_170536.6	1854	1018	1674	1138	951	2456	2188	1928	2479	3801	1434	2499	3851	2498	2576	2004	2334	2513	2375	2575
3098	MKRN1_ENSG00000133606_66175.1	671	297	584	705	298	633	504	650	1002	857	321	720	1190	628	824	614	969	1680	614	905
3099	MKRN1_ENSG00000133606_66176.2	349	247	340	327	22	348	118	315	888	755	60	533	627	439	519	523	1001	280	606	643
3100	MKRN1_ENSG00000133606_66177.3	1001	541	1104	870	296	1186	711	1003	1549	2021	410	1457	1870	1242	1523	1196	2058	1638	1285	1611
3101	MKRN1_ENSG00000133606_66178.4	182	96	190	78	48	167	167	193	192	252	87	337	389	235	240	261	530	1078	235	292
3102	MKRN1_ENSG00000133606_66179.5	443	505	483	685	149	659	341	547	991	939	167	897	952	741	781	579	2224	1672	681	678
3103	MKRN1_ENSG00000133606_66180.6	897	327	970	1026	246	995	736	995	1409	3242	377	1266	1743	1188	1262	988	1805	760	1313	1302
3104	MLH3_ENSG00000119684_111178.1	1623	460	1922	1071	1637	3231	2219	2357	2991	3433	1515	2585	4056	3124	2591	2271	2355	2413	2152	2563
3105	MLH3_ENSG00000119684_111179.2	519	535	535	361	318	756	460	598	618	1131	307	620	1064	734	723	629	948	284	726	608
3106	MLH3_ENSG00000119684_111180.3	2011	1046	1886	1284	701	2633	1406	2238	2616	1648	825	2715	4013	3083	2508	2582	2083	1963	2532	2356
3107	MLH3_ENSG00000119684_111181.4	1120	606	1113	526	437	1457	921	1194	1872	1674	615	1383	2204	1330	1312	1267	1037	1121	1248	1332
3108	MLH3_ENSG00000119684_111182.5	1195	975	1127	766	647	1963	1450	1512	2206	1295	834	1693	2593	1911	1820	1386	1665	541	1625	1377
3109	MLLT1_ENSG00000130382_44993.1	409	83	479	79	291	785	523	581	644	536	298	684	1033	679	734	528	863	1069	524	662
3110	MLLT1_ENSG00000130382_44994.2	571	85	500	348	250	744	603	460	546	271	379	761	969	652	634	552	483	783	604	589
3111	MLLT1_ENSG00000130382_44995.3	688	539	808	582	166	827	407	758	632	1374	236	1037	1354	1210	1192	1106	1225	1215	1175	1018
3112	MLLT1_ENSG00000130382_44996.4	836	399	998	112	366	1392	718	1036	1225	1438	471	1164	1784	1410	1250	1219	1633	1506	1212	1133
3113	MLLT1_ENSG00000130382_44997.5	1106	267	1086	106	643	1273	1101	1062	1224	1714	736	1236	1620	1308	1223	923	836	1855	1107	1325
3114	MLLT1_ENSG00000130382_44998.6	243	74	267	247	10	225	75	257	342	290	40	395	465	354	442	393	449	438	420	365
3115	MLLT10_ENSG00000078403_182202.1	643	169	735	733	120	767	393	680	911	1294	193	1088	1519	1086	1142	1045	1263	1918	1055	938
3116	MLLT10_ENSG00000078403_182203.2	1760	637	1800	1007	960	2730	1747	1877	2842	1062	1217	2188	3247	2620	2320	2158	3146	2079	2130	2243
3117	MLLT10_ENSG00000078403_182204.3	799	284	628	498	315	947	749	674	1086	1500	471	795	1464	921	1027	810	842	1311	972	896
3118	MLLT10_ENSG00000078403_182205.4	832	215	700	259	283	944	558	800	911	823	364	948	1300	1044	836	834	1068	2965	885	1038
3119	MLLT10_ENSG00000078403_182206.5	1057	606	998	1312	204	1445	761	1328	1700	1789	381	1655	2252	1560	1667	1459	1390	2059	1629	1456
3120	MLLT10_ENSG00000078403_182207.6	1273	708	1439	1389	464	1967	1007	1549	1820	1366	569	1687	2663	2165	1898	1710	2515	1705	1829	1563
3121	MLLT3_ENSG00000171843_113160.1	620	88	653	506	168	792	410	748	1555	887	177	1117	1486	1151	988	1012	1312	2011	954	766
3122	MLLT3_ENSG00000171843_113161.2	2348	1757	2453	1994	2301	3969	3381	2784	3308	2375	2501	3074	5004	3768	3018	2791	3819	1182	2774	2967
3123	MLLT3_ENSG00000171843_113162.3	545	528	631	520	291	1117	519	655	1088	906	393	713	1258	757	739	629	1050	1826	710	738
3124	MLLT3_ENSG00000171843_113163.4	2362	1073	2417	982	2801	4164	3392	3268	3529	3343	2411	3000	4970	3984	3185	2773	3612	2071	2846	3227
3125	MLLT3_ENSG00000171843_113164.5	862	249	883	668	627	1518	912	1092	808	1809	583	1302	1880	1368	1205	1042	1252	1283	1122	1032
3126	MLLT3_ENSG00000171843_113165.6	1405	946	1573	715	630	2156	1368	1599	1573	1692	795	1894	3058	2417	2067	1788	1956	3629	2050	2010
3127	MLLT6_ENSG00000108292_61825.1	337	83	367	158	145	415	247	321	336	244	179	477	831	551	478	450	357	825	429	571
3128	MLLT6_ENSG00000108292_61826.2	1587	968	1699	1220	776	1916	1506	1614	2220	1829	979	2156	3222	2069	2052	1939	2690	1147	1826	1973
3129	MLLT6_ENSG00000108292_61827.3	1844	660	2047	1048	1098	3134	2137	2511	2919	1562	1534	3019	4076	3048	2738	2402	2141	2430	2636	2645
3130	MLLT6_ENSG00000108292_61828.4	882	592	1025	383	333	1263	783	1002	1465	1539	396	1154	1955	1269	1200	1083	1974	1189	1271	1224
3131	MLLT6_ENSG00000108292_61829.5	1545	899	1571	713	614	1677	1426	1577	2198	2383	861	1751	2616	1621	1785	1395	3354	1817	1646	2055
3132	MLTK_ENSG00000091436_68603.1	1792	836	1811	1097	1231	3460	2060	2233	2983	1100	1434	2490	3843	2998	2446	2235	2807	944	2400	2724
3133	MLTK_ENSG00000091436_68604.2	680	304	728	944	427	1184	638	1060	1147	945	482	1148	1489	1145	1003	851	852	411	993	1016
3134	MLTK_ENSG00000091436_68605.3	496	248	545	421	206	774	519	573	1199	760	279	815	952	664	779	652	704	843	711	838
3135	MLTK_ENSG00000091436_68607.5	849	471	774	579	101	731	353	648	1064	2111	196	1101	1425	953	1202	1117	1490	1877	1127	1354
3136	MNAT1_ENSG00000020426_26165.1	546	230	514	404	82	599	317	490	628	1100	212	881	920	781	748	654	1154	821	669	820
3137	MNAT1_ENSG00000020426_26166.2	609	164	657	335	148	790	400	616	489	656	240	799	1165	850	789	608	321	731	731	723
3138	MNAT1_ENSG00000020426_26167.3	554	637	465	154	476	1074	759	678	871	692	635	1002	1203	858	812	554	401	551	774	886
3139	MNAT1_ENSG00000020426_26168.4	264	116	304	390	172	430	261	302	438	232	207	399	644	428	474	380	898	580	389	375
3140	MNAT1_ENSG00000020426_26169.5	2534	2324	2691	2123	1179	3559	2498	2735	3306	3093	1612	3425	5106	3685	3593	2959	4516	3343	3321	3819
3141	MNAT1_ENSG00000020426_26170.6	815	491	837	943	176	1060	495	997	965	1639	262	1455	1788	1402	1350	1207	1938	270	1252	1325
3142	MORC1_ENSG00000114487_171488.1	1717	959	1887	1430	710	2443	1521	2139	2916	2950	1132	2303	3542	2581	2468	2171	2448	1129	2280	2416
3143	MORC1_ENSG00000114487_171489.2	2220	974	2283	1148	2527	4141	3166	2880	2728	2383	2456	2934	4674	3509	2796	2527	2909	3843	2794	2695
3144	MORC1_ENSG00000114487_171490.3	437	666	419	489	33	408	151	369	636	917	71	512	740	518	692	556	990	1130	694	731
3145	MORC1_ENSG00000114487_171491.4	722	319	760	621	63	497	214	644	624	2357	94	1012	1221	1058	1319	1082	1610	1418	1197	1057
3146	MORC1_ENSG00000114487_171492.5	1452	527	1376	761	671	2309	1186	1556	2212	1987	785	1984	3041	2262	2083	1618	1660	2148	1824	1926
3147	MORC1_ENSG00000114487_171493.6	1320	608	1607	1058	864	2771	1572	1939	3171	2631	1090	2548	3677	2327	2192	1982	3047	1318	2128	2173
3148	MORC2_ENSG00000133422_160554.1	2560	701	2552	941	2286	3669	3041	2539	3611	3068	2420	3035	4316	3076	2666	2333	4093	1435	2624	3385
3149	MORC2_ENSG00000133422_160555.2	841	695	883	449	207	1102	534	871	1524	1986	359	1513	1757	1076	1332	1066	1145	1319	1313	1319
3150	MORC2_ENSG00000133422_160556.3	945	1633	999	849	607	1613	973	1064	1378	2165	869	1318	2325	1583	1187	1059	2223	542	1052	1309
3151	MORC2_ENSG00000133422_160557.4	1472	836	1517	553	947	2290	1605	1705	2471	2777	1059	2193	3140	2286	2093	1743	2661	753	2089	2117
3152	MORC2_ENSG00000133422_160559.6	298	75	353	197	42	297	151	233	342	375	101	502	622	417	488	384	378	467	458	498
3153	MORC3_ENSG00000159256_199494.1	764	340	809	1083	452	1333	990	1017	1392	1460	579	1142	1772	1088	1280	954	1305	2078	1108	1132
3154	MORC3_ENSG00000159256_199495.2	915	487	1133	419	362	1632	948	1215	1499	2667	508	1596	2118	1594	1450	1258	1340	1989	1347	1473
3155	MORC3_ENSG00000159256_199496.3	1319	1049	1437	682	686	2001	1503	1479	2420	1120	1094	2280	2567	2031	1847	1567	2397	1700	1573	1921
3156	MORC3_ENSG00000159256_199497.4	565	200	604	150	179	847	457	785	914	1269	294	981	1297	831	765	850	735	277	832	769
3157	MORC3_ENSG00000159256_199498.5	300	173	320	72	19	161	73	223	250	239	72	347	547	344	649	466	736	2474	588	538
3158	MORC3_ENSG00000159256_199499.6	609	167	685	1030	154	901	383	754	1373	1510	228	1187	1518	1190	1071	1015	1853	855	1159	1016
3159	MORC4_ENSG00000133131_93171.1	254	485	273	155	71	320	163	297	168	699	95	261	583	350	350	279	568	623	384	293
3160	MORC4_ENSG00000133131_93172.2	1366	402	1552	1174	1066	2222	1815	1526	2517	2092	1169	1769	2750	2164	1810	1576	1437	1805	1722	1940
3161	MORC4_ENSG00000133131_93173.3	614	477	633	735	308	794	522	724	964	1329	387	727	1407	994	800	851	909	1691	729	951
3162	MORC4_ENSG00000133131_93174.4	1359	1048	1570	885	368	1646	910	1258	1451	801	549	1779	2776	2229	2057	1942	3038	1096	2009	2022
3163	MORC4_ENSG00000133131_93175.5	1555	780	1655	1495	128	1269	530	1210	1879	2076	314	1967	2401	1901	2336	1898	3054	1245	2027	2126
3164	MORC4_ENSG00000133131_93176.6	853	112	974	304	610	1613	897	1309	1219	2077	685	1368	2003	1453	1204	1240	1230	244	1136	1503
3165	MORF4L1_ENSG00000185787_80231.2	1398	1087	1369	1187	802	1985	1592	1718	2176	2083	875	1992	2664	2033	2069	1673	2281	2089	1915	1841
3166	MORF4L1_ENSG00000185787_80232.3	1041	185	1072	1004	244	1401	673	1144	1369	801	382	1343	2153	1474	1574	1449	1623	1032	1485	1447
3167	MORF4L1_ENSG00000185787_80233.4	1184	470	1144	1060	164	950	458	957	1567	2197	286	1796	1787	1405	1656	1487	2459	1097	1553	1538
3168	MORF4L1_ENSG00000185787_80234.5	1039	986	1235	869	135	1552	598	1361	1750	3073	339	2035	2575	2013	2163	1788	2215	2207	1889	1893
3169	MORF4L1_ENSG00000185787_80235.6	599	343	591	806	155	794	561	574	662	965	334	674	1264	646	784	639	714	607	634	860
3170	MORF4L2_ENSG00000123562_31392.2	574	171	686	220	123	867	345	720	1131	2241	191	986	1522	1049	981	960	771	578	933	878
3171	MORF4L2_ENSG00000123562_31393.3	1194	865	1384	875	613	1935	1465	1658	2391	1181	925	2009	2526	1897	1715	1498	1324	1255	1825	1608
3172	MORF4L2_ENSG00000123562_31394.4	380	79	416	312	44	429	139	355	710	1605	59	681	844	690	935	732	884	742	673	623
3173	MORF4L2_ENSG00000123562_31395.5	1235	1154	1336	1072	480	1943	1033	1372	1606	1814	550	1645	2126	1737	1766	1470	2895	1502	1580	1775
3174	MORF4L2_ENSG00000123562_31396.6	1458	932	1603	1204	485	2030	1062	1799	2888	4511	616	2581	3099	2564	2328	2011	2100	5452	2155	2244
3175	MPHOSPH8_ENSG00000196199_175549.1	991	287	1016	739	486	1384	941	948	1194	873	596	1273	1941	1194	1203	1098	1086	2437	1353	1499
3176	MPHOSPH8_ENSG00000196199_175550.2	1059	388	1064	875	220	1242	586	996	1811	279	335	1550	1820	1599	1378	1334	1211	1332	1471	1418
3177	MPHOSPH8_ENSG00000196199_175551.3	628	287	672	231	217	868	525	780	1525	1081	309	915	1190	837	940	746	529	1039	904	1118
3178	MPHOSPH8_ENSG00000196199_175552.4	622	67	544	205	427	956	688	751	1465	651	574	859	1118	1110	827	778	1223	1079	788	864
3179	MPHOSPH8_ENSG00000196199_175553.5	1571	731	1678	880	2095	3121	2487	2223	2494	2068	1938	1978	3076	2708	2199	1834	2265	582	1860	1934
3180	MPHOSPH8_ENSG00000196199_175554.6	769	826	855	396	181	1065	565	826	955	432	329	1011	1395	1320	1043	1056	2420	712	1093	1168
3181	MPL_ENSG00000117400_194751.1	295	204	270	193	57	217	180	189	226	748	104	436	407	309	316	301	547	1370	399	350
3182	MPL_ENSG00000117400_194752.2	745	407	676	1414	68	594	337	609	1021	2861	145	955	1179	790	1059	783	1546	1665	1013	1091
3183	MPL_ENSG00000117400_194753.3	1634	1492	1881	1163	733	1854	1639	1857	2144	2249	1192	2336	3536	2091	2034	1746	4167	2816	1939	2237
3184	MPL_ENSG00000117400_194754.4	610	885	612	443	26	238	70	339	436	1890	72	703	689	563	830	667	1726	1210	756	744
3185	MPL_ENSG00000117400_194755.5	3075	1162	3287	1489	1874	5087	3418	3949	4515	4494	2279	3935	6698	5021	3880	3747	4048	3734	3884	4361
3186	MPL_ENSG00000117400_194756.6	609	506	455	352	86	482	552	377	407	1678	289	604	791	456	612	449	1509	273	572	654
3187	MRE11A_ENSG00000020922_146800.1	980	409	863	900	345	1402	821	1127	1653	1214	419	1340	1938	1516	1375	1359	1459	594	1234	1312
3188	MRE11A_ENSG00000020922_146801.2	313	260	398	369	75	629	318	492	661	840	140	678	1084	873	781	613	900	824	692	663
3189	MRE11A_ENSG00000020922_146802.3	1028	332	905	668	419	1056	802	1149	1497	2076	471	1334	1830	961	1254	1060	2238	1551	1152	1289
3190	MRE11A_ENSG00000020922_146804.5	1035	247	983	498	337	1493	744	1181	1573	675	497	1572	2065	1625	1584	1297	2549	1354	1369	1180
3191	MRE11A_ENSG00000020922_146805.6	2091	1235	1953	776	885	2115	2127	1885	3300	5053	1512	2871	3124	1748	2364	1865	4559	1359	2394	3032
3192	MRGBP_ENSG00000101189_119970.2	682	299	710	189	255	750	636	676	694	835	515	797	1155	729	848	662	528	153	817	947
3193	MRGBP_ENSG00000101189_119972.4	393	193	473	318	49	323	140	311	255	863	90	442	642	441	607	467	817	670	609	493
3194	MRGBP_ENSG00000101189_119973.5	1376	404	1430	617	654	1827	1314	1411	1620	1358	897	1893	2789	2049	1931	1465	951	680	1772	1916
3195	MRGBP_ENSG00000101189_119974.6	1010	651	1246	857	351	1266	738	1171	1214	1755	489	1726	1916	1292	1505	1255	1969	1948	1610	1394
3196	MSH6_ENSG00000116062_86661.1	724	117	622	383	274	910	596	773	1128	1826	391	1135	1293	992	955	790	1684	554	959	1138
3197	MSH6_ENSG00000116062_86662.2	2411	1306	2211	1609	861	2332	1545	1979	3658	4780	1281	2733	3830	2759	2785	2480	3490	2064	2541	2609
3198	MSH6_ENSG00000116062_86663.3	880	230	1053	782	325	1017	640	918	1129	678	471	1056	1424	1097	1204	1057	1291	812	1127	1135
3199	MSH6_ENSG00000116062_86664.4	707	949	784	628	66	630	288	651	1385	1982	202	858	1243	851	920	794	1211	1124	894	927
3200	MSH6_ENSG00000116062_86665.5	1868	646	1912	1424	889	2182	1488	2006	2251	1803	1115	2108	3179	2350	2224	1886	3307	950	2047	2427
3201	MSH6_ENSG00000116062_86666.6	879	531	822	892	402	1045	939	811	1905	980	521	987	1482	922	1119	798	2112	1381	862	1066
3202	MSL2_ENSG00000174579_59076.1	1358	1569	1456	443	454	1577	966	1417	1841	2267	665	2061	2906	2086	2028	1847	1601	247	2007	2057
3203	MSL2_ENSG00000174579_59078.3	729	175	853	509	260	1301	601	1043	1243	1981	439	1109	1849	1330	1324	1157	1130	1229	1114	1118
3204	MSL2_ENSG00000174579_59079.4	760	789	922	399	742	1618	1104	1160	1374	498	868	1204	1921	1492	1269	1116	1232	790	1186	1248
3205	MSL2_ENSG00000174579_59080.5	919	314	1040	439	294	1465	802	1065	1885	1947	441	1589	2129	1610	1449	1383	2330	872	1481	1364
3206	MSL2_ENSG00000174579_59081.6	785	671	825	330	503	1227	963	1008	987	839	587	1190	1701	1168	1077	896	931	1295	1038	937
3207	MST1_ENSG00000173531_189739.1	875	565	708	585	563	1519	960	1069	1466	764	730	1219	1955	1063	1053	941	1695	2657	1013	1263
3208	MST1_ENSG00000173531_189740.2	639	391	656	121	197	745	559	475	699	3757	291	774	984	789	765	604	728	1086	707	816
3209	MST1_ENSG00000173531_189741.3	2086	1442	2417	1419	542	2716	1597	2242	4355	3438	814	3140	4105	2826	3152	2567	4755	2869	2770	2855
3210	MST1_ENSG00000173531_189742.4	770	323	792	575	367	1035	730	789	1124	727	530	998	1596	978	991	834	874	1663	781	1031
3211	MST1_ENSG00000173531_189743.5	676	496	794	446	137	660	361	730	1401	1031	309	930	1211	942	916	917	539	1375	1032	1046
3212	MST1_ENSG00000173531_189744.6	452	178	498	411	150	297	416	362	527	1878	259	529	681	434	587	396	1193	255	568	682
3213	MTA1_ENSG00000182979_150833.1	559	390	582	184	142	804	326	632	1204	698	169	843	1191	982	818	912	1192	996	945	846
3214	MTA1_ENSG00000182979_150834.2	1114	911	1254	362	831	2170	1521	1472	2280	752	1023	1410	2712	1757	1677	1537	2316	1850	1723	1392
3215	MTA1_ENSG00000182979_150835.3	496	85	433	249	60	278	218	403	809	1816	146	586	780	557	577	505	960	592	547	574
3216	MTA1_ENSG00000182979_150836.4	694	302	877	439	585	1433	1018	1057	891	2093	538	1280	1537	1383	1160	1012	1078	817	1066	1099
3217	MTA1_ENSG00000182979_150837.5	1447	517	1370	965	336	1738	867	1503	1910	2211	527	2021	2896	2316	2293	1968	2587	2790	2201	1899
3218	MTA1_ENSG00000182979_150838.6	1556	347	1440	935	457	1626	1053	1506	2387	2146	614	1658	2855	1885	1871	1651	2119	1867	1846	1751
3219	MTA2_ENSG00000149480_107394.1	1013	678	1064	897	157	788	373	841	1121	1711	270	1093	1708	1169	1708	1369	2860	766	1541	1189
3220	MTA2_ENSG00000149480_107395.2	1267	159	1198	1302	513	1406	1000	1018	2561	1993	633	1341	2368	1507	1602	1267	1721	1047	1456	1247
3221	MTA2_ENSG00000149480_107397.4	1041	531	1013	926	631	1644	775	1194	1650	1684	546	1703	2177	1436	1392	1212	1529	1590	1363	1308
3222	MTA2_ENSG00000149480_107398.5	1452	1288	1576	504	381	2214	1194	1619	2836	3763	661	2044	2976	2187	2240	1959	2890	2156	1811	1765
3223	MTA2_ENSG00000149480_107399.6	532	344	566	362	247	785	537	536	527	2417	341	469	921	632	642	645	949	835	597	510
3224	MTA3_ENSG00000057935_162970.1	406	221	603	2734	91	772	391	546	675	3355	183	837	1247	651	766	590	998	490	648	842
3225	MTA3_ENSG00000057935_162971.2	946	906	939	1189	301	1629	783	1342	2130	4180	394	1500	2408	1649	1830	1445	2384	915	1598	1663
3226	MTA3_ENSG00000057935_162972.3	936	642	938	574	366	1327	974	985	1598	2101	574	1205	1768	1273	1209	1153	2490	1252	1199	1277
3227	MTA3_ENSG00000057935_162973.4	951	780	1119	651	462	1645	1014	1246	1861	2695	593	1413	2201	1739	1545	1320	1539	467	1391	1606
3228	MTA3_ENSG00000057935_162974.5	740	429	848	118	349	1017	686	1043	1992	3791	424	1134	1572	1227	1258	918	2138	832	1079	1165
3229	MTA3_ENSG00000057935_162975.6	285	536	312	404	127	530	303	458	708	302	159	393	666	352	433	362	773	776	488	450
3230	MTERF_ENSG00000127989_138006.1	321	322	258	171	41	180	145	199	363	526	90	657	276	215	433	234	761	1822	416	399
3231	MTERF_ENSG00000127989_138007.2	940	317	930	954	112	746	437	794	1395	1698	265	1318	1462	911	1291	963	1599	801	1196	1178
3232	MTERF_ENSG00000127989_138008.3	1844	883	1666	1593	614	1570	1372	1614	2671	2524	880	2640	2744	1770	2039	1581	2890	2538	1910	1957
3233	MTERF_ENSG00000127989_138009.4	619	424	529	341	139	892	407	759	859	521	242	819	1405	1229	980	878	1250	1195	982	924
3234	MTERF_ENSG00000127989_138011.6	156	324	254	166	49	260	105	170	65	613	42	365	430	374	277	336	131	558	241	211
3235	MTF1_ENSG00000188786_85648.1	937	89	882	607	620	1392	1136	880	933	774	778	1208	1646	988	1089	922	1530	400	994	1222
3236	MTF1_ENSG00000188786_85649.2	610	522	724	989	69	666	310	604	939	1367	165	967	1301	972	991	937	1398	2407	1094	956
3237	MTF1_ENSG00000188786_85650.3	1706	949	1718	676	518	2414	1319	2023	2169	3682	845	2788	3628	2863	2458	2313	2951	2127	2402	2253
3238	MTF1_ENSG00000188786_85651.4	1417	421	1368	949	1528	2523	2051	1680	2591	1040	1524	1967	2902	1987	1620	1587	2510	1396	1599	1875
3239	MTF1_ENSG00000188786_85652.5	483	324	521	915	257	497	532	609	952	805	343	772	989	584	749	543	794	429	748	712
3240	MTF1_ENSG00000188786_85653.6	1194	742	1306	679	827	2351	1449	1557	1877	1808	889	1877	2353	1833	1631	1349	1236	1181	1568	1679
3241	MTF2_ENSG00000143033_35795.1	248	90	200	78	28	233	129	239	232	603	65	375	556	309	314	240	108	553	341	362
3242	MTF2_ENSG00000143033_35796.2	1111	244	1217	787	523	1311	1184	1122	2170	1810	648	2068	2353	1324	1592	1186	2209	2913	1275	1845
3243	MTF2_ENSG00000143033_35797.3	978	921	995	615	297	1051	802	941	2208	2331	409	1390	1877	1254	1422	1200	1606	3056	1339	1506
3244	MTF2_ENSG00000143033_35800.6	1349	644	1446	858	689	1862	1396	1391	2724	2992	860	1909	2534	1682	1746	1509	2008	1202	1705	1994
3245	MTR_ENSG00000116984_33511.2	839	277	1031	872	187	955	692	894	1807	1822	370	1249	1697	1172	1150	1008	2222	540	1142	1234
3246	MTR_ENSG00000116984_33512.3	1126	674	1098	753	888	1541	1337	1206	1286	1317	938	1444	2083	1514	1364	1133	1607	1832	1329	1482
3247	MTR_ENSG00000116984_33513.4	1891	1784	1874	846	961	2641	2189	2339	3333	3068	1458	2594	3752	2698	2638	2154	4085	3227	2458	2581
3248	MTR_ENSG00000116984_33514.5	1022	182	1003	1072	401	1111	901	1032	1103	2621	571	1472	1813	1132	1527	996	2576	2848	1273	1567
3249	MTR_ENSG00000116984_33515.6	1016	854	987	421	186	1270	671	1154	1901	2796	405	1847	1998	1392	1627	1398	1840	973	1364	1568
3250	MUL1_ENSG00000090432_55608.1	2112	676	2295	1225	1167	2780	2182	2282	3019	3650	1579	2774	3436	2708	2661	2341	4045	2945	2526	2821
3251	MUL1_ENSG00000090432_55609.2	720	370	734	484	350	962	688	673	825	2201	548	851	1202	777	946	688	714	7265	879	953
3252	MUL1_ENSG00000090432_55611.4	683	393	736	286	69	682	320	762	1010	1681	112	1078	1499	1165	1335	1126	1891	1775	1303	1112
3253	MUL1_ENSG00000090432_55612.5	596	709	687	445	52	494	211	567	763	958	126	1092	1148	880	1151	908	1547	1288	1107	963
3254	MUL1_ENSG00000090432_55613.6	1116	704	1238	1262	206	1077	697	1092	2478	2916	390	1627	1842	1402	1544	1414	2342	1822	1492	1601
3255	MUM1_ENSG00000160953_161980.1	1336	185	1437	578	662	1500	1372	1467	1834	1753	893	2113	2390	2008	1711	1411	2276	2453	1559	1658
3256	MUM1_ENSG00000160953_161981.2	642	395	722	589	152	644	341	555	883	1531	250	887	1197	884	841	735	571	771	789	938
3257	MUM1_ENSG00000160953_161983.4	1110	705	1149	445	91	696	502	824	1969	766	301	1899	1720	1036	1643	1307	3094	1844	1558	1824
3258	MUM1_ENSG00000160953_161984.5	823	635	798	537	544	1193	829	892	1075	732	632	1307	1290	1083	917	943	1353	1360	918	1283
3259	MUM1_ENSG00000160953_161985.6	1402	1044	1409	276	529	1833	1080	1576	2423	581	897	1833	2645	2095	2073	1650	2119	1875	1800	2043
3260	MUM1L1_ENSG00000157502_83782.1	1095	367	989	340	513	1370	1138	1158	1481	1736	787	1411	2186	1540	1278	1093	1512	2795	1422	1236
3261	MUM1L1_ENSG00000157502_83783.2	1205	402	1472	947	1032	2028	1710	1484	2315	1261	1207	1660	2679	1982	1690	1478	2576	1285	1488	1673
3262	MUM1L1_ENSG00000157502_83784.3	768	641	794	509	298	1291	515	894	1360	1356	375	1027	1705	1336	1310	1143	1417	836	1065	1094
3263	MUM1L1_ENSG00000157502_83785.4	604	447	700	575	87	723	284	662	1041	1657	147	1194	1523	1003	1103	1041	1971	1036	1071	1181
3264	MUM1L1_ENSG00000157502_83786.5	833	502	889	482	471	1474	795	1205	1477	1062	538	1369	1874	1621	1324	1152	1348	656	1178	1315
3265	MUM1L1_ENSG00000157502_83787.6	1612	1356	1588	733	789	2639	1593	2146	3361	2139	1220	2494	3549	2630	2040	2002	2490	1965	2027	2112
3266	MYB_ENSG00000118513_166551.1	1748	424	1848	1111	962	1647	1831	1524	836	1621	1305	2409	2460	1636	2115	1474	1130	2123	2067	2605
3267	MYB_ENSG00000118513_166552.2	565	749	576	354	642	845	872	677	421	287	659	542	901	756	637	481	135	154	601	769
3268	MYB_ENSG00000118513_166553.3	674	304	612	554	205	608	379	548	317	203	354	647	1003	610	665	597	226	920	646	828
3269	MYB_ENSG00000118513_166554.4	767	375	876	202	434	1146	749	1114	846	514	522	1129	1606	1276	1040	979	1654	248	1076	1073
3270	MYB_ENSG00000118513_166555.5	914	288	959	371	737	1013	1199	849	709	274	949	1276	1547	1013	1073	766	693	586	1065	1564
3271	MYB_ENSG00000118513_166556.6	451	86	563	167	199	688	539	622	599	547	293	686	1086	963	734	610	184	816	741	954
3272	MYBL1_ENSG00000185697_142533.1	688	423	755	691	305	1257	893	1186	1320	1220	430	1164	1619	1364	1127	1016	1138	641	1157	1176
3273	MYBL1_ENSG00000185697_142534.2	580	721	636	839	151	869	456	717	835	1349	288	901	1291	921	998	844	2361	1512	950	978
3274	MYBL1_ENSG00000185697_142535.3	541	632	740	253	228	937	568	807	473	1662	302	871	1447	1069	964	810	1705	494	872	937
3275	MYBL1_ENSG00000185697_142536.4	348	167	379	438	75	486	162	365	603	319	115	531	809	653	594	540	816	588	538	472
3276	MYBL1_ENSG00000185697_142537.5	460	285	478	156	92	524	301	521	743	1018	131	668	1059	636	708	673	557	298	773	759
3277	MYBL1_ENSG00000185697_142538.6	475	790	469	186	61	501	334	475	516	1116	197	591	758	484	646	576	708	240	617	773
3278	MYBL2_ENSG00000101057_180429.1	235	86	199	80	103	392	202	352	417	503	150	335	535	379	357	271	67	573	362	313
3279	MYBL2_ENSG00000101057_180430.2	1234	762	1158	757	287	316	1006	895	1957	1951	604	1539	1296	524	1409	1039	3925	4501	1246	1222
3280	MYBL2_ENSG00000101057_180431.3	721	503	629	623	153	406	463	611	505	569	261	966	907	402	919	749	1989	805	706	952
3281	MYBL2_ENSG00000101057_180432.4	613	234	815	329	242	756	511	811	1123	1145	349	805	1155	931	824	684	1195	640	809	689
3282	MYBL2_ENSG00000101057_180433.5	1256	994	1243	1014	634	1330	1449	1525	2325	3953	958	1628	2163	1440	1577	1414	3516	4739	1471	1579
3283	MYBL2_ENSG00000101057_180434.6	582	165	466	396	290	901	540	707	1123	796	306	839	1321	1075	964	864	494	538	829	842
3284	MYPOP_ENSG00000176182_197010.1	930	160	844	526	332	1042	711	762	1703	925	614	1248	1404	852	1129	814	1322	1680	890	1064
3285	MYPOP_ENSG00000176182_197011.2	788	614	818	320	275	1007	701	965	822	1579	417	1284	1465	1151	1015	942	1698	1074	957	1058
3286	MYPOP_ENSG00000176182_197012.3	1515	541	1571	712	836	1897	1290	1426	2099	2812	1041	1760	2631	1831	1576	1394	1878	1174	1652	2038
3287	MYPOP_ENSG00000176182_197013.4	556	312	646	304	228	743	282	677	1720	1256	196	814	1066	854	905	804	1386	2074	822	1016
3288	MYPOP_ENSG00000176182_197014.5	1244	879	1181	1139	291	1127	721	1133	2103	2295	394	1657	1928	1369	1541	1179	2533	1660	1435	1925
3289	MYPOP_ENSG00000176182_197015.6	421	123	351	773	117	554	306	469	501	973	218	652	858	572	526	397	805	766	577	692
3290	MYSM1_ENSG00000162601_108561.1	702	58	624	730	107	692	335	749	831	1456	144	1111	1488	893	945	893	1011	1436	950	895
3291	MYSM1_ENSG00000162601_108562.2	895	521	897	454	408	1205	832	786	966	677	461	1035	1691	1142	1180	1009	1360	970	966	1193
3292	MYSM1_ENSG00000162601_108563.3	752	435	787	796	231	1106	653	871	1310	1248	365	1177	1615	1283	1242	1142	2117	1382	1256	1207
3293	MYSM1_ENSG00000162601_108564.4	771	580	647	610	498	1405	885	942	937	757	604	1119	1642	1097	901	910	1339	1268	891	919
3294	MYSM1_ENSG00000162601_108565.5	879	1131	976	642	165	1292	527	1148	1392	2134	263	1593	2037	1692	1562	1531	1964	599	1632	1466
3295	MYSM1_ENSG00000162601_108566.6	506	701	600	242	226	823	509	756	1051	843	287	839	1458	1297	928	904	1212	1665	906	1013
3296	NAA10_ENSG00000102030_58286.1	939	794	929	826	222	1450	733	1124	1484	2429	482	1620	2096	1545	1325	1223	1021	2295	1333	1447
3297	NAA10_ENSG00000102030_58287.2	1775	1113	1791	1345	1540	2545	2140	2102	2361	1955	1603	2505	3279	2538	2144	1932	2125	3511	2223	2320
3298	NAA10_ENSG00000102030_58288.3	497	414	379	327	417	688	519	492	1066	517	303	843	815	676	725	557	878	845	621	847
3299	NAA10_ENSG00000102030_58290.5	923	412	966	883	729	1309	1369	1200	1512	1981	820	1240	2259	1582	1413	1267	1652	1035	1369	1734
3300	NAA10_ENSG00000102030_58291.6	524	303	563	483	346	925	538	565	1072	1213	365	926	1434	746	786	649	1196	1435	715	745
3301	NAA15_ENSG00000164134_55951.1	3019	1486	2862	2296	1804	3528	3058	2960	4783	4547	2237	5500	5122	3156	3535	2749	5404	4658	3514	4861
3302	NAA15_ENSG00000164134_55952.2	951	546	1022	1105	270	958	739	953	1108	1135	506	1957	2026	1221	1588	1159	1739	982	1389	1606
3303	NAA15_ENSG00000164134_55953.3	500	354	498	1009	116	425	306	535	842	1892	211	1146	971	606	821	592	881	297	778	1022
3304	NAA15_ENSG00000164134_55954.4	850	763	1024	284	412	1335	837	960	1173	1086	553	1262	2104	1404	1087	1134	1043	1974	1014	1133
3305	NAA15_ENSG00000164134_55955.5	262	82	325	244	31	276	84	251	467	1121	64	702	598	491	575	494	392	1022	533	632
3306	NAA15_ENSG00000164134_55956.6	671	1194	710	607	70	762	292	739	1395	1761	146	1096	1443	1275	1296	1166	787	1237	1253	1099
3307	NAA60_ENSG00000122390_96783.1	1497	1674	1593	808	924	1870	1579	1699	2687	1088	1037	2171	2667	1942	1794	1607	1825	1725	1529	2133
3308	NAA60_ENSG00000122390_96784.2	611	157	594	335	64	671	339	678	1051	1029	209	1032	1319	872	1010	814	1313	1194	915	1017
3309	NAA60_ENSG00000122390_96785.3	888	725	863	444	302	1038	575	920	1485	2668	381	1379	1437	1031	1086	1032	1812	2629	1141	1440
3310	NAA60_ENSG00000122390_96786.4	384	394	359	202	373	784	672	546	753	450	408	900	1157	860	733	571	742	452	621	804
3311	NAA60_ENSG00000122390_96787.5	930	562	958	500	707	1767	1154	1165	1360	561	818	1193	1976	1650	1425	1347	1315	1899	1311	1181
3312	NAA60_ENSG00000122390_96788.6	437	155	431	258	157	620	388	520	632	200	270	458	703	590	520	425	869	868	501	531
3313	NAP1L1_ENSG00000187109_50429.1	931	571	986	681	138	958	494	884	1002	623	254	1151	1685	1153	1289	1152	1308	1407	1102	1282
3314	NAP1L1_ENSG00000187109_50430.2	1165	2760	1028	905	662	1630	1287	1198	2057	1637	896	1474	2120	1407	1400	1123	2683	1396	1314	1707
3315	NAP1L1_ENSG00000187109_50431.3	504	238	433	254	79	556	300	420	1251	257	194	592	903	663	697	585	1527	237	599	740
3316	NAP1L1_ENSG00000187109_50432.4	1325	702	1320	1039	581	1904	1160	1430	1795	1813	701	1700	2621	1913	1729	1631	1126	1130	1545	1646
3317	NAP1L1_ENSG00000187109_50434.6	1597	842	1540	873	600	2501	1569	1959	5248	2304	884	2697	3599	2661	2419	2214	3604	2784	2444	2524
3318	NAP1L2_ENSG00000186462_171908.1	613	485	560	444	429	1036	768	584	880	578	483	812	1130	765	754	543	1253	668	647	670
3319	NAP1L2_ENSG00000186462_171909.2	395	431	480	68	66	510	172	470	633	549	90	735	887	762	746	627	1441	1847	693	762
3320	NAP1L2_ENSG00000186462_171910.3	1753	568	1537	976	1455	2570	2169	1774	3168	1278	1578	1809	2797	2011	1803	1614	2283	1540	1792	1807
3321	NAP1L2_ENSG00000186462_171911.4	771	834	848	565	465	1452	737	858	1968	541	498	996	1597	1279	1160	1011	1640	1219	1020	1057
3322	NAP1L2_ENSG00000186462_171912.5	1907	1140	1871	1614	1204	3077	2030	2067	2909	2640	1345	2960	3991	2952	2449	2208	2501	1227	2377	2447
3323	NAP1L3_ENSG00000186310_165211.1	1191	1042	1114	792	165	972	485	1017	969	1008	261	1426	1970	1538	1627	1551	2068	520	1513	1566
3324	NAP1L3_ENSG00000186310_165213.3	667	483	794	1106	177	920	447	793	795	1730	260	1201	1711	1274	1194	1065	857	519	1110	1091
3325	NAP1L3_ENSG00000186310_165214.4	170	82	156	180	17	244	98	171	189	273	66	250	437	276	197	215	259	1400	205	269
3326	NAP1L3_ENSG00000186310_165215.5	467	511	625	902	63	675	310	592	746	866	109	883	1099	810	854	783	650	608	673	798
3327	NAP1L3_ENSG00000186310_165216.6	790	486	719	1356	208	1133	714	1069	1224	399	397	1283	1710	1219	1236	1058	1755	447	1112	1373
3328	NAT10_ENSG00000135372_178215.1	1757	479	1690	1001	898	2196	1902	1670	1619	3070	1163	2017	3262	2034	2098	1662	2730	2005	1933	1947
3329	NAT10_ENSG00000135372_178216.2	391	258	439	483	70	440	239	448	558	1615	167	598	862	551	650	488	582	1912	565	480
3330	NAT10_ENSG00000135372_178217.3	344	234	305	83	71	369	267	433	356	619	181	377	737	546	502	423	326	597	408	462
3331	NAT10_ENSG00000135372_178218.4	856	448	890	538	248	1209	565	1013	1159	1543	366	1250	1575	1230	1505	1189	1656	735	1296	1184
3332	NAT10_ENSG00000135372_178219.5	1665	932	1645	1477	483	2210	1464	1884	2760	1926	759	2129	2696	2297	2079	1906	2695	1689	2006	2045
3333	NAT10_ENSG00000135372_178220.6	966	563	1040	557	229	1374	629	1117	1257	749	385	1415	1859	1335	1478	1295	2044	598	1380	1348
3334	NAT6_ENSG00000243477_151671.1	525	99	527	313	151	711	366	560	621	332	286	742	990	842	682	585	728	265	762	671
3335	NAT6_ENSG00000243477_151675.5	556	202	507	436	220	728	459	518	1392	741	330	811	1191	818	793	634	925	768	688	772
3336	NBN_ENSG00000104320_23239.1	234	85	326	138	21	292	71	277	472	476	51	472	565	415	561	530	690	553	621	583
3337	NBN_ENSG00000104320_23240.2	376	62	353	271	34	297	151	369	626	1808	55	611	684	615	581	524	1192	84	549	501
3338	NBN_ENSG00000104320_23241.3	636	342	668	76	393	659	609	650	692	1064	397	655	1181	706	811	669	946	1646	684	716
3339	NBN_ENSG00000104320_23242.4	856	267	983	883	268	1450	788	1052	1133	1577	424	1533	2055	1650	1425	1366	1194	854	1349	1206
3340	NBN_ENSG00000104320_23243.5	1473	184	1364	1166	996	1727	1823	1627	2191	1598	1153	2163	2452	1654	1848	1557	2128	762	1787	2039
3341	NBN_ENSG00000104320_23244.6	387	102	379	420	75	313	240	363	530	440	194	330	613	420	469	415	786	291	458	569
3342	NCOA1_ENSG00000084676_305.4	532	434	475	323	129	562	310	514	456	507	189	734	928	604	669	564	719	455	572	657
3343	NCOA1_ENSG00000084676_306.5	1517	667	1455	878	789	1981	1663	1561	2028	2182	1124	2121	2406	1785	1715	1380	2342	3146	1471	1940
3344	NCOA1_ENSG00000084676_307.6	914	1072	1015	304	749	1791	1223	1253	1361	570	852	1511	2028	1630	1186	1166	1578	244	1166	1241
3345	NCOA3_ENSG00000124151_102713.1	1056	423	1048	1249	461	1192	1105	960	1530	1676	537	1189	2075	1199	1477	1198	1972	200	1438	1447
3346	NCOA3_ENSG00000124151_102714.2	781	75	863	773	170	928	593	811	1193	1724	317	963	1536	1209	1171	956	1516	2350	1103	1124
3347	NCOA3_ENSG00000124151_102716.4	1043	651	1069	914	286	1644	783	1529	1434	2847	479	1735	2507	1925	2073	1734	3048	2771	1880	1595
3348	NCOA3_ENSG00000124151_102717.5	1108	489	1215	469	188	1189	519	1177	1168	2327	307	1561	2528	1870	1840	1575	1739	1620	1828	1749
3349	NCOA3_ENSG00000124151_102718.6	2400	1593	2273	1234	1565	3948	2756	2855	3183	3332	1737	3256	4919	4080	3255	2766	3174	2665	3090	3183
3350	NCOA6_ENSG00000198646_163801.2	741	614	866	350	213	1188	663	923	1361	2106	283	1344	1543	1375	1271	1058	1132	1650	1148	1260
3351	NCOA6_ENSG00000198646_163802.3	578	242	473	144	36	293	138	341	605	2105	79	566	757	513	814	694	1248	491	847	631
3352	NCOA6_ENSG00000198646_163803.4	1465	1110	1449	732	1079	1722	1858	1650	3102	2898	1437	1837	2535	1632	1833	1448	3687	3271	1539	1910
3353	NCOA6_ENSG00000198646_163804.5	1335	994	1325	1530	712	1710	1252	1476	3403	4617	855	1648	2257	1771	1901	1532	4027	1826	1772	2007
3354	NCOA6_ENSG00000198646_163805.6	823	1185	959	552	463	1458	874	1012	811	516	681	1319	1840	1369	1223	1048	1290	305	1142	1233
3355	NCOR1_ENSG00000141027_1735.1	357	327	258	267	28	273	151	291	316	360	90	373	686	411	433	419	271	603	427	428
3356	NCOR1_ENSG00000141027_1736.2	1049	699	946	257	577	1625	1035	1185	1300	1724	773	1305	1906	1462	1319	1062	1082	576	1204	1084
3357	NCOR1_ENSG00000141027_1738.4	2036	1498	2012	1562	726	2788	1834	2390	3627	3079	1251	2512	4108	2791	2945	2378	4065	3383	2719	2897
3358	NCOR1_ENSG00000141027_1739.5	1322	1379	1377	922	248	1138	614	1107	1687	1476	374	1852	2141	1527	1714	1529	1647	1983	1673	1495
3359	NCOR1_ENSG00000141027_1740.6	357	756	377	431	13	298	113	321	573	263	49	551	762	585	742	627	968	510	695	610
3360	NCOR2_ENSG00000196498_6060.1	838	674	828	954	93	663	283	733	1039	1633	179	1287	1474	1254	1412	1284	2151	1627	1427	1232
3361	NCOR2_ENSG00000196498_6061.2	955	949	963	504	171	964	600	934	1957	983	344	1580	1651	1085	1387	967	2803	2470	1304	1559
3362	NCOR2_ENSG00000196498_6062.3	1942	729	2004	1200	857	2292	1643	2177	3136	2109	1307	2599	3435	2386	2187	1827	2795	2797	2166	3023
3363	NCOR2_ENSG00000196498_6063.4	743	512	773	396	96	671	371	615	1128	786	300	1054	1303	961	930	825	1305	1473	834	973
3364	NCOR2_ENSG00000196498_6064.5	352	1070	534	899	8	73	47	119	159	875	19	366	417	341	1004	804	1118	1496	831	456
3365	NCOR2_ENSG00000196498_6065.6	313	317	278	258	99	359	192	265	704	1147	167	412	543	262	428	306	894	831	392	429
3366	NDC80_ENSG00000080986_16314.1	1328	872	1573	939	482	1784	853	1391	1809	1575	583	1768	2364	2065	2019	1620	1496	2181	1752	1853
3367	NDC80_ENSG00000080986_16315.2	531	726	555	472	44	477	210	512	737	1692	89	918	1062	968	1172	1042	1349	1772	1202	1033
3368	NDC80_ENSG00000080986_16316.3	550	514	513	804	49	512	230	580	578	1017	98	801	1028	756	926	837	1228	1360	796	844
3369	NDC80_ENSG00000080986_16317.4	426	58	477	399	71	427	254	425	575	1228	130	927	919	550	818	556	1585	805	802	1176
3370	NDC80_ENSG00000080986_16318.5	646	504	900	679	156	1080	436	928	1047	662	225	1388	1834	1405	1412	1195	1419	570	1270	1127
3371	NDC80_ENSG00000080986_16319.6	685	640	748	1154	135	370	586	514	1182	1802	399	1301	1106	382	817	508	1453	1629	878	1073
3372	NDUFAF5_ENSG00000101247_168286.1	791	392	820	396	97	748	392	755	1037	827	214	985	1448	1088	1394	1028	1463	1196	1261	1225
3373	NDUFAF5_ENSG00000101247_168287.2	1171	594	1348	967	304	1380	795	1198	1857	2517	443	1647	2312	1594	1722	1309	2204	1723	1567	1661
3374	NDUFAF5_ENSG00000101247_168289.4	1049	450	1267	913	171	1221	630	1173	1803	1595	308	1656	2505	1885	2104	1906	2903	590	2033	1941
3375	NDUFAF5_ENSG00000101247_168290.5	686	284	581	588	123	822	397	765	899	1887	179	934	1428	936	1011	963	1326	1091	1029	1058
3376	NEDD4L_ENSG00000049759_177861.1	1311	1024	1441	541	584	2571	1356	1685	1831	1802	791	1975	2873	2596	2358	1989	2507	1954	1989	1842
3377	NEDD4L_ENSG00000049759_177862.2	585	906	752	483	68	766	211	762	1410	4030	161	1088	1577	1362	1347	1224	1019	1179	1292	1298
3378	NEDD4L_ENSG00000049759_177863.3	455	390	422	178	133	646	352	513	683	232	227	599	1041	727	672	576	797	1069	690	639
3379	NEDD4L_ENSG00000049759_177864.4	422	344	558	149	184	637	539	559	821	284	343	816	1168	793	782	657	1150	592	666	847
3380	NEDD4L_ENSG00000049759_177865.5	1266	788	1268	910	552	1909	1326	1550	1623	4631	821	1744	2754	1972	1917	1587	2301	458	1580	1544
3381	NEDD4L_ENSG00000049759_177866.6	771	190	763	311	268	1199	681	815	631	300	383	954	1535	1228	1193	988	911	943	1131	975
3382	NEK6_ENSG00000119408_87051.1	1734	860	1594	1706	747	1830	1303	1674	2977	1787	1008	2306	2752	2126	2114	1668	2570	1668	2147	1911
3383	NEK6_ENSG00000119408_87052.2	1112	86	1239	683	858	2140	1492	1370	1514	1614	1007	1401	2387	1734	1450	1276	1336	1043	1475	1576
3384	NEK6_ENSG00000119408_87053.3	405	566	332	209	74	528	294	502	459	522	128	598	784	777	717	616	638	575	637	800
3385	NEK6_ENSG00000119408_87054.4	1509	847	1490	351	1161	2391	1915	1798	2598	1755	1433	1993	3212	2315	1784	1643	2459	2236	1583	1832
3386	NEK6_ENSG00000119408_87055.5	837	453	830	345	349	819	637	819	1331	2587	543	942	1422	973	997	1056	1604	672	955	890
3387	NEK6_ENSG00000119408_87056.6	1041	281	1009	85	445	1381	1082	1213	1394	1480	725	1546	2260	1638	1598	1336	1761	2072	1446	1510
3388	NEK9_ENSG00000119638_75649.1	1352	704	1426	1299	259	1448	747	1426	2142	3335	360	2141	2989	2412	2563	2214	1980	2611	2417	2117
3389	NEK9_ENSG00000119638_75650.2	277	445	393	353	36	311	95	278	239	524	84	377	576	499	500	384	1128	171	363	422
3390	NEK9_ENSG00000119638_75651.3	1349	1198	1451	867	348	2104	1016	1687	2624	1720	493	2438	3372	2300	2308	2036	2447	1973	2317	2191
3391	NEK9_ENSG00000119638_75652.4	1203	936	1428	1078	629	1902	1221	1455	1982	515	744	1677	2849	1929	1663	1427	1915	671	1690	1614
3392	NEK9_ENSG00000119638_75653.5	2251	1809	2246	1017	494	2466	1530	2413	2685	2530	913	2871	4293	3087	3426	2850	3582	3580	3137	2966
3393	NEK9_ENSG00000119638_75654.6	1522	797	1530	618	577	2255	1386	1794	2126	2535	903	2076	3004	2369	2220	1936	2181	1767	1961	1733
3394	NELFA_ENSG00000185049_154396.1	1992	504	1492	1866	425	1693	1031	1457	2352	3868	694	1968	2565	1866	1807	1535	2299	1404	1505	1854
3395	NELFA_ENSG00000185049_154397.2	1534	957	1555	1493	717	1867	1199	1491	2417	1658	811	2040	3101	2097	1966	1780	2538	1180	1788	1950
3396	NELFA_ENSG00000185049_154398.3	1272	1116	1393	162	1053	2178	1536	1407	1702	1368	1067	1632	2159	1772	1431	1173	2054	815	1450	1356
3397	NELFA_ENSG00000185049_154400.5	1342	579	1452	1077	1484	2306	1991	1706	1954	1825	1561	1853	2635	1828	1593	1330	1726	2013	1505	1861
3398	NELFA_ENSG00000185049_154401.6	1069	933	1065	925	236	1074	775	960	1730	2002	486	1393	1699	1260	1285	1098	2062	2077	1250	1300
3399	NELFB_ENSG00000188986_199156.1	1018	594	878	659	267	1136	698	894	1259	1343	419	1063	1620	1199	1321	1083	1557	678	1060	1133
3400	NELFB_ENSG00000188986_199157.2	1107	520	1247	643	563	1383	1039	1044	1975	1663	687	1602	2017	1365	1341	1270	1679	2148	1249	1453
3401	NELFB_ENSG00000188986_199158.3	416	322	430	166	137	431	237	428	684	1131	155	548	771	558	599	494	500	1653	523	569
3402	NELFB_ENSG00000188986_199159.4	821	725	864	318	163	704	295	700	753	616	242	1184	1533	968	1216	893	1801	1090	981	1083
3403	NELFB_ENSG00000188986_199160.5	1579	977	1530	579	808	1820	1452	1595	2258	1576	994	1937	2651	2041	2123	1695	2831	2294	1783	2060
3404	NELFCD_ENSG00000101158_138995.1	1097	880	1103	247	480	1836	1194	1382	1197	1419	711	1483	2369	1859	1591	1378	1413	974	1474	1511
3405	NELFCD_ENSG00000101158_138996.2	1022	383	1110	638	652	1724	878	1249	2021	866	615	1496	2244	1682	1421	1460	1385	190	1427	1535
3406	NELFCD_ENSG00000101158_138997.3	1103	619	1198	228	299	1358	721	1256	1900	1488	473	1580	2097	1744	1598	1438	2117	2682	1523	1408
3407	NELFCD_ENSG00000101158_138998.4	1290	402	1351	355	564	1777	1160	1481	2149	2174	779	1472	2453	1876	1752	1612	4425	1812	1509	1723
3408	NELFCD_ENSG00000101158_139000.6	1184	877	1349	1018	648	2190	1324	1568	2151	1523	837	1706	2526	1926	1772	1519	1442	512	1541	1592
3409	NELFE_ENSG00000204356_145822.1	664	659	776	529	51	775	220	863	1062	2263	104	1317	1685	1268	1563	1371	2277	2649	1598	1097
3410	NELFE_ENSG00000204356_145823.2	1580	558	1691	735	532	2030	1175	1735	2348	2403	688	2270	3285	2609	2207	1985	2744	1530	2099	2173
3411	NELFE_ENSG00000204356_145824.3	786	530	828	598	156	623	444	759	1285	289	275	959	1330	881	1113	821	2054	1439	960	993
3412	NELFE_ENSG00000204356_145825.4	918	288	918	567	238	731	560	782	1104	1682	384	1153	1410	702	1003	734	1269	770	946	1001
3413	NELFE_ENSG00000204356_145826.5	630	472	561	351	205	535	430	523	1064	1728	237	758	1117	679	812	653	1219	878	674	688
3414	NELFE_ENSG00000204356_145827.6	1030	635	820	685	195	949	653	946	1703	1845	455	1198	1565	1242	1403	1104	1910	2635	1147	1206
3415	NFE2_ENSG00000123405_84868.1	1730	1206	1803	660	389	1924	991	1756	2409	1566	670	2453	3362	2627	2522	2383	3588	2198	2350	2407
3416	NFE2_ENSG00000123405_84869.2	482	391	498	364	151	526	480	411	875	1054	261	605	948	467	619	440	695	415	541	639
3417	NFE2_ENSG00000123405_84870.3	688	336	742	615	237	1063	656	748	1341	1318	348	1038	1516	1104	939	806	2261	491	891	991
3418	NFE2_ENSG00000123405_84871.4	762	790	841	428	227	1076	773	870	1576	1012	504	1322	1529	986	1148	789	1907	279	915	1158
3419	NFE2_ENSG00000123405_84872.5	2321	2971	2369	1654	1097	3125	2327	2608	5567	2651	1559	3458	4060	2922	3087	2468	5238	2901	2649	3089
3420	NFE2_ENSG00000123405_84873.6	1001	1541	1187	803	458	1536	827	1258	1974	768	554	1688	2324	1688	1481	1353	3208	1155	1505	1434
3421	NFRKB_ENSG00000170322_181375.1	985	199	960	501	268	1291	598	973	1718	2079	416	1213	1820	1389	1500	1192	1391	1298	1411	1233
3422	NFRKB_ENSG00000170322_181376.2	966	655	877	160	326	1008	592	971	1469	1424	443	1017	1628	1289	1157	1061	1170	1480	1258	1071
3423	NFRKB_ENSG00000170322_181378.4	1193	385	1483	967	563	1661	1112	1520	1216	1920	723	1622	2638	1599	1853	1542	1714	1796	1737	1337
3424	NFRKB_ENSG00000170322_181379.5	1154	973	1248	1194	413	1742	869	1381	1834	944	540	1602	2614	1935	1776	1597	1957	1405	1671	1611
3425	NFRKB_ENSG00000170322_181380.6	660	602	662	958	113	790	301	655	1019	1233	190	968	1388	886	1047	935	819	1032	962	816
3426	NFYA_ENSG00000001167_161121.1	324	182	256	220	129	226	259	304	794	403	167	431	641	471	362	406	802	619	372	473
3427	NFYA_ENSG00000001167_161122.2	184	90	217	193	133	335	348	317	417	298	175	357	418	338	263	271	432	761	308	335
3428	NFYA_ENSG00000001167_161123.3	735	162	651	214	357	593	630	472	718	2289	391	765	1076	560	710	526	772	966	678	867
3429	NFYA_ENSG00000001167_161124.4	1138	837	1046	972	491	1434	1267	1306	2144	1518	670	1778	2187	1417	1415	1243	2045	1724	1409	1645
3430	NFYA_ENSG00000001167_161125.5	1332	459	1508	573	519	1577	1015	1231	3555	1214	747	1693	2275	1727	1790	1553	1400	3251	1489	1325
3431	NFYA_ENSG00000001167_161126.6	1523	480	1486	779	948	1553	1534	1506	1694	2541	1204	1959	2513	1480	1726	1427	2794	1857	1611	1925
3432	NFYB_ENSG00000120837_64188.1	1431	841	1675	954	302	2046	970	1707	2037	2213	463	2439	3487	2825	2354	2195	1657	2454	2416	2395
3433	NFYB_ENSG00000120837_64189.2	681	643	667	439	94	271	405	423	1088	2684	205	1161	977	400	910	512	2207	2896	995	1304
3434	NFYB_ENSG00000120837_64190.3	858	361	813	815	214	677	513	858	1676	1266	307	1287	1392	1092	1195	866	1117	267	972	1255
3435	NFYB_ENSG00000120837_64191.4	1005	796	913	466	301	1743	901	1153	1481	3248	501	1505	2359	1718	1482	1395	1301	1405	1480	1537
3436	NFYB_ENSG00000120837_64192.5	1122	463	1455	1134	395	1828	936	1571	1751	4555	524	2282	2730	2011	1895	1744	1902	656	1870	2092
3437	NFYB_ENSG00000120837_64193.6	946	489	1011	943	224	771	627	911	1785	3104	379	1825	1466	894	1267	986	2076	4161	1215	1506
3438	NFYC_ENSG00000066136_57496.1	1653	1606	1934	1559	652	2387	1760	1938	3421	3048	987	2627	3227	2490	2315	1905	5215	1184	2147	2310
3439	NFYC_ENSG00000066136_57497.2	748	516	662	946	154	305	406	503	787	3943	264	1143	685	348	768	496	1279	1641	823	1000
3440	NFYC_ENSG00000066136_57498.3	1740	1149	1572	904	522	464	1425	1103	2970	1549	1012	2643	1648	572	1843	898	3257	2950	1910	2485
3441	NFYC_ENSG00000066136_57499.4	1356	971	1467	585	246	1223	558	1193	1176	2693	425	1531	2317	1869	1810	1622	2118	1408	1672	1599
3442	NFYC_ENSG00000066136_57500.5	711	435	730	823	115	365	375	633	1192	1346	200	1339	1098	627	1019	714	2691	966	1048	1147
3443	NFYC_ENSG00000066136_57501.6	885	422	652	667	176	444	658	594	1288	1307	427	1370	1080	571	1065	600	1987	2416	1037	1272
3444	NNMT_ENSG00000166741_145345.1	629	343	658	486	63	618	308	652	1004	577	241	1010	1387	981	929	937	1378	1115	867	1117
3445	NNMT_ENSG00000166741_145346.2	1966	1784	1894	923	1440	2843	2189	2222	2722	2202	1513	2523	4213	2859	2634	2298	2931	1437	2542	2593
3446	NNMT_ENSG00000166741_145347.3	1066	99	990	725	198	1182	491	1040	1360	2833	324	1154	1864	1394	1489	1337	1110	723	1442	1254
3447	NNMT_ENSG00000166741_145348.4	524	42	634	402	278	652	536	576	920	1657	296	615	784	748	683	663	541	408	712	802
3448	NNMT_ENSG00000166741_145349.5	904	574	1017	500	488	1540	938	1223	1651	1393	701	1486	2101	1801	1246	1274	1035	2211	1219	1285
3449	NNMT_ENSG00000166741_145350.6	1800	904	1953	1036	1102	2795	2044	2171	2185	4275	1443	2663	3787	2518	2485	2101	2670	1824	2181	2411
3450	NOC2L_ENSG00000188976_140802.1	838	224	950	1485	104	365	410	645	832	1547	267	1396	916	536	1012	877	1588	1921	1100	1016
3451	NOC2L_ENSG00000188976_140803.2	1176	1417	1249	1409	26	661	255	765	898	5355	108	1739	1608	1322	2223	1989	2819	2426	2140	1752
3452	NOC2L_ENSG00000188976_140804.3	1672	553	1709	1284	452	1418	1147	1434	2314	1979	841	2316	2870	1644	1867	1543	3058	1101	1769	2041
3453	NOC2L_ENSG00000188976_140805.4	709	879	716	680	334	658	783	709	2331	1838	595	1103	1035	607	956	699	1806	1470	907	1065
3454	NOC2L_ENSG00000188976_140807.6	347	284	417	78	20	298	100	300	567	1309	47	535	600	530	579	544	848	415	631	533
3455	none_0None_211306.7	1926	1378	2368	802	1815	3786	2733	2455	2543	2291	2204	2783	4467	3102	2531	2557	2949	1293	2470	2396
3456	none_0None_211334.4	722	419	702	763	338	1196	650	811	1422	628	477	1121	1408	1336	925	979	1271	276	975	1040
3457	none_0None_211338.4	1181	741	1163	416	277	1609	858	1340	1636	784	451	1778	2422	1813	1871	1608	2097	1657	1800	1741
3458	none_0None_211377.8	1217	770	1343	1223	528	1723	1108	1645	2395	2028	753	1968	2830	2086	1887	1641	2320	1814	1789	1693
3459	none_0None_211425.1	646	644	470	574	77	547	163	500	573	1007	95	693	1147	1109	873	840	1008	822	819	759
3460	none_0None_211435.1	877	388	879	507	277	1318	655	952	1164	1239	352	1428	1701	1579	1312	1134	1074	1364	1222	1411
3461	none_0None_211502.2	402	284	450	491	240	637	430	463	645	310	256	487	816	679	582	475	94	1475	623	448
3462	none_0None_211514.2	1363	667	1389	465	1296	2388	1986	1743	1873	819	1384	1883	2990	2434	1799	1692	898	521	1661	1882
3463	none_0None_211517.2	1209	509	1436	783	537	1776	1006	1430	1335	1595	680	1525	2573	2033	1627	1669	1430	1388	1708	1479
3464	none_0None_211575.3	1475	914	1541	1182	752	2315	1348	1748	1851	1610	911	2188	2984	2470	2264	2123	2272	2727	1932	2160
3465	none_0None_211601.3	957	299	964	345	876	2006	1467	1212	1113	2392	1140	1130	2024	1459	1075	1017	1302	314	1041	1136
3466	none_0None_211606.3	1377	546	1555	1007	577	2194	1358	1651	2306	1273	832	1835	2962	2312	1974	1777	2278	901	1742	1966
3467	none_0None_211698.4	356	220	302	66	43	307	125	262	116	1067	67	356	410	408	453	368	217	219	381	435
3468	none_0None_211750.5	1000	1088	1100	576	297	1320	852	1193	1650	1755	522	1449	1881	1705	1363	1210	1816	880	1333	1483
3469	none_0None_211840.5	1629	672	1844	1564	1275	3127	2056	2304	2587	1342	1646	2184	3434	2860	2217	2261	2078	2449	2064	2123
3470	none_0None_211890.6	1376	810	1556	816	866	2397	1542	1672	1915	1188	1103	1773	3157	2320	1897	1805	1715	1442	1796	2022
3471	none_0None_211912.6	2481	1552	2779	1114	1965	4093	3040	2882	2847	3687	2370	3182	4659	3753	2987	2915	3238	1432	2635	3012
3472	none_0None_211916.6	1332	1112	1580	503	986	2754	1918	1820	1992	1249	1337	2013	3048	2452	2036	1766	2265	1374	1806	1748
3473	none_0None_212069.8	224	91	192	86	180	435	193	297	386	30	167	332	429	328	284	275	330	281	320	246
3474	none_0None_212097.8	876	1073	1081	839	663	1625	1040	1316	1581	1290	745	1394	2497	2041	1390	1388	1223	573	1326	1575
3475	none_0None_212161.9	1048	401	1020	395	408	1558	809	1234	1302	1446	549	1433	2316	1753	1387	1205	1378	1200	1342	1530
3476	none_0None_212202.9	1289	311	1355	1078	723	1908	1257	1531	2271	2593	873	1966	3072	2179	1902	1575	1921	1606	1553	1735
3477	none_0None_212237.9	746	506	711	484	110	1024	321	763	1035	1020	197	1120	1638	1318	1316	1185	1412	381	1201	1150
3478	none_0None_212268	1265	849	1477	947	1037	2157	1618	1565	1615	1348	1112	1591	2556	2022	1767	1419	1205	1404	1592	1791
3479	none_0None_212357.1	1134	651	1167	423	1142	2362	1695	1718	1961	1584	1241	1616	2606	2058	1729	1616	1586	1897	1588	1729
3480	none_0None_212388.1	601	83	749	661	469	1192	710	887	703	1407	418	929	1452	1253	948	921	1443	1221	871	888
3481	none_0None_212403.1	1646	1181	1501	1262	1146	2346	1796	2131	1988	1833	1104	1913	3188	2455	2085	1872	1798	1448	1905	2313
3482	none_0None_212414.1	2114	553	2429	1154	1608	3787	2583	2645	3528	3543	1690	2954	4541	3577	2956	2819	2763	632	2704	2786
3483	none_0None_212421.1	629	377	765	573	127	669	318	627	646	1786	165	983	1415	1087	1288	1103	1211	1595	1145	980
3484	none_0None_212450.1	2099	1140	2271	1084	1216	3528	2385	2414	3212	4027	1705	2744	4242	3230	2690	2475	2900	2096	2474	2431
3485	none_0None_212549.1	868	269	830	376	1292	1510	1691	1357	916	1724	1161	1071	2008	1369	1094	947	1229	901	1001	1036
3486	none_0None_212593.1	487	97	469	376	156	972	316	740	912	813	240	807	1165	827	833	721	429	427	748	836
3487	none_0None_212696.1	763	156	799	415	1070	1519	1147	1244	1745	818	780	1204	1639	1351	1032	985	1461	201	951	964
3488	none_0None_212725.1	1110	393	1202	544	1136	2036	1662	1561	2088	1188	1258	1522	2691	2133	1411	1448	1466	2166	1502	1572
3489	none_0None_212753.1	1432	989	1437	666	1544	2330	2070	1994	2118	1029	1497	1675	3379	2618	1914	1766	1972	511	1752	1978
3490	none_0None_212755.1	508	642	598	407	358	865	544	802	745	486	414	865	1209	941	776	800	781	519	718	966
3491	none_0None_212789.1	358	241	451	91	235	748	406	453	457	1072	276	616	945	586	600	576	909	627	558	533
3492	none_0None_212806.2	702	184	820	666	222	1138	587	897	1165	1022	346	1105	1539	1220	1182	1013	975	720	1053	1149
3493	none_0None_212810.2	1350	420	1671	749	1254	2473	1987	1789	1944	1339	1473	1642	2912	2034	1877	1758	1075	2802	1630	1840
3494	none_0None_212870.2	394	84	373	201	77	589	240	498	432	378	191	614	878	635	659	540	600	115	587	486
3495	none_0None_212943.2	761	745	820	101	210	1032	652	784	1380	240	412	1074	1775	1420	1142	1097	1406	1343	1114	1244
3496	none_0None_213003.2	1956	1186	1790	979	1528	2881	2236	2200	2897	2766	1819	2466	3708	2879	2156	2013	1711	1301	2103	2158
3497	none_0None_213021.2	884	739	909	771	650	1669	1027	1273	938	1464	704	1406	1970	1467	1168	1066	1033	2257	1114	1347
3498	none_0None_213107.2	615	401	568	252	334	881	547	625	603	865	406	615	1005	793	650	644	448	410	669	700
3499	none_0None_213151.2	1455	2100	1361	561	589	2118	1277	1693	1514	2070	679	1695	3032	2478	2084	1770	1693	2657	1700	1789
3500	none_0None_213159.2	1306	849	1448	1132	1651	2833	2084	1833	2642	942	1513	1764	2998	2347	1790	1663	2342	3413	1531	1805
3501	none_0None_213180.2	632	453	633	448	125	708	316	762	901	1591	224	900	1220	1068	955	1020	1185	1062	959	1051
3502	none_0None_213201.2	478	462	538	556	148	645	273	451	891	1288	162	767	1083	702	806	692	747	558	681	666
3503	none_0None_213222.2	1611	711	1604	880	1040	2539	1827	1609	1769	1182	1342	1759	2791	2323	1677	1464	2202	1429	1549	1672
3504	none_0None_213301.2	303	186	247	90	166	396	293	322	210	256	175	459	424	388	366	334	294	778	354	392
3505	none_0None_213344.2	611	688	694	117	94	694	304	679	661	1198	147	1021	1128	1062	1073	1021	1381	462	998	911
3506	none_0None_213393.2	2988	2017	3314	1690	5246	6665	5885	4044	4105	2624	4267	4074	6814	5147	3618	3664	3614	3486	3583	3939
3507	none_0None_213447.2	1663	162	1591	1554	1121	2769	1695	1772	2156	1573	1154	2409	3399	2630	2076	1861	2357	1519	1894	2114
3508	none_0None_213455.2	676	482	763	393	753	1298	996	843	945	1213	675	846	1815	1326	1032	899	1043	692	889	1089
3509	none_0None_213483.2	679	197	669	315	344	957	642	937	622	721	490	910	1447	998	964	778	1268	372	788	824
3510	none_0None_213508.2	234	562	299	255	38	348	123	265	147	477	91	360	390	317	306	275	299	448	296	252
3511	none_0None_213555.2	879	180	905	679	598	1337	1184	940	836	1614	650	1237	1892	1226	1032	990	1271	677	927	1081
3512	none_0None_213558.2	1395	940	1667	540	1509	2503	2047	1752	1981	1747	1307	1930	3221	2267	1978	1685	1219	1647	1801	1575
3513	none_0None_213562.2	1099	312	1381	538	1476	2331	1766	1413	1566	770	1467	1211	2679	1806	1515	1359	1933	251	1571	1545
3514	none_0None_213607.2	376	230	416	230	77	417	160	399	526	785	101	423	743	467	482	473	360	388	525	450
3515	none_0None_213632.2	415	110	551	488	88	564	259	488	491	774	143	770	918	676	755	679	670	248	718	584
3516	none_0None_213672.2	1252	832	1402	578	552	1894	1140	1514	1833	1894	770	1722	2328	1902	1603	1516	1100	2109	1495	1604
3517	none_0None_213844.3	1518	1236	1678	338	1177	1982	1513	1666	1871	3105	1105	1810	3251	2248	1984	1595	2253	622	1859	1769
3518	none_0None_213850.3	3042	1565	3484	1844	2942	5126	4390	3848	4263	2883	3241	3795	6156	4521	3545	3472	3143	2959	3389	4024
3519	none_0None_213939.3	802	290	935	294	122	984	378	803	1251	2061	236	1185	1597	1300	1382	1263	1098	673	1216	1075
3520	none_0None_213958.3	930	570	905	391	667	1560	959	1126	1257	745	822	1129	2133	1434	1163	1143	927	649	985	1101
3521	none_0None_213965.3	1381	749	1511	517	954	2432	1562	1765	1725	1373	1122	1713	2583	2242	1809	1848	2480	1453	1726	1618
3522	none_0None_213976.3	2350	1368	2280	1389	1993	4095	3168	2749	2425	4514	2408	2679	4700	3866	2903	2494	2624	2364	2628	2444
3523	none_0None_214001.3	2406	902	2493	1512	2036	4563	3093	3253	3435	2762	2134	3136	4781	3819	3244	2944	2226	1909	2887	3188
3524	none_0None_214025.3	1192	1531	1231	527	302	1356	626	1212	1157	1320	444	1627	2419	1965	1850	1692	2217	3632	1665	1665
3525	none_0None_214029.3	1039	899	1148	556	1552	2078	1828	1385	1401	1120	1457	1510	2441	1621	1350	1414	1388	1300	1204	1404
3526	none_0None_214035.3	1437	443	1408	950	1252	2749	1921	1843	2242	2186	1468	1937	2865	2339	1908	1629	1033	2454	1899	1819
3527	none_0None_214041.3	816	142	732	300	467	1269	797	964	1162	357	644	1047	1709	1368	1152	1028	1474	994	1070	1244
3528	none_0None_214198.3	1379	881	1443	816	264	1439	595	1432	1575	2351	435	1846	2438	2249	2007	1650	2474	1144	1777	1839
3529	none_0None_214234.3	553	431	616	432	234	702	406	553	874	1117	299	623	1352	799	846	790	853	293	755	845
3530	none_0None_214241.3	402	373	442	158	178	602	300	461	555	254	208	492	868	571	521	458	334	500	437	665
3531	none_0None_214284.3	676	694	646	875	422	1176	660	1006	717	766	427	1058	1506	1460	1050	1050	927	335	951	928
3532	none_0None_214326.3	934	543	846	368	832	1589	1231	1236	1064	983	810	1393	1952	1579	1318	1150	1608	413	1157	1213
3533	none_0None_214418.3	534	477	666	441	259	1035	497	891	918	1156	347	1058	1237	1353	1085	1015	1662	548	1010	963
3534	none_0None_214451.3	351	41	296	1024	354	594	491	521	494	139	418	403	652	557	463	466	423	1145	374	442
3535	none_0None_214465.3	362	76	367	276	155	455	286	450	486	6	204	354	757	631	515	481	510	572	564	510
3536	none_0None_214548.3	573	427	667	405	172	741	379	633	1144	839	255	844	1172	900	766	773	808	175	771	782
3537	none_0None_214583.3	667	291	829	373	469	1269	806	946	897	577	532	996	1682	1258	1128	1026	749	732	1050	941
3538	none_0None_214592.3	883	542	934	996	209	1002	460	847	853	494	300	1058	1690	1331	1327	1061	1943	1083	1138	1164
3539	none_0None_214601.3	667	447	680	648	301	952	521	676	1139	1099	386	916	1120	873	838	744	608	466	786	791
3540	none_0None_214603.3	852	203	793	352	833	1372	1013	1084	1139	1810	743	1206	1674	1334	1030	831	1014	1109	970	949
3541	none_0None_214629.3	801	904	852	763	310	1271	786	971	949	1149	523	1158	1536	1212	1097	990	1970	534	1046	1101
3542	none_0None_214685.3	959	323	810	451	450	1632	932	1115	1453	1707	667	1304	2171	1676	1325	1254	1065	1675	1307	1202
3543	none_0None_214722.3	1327	801	1558	1373	218	1293	537	1274	1659	1910	345	1737	2449	2013	1890	1813	2008	1949	1792	1796
3544	none_0None_214788.3	1373	603	1368	490	394	1832	848	1346	1445	3205	507	1782	2544	1791	1627	1456	1880	1010	1632	1549
3545	none_0None_214811.4	185	191	194	102	8	164	74	179	254	1070	35	282	329	228	288	267	161	116	305	298
3546	none_0None_214956.4	855	360	820	1014	102	733	242	730	787	743	159	1174	1527	1359	1561	1406	1457	1613	1438	1162
3547	none_0None_215008.4	4072	2663	4246	1688	4219	7262	5521	5287	5160	5880	4260	4838	7939	6217	4627	4271	3699	3381	4676	5269
3548	none_0None_215019.4	786	807	937	303	508	1508	1069	1110	1322	1044	724	1097	1755	1494	1262	1156	719	2519	1113	1273
3549	none_0None_215055.4	1144	524	1248	787	647	1842	1092	1347	1322	1879	747	1598	2200	1823	1622	1453	1174	636	1426	1432
3550	none_0None_215080.4	1321	1038	1434	1185	494	2063	920	1638	1942	1013	647	1811	2787	2028	1982	1668	2134	2255	1789	1617
3551	none_0None_215096.4	1687	786	1725	692	1455	2861	2396	1908	2458	3276	1479	1837	3196	2254	1929	1831	1988	746	1773	1916
3552	none_0None_215102.4	1772	498	1934	1043	1635	3497	2268	2272	2216	3909	1736	2366	3748	2697	2094	1987	2385	3184	2190	2131
3553	none_0None_215120.4	484	409	457	419	364	912	543	673	735	553	396	697	1223	892	715	631	780	845	700	573
3554	none_0None_215133.4	382	108	391	797	282	479	267	431	491	1037	246	484	761	509	456	391	280	316	384	546
3555	none_0None_215169.4	1808	1205	2142	1359	1037	3176	1774	2148	2395	2991	1442	2592	4468	3235	2621	2365	2878	2353	2178	2577
3556	none_0None_215182.4	451	159	463	156	416	918	676	635	763	438	432	636	1036	876	689	705	1005	1079	652	784
3557	none_0None_215214.4	930	286	873	738	527	1393	814	809	931	1915	632	951	1568	1200	1013	942	825	1464	967	1039
3558	none_0None_215297.4	1626	388	1715	851	1164	2714	1817	1953	1699	3726	1427	1883	3257	2876	2019	1862	1937	558	2000	1966
3559	none_0None_215336.4	996	389	856	321	456	1318	1060	957	1204	2792	590	1028	1997	1460	1290	1128	1570	1254	1066	1183
3560	none_0None_215339.4	498	141	584	1	177	906	419	635	1022	892	239	837	1000	873	824	704	612	232	703	742
3561	none_0None_215465.4	1856	1168	2177	1346	854	3401	1885	2643	2689	2170	1239	2754	4354	3231	2837	2616	2972	1623	2714	2557
3562	none_0None_215473.4	904	474	884	381	512	1446	982	1017	868	1148	689	1195	1685	1317	1044	1063	604	1282	978	1145
3563	none_0None_215486.4	789	829	842	712	135	1061	354	938	795	2539	207	1369	1978	1483	1567	1379	1553	1347	1369	1251
3564	none_0None_215525.4	2810	749	2742	932	2844	4868	4026	3343	3408	3357	2898	3452	5507	4105	3486	3063	3142	3307	3293	3301
3565	none_0None_215556.4	1461	733	1739	921	808	2218	1557	1831	1676	1965	937	1978	3042	2266	2085	1979	2180	1913	1769	2020
3566	none_0None_215620.4	916	384	966	283	427	1303	818	1145	1512	1145	477	1205	1962	1509	1309	1107	1896	864	1275	1297
3567	none_0None_215659.4	872	245	982	604	671	1571	1118	1152	1057	830	750	1114	1763	1320	1097	1023	576	220	1155	1217
3568	none_0None_215694.4	1406	1386	1538	708	1265	2994	2035	2042	2418	1009	1499	1816	3250	2276	1800	1669	1871	1170	1826	1553
3569	none_0None_215735.4	1131	505	1240	981	382	1503	774	1331	1536	1489	504	1645	2521	1906	1994	1507	1447	777	1587	1536
3570	none_0None_215824.5	494	373	532	334	42	598	234	527	814	905	100	857	1094	1014	1018	846	635	1222	906	862
3571	none_0None_215847.5	1376	758	1359	682	659	2087	1358	1763	1415	961	852	2026	2902	2017	1794	1843	1314	1669	1650	1773
3572	none_0None_215853.5	1439	1079	1226	1109	1085	2162	1563	1482	1804	2014	1197	1455	2510	1868	1574	1425	1855	1790	1501	1532
3573	none_0None_215867.5	1189	562	1176	439	1320	2378	1858	1394	1512	1784	1231	1440	2628	1528	1470	1449	1868	813	1438	1528
3574	none_0None_215924.5	1373	1122	1557	978	764	1922	1403	1640	1550	2039	913	1834	2515	2120	2002	1829	1680	1389	1915	1969
3575	none_0None_215925.5	1068	524	1256	1012	626	1515	1153	1222	2020	2185	841	1394	2017	1646	1314	1211	1652	297	1245	1382
3576	none_0None_215978.5	568	477	599	128	543	920	780	655	545	546	579	667	1096	927	670	669	925	936	596	594
3577	none_0None_216071.5	1169	730	1109	451	564	1633	1034	1442	1394	1996	695	1682	2556	1762	1501	1525	1804	711	1456	1647
3578	none_0None_216107.5	866	587	959	75	704	1535	1090	1165	1118	1340	736	1193	1841	1317	1094	1035	1258	495	1070	1083
3579	none_0None_216230.5	561	77	525	298	482	1227	807	643	598	714	667	709	1006	886	642	701	739	235	592	580
3580	none_0None_216238.5	1324	759	1462	910	528	2068	1036	1584	1931	1568	582	1945	2893	2413	2204	2143	2461	1220	1915	2128
3581	none_0None_216310.5	1317	367	1332	481	1318	2359	1787	1670	1854	898	1461	1626	2373	1890	1631	1357	2256	1283	1429	1667
3582	none_0None_216332.5	1870	1464	2123	863	1502	3835	3023	2655	3202	2403	2133	2686	4554	3182	2449	2410	2945	1314	2449	2547
3583	none_0None_216341.5	330	259	307	180	179	447	331	355	292	1053	178	336	535	462	418	352	308	52	404	394
3584	none_0None_216394.5	1285	370	1224	1194	772	1971	1328	1766	1469	1711	954	1833	3199	2121	1883	1788	1585	1760	2048	1741
3585	none_0None_216411.5	1741	1396	1892	1771	960	2760	1694	2079	2646	2737	1014	2736	3891	2950	2615	2325	2482	2160	2342	2461
3586	none_0None_216420.5	441	98	515	549	156	733	219	521	436	801	181	710	961	798	686	709	240	256	672	667
3587	none_0None_216478.5	478	169	464	368	173	762	460	555	506	1508	276	545	931	787	716	663	632	226	645	652
3588	none_0None_216487.5	886	244	922	359	292	1244	647	1137	1439	1201	453	1404	1950	1512	1400	1123	1489	1028	1179	1252
3589	none_0None_216490.5	1263	892	1322	658	897	2093	1336	1359	1339	1900	888	1566	2621	1708	1408	1383	1495	513	1293	1504
3590	none_0None_216604.5	788	434	1068	720	813	1479	1052	1173	1553	2030	768	1544	2067	1587	1226	1190	1273	621	1190	1192
3591	none_0None_216605.5	1135	650	1108	488	1121	2172	1827	1520	2229	4467	1385	1607	2301	2066	1550	1401	2064	2080	1395	1551
3592	none_0None_216614.5	276	117	318	215	46	376	199	371	272	726	89	431	748	604	624	502	770	35	607	471
3593	none_0None_216618.5	1804	936	2141	860	1192	3346	2169	2263	2367	2446	1440	2676	4877	3381	2708	2530	2658	3053	2257	2522
3594	none_0None_216620.5	2537	2006	2562	1880	1205	3826	2462	2896	3501	4778	1679	3432	5318	4061	3373	2900	2640	2485	3077	3412
3595	none_0None_216697.5	631	196	657	352	418	936	575	695	1017	813	411	797	1380	953	824	642	943	278	746	644
3596	none_0None_216713.5	1371	1072	1311	657	593	1997	1301	1673	1972	1480	787	2100	2934	2474	2021	1946	2779	1505	1963	2496
3597	none_0None_216754.5	1007	683	1080	547	212	1119	519	926	1720	1118	402	1039	1567	1467	1306	1201	884	326	1186	1194
3598	none_0None_216780.5	1084	340	889	364	725	1673	1153	1248	1789	468	778	1460	2034	1626	1262	1122	795	1038	1130	1061
3599	none_0None_216803.6	1895	873	1810	757	1900	3436	2675	2295	2661	3651	1776	2528	4227	3053	2614	2378	1834	1087	2269	2541
3600	none_0None_216824.6	1997	466	2080	1132	1189	3611	2089	2469	2300	2325	1363	2700	4078	3173	2703	2464	3577	1544	2645	2667
3601	none_0None_216860.6	2991	1117	3212	1836	3340	5140	4449	3447	3126	5227	3157	3654	6117	4707	3580	3136	3543	1552	3234	4176
3602	none_0None_216866.6	1756	940	1694	1053	1104	2367	1705	1824	2096	757	1387	1854	3222	2463	2117	1877	2013	2980	2012	2131
3603	none_0None_216911.6	1703	809	1827	1323	797	2656	1603	2042	1972	2177	995	2450	3931	2748	2495	2264	1845	2565	2323	2543
3604	none_0None_216914.6	1298	601	1477	1301	991	2289	1935	1594	1885	1361	1328	1706	2540	2094	1659	1436	924	859	1516	1836
3605	none_0None_216917.6	537	168	549	130	188	702	469	625	957	2022	253	719	1009	838	796	675	789	255	771	634
3606	none_0None_216942.6	1252	1130	1182	869	225	1472	584	1459	1253	1356	316	1805	2483	2037	1841	1687	2415	2209	1817	1808
3607	NONO_ENSG00000147140_104127.1	222	562	249	111	78	344	190	273	504	458	99	353	569	375	390	284	453	573	336	399
3608	NONO_ENSG00000147140_104128.2	440	84	471	390	87	564	208	459	788	555	151	678	1123	716	748	631	1038	481	731	787
3609	NONO_ENSG00000147140_104129.3	1111	791	1060	1062	465	1690	1071	1264	1659	1753	694	1888	2355	1732	1475	1315	2197	1153	1401	1691
3610	NONO_ENSG00000147140_104130.4	1135	970	1027	658	759	1692	996	1246	1783	2556	728	1635	2282	1565	1558	1243	1964	2535	1378	1565
3611	NONO_ENSG00000147140_104131.5	1208	547	1242	967	747	1821	1314	1433	1665	1209	848	1776	2368	1585	1577	1261	2034	2834	1536	1831
3612	NR0B2_ENSG00000131910_93081.1	326	331	301	172	35	114	95	236	341	811	37	429	462	234	360	330	1313	557	343	396
3613	NR0B2_ENSG00000131910_93082.2	1609	1135	1643	1223	560	1877	1380	1788	2652	3259	971	2227	2796	1733	2139	1607	4387	1960	1795	2180
3614	NR0B2_ENSG00000131910_93083.3	370	117	338	92	45	383	243	414	401	1155	105	716	685	641	638	515	541	1171	503	527
3615	NR0B2_ENSG00000131910_93084.4	786	1040	784	696	375	846	749	766	1117	798	504	1005	1609	932	1021	861	1421	1753	859	901
3616	NR0B2_ENSG00000131910_93085.5	534	424	500	379	38	378	175	452	1025	1761	85	760	1020	736	996	793	1364	1178	848	853
3617	NR0B2_ENSG00000131910_93086.6	753	977	738	517	300	1149	584	922	1612	2016	433	914	1393	1103	905	855	1455	1396	916	1018
3618	NR2C1_ENSG00000120798_87611.1	660	849	726	751	88	787	402	749	957	1810	168	1285	1333	1020	969	906	1972	1032	1034	1103
3619	NR2C1_ENSG00000120798_87612.2	2008	711	1785	1150	1113	2691	1941	2095	3347	2137	1442	2545	3722	2260	2387	2063	2650	329	2358	2487
3620	NR2C1_ENSG00000120798_87613.3	2363	1396	2315	1289	1134	3673	2386	2578	4051	3853	1343	3215	4782	3404	3529	3043	5299	4745	3303	3278
3621	NR2C1_ENSG00000120798_87614.4	670	545	843	457	349	1021	773	835	1445	1046	483	884	1776	1150	1063	894	1119	2199	952	1058
3622	NR2C1_ENSG00000120798_87615.5	1380	1274	1276	755	675	2043	1404	1834	2861	2479	876	2132	3201	2543	2077	2050	1556	2342	1923	1921
3623	NR2C1_ENSG00000120798_87616.6	2607	1092	2298	1786	1228	4050	2499	3308	3380	7296	1539	3488	5418	4326	3581	3210	3672	3374	3391	3491
3624	NSD1_ENSG00000165671_108081.1	793	478	794	653	512	867	945	829	1229	1317	604	1094	1467	911	1105	829	1953	1374	902	976
3625	NSD1_ENSG00000165671_108083.3	1121	737	1015	597	244	1278	701	1030	1237	358	553	1556	1907	1506	1299	1197	1859	1964	1335	1421
3626	NSD1_ENSG00000165671_108085.5	1271	188	1223	781	1557	2297	1981	1831	1418	1085	1308	1829	2659	2213	1661	1627	2159	1608	1574	1591
3627	NSD1_ENSG00000165671_108086.6	1404	858	1397	913	395	1482	981	1473	2402	2952	554	1995	2577	1597	2077	1694	3032	2673	1822	2089
3628	NSL1_ENSG00000117697_55518.1	945	885	1007	646	416	1058	957	898	1563	1372	664	1192	2235	1061	1230	972	1500	1812	1137	1261
3629	NSL1_ENSG00000117697_55519.2	520	229	642	474	147	707	294	584	721	1258	179	817	862	943	827	733	1939	978	764	584
3630	NSL1_ENSG00000117697_55521.4	878	616	824	639	102	834	421	807	1264	1199	254	1351	1494	1159	1397	1113	2075	1872	1456	1502
3631	NSL1_ENSG00000117697_55522.5	367	168	398	263	83	440	299	481	705	2336	211	452	683	483	586	544	1217	1051	637	661
3632	NSL1_ENSG00000117697_55523.6	347	78	400	125	57	451	237	368	600	1564	115	596	724	497	571	435	799	262	582	636
3633	NSMCE2_ENSG00000156831_24110.1	1281	172	1160	485	416	1196	912	1091	1425	2331	577	1877	1859	1133	1709	1295	2967	1129	1340	1711
3634	NSMCE2_ENSG00000156831_24111.2	1260	574	1411	807	124	900	433	887	1564	3308	237	1737	1761	1462	1901	1360	1836	1932	1659	2003
3635	NSMCE2_ENSG00000156831_24112.3	504	413	491	441	134	421	300	437	494	971	207	1106	879	527	658	523	359	533	638	704
3636	NSMCE2_ENSG00000156831_24113.4	1491	614	1547	1011	729	2395	1430	1821	1790	2852	813	2184	3361	2373	2270	1891	2655	1572	2098	1968
3637	NSMCE2_ENSG00000156831_24114.5	884	353	740	130	410	1165	850	982	606	1898	553	939	2107	1473	1097	1099	835	596	1091	1151
3638	NSMCE2_ENSG00000156831_24115.6	743	753	901	197	524	1118	772	949	1257	1299	441	1500	1803	1237	1027	996	489	2635	1006	1094
3639	NSUN2_ENSG00000037474_60450.1	1158	741	1403	299	954	1836	1404	1365	1844	1114	1006	1457	2114	1514	1522	1412	2051	2950	1441	1698
3640	NSUN2_ENSG00000037474_60451.2	1018	754	946	804	185	1357	670	1197	1703	2357	453	1579	2069	1440	1618	1355	2427	1700	1623	1616
3641	NSUN2_ENSG00000037474_60452.3	763	257	916	283	458	885	848	982	901	995	606	1166	1536	1135	950	837	1268	924	878	1135
3642	NSUN2_ENSG00000037474_60453.4	948	587	926	277	247	1234	651	986	1721	2195	424	1281	1565	1221	1344	1050	1684	1200	1157	1412
3643	NSUN2_ENSG00000037474_60454.5	902	486	847	982	192	1003	526	847	1246	1193	309	1345	1559	1169	1418	1210	1353	303	1241	1378
3644	NSUN2_ENSG00000037474_60455.6	752	634	719	302	399	1364	800	942	1347	428	530	1087	1522	922	1067	811	1916	235	999	1105
3645	NSUN3_ENSG00000178694_77402.1	159	83	216	383	7	111	38	131	263	758	13	275	276	236	285	209	315	256	322	296
3646	NSUN3_ENSG00000178694_77403.2	651	962	694	671	52	475	204	492	612	253	96	897	1138	831	1076	904	1288	138	937	989
3647	NSUN3_ENSG00000178694_77404.3	793	1006	893	307	350	1476	735	943	1302	1912	414	1388	1925	1407	1411	1117	1268	774	1316	1429
3648	NSUN3_ENSG00000178694_77405.4	880	127	880	1204	154	856	544	724	1820	4416	323	1233	1472	1123	1321	1117	2215	1440	1208	1338
3649	NSUN3_ENSG00000178694_77406.5	897	714	841	1986	95	975	451	1025	1431	2205	233	1601	1934	1324	1644	1249	1994	1268	1567	1495
3650	NSUN3_ENSG00000178694_77407.6	978	338	981	668	374	1640	960	1125	1447	2543	595	1417	1975	1521	1570	1332	1343	1900	1308	1514
3651	NSUN4_ENSG00000117481_40863.1	757	848	837	442	325	1064	637	800	850	1884	411	986	1328	915	888	895	610	1579	859	865
3652	NSUN4_ENSG00000117481_40864.2	749	499	773	457	256	581	621	683	1887	1444	419	993	1381	771	985	749	833	671	859	923
3653	NSUN4_ENSG00000117481_40865.3	1430	667	1280	581	509	1865	1004	1566	2268	4758	541	1807	3257	2230	2201	1853	3067	441	1886	1815
3654	NSUN4_ENSG00000117481_40866.4	1422	960	1431	1177	828	1766	1396	1534	2621	1941	944	2039	2508	1663	1622	1426	3256	1672	1688	1903
3655	NSUN4_ENSG00000117481_40867.5	1684	1201	1827	1933	257	1598	944	1980	3023	5153	544	2754	3198	2250	2560	2154	4660	3241	2589	2913
3656	NSUN4_ENSG00000117481_40868.6	1898	1108	1742	650	1260	2660	2120	1839	2476	827	1522	2295	3475	2653	2101	1864	1517	1262	1811	1847
3657	NSUN5_ENSG00000130305_16124.1	939	464	953	977	151	840	413	902	1775	2034	260	1603	1561	1136	1425	1119	2476	1619	1322	1410
3658	NSUN5_ENSG00000130305_16125.2	1897	768	1835	1507	990	2778	1797	2370	2950	4347	1160	2687	3824	2801	2720	2283	2272	1778	2613	2437
3659	NSUN5_ENSG00000130305_16126.3	303	324	306	177	13	193	50	200	510	796	35	355	548	318	539	437	1035	1228	544	431
3660	NSUN5_ENSG00000130305_16127.4	504	369	461	592	149	555	315	495	755	1600	242	707	1002	905	721	646	649	544	630	631
3661	NSUN5_ENSG00000130305_16128.5	689	540	665	659	295	844	567	772	1311	704	328	860	1391	965	1006	823	1410	1531	888	993
3662	NSUN5_ENSG00000130305_16129.6	1323	585	1472	555	533	2131	1445	1689	2637	3606	807	2408	3404	2116	2343	1950	3901	2946	1955	2125
3663	NSUN6_ENSG00000241058_4239.1	131	80	104	1	16	87	56	97	111	570	22	127	140	121	123	135	201	269	146	152
3664	NSUN6_ENSG00000241058_4240.2	303	70	330	204	57	418	241	394	512	566	109	575	783	568	570	545	806	765	557	668
3665	NSUN6_ENSG00000241058_4243.5	909	587	1009	972	272	1314	651	1207	1302	1292	408	1337	2108	1474	1404	1235	1730	1084	1203	1484
3666	NSUN6_ENSG00000241058_4244.6	2522	824	2802	1219	1383	3957	3038	2919	4552	5466	2048	3786	5314	3558	3391	2828	4517	3816	3129	3720
3667	NSUN6_ENSG00000241058_4246.8	442	242	344	642	101	482	284	428	646	1075	155	657	1012	617	668	691	921	215	730	670
3668	NSUN6_ENSG00000241058_4247.9	439	446	447	461	95	586	298	510	812	1742	130	941	1088	827	803	824	1315	783	761	815
3669	NSUN7_ENSG00000179299_18470.1	615	220	579	722	422	1198	622	936	526	847	517	780	1413	929	935	781	1010	934	904	815
3670	NSUN7_ENSG00000179299_18471.2	1343	810	1397	1054	731	1708	1538	1677	2602	1788	967	2235	2435	1851	1622	1578	2193	1261	1603	2077
3671	NSUN7_ENSG00000179299_18472.3	1060	900	1080	1661	145	900	450	830	876	2791	269	1592	1944	1525	1864	1578	2626	1612	1684	1448
3672	NSUN7_ENSG00000179299_18473.4	530	226	482	80	422	882	591	760	907	803	382	845	963	837	687	701	1335	1100	752	671
3673	NSUN7_ENSG00000179299_18474.5	2117	1563	2404	1896	529	2506	1464	2299	3327	2977	969	3150	4185	3072	3004	2600	3795	5773	2895	3074
3674	NSUN7_ENSG00000179299_18475.6	559	522	613	522	15	218	108	339	519	1986	48	742	814	582	894	766	1866	1343	907	729
3675	NTMT1_ENSG00000148335_144869.2	386	387	419	209	60	418	212	542	971	1577	100	671	854	693	776	645	1238	1564	759	679
3676	NTMT1_ENSG00000148335_144870.3	678	257	551	365	287	878	468	618	901	1600	363	775	1028	794	680	585	423	1364	591	672
3677	NTMT1_ENSG00000148335_144871.4	1060	733	1045	541	570	1386	1139	1265	1439	1687	808	1311	1765	1260	1300	1177	2793	1657	1180	1429
3678	NTMT1_ENSG00000148335_144872.5	968	368	890	702	317	1025	733	1017	1432	2636	488	1139	1577	1226	1305	1030	1170	571	1164	1217
3679	NTMT1_ENSG00000148335_144873.6	469	98	428	209	128	629	353	489	895	1743	233	698	1135	566	700	607	380	617	696	667
3680	NUF2_ENSG00000143228_109650.1	1417	422	1253	708	409	1191	1214	1111	2218	2350	713	1983	2401	1177	1637	1111	2373	2723	1459	1789
3681	NUF2_ENSG00000143228_109651.2	710	278	678	753	183	551	556	645	929	1229	353	1318	1300	750	1009	685	1603	984	1006	1169
3682	NUF2_ENSG00000143228_109652.3	432	100	331	260	127	465	237	331	727	1067	192	553	712	516	492	448	618	566	651	512
3683	NUF2_ENSG00000143228_109653.4	1264	685	1164	803	366	1084	817	1236	2050	4172	534	2208	2196	1169	1861	1373	2088	1108	1733	2116
3684	NUF2_ENSG00000143228_109654.5	379	346	403	1070	58	93	214	224	940	979	76	987	548	164	662	274	890	400	623	650
3685	NUF2_ENSG00000143228_109655.6	1143	1148	1051	1352	228	742	852	1053	2001	4386	501	2478	2173	904	1730	1223	2836	1297	1870	2014
3686	NUFIP1_ENSG00000083635_4079.1	272	37	314	369	221	365	264	312	261	508	217	302	425	253	318	240	314	248	288	446
3687	NUFIP1_ENSG00000083635_4080.2	492	700	546	894	13	377	135	452	868	1098	48	824	931	731	1266	982	1213	2687	1090	910
3688	NUFIP1_ENSG00000083635_4082.4	1004	1350	1050	649	455	1459	934	1101	1292	2424	586	1599	2149	1431	1585	1326	1847	229	1411	1529
3689	NUFIP1_ENSG00000083635_4084.6	255	285	315	362	95	312	237	296	557	247	156	510	619	462	556	395	989	846	468	364
3690	OARD1_ENSG00000124596_106347.1	729	491	806	769	165	671	440	844	1317	2367	275	976	1399	1081	1121	898	1104	794	961	1103
3691	OARD1_ENSG00000124596_106348.2	616	366	547	284	145	664	349	503	590	1007	221	692	956	784	794	692	908	893	770	737
3692	OARD1_ENSG00000124596_106349.3	963	801	981	1321	94	1044	447	1095	2081	2087	184	1523	2138	1701	1832	1614	2208	2339	1618	1648
3693	OARD1_ENSG00000124596_106350.4	893	783	872	1215	246	822	628	947	1268	1478	301	1607	1664	1181	1386	1250	2136	1183	1241	1195
3694	OARD1_ENSG00000124596_106351.5	1642	1300	1868	1154	808	2272	1609	1848	2497	3016	1081	2275	3481	2460	2268	2101	2437	3699	2026	2066
3695	OARD1_ENSG00000124596_106352.6	616	260	674	463	126	864	545	796	781	824	276	840	1261	820	968	683	740	554	862	923
3696	OGT_ENSG00000147162_96903.1	546	540	663	116	184	796	467	602	1030	1255	240	982	1443	989	950	883	1216	525	831	945
3697	OGT_ENSG00000147162_96905.3	1360	349	1310	711	991	1822	1736	1685	1173	1258	1101	1494	2909	2154	1827	1450	1074	11	1724	1637
3698	OGT_ENSG00000147162_96906.4	637	854	660	516	173	1000	519	840	903	1361	253	1088	1357	1031	1026	924	1600	887	1027	901
3699	OGT_ENSG00000147162_96908.6	914	205	973	208	483	1301	961	1102	399	257	585	977	1943	1283	1259	988	611	1612	1232	1012
3700	OIP5_ENSG00000104147_57058.3	392	271	415	56	120	479	323	435	359	430	266	333	509	444	390	351	302	817	344	388
3701	OIP5_ENSG00000104147_57059.4	1230	799	1433	489	937	1784	1461	1469	1473	801	1207	1727	2221	1439	1255	1130	1518	1367	1342	1174
3702	OIP5_ENSG00000104147_57061.6	461	187	453	775	338	430	339	397	390	274	259	577	705	451	538	407	956	483	507	510
3703	ORC1_ENSG00000085840_81007.3	759	777	881	953	305	1107	684	899	1301	1224	448	1278	1730	1103	1256	1038	1533	1490	1223	1290
3704	ORC1_ENSG00000085840_81008.4	1608	1916	1777	778	575	2198	1280	2024	3024	5534	765	2362	3421	2745	2415	2187	2314	1762	2353	2388
3705	ORC1_ENSG00000085840_81009.5	417	389	432	91	57	215	294	285	604	1707	153	645	604	258	468	295	640	838	460	620
3706	ORC1_ENSG00000085840_81010.6	1186	1280	1186	468	418	1217	1017	1112	2015	2075	673	1899	1876	1073	1458	1092	2659	897	1421	1396
3707	ORC2_ENSG00000115942_198460.1	452	370	431	295	186	416	313	420	614	1924	211	601	697	750	650	511	873	521	523	635
3708	ORC2_ENSG00000115942_198461.2	1680	360	1668	1240	373	1707	1055	1548	2096	3130	704	2135	2706	2040	1930	1843	3049	5371	1842	2188
3709	ORC2_ENSG00000115942_198462.3	420	243	471	310	89	579	265	576	878	292	153	761	1000	804	801	665	781	141	723	693
3710	ORC2_ENSG00000115942_198463.4	419	366	495	70	101	614	234	610	1031	1224	172	801	991	836	810	640	1096	641	771	839
3711	ORC2_ENSG00000115942_198464.5	2288	1623	2319	1697	794	3443	1681	2855	3102	2644	1184	3372	4553	3763	3384	2872	3032	2668	3086	3058
3712	ORC2_ENSG00000115942_198465.6	1187	1615	1424	1497	528	2084	1148	1847	1725	3822	667	1991	3147	2237	2095	2020	2079	3256	2096	2058
3713	PADI1_ENSG00000142623_174939.1	911	328	1007	648	216	992	588	1022	1644	1469	410	1327	1822	1214	1470	1248	1837	644	1242	1307
3714	PADI1_ENSG00000142623_174940.2	1262	1195	1433	676	158	1235	657	1203	2657	4057	331	1884	2330	1872	1770	1680	3061	797	1669	2119
3715	PADI1_ENSG00000142623_174941.3	596	536	627	608	372	864	519	655	872	271	421	696	1216	861	779	617	704	1315	643	710
3716	PADI1_ENSG00000142623_174942.4	1022	757	1162	1128	405	1166	723	1121	990	2770	509	1593	2114	1690	1462	1317	2248	1087	1426	1692
3717	PADI1_ENSG00000142623_174943.5	1689	1185	1903	374	858	2368	1753	2234	3162	1584	1181	2111	3534	2341	2349	2060	3174	1425	2312	2723
3718	PADI1_ENSG00000142623_174944.6	454	395	431	272	42	463	195	491	654	957	94	634	759	572	674	558	1019	300	636	492
3719	PADI2_ENSG00000117115_30557.1	953	828	919	791	615	918	942	885	1174	2096	720	1084	1403	1052	1042	980	1026	483	1054	1146
3720	PADI2_ENSG00000117115_30558.2	1520	675	1401	1064	473	1929	1045	1861	1241	3000	620	2036	3036	2279	2054	1717	2321	515	1858	1745
3721	PADI2_ENSG00000117115_30559.3	1407	1071	1427	752	419	1415	1027	1266	2680	2545	622	1902	1999	1368	1650	1406	2165	1397	1650	1873
3722	PADI2_ENSG00000117115_30560.4	845	419	846	605	76	792	379	780	1283	1680	234	1060	1280	963	1235	1021	2745	1739	1243	1258
3723	PADI2_ENSG00000117115_30561.5	1269	1343	1043	520	730	1221	1111	1128	1441	2270	793	1228	1820	1407	1296	1121	1390	714	1216	1308
3724	PADI2_ENSG00000117115_30562.6	231	64	188	66	1	134	69	175	447	436	42	442	380	291	409	352	841	1070	439	357
3725	PADI3_ENSG00000142619_94852.1	322	100	368	288	71	365	209	331	524	805	130	384	669	428	416	390	667	799	445	390
3726	PADI3_ENSG00000142619_94853.2	626	281	652	887	417	957	582	737	832	804	348	944	1280	977	835	729	920	306	893	946
3727	PADI3_ENSG00000142619_94854.3	1261	1086	1251	426	600	1589	1195	1405	1804	1626	812	1575	2227	1790	1477	1189	1770	676	1370	1541
3728	PADI3_ENSG00000142619_94855.4	1117	1027	1118	869	435	1407	1028	1067	2308	729	707	1555	1822	1448	1520	1202	2992	1579	1430	1500
3729	PADI3_ENSG00000142619_94856.5	2824	1983	2623	1675	1543	3573	2767	3079	4925	5140	2071	3264	4444	3258	3318	2920	4421	3283	2933	3240
3730	PADI3_ENSG00000142619_94857.6	1660	520	1537	229	789	2137	1496	1879	1765	1315	1072	2090	2951	2410	2025	1897	2187	4056	1909	2094
3731	PADI4_ENSG00000159339_26566.2	309	257	291	351	57	266	134	280	506	792	77	392	548	322	449	363	794	753	453	490
3732	PADI4_ENSG00000159339_26567.3	933	195	868	567	445	734	751	810	1379	3258	567	1181	1194	818	881	678	1919	973	903	1014
3733	PADI4_ENSG00000159339_26568.4	1486	263	1498	762	1109	2033	1759	1693	2477	3482	1263	1885	2758	2175	1846	1604	2490	1573	1963	1876
3734	PADI4_ENSG00000159339_26569.5	518	100	442	297	179	704	396	549	496	300	297	512	899	646	641	593	742	286	650	676
3735	PADI4_ENSG00000159339_26570.6	916	956	1020	899	91	989	352	924	1775	2483	197	1464	1970	1684	1798	1568	1540	1488	1615	1599
3736	PAF1_ENSG00000006712_44653.1	270	46	292	252	98	267	229	295	479	727	146	438	513	343	431	307	808	1819	343	405
3737	PAF1_ENSG00000006712_44654.2	1796	992	1892	2149	517	1907	1538	1643	3652	5713	772	2848	3362	1978	2423	1852	4709	7573	2328	3438
3738	PAF1_ENSG00000006712_44655.3	810	595	945	417	274	618	592	545	1494	1323	425	1261	1431	801	1038	670	1468	3362	938	1477
3739	PAF1_ENSG00000006712_44656.4	610	280	575	452	157	824	381	624	736	524	179	782	1244	831	995	695	2130	234	812	1098
3740	PAF1_ENSG00000006712_44657.5	613	261	569	723	527	943	829	653	1070	1000	635	631	1152	871	607	687	402	351	652	670
3741	PAF1_ENSG00000006712_44658.6	546	374	513	496	336	720	559	591	1061	1447	395	775	1082	692	752	655	723	2100	609	688
3742	PAG1_ENSG00000076641_12425.1	925	637	892	610	281	950	681	793	1087	759	404	1071	1383	1009	963	859	1133	2380	1018	1014
3743	PAG1_ENSG00000076641_12426.2	646	217	706	745	373	974	752	819	1193	1015	511	1281	1333	860	910	877	1386	543	921	873
3744	PAG1_ENSG00000076641_12427.3	175	165	324	156	41	254	106	233	270	559	74	253	508	391	372	292	276	234	378	420
3745	PAG1_ENSG00000076641_12428.4	2243	1162	2846	1677	1634	4290	3058	3287	3465	1600	2106	3168	5186	4144	3474	3155	4537	2176	3301	3276
3746	PAG1_ENSG00000076641_12429.5	198	295	222	105	42	189	100	192	253	470	52	293	380	244	356	333	234	476	397	301
3747	PAG1_ENSG00000076641_12430.6	891	572	785	331	166	934	553	846	1181	500	354	1179	1450	1187	1017	1000	777	618	1137	957
3748	PAK2_ENSG00000180370_183282.1	1326	277	1385	653	1126	2395	1873	1716	1851	780	1278	1765	2537	2013	1661	1517	2651	2001	1606	1552
3749	PAK2_ENSG00000180370_183283.2	1633	802	1817	672	636	2831	1399	2158	2608	1127	834	2631	3860	2749	2540	2398	3203	1732	2555	2497
3750	PAK2_ENSG00000180370_183284.3	937	494	895	463	496	1344	1001	1089	1711	1494	572	1326	2055	1333	1325	1087	2202	1035	1167	1215
3751	PAK2_ENSG00000180370_183285.4	423	253	471	94	277	682	533	533	673	521	351	545	889	740	577	605	637	703	521	558
3752	PAK2_ENSG00000180370_183286.5	721	316	687	427	278	1028	571	799	657	896	442	967	1127	1036	857	808	741	329	937	802
3753	PAK2_ENSG00000180370_183287.6	1324	938	1263	1252	329	1580	909	1270	1811	2282	495	1864	2656	1960	1853	1639	2617	1812	1797	1562
3754	PARG_ENSG00000227345_65785.1	678	475	691	554	103	719	397	737	1403	1934	163	1271	1321	1063	1090	874	1791	1889	1057	1180
3755	PARG_ENSG00000227345_65786.2	820	491	770	625	465	1409	868	915	1056	805	618	1017	1564	1251	1084	869	635	2286	987	797
3756	PARG_ENSG00000227345_65787.3	1531	1122	1832	747	1067	2692	2047	1957	1769	2563	1301	2074	2888	2530	2479	2121	1982	2912	2109	2255
3757	PARG_ENSG00000227345_65788.4	1442	649	1543	956	378	1393	999	1305	2449	1419	675	1816	2392	1641	1874	1269	1853	1371	1738	1968
3758	PARG_ENSG00000227345_65789.5	1666	899	1417	1046	378	1109	999	1229	2024	1689	684	2412	2021	1148	1743	1311	3676	3821	1524	1755
3759	PARG_ENSG00000227345_65790.6	1691	1477	1592	924	823	2679	1844	2014	2453	2561	1045	2120	3584	2772	2346	1931	2351	1556	2531	2066
3760	PARP1_ENSG00000143799_110180.1	1263	909	1406	890	427	1216	896	1113	1391	1882	609	1833	2087	1320	1578	1423	1863	1757	1748	1922
3761	PARP1_ENSG00000143799_110181.2	1118	732	1005	388	251	792	824	859	1204	702	477	1675	1512	827	1031	830	1463	134	1116	1355
3762	PARP1_ENSG00000143799_110182.3	387	244	526	146	47	380	125	371	483	709	89	699	726	629	746	608	687	355	680	605
3763	PARP1_ENSG00000143799_110183.4	748	89	792	656	287	1215	595	797	1195	901	416	1147	1439	1078	1194	868	1245	538	981	1093
3764	PARP1_ENSG00000143799_110185.6	924	139	792	169	503	822	840	764	1642	618	677	1050	1659	930	1040	864	1282	878	1041	1274
3765	PARP10_ENSG00000178685_183092.1	1354	825	1535	1736	334	1442	802	1344	1501	976	534	1727	2506	1631	1928	1377	2262	2017	1609	1889
3766	PARP10_ENSG00000178685_183093.2	1229	682	1101	867	132	1051	364	1182	1092	1357	223	1349	1912	1617	1497	1491	1506	297	1448	1393
3767	PARP10_ENSG00000178685_183094.3	894	163	912	770	404	1128	661	825	1504	1275	436	1121	1644	1240	1317	999	1005	1076	1081	1166
3768	PARP10_ENSG00000178685_183095.4	199	84	200	156	33	283	129	256	244	722	70	258	426	348	399	280	436	228	340	357
3769	PARP10_ENSG00000178685_183097.6	1039	663	977	1014	581	1554	938	1183	1583	1557	640	1516	1980	1345	1408	1247	1977	1668	1175	1066
3770	PARP11_ENSG00000111224_18790.1	241	364	222	240	221	324	343	222	280	809	265	309	501	220	318	257	208	558	285	313
3771	PARP11_ENSG00000111224_18791.2	1436	1189	1458	970	567	1927	1080	1784	1998	1761	665	2355	3104	2222	2175	1911	2306	794	2105	2220
3772	PARP11_ENSG00000111224_18792.3	1227	504	1187	1130	776	1566	1302	1238	2351	1841	844	1693	2095	1423	1439	1289	2904	1501	1440	1688
3773	PARP11_ENSG00000111224_18793.4	1171	932	1091	881	324	1612	983	1330	2474	1009	511	1825	2148	1687	1738	1453	2203	2878	1528	1737
3774	PARP11_ENSG00000111224_18794.5	337	381	357	129	85	424	222	427	577	551	135	495	707	646	609	524	359	922	544	527
3775	PARP11_ENSG00000111224_18795.6	648	251	666	994	196	953	481	865	869	881	307	1203	1677	1207	1060	1079	850	1271	1082	1121
3776	PARP12_ENSG00000059378_195211.1	943	390	1081	647	105	938	398	875	1231	2070	209	1012	1323	1193	1139	1102	1065	1406	1111	1309
3777	PARP12_ENSG00000059378_195212.2	798	277	848	675	211	733	394	575	957	281	318	835	1201	892	982	750	1216	1395	896	958
3778	PARP12_ENSG00000059378_195214.4	1488	989	1345	655	1240	1972	2110	1743	1715	1201	1484	1732	2879	2046	1776	1558	1925	1896	1633	1624
3779	PARP12_ENSG00000059378_195215.5	572	510	690	234	180	839	469	528	898	2225	306	816	1175	778	765	595	1158	524	695	957
3780	PARP12_ENSG00000059378_195216.6	529	99	490	77	401	1157	670	895	868	507	443	897	1237	952	730	728	1270	518	697	721
3781	PARP14_ENSG00000173193_15562.1	1353	766	1232	805	618	1666	1122	1337	1717	2111	882	1634	2474	1709	1738	1464	1493	2416	1570	1602
3782	PARP14_ENSG00000173193_15563.2	393	233	362	387	65	600	224	471	534	729	91	738	833	758	666	656	443	501	645	626
3783	PARP14_ENSG00000173193_15564.3	815	887	847	735	123	835	368	799	1598	1662	182	1376	1713	1204	1428	1146	2522	1570	1283	1281
3784	PARP14_ENSG00000173193_15565.4	534	362	560	340	235	653	478	700	1432	1354	295	880	917	843	916	772	866	846	779	711
3785	PARP14_ENSG00000173193_15566.5	515	521	608	496	64	456	158	497	489	1137	99	737	1012	586	982	751	1292	793	869	964
3786	PARP14_ENSG00000173193_15567.6	411	377	551	460	218	862	455	616	728	261	299	867	938	810	675	669	972	1224	750	764
3787	PARP16_ENSG00000138617_29777.1	820	774	910	346	349	1008	690	867	990	1055	517	1033	1459	1096	1013	1055	1334	1537	956	951
3788	PARP16_ENSG00000138617_29778.2	1450	1102	1396	1080	492	1594	938	1558	2172	4124	590	1973	2731	1662	1941	1601	2947	2082	1950	2118
3789	PARP16_ENSG00000138617_29779.3	1287	1376	1470	712	522	1644	979	1269	2314	1914	634	1787	2397	1647	1807	1458	2613	1265	1634	1763
3790	PARP16_ENSG00000138617_29780.4	815	87	740	771	429	729	951	811	2064	2859	440	1146	1576	837	1025	789	1745	2657	1061	1028
3791	PARP16_ENSG00000138617_29781.5	409	127	408	170	94	502	306	429	1018	992	167	769	783	496	579	503	864	1135	631	521
3792	PARP16_ENSG00000138617_29782.6	734	91	580	345	142	751	528	624	764	1507	295	1114	1343	753	880	758	1210	1532	761	989
3793	PARP2_ENSG00000129484_71342.1	913	674	926	660	403	1466	722	1281	1928	470	430	1621	2130	1560	1446	1386	1069	563	1446	1400
3794	PARP2_ENSG00000129484_71343.2	478	547	603	403	141	501	418	612	1147	1411	267	1010	1064	747	913	704	1323	1530	778	1091
3795	PARP2_ENSG00000129484_71344.3	771	879	804	331	261	919	686	816	1177	2393	495	931	1621	1274	1111	1044	1550	333	999	1179
3796	PARP2_ENSG00000129484_71345.4	1512	1185	1541	1428	782	2449	1567	1892	2627	3633	1033	2532	3321	2311	2186	1871	2374	1124	2148	2560
3797	PARP2_ENSG00000129484_71346.5	697	439	809	749	136	670	401	1195	1529	1343	213	1187	1287	962	1239	945	1516	1287	1082	1165
3798	PARP2_ENSG00000129484_71347.6	1525	1027	1458	1042	878	2097	1707	1718	2453	1680	1027	1900	3566	2386	2128	1865	2969	2818	1979	2111
3799	PARP3_ENSG00000041880_176595.1	481	229	472	284	36	402	121	352	369	1291	69	499	790	656	764	580	503	856	607	783
3800	PARP3_ENSG00000041880_176597.3	903	781	1057	340	331	1335	901	1071	734	1320	599	1321	2133	1471	1219	1120	2171	1235	1106	1252
3801	PARP3_ENSG00000041880_176598.4	1576	286	1518	1094	1047	2157	1522	1657	2283	3656	1078	2039	3445	2204	1890	1711	2927	2407	1817	1909
3802	PARP3_ENSG00000041880_176599.5	394	89	397	266	262	592	448	522	231	549	270	535	841	449	479	472	559	563	545	588
3803	PARP3_ENSG00000041880_176600.6	913	150	958	518	149	1068	515	868	1355	1101	342	1195	1750	1231	1224	997	2108	1028	1256	1373
3804	PARP4_ENSG00000102699_190877.2	961	340	984	1507	311	1247	724	1009	1646	779	428	1439	1735	1267	1295	1165	1071	1641	1326	1218
3805	PARP4_ENSG00000102699_190878.3	1396	688	1423	340	951	1963	1475	1615	1841	1594	1129	1650	2387	1769	1713	1421	2134	807	1535	1831
3806	PARP4_ENSG00000102699_190879.4	1416	722	1671	1896	700	2060	1219	1677	2559	1377	814	2194	3035	2114	2130	1939	2469	1112	2118	2072
3807	PARP4_ENSG00000102699_190880.5	1039	201	928	1097	592	1516	948	1148	1647	1802	644	1330	2057	1476	1250	1183	1878	2604	1303	1504
3808	PARP4_ENSG00000102699_190881.6	390	252	417	150	129	702	314	616	1004	567	178	608	1014	649	769	648	860	403	701	544
3809	PARP6_ENSG00000137817_37076.1	889	488	818	398	624	1223	860	1128	1093	1481	802	1141	1864	1369	1270	1045	1654	1349	1084	1207
3810	PARP6_ENSG00000137817_37077.2	801	614	1095	1195	709	1269	1145	1103	1367	1140	762	1230	1884	1442	1229	955	927	2219	1094	1104
3811	PARP6_ENSG00000137817_37078.3	883	604	915	1034	82	850	421	932	1682	2676	198	1680	1841	1294	1504	1374	2817	2317	1580	1441
3812	PARP6_ENSG00000137817_37079.4	552	284	454	478	273	715	572	563	725	1836	392	754	873	731	733	554	751	886	658	805
3813	PARP6_ENSG00000137817_37080.5	711	487	728	307	375	1124	668	853	1093	2880	490	1039	1481	1038	951	881	1295	473	1009	934
3814	PARP6_ENSG00000137817_37081.6	1203	802	1196	727	416	1780	801	1433	1860	1385	554	1705	2819	2283	1901	1839	2273	1146	1738	1677
3815	PARP8_ENSG00000151883_122149.1	1292	723	1161	1132	417	1131	881	1312	1768	1876	708	1699	2155	1534	1428	1396	2429	1194	1363	1690
3816	PARP8_ENSG00000151883_122151.3	332	180	292	269	71	324	265	323	355	1059	75	516	559	435	546	424	745	1285	432	441
3817	PARP8_ENSG00000151883_122152.4	493	265	517	3	244	862	482	559	709	824	306	716	1041	807	780	600	666	418	776	766
3818	PARP8_ENSG00000151883_122153.5	372	430	468	300	38	706	235	577	728	1426	110	775	1101	1034	986	827	1206	474	896	848
3819	PARP8_ENSG00000151883_122154.6	1316	484	1323	722	676	2497	1266	1878	1823	1320	859	1882	2765	2297	1930	1783	2413	615	1870	2016
3820	PARP9_ENSG00000138496_167923.1	966	623	973	790	118	966	426	890	1339	310	258	1286	1763	1343	1609	1255	1707	1323	1468	1556
3821	PARP9_ENSG00000138496_167924.2	775	308	873	465	325	1122	760	986	1273	1328	472	1440	1797	1116	1391	1072	1643	338	1193	1355
3822	PARP9_ENSG00000138496_167925.3	1243	1524	1265	768	819	2454	1486	1644	2036	2349	993	1650	2937	2057	1860	1598	1957	835	1756	1866
3823	PARP9_ENSG00000138496_167926.4	1835	1614	2305	2061	725	2999	1801	2481	3318	4328	1020	3253	4254	3232	3253	2610	4379	3500	3009	3062
3824	PARP9_ENSG00000138496_167927.5	685	247	622	646	172	716	411	596	951	591	306	925	1101	845	875	698	803	1277	846	770
3825	PAX5_ENSG00000196092_134853.1	874	619	817	1047	319	940	635	936	2806	1128	480	1292	1715	1052	1197	1202	3264	1951	1213	1371
3826	PAX5_ENSG00000196092_134854.2	1511	621	1525	724	766	1533	1429	1468	2479	3745	986	2007	2516	1804	1896	1548	2650	3718	1948	2128
3827	PAX5_ENSG00000196092_134855.3	1003	742	999	1025	540	1297	1026	1122	1570	3662	829	1455	1985	1037	1174	934	3576	750	1197	1283
3828	PAX5_ENSG00000196092_134856.4	604	669	505	180	98	514	286	530	1138	806	216	664	1023	645	702	619	1125	863	753	857
3829	PAX5_ENSG00000196092_134857.5	846	786	768	274	243	987	738	867	1336	1217	417	1197	1477	936	1069	909	2693	1981	1018	1207
3830	PAX5_ENSG00000196092_134858.6	959	403	797	846	368	893	761	784	2063	1644	511	1060	1350	935	1040	828	1475	2667	988	1015
3831	PAX6_ENSG00000007372_131809.1	931	957	1029	984	202	1108	692	961	1363	2451	441	1191	1859	1377	1479	1186	1969	1452	1229	1341
3832	PAX6_ENSG00000007372_131811.3	344	437	343	376	23	147	114	174	185	1021	19	405	455	354	638	523	611	576	501	401
3833	PAX9_ENSG00000198807_64872.1	598	121	600	359	109	664	271	678	752	1822	197	908	1225	736	934	840	1308	13	971	952
3834	PAX9_ENSG00000198807_64873.2	944	338	857	805	229	918	597	936	1702	696	369	1406	1767	1245	1341	1081	1159	953	1342	1443
3835	PAX9_ENSG00000198807_64874.3	518	764	480	180	119	682	307	506	1032	812	193	657	1036	633	698	606	824	695	721	725
3836	PAX9_ENSG00000198807_64875.4	272	135	237	432	28	244	144	208	82	722	70	377	315	357	591	363	279	737	378	328
3837	PAX9_ENSG00000198807_64877.6	947	494	983	383	591	1530	1161	1162	987	1812	854	1277	1827	1349	1059	997	1713	942	1188	1422
3838	PAXIP1_ENSG00000157212_5380.1	418	634	415	244	180	601	332	491	790	495	260	494	889	649	615	502	818	741	531	732
3839	PAXIP1_ENSG00000157212_5381.2	1173	916	1211	1225	113	1004	397	923	1388	2657	278	1513	2572	1938	2163	1775	2900	2497	1941	1754
3840	PAXIP1_ENSG00000157212_5382.3	994	375	800	546	713	1079	1228	941	915	799	652	969	1759	1198	956	950	1205	1380	992	1037
3841	PAXIP1_ENSG00000157212_5383.4	722	489	761	914	210	886	494	694	1726	1753	293	1016	1692	1147	1231	1122	1529	501	1064	1187
3842	PAXIP1_ENSG00000157212_5384.5	919	620	988	1019	50	628	266	663	976	2086	142	1128	1391	1175	1575	1391	2132	1003	1376	1182
3843	PAXIP1_ENSG00000157212_5385.6	937	151	1142	486	233	1446	732	1292	2189	1460	381	1320	2368	1886	1682	1537	1542	699	1574	1521
3844	PBRM1_ENSG00000163939_189699.1	566	581	552	511	85	694	311	657	1689	1984	186	940	1065	800	937	727	1089	795	946	955
3845	PBRM1_ENSG00000163939_189700.2	490	66	548	557	100	533	225	566	917	394	147	927	1093	735	886	735	1652	1370	892	907
3846	PBRM1_ENSG00000163939_189701.3	791	315	687	1272	341	1095	591	963	1336	2817	340	1342	1498	1221	1191	944	2368	2447	1055	1130
3847	PBRM1_ENSG00000163939_189702.4	593	183	730	391	85	751	323	715	887	1667	145	1019	1194	799	955	811	676	385	849	879
3848	PBRM1_ENSG00000163939_189703.5	349	261	355	611	117	597	378	430	750	1023	223	736	792	653	602	472	1050	524	592	508
3849	PBRM1_ENSG00000163939_189704.6	307	88	265	214	84	355	255	275	607	533	96	443	534	492	417	386	563	1612	387	494
3850	PBX1_ENSG00000185630_57636.1	461	131	574	1	260	572	719	479	794	1636	431	602	818	665	659	574	1289	951	565	809
3851	PBX1_ENSG00000185630_57637.2	1009	735	1134	426	587	1755	1057	1405	1679	1733	605	1669	2652	1725	1718	1397	1543	550	1554	1596
3852	PBX1_ENSG00000185630_57638.3	382	305	331	82	108	443	271	393	702	719	172	479	708	397	511	424	449	290	540	516
3853	PBX1_ENSG00000185630_57639.4	1260	902	1559	844	647	1939	1098	1555	2472	1881	847	1836	2726	1937	1757	1727	2206	2094	1814	2011
3854	PBX1_ENSG00000185630_57640.5	262	176	317	412	42	267	141	248	613	1974	93	1367	383	295	433	374	475	257	455	411
3855	PBX1_ENSG00000185630_57641.6	1083	814	982	1523	199	1047	554	977	2387	3924	370	1509	1878	1283	1444	1129	1925	2699	1341	1536
3856	PCGF1_ENSG00000115289_171131.1	998	487	977	802	846	1263	1222	1145	1447	1655	763	917	1483	1125	1059	886	1261	629	911	949
3857	PCGF1_ENSG00000115289_171132.2	1311	646	1323	793	358	1416	888	1217	1352	2445	620	1527	2464	1701	1768	1467	1991	545	1666	1549
3858	PCGF1_ENSG00000115289_171133.3	1244	296	1248	568	430	1608	1116	1612	2029	1470	724	1597	2562	1760	1998	1594	2041	1109	1589	1627
3859	PCGF1_ENSG00000115289_171134.4	394	403	364	136	171	573	381	604	513	1232	213	766	918	577	704	610	304	250	582	525
3860	PCGF1_ENSG00000115289_171135.5	601	455	756	359	79	648	322	653	959	2304	154	938	1040	1075	1242	1116	1100	1247	1153	1010
3861	PCGF1_ENSG00000115289_171136.6	637	600	618	546	222	815	572	561	1042	1597	309	832	1110	748	790	679	744	928	689	687
3862	PCGF5_ENSG00000180628_21594.1	1587	1055	2010	829	685	2197	1382	1594	2199	3081	866	2285	3067	2166	2310	1964	2979	3208	2052	2338
3863	PCGF5_ENSG00000180628_21595.2	2142	1309	2098	1472	1098	3226	2336	2336	2941	3537	1433	2488	4082	3200	2931	2365	3770	672	2702	2732
3864	PCGF5_ENSG00000180628_21597.4	987	384	1078	236	615	1478	1106	1171	1591	2121	673	1531	2305	1476	1519	1201	1555	1363	1382	1370
3865	PCGF5_ENSG00000180628_21598.5	1089	632	1131	603	304	1520	646	1127	1447	684	495	1524	2196	1610	1812	1498	1395	1317	1709	1620
3866	PCGF5_ENSG00000180628_21599.6	751	78	754	732	231	1081	634	910	1031	968	352	1090	1455	1034	1301	849	1490	752	990	989
3867	PCGF6_ENSG00000156374_7164.1	2244	827	2220	1274	1685	2715	2852	2319	3312	1985	2057	3440	3974	2497	2541	2072	3498	3294	2496	3041
3868	PCGF6_ENSG00000156374_7166.3	152	536	147	215	16	122	57	135	101	384	24	251	240	226	330	231	389	725	213	213
3869	PCGF6_ENSG00000156374_7167.4	1185	746	1161	902	142	1075	377	965	1677	1863	303	1581	1956	1411	1613	1308	1689	683	1642	1608
3870	PCGF6_ENSG00000156374_7169.6	460	599	483	327	128	767	375	598	937	1322	203	616	1043	884	801	705	506	311	698	675
3871	PCMT1_ENSG00000120265_80390.1	533	396	512	507	334	700	541	543	920	228	353	730	925	594	735	560	1256	1585	710	620
3872	PCMT1_ENSG00000120265_80391.2	2288	1254	2499	1620	288	2092	965	1889	3210	6136	601	3323	4169	3208	3223	2874	3695	3671	3255	3442
3873	PCMT1_ENSG00000120265_80392.3	890	354	1105	342	649	1228	1072	840	1320	647	728	1207	1663	1070	1148	957	1233	340	1014	999
3874	PCMT1_ENSG00000120265_80393.4	1326	671	1336	1772	419	1425	902	1272	1737	246	613	1562	2216	1626	1596	1460	2145	1750	1551	1584
3875	PCMT1_ENSG00000120265_80394.5	618	359	661	240	182	739	527	610	843	1089	330	1024	1343	865	983	813	1475	1254	1026	1136
3876	PCMT1_ENSG00000120265_80395.6	1704	602	1694	1754	844	2538	1757	2040	2906	565	1206	2274	3360	2638	2367	2003	3670	1557	1873	2100
3877	PCNA_ENSG00000132646_64378.1	1500	484	1369	331	501	371	1037	722	3200	2077	946	1778	1569	364	1245	564	3035	3016	1413	1648
3878	PCNA_ENSG00000132646_64379.2	438	294	377	93	101	24	200	172	700	1125	169	517	417	38	307	128	501	963	461	620
3879	PCNA_ENSG00000132646_64380.3	634	363	535	400	169	65	386	262	953	1361	273	678	411	75	473	168	1138	1022	570	726
3880	PCNA_ENSG00000132646_64381.4	1982	1178	1787	714	781	746	1685	1026	3807	2344	1420	2595	1979	560	1843	770	4675	1042	1805	2359
3881	PCNA_ENSG00000132646_64382.5	291	278	324	251	17	29	70	138	755	581	62	582	223	19	324	98	983	786	386	407
3882	PCNA_ENSG00000132646_64383.6	784	584	802	458	296	603	621	622	1427	1219	452	1048	1358	506	972	624	1788	2043	1043	1010
3883	PHC1_ENSG00000111752_60330.1	302	186	381	70	126	300	213	386	627	925	162	572	587	492	556	416	647	282	429	480
3884	PHC1_ENSG00000111752_60331.2	529	666	650	442	57	637	209	537	677	1577	109	1019	927	815	986	794	580	1259	839	870
3885	PHC1_ENSG00000111752_60332.3	1173	278	1150	664	356	1258	731	1239	1295	429	568	1719	2135	1803	1557	1389	2198	2280	1474	2031
3886	PHC1_ENSG00000111752_60333.4	1338	1145	1549	767	276	1623	745	1303	1449	2850	463	1738	2907	2153	2114	1839	2745	2313	2099	1960
3887	PHC1_ENSG00000111752_60334.5	967	931	1096	588	374	864	823	871	1609	1326	544	1242	1337	828	1175	777	3131	1671	1099	1429
3888	PHC1_ENSG00000111752_60335.6	999	752	1005	228	500	1344	1002	1096	950	2235	577	1289	2231	1388	1365	1171	1818	768	1221	1351
3889	PHC2_ENSG00000134686_162491.2	467	306	492	477	33	411	194	535	891	2340	73	874	873	767	868	715	1034	976	870	793
3890	PHC2_ENSG00000134686_162492.3	286	236	294	140	81	280	214	265	380	440	90	480	588	342	432	396	889	561	379	485
3891	PHC2_ENSG00000134686_162493.4	1077	425	1025	520	438	1745	1161	1349	1843	1081	633	1339	2444	1874	1577	1436	1923	860	1529	1501
3892	PHC3_ENSG00000173889_73193.1	291	302	240	138	44	353	162	255	541	271	110	344	577	486	532	355	920	231	401	443
3893	PHC3_ENSG00000173889_73194.2	638	497	523	205	404	764	612	618	5033	668	456	806	1038	887	790	702	888	324	680	854
3894	PHC3_ENSG00000173889_73195.3	919	638	964	644	696	1550	1286	1021	1560	1566	887	1381	2065	1436	1217	1052	1055	1984	1079	1083
3895	PHC3_ENSG00000173889_73196.4	517	428	474	963	78	615	293	408	866	239	197	834	902	602	740	654	1002	849	720	732
3896	PHC3_ENSG00000173889_73197.5	992	234	1139	922	731	1417	1425	1053	2063	594	1009	1598	2002	1598	1252	1206	1244	849	1320	1541
3897	PHC3_ENSG00000173889_73198.6	668	7	897	555	433	1132	838	939	1352	1459	623	949	1589	1107	1000	963	1062	1574	1163	1002
3898	PHF1_ENSG00000112511_126682.1	1909	1507	1649	1530	920	2032	1870	1858	2954	2482	1324	2489	2750	1785	2136	1701	3239	504	1938	2269
3899	PHF1_ENSG00000112511_126683.2	1645	1265	1885	923	571	2496	1437	2184	2110	3809	909	2388	3593	2897	2368	2163	1949	3312	2201	2262
3900	PHF1_ENSG00000112511_126684.3	555	573	485	294	224	560	463	559	949	315	300	861	871	692	739	540	1271	729	710	820
3901	PHF1_ENSG00000112511_126685.4	1206	480	1385	1206	324	1374	846	1257	1331	1145	616	1563	2143	1419	1751	1481	2600	2445	1572	1766
3902	PHF1_ENSG00000112511_126686.5	507	282	556	341	440	925	640	581	621	486	469	588	1089	821	686	598	1223	189	612	864
3903	PHF10_ENSG00000130024_165261.1	606	242	557	221	207	705	404	653	1156	2169	283	739	1155	759	786	746	1055	1363	653	709
3904	PHF10_ENSG00000130024_165262.2	834	624	895	884	215	1220	587	1124	1368	1787	277	1450	1991	1646	1719	1532	1647	983	1463	1265
3905	PHF10_ENSG00000130024_165263.3	1496	861	1504	409	774	2324	1514	1750	1560	3053	1042	1804	3427	2254	2024	1790	2233	1294	1867	1919
3906	PHF10_ENSG00000130024_165265.5	313	494	394	312	119	550	227	499	588	375	134	538	742	596	622	621	498	331	625	532
3907	PHF10_ENSG00000130024_165266.6	670	769	765	1180	208	736	448	826	1241	2180	354	1223	1322	778	1099	930	1990	1313	1013	1005
3908	PHF11_ENSG00000136147_65603.2	827	585	968	917	384	1528	943	1286	1066	1122	551	1465	2093	1521	1366	1375	1231	1804	1425	1464
3909	PHF11_ENSG00000136147_65605.4	667	2259	842	638	270	1225	542	850	946	265	363	999	1399	1247	1201	997	982	270	1045	1091
3910	PHF11_ENSG00000136147_65606.5	1167	693	1253	912	673	1528	1113	1378	1486	1418	885	1780	2325	1552	1427	1321	1981	347	1489	1602
3911	PHF11_ENSG00000136147_65607.6	1734	1460	1758	1298	744	2314	1657	2087	2827	1561	1177	2634	3432	2598	2259	2010	3216	2677	2172	2685
3912	PHF12_ENSG00000109118_99755.1	727	802	776	260	346	665	661	738	978	295	400	1021	1186	754	906	687	1171	1647	900	1398
3913	PHF12_ENSG00000109118_99756.2	1656	788	1647	900	828	1391	1407	1339	2519	2449	1282	2348	2512	1457	1840	1303	3509	2326	1757	2531
3914	PHF12_ENSG00000109118_99757.3	2399	1134	2215	1646	1731	3126	3086	2292	4077	3886	2306	3589	4266	2630	2661	2044	4425	1918	2579	3177
3915	PHF12_ENSG00000109118_99758.4	770	996	927	297	330	939	942	783	1191	1847	664	1204	1276	779	985	757	1155	810	936	1093
3916	PHF12_ENSG00000109118_99759.5	548	618	566	715	458	594	623	488	643	523	466	576	894	653	678	508	963	303	510	694
3917	PHF12_ENSG00000109118_99760.6	707	230	715	621	113	604	452	672	1372	1572	312	1546	1018	684	878	799	1447	764	868	1203
3918	PHF13_ENSG00000116273_2306.1	313	70	290	456	72	406	245	377	430	1226	162	461	690	534	395	380	246	402	403	533
3919	PHF13_ENSG00000116273_2307.2	1002	454	819	183	445	1315	879	1121	1285	830	626	1110	2006	1239	1305	1097	1791	1136	1225	1232
3920	PHF13_ENSG00000116273_2308.3	583	558	635	255	144	834	402	720	786	1479	241	694	1212	879	912	791	1033	444	953	894
3921	PHF13_ENSG00000116273_2309.4	957	231	900	424	318	1123	790	926	1049	606	514	1038	1829	1321	1299	1118	1406	576	1192	1242
3922	PHF13_ENSG00000116273_2310.5	610	481	593	423	43	372	200	480	676	2010	86	810	958	692	908	789	1094	2735	905	1007
3923	PHF13_ENSG00000116273_2311.6	1270	547	1186	833	603	1298	1130	1105	1669	1090	680	1317	1915	1276	1334	1156	1664	2078	1211	1461
3924	PHF14_ENSG00000106443_163999.1	805	504	784	233	245	1007	646	910	1089	1617	375	1419	1795	1297	1292	1121	1662	756	1270	1487
3925	PHF14_ENSG00000106443_164000.2	884	593	1033	507	591	1545	1028	1231	1391	772	723	1285	2086	1546	1286	1429	1857	778	1304	1421
3926	PHF14_ENSG00000106443_164001.3	1280	1141	1556	546	577	2385	1224	1759	1848	631	805	1968	3253	2255	1980	1824	1987	1524	1857	2179
3927	PHF14_ENSG00000106443_164002.4	1439	963	1434	703	368	1982	1041	1634	2260	3439	498	2439	2945	2412	2124	1926	2097	1276	2108	2101
3928	PHF14_ENSG00000106443_164003.5	993	678	1028	274	581	1248	970	1078	1870	1494	715	1663	1744	1659	1295	1056	1711	790	1015	1526
3929	PHF14_ENSG00000106443_164004.6	1139	612	1233	638	652	1925	1182	1508	1304	2234	845	2256	2442	1950	1718	1475	1141	1441	1487	1548
3930	PHF19_ENSG00000119403_86962.2	1220	1323	1117	884	443	1038	1131	1317	2114	1279	561	1594	2281	1683	1517	1212	1434	1548	1421	1441
3931	PHF19_ENSG00000119403_86963.3	428	283	551	162	138	543	351	436	656	777	189	599	787	596	576	521	795	241	614	612
3932	PHF19_ENSG00000119403_86964.4	826	185	736	857	194	736	604	879	1452	933	359	932	1416	1002	1137	938	2047	691	964	1215
3933	PHF19_ENSG00000119403_86965.5	507	33	489	269	146	591	320	468	1137	461	161	766	977	695	835	684	1711	690	744	843
3934	PHF19_ENSG00000119403_86966.6	732	602	869	775	139	902	349	886	1602	1173	212	1547	1677	1148	1398	1150	2189	1091	1210	1311
3935	PHF2_ENSG00000197724_120125.1	1730	523	1890	786	1354	2657	1864	1953	2236	3410	1445	2278	3317	2256	2025	1979	2243	2022	2082	2298
3936	PHF2_ENSG00000197724_120126.2	1053	472	1090	725	322	953	808	966	1317	2798	606	1666	1762	1289	1383	1124	2933	2538	1350	1333
3937	PHF2_ENSG00000197724_120127.3	1210	441	1370	2504	571	1719	1169	1376	2146	1755	732	2017	2890	2185	2148	1706	1345	1614	2077	2079
3938	PHF2_ENSG00000197724_120128.4	1495	947	1633	1073	1221	2018	1902	1698	2709	1188	1442	2071	2791	1872	1861	1463	1864	2400	1900	1959
3939	PHF2_ENSG00000197724_120129.5	458	143	523	829	182	682	457	538	819	1047	334	504	985	792	670	566	962	1629	674	819
3940	PHF2_ENSG00000197724_120130.6	554	291	569	519	156	556	384	612	891	242	264	792	1191	702	966	684	1765	768	790	880
3941	PHF20_ENSG00000025293_89606.2	602	335	632	233	31	476	191	553	789	1517	80	844	1116	822	1108	902	1601	446	925	979
3942	PHF20_ENSG00000025293_89607.3	1714	575	1785	1135	901	2309	1848	1735	2810	2653	1092	2661	2936	1787	1965	1658	1942	577	1988	2404
3943	PHF20_ENSG00000025293_89608.4	506	548	512	301	66	503	348	416	682	1540	194	689	981	567	713	605	1009	256	663	656
3944	PHF20_ENSG00000025293_89609.5	1357	554	1477	438	539	1716	932	1519	1150	318	664	1759	2490	2097	1684	1517	1459	1236	1541	1702
3945	PHF20_ENSG00000025293_89610.6	1276	1079	1429	1232	191	1391	584	1384	2271	1535	278	2011	2705	2141	2218	1999	1574	3208	1999	2161
3946	PHF20L1_ENSG00000129292_154113.1	1151	1108	1367	1337	327	1684	914	1279	1603	1630	481	1912	2416	1826	1985	1799	1366	1989	1770	1931
3947	PHF20L1_ENSG00000129292_154114.2	1184	916	1190	1208	155	1253	522	1224	1840	1385	276	1862	2019	1749	1802	1524	2670	3143	1735	1767
3948	PHF20L1_ENSG00000129292_154116.4	735	370	804	662	201	1081	542	932	1391	1015	278	1273	1615	1270	1318	1143	1208	1731	1293	1335
3949	PHF20L1_ENSG00000129292_154117.5	601	685	724	717	40	595	198	631	801	1557	69	1105	1372	1345	1412	1229	1449	981	1373	1223
3950	PHF20L1_ENSG00000129292_154118.6	1189	120	1155	810	369	1372	894	1387	2108	1584	522	2116	1997	1684	1620	1370	1842	2637	1686	1926
3951	PHF21A_ENSG00000135365_78203.1	275	388	269	288	11	120	88	245	341	813	42	352	598	339	528	387	798	548	485	510
3952	PHF21A_ENSG00000135365_78204.2	804	461	670	149	168	868	351	866	1143	1196	200	975	1588	1279	1231	1141	892	409	1147	1072
3953	PHF21A_ENSG00000135365_78205.3	1110	355	1108	983	1146	1633	1583	1380	1405	690	1105	1494	2098	1522	1478	1119	2128	889	1183	1320
3954	PHF21A_ENSG00000135365_78206.4	1172	751	1038	841	828	1522	1373	1171	1464	2365	807	1557	2108	1323	1288	1201	1721	1768	1259	1562
3955	PHF21A_ENSG00000135365_78207.5	1322	315	1329	1346	690	1879	1343	1702	1921	1075	749	1665	2682	2031	1937	1634	2135	1148	1571	1674
3956	PHF21A_ENSG00000135365_78208.6	831	627	969	872	331	1060	615	896	1647	2905	419	1359	1613	1192	1094	1153	2252	1638	1159	1322
3957	PHF21B_ENSG00000056487_179135.1	1147	391	1342	980	800	1805	1415	1485	1698	788	941	1800	2343	1795	1555	1356	2033	197	1437	1564
3958	PHF21B_ENSG00000056487_179136.2	1196	428	1249	561	583	1734	1218	1218	1291	1357	797	1573	2333	1947	1586	1355	1212	1144	1460	1653
3959	PHF21B_ENSG00000056487_179137.3	935	417	1044	812	380	1304	684	999	1203	1692	548	1433	1921	1434	1412	1158	1572	1468	1185	1418
3960	PHF21B_ENSG00000056487_179138.4	1537	1291	1786	1054	704	1901	1378	1625	2607	2077	910	1903	2968	1908	1961	1732	2216	2220	1974	2061
3961	PHF23_ENSG00000040633_141142.1	1709	1082	1566	1363	306	2137	979	1745	2225	2772	511	2237	3156	2553	2540	2266	1824	1886	2369	2421
3962	PHF23_ENSG00000040633_141143.2	299	84	285	86	92	376	320	338	1117	810	174	516	695	595	543	446	710	758	466	555
3963	PHF23_ENSG00000040633_141144.3	293	87	372	347	106	315	173	370	322	509	152	511	594	510	430	366	535	808	405	478
3964	PHF23_ENSG00000040633_141145.4	880	404	974	402	156	968	615	953	1383	1871	368	1176	1860	1219	1264	1003	806	459	1171	1640
3965	PHF23_ENSG00000040633_141146.5	285	76	376	284	5	192	39	289	360	763	17	712	520	533	700	651	679	1546	761	702
3966	PHF23_ENSG00000040633_141147.6	462	539	507	496	182	679	385	509	800	1837	332	820	933	571	599	520	1550	696	627	641
3967	PHF3_ENSG00000118482_78633.1	622	454	586	583	142	667	366	646	574	1005	205	822	1250	881	819	886	945	519	987	955
3968	PHF3_ENSG00000118482_78634.2	1438	1256	1456	765	349	2357	1184	1766	2134	2999	641	2199	3368	2513	2409	1987	2078	1545	2289	2185
3969	PHF3_ENSG00000118482_78636.4	561	680	666	64	580	1297	865	830	972	290	447	921	1362	1003	810	734	716	1476	780	901
3970	PHF3_ENSG00000118482_78637.5	1919	950	1985	893	737	2881	1434	2183	2512	3537	903	2469	3970	3084	2740	2378	2541	1930	2523	2650
3971	PHF5A_ENSG00000100410_181204.1	996	603	865	1013	205	501	627	510	1044	1604	441	1557	1256	498	1090	528	722	1707	999	1561
3972	PHF5A_ENSG00000100410_181207.4	923	936	877	981	163	364	506	407	1927	969	405	1808	985	333	1099	402	1450	3608	1030	1738
3973	PHF5A_ENSG00000100410_181208.5	486	402	500	199	84	511	201	443	317	482	136	629	1049	524	758	506	571	481	571	811
3974	PHF5A_ENSG00000100410_181209.6	1130	630	1259	817	402	1306	1035	1111	1920	2637	578	2222	2329	1230	1802	1130	2582	1466	1709	1961
3975	PHF6_ENSG00000156531_172158.1	717	392	849	899	34	662	240	736	1059	1631	89	1237	1502	1243	1509	1319	1996	932	1502	1199
3976	PHF6_ENSG00000156531_172159.2	810	187	995	346	385	1093	846	1017	1238	1101	550	1123	1590	1240	1133	1134	1298	667	1223	1200
3977	PHF6_ENSG00000156531_172160.3	1474	767	1713	1313	529	1805	1050	1576	1833	2103	796	1900	2982	2179	2155	1873	1928	2006	2056	2044
3978	PHF6_ENSG00000156531_172162.5	942	814	1032	854	273	1299	554	1095	1560	1546	342	1441	1877	1343	1309	1118	1670	2214	1362	1177
3979	PHF6_ENSG00000156531_172163.6	756	343	820	730	275	1127	674	974	1103	1852	403	1159	1719	1357	1228	1065	1038	732	1212	1190
3980	PHF7_ENSG00000010318_94304.1	840	714	926	274	233	1070	601	1052	1881	2207	322	1481	2003	1394	1375	1282	2158	980	1311	1762
3981	PHF7_ENSG00000010318_94305.2	1574	909	1935	1179	1042	2457	1819	2051	3434	4329	1293	2601	3227	2664	2391	2034	3415	2162	2334	2445
3982	PHF7_ENSG00000010318_94306.3	591	181	552	183	89	492	293	508	1257	2165	157	775	1015	683	826	767	852	1954	796	820
3983	PHF7_ENSG00000010318_94307.4	797	661	798	862	389	1262	831	1162	1887	1767	562	1623	1747	1520	1355	1219	2076	742	1281	1369
3984	PHF7_ENSG00000010318_94308.5	627	783	628	991	176	650	440	644	818	2601	242	1347	1229	884	925	751	1616	485	887	1139
3985	PHF7_ENSG00000010318_94309.6	530	160	530	239	177	723	500	599	547	525	306	1014	1411	919	832	753	875	913	856	851
3986	PHF8_ENSG00000172943_179675.1	1734	898	1802	587	991	2847	1730	1977	1954	2731	1039	2194	3369	2553	2246	2007	3150	1975	2042	2258
3987	PHF8_ENSG00000172943_179677.3	1326	799	1262	284	867	2031	1573	1669	1589	795	992	1911	2794	1990	1734	1525	1987	1541	1614	1672
3988	PHF8_ENSG00000172943_179678.4	761	542	685	392	139	755	457	717	1312	889	277	968	1178	784	920	786	1369	1105	819	1101
3989	PHF8_ENSG00000172943_179680.6	726	248	642	547	217	663	484	529	806	1137	230	916	1414	719	945	677	873	1588	775	928
3990	PHIP_ENSG00000146247_22434.1	524	88	503	479	73	469	301	476	499	256	179	550	960	639	681	563	661	245	696	628
3991	PHIP_ENSG00000146247_22435.2	2370	1630	2615	1604	1101	3787	2024	2789	3729	4030	1311	3564	4520	3853	3400	3015	4320	3899	3291	3462
3992	PHIP_ENSG00000146247_22436.3	708	268	659	304	342	1003	757	898	1238	1482	481	1038	1269	1173	1041	962	1136	279	1027	1029
3993	PHIP_ENSG00000146247_22437.4	327	103	286	218	75	504	252	404	318	1000	126	588	631	651	470	449	747	1156	436	424
3994	PHIP_ENSG00000146247_22438.5	1387	1141	1503	1818	267	1703	747	1555	2087	2547	440	2096	2907	2336	2399	1918	2841	1234	2097	2077
3995	PHIP_ENSG00000146247_22439.6	1837	415	1717	1135	882	2442	1707	1953	1890	3037	1234	2313	3611	2463	2284	2003	3167	2808	2406	2468
3996	PHRF1_ENSG00000070047_58006.1	1623	349	1599	1161	889	2515	1349	1866	1533	221	1004	2177	3262	2523	2097	1994	3207	1398	2126	2159
3997	PHRF1_ENSG00000070047_58007.2	753	358	544	362	97	500	364	492	1297	1122	170	774	1010	788	939	762	1347	1091	794	836
3998	PHRF1_ENSG00000070047_58008.3	1926	1282	1912	1158	1956	3815	2809	2518	2361	3351	1990	2174	4150	2950	2528	2268	2836	866	2410	2642
3999	PHRF1_ENSG00000070047_58009.4	1067	163	1167	816	378	1274	1006	1048	1702	763	650	1195	1862	1199	1267	1022	1817	393	1182	1527
4000	PHRF1_ENSG00000070047_58010.5	237	378	190	340	42	201	70	200	348	452	45	330	447	426	420	335	630	1014	411	357
4001	PHRF1_ENSG00000070047_58011.6	506	83	484	67	101	585	209	550	571	1592	103	748	881	587	696	657	651	707	613	728
4002	PIAS1_ENSG00000033800_155694.1	862	692	1077	557	449	1362	789	994	1038	1983	496	1182	2070	1287	1184	1129	1518	509	1089	1065
4003	PIAS1_ENSG00000033800_155696.3	1001	476	993	1020	130	884	424	948	1097	844	231	1034	2003	1406	1349	1139	1730	739	1308	1161
4004	PIAS1_ENSG00000033800_155697.4	518	294	615	227	147	800	460	755	914	1062	190	955	1762	1107	1121	924	578	1582	1047	1010
4005	PIAS1_ENSG00000033800_155699.6	523	410	592	185	413	1057	708	770	965	901	549	721	1389	1023	684	783	652	833	734	884
4006	PIAS2_ENSG00000078043_93191.1	633	339	624	327	472	954	707	850	975	758	456	816	1245	803	749	799	785	237	711	739
4007	PIAS2_ENSG00000078043_93192.2	1178	638	1570	594	776	1971	1662	1501	2276	2139	961	1842	2552	1792	1732	1494	2373	2311	1611	1806
4008	PIAS2_ENSG00000078043_93193.3	627	695	797	436	35	646	270	676	828	1404	86	921	1494	1194	1319	1125	1123	2246	1265	930
4009	PIAS2_ENSG00000078043_93194.4	361	257	433	215	38	495	176	473	565	1675	111	551	896	677	831	681	848	501	721	628
4010	PIAS2_ENSG00000078043_93195.5	1200	839	1225	627	495	1554	1055	1252	1416	1167	700	1624	2296	1693	1722	1524	2211	2345	1559	1554
4011	PIAS2_ENSG00000078043_93196.6	1074	872	959	1285	595	1435	1113	1396	1335	135	848	1267	1935	1767	1404	1167	1492	1769	1349	1377
4012	PIAS3_ENSG00000131788_60646.1	619	684	701	881	229	882	488	724	882	1237	273	830	1299	853	1068	919	999	1229	922	1103
4013	PIAS3_ENSG00000131788_60647.2	901	254	962	489	375	1210	873	1085	2249	2177	610	1413	1966	1276	1216	1013	1661	1389	1239	1333
4014	PIAS3_ENSG00000131788_60648.3	513	98	455	219	212	575	421	441	439	522	351	653	1024	647	652	485	686	383	576	753
4015	PIAS3_ENSG00000131788_60650.5	751	546	809	583	236	892	714	819	1020	1796	449	1196	1326	928	1023	820	2413	699	962	1003
4016	PIAS3_ENSG00000131788_60651.6	2382	1128	2494	1561	1386	4162	2626	2797	3717	4932	1655	3580	5001	4046	3235	3087	3459	3697	3077	2889
4017	PIAS4_ENSG00000105229_141152.1	2112	1692	2128	1630	757	2920	1717	2371	2007	3154	1195	2828	4336	3344	2763	2735	2864	4100	2783	2959
4018	PIAS4_ENSG00000105229_141153.2	614	40	669	687	212	763	392	763	776	1194	223	1035	1345	1148	892	861	1276	568	797	779
4019	PIAS4_ENSG00000105229_141155.4	1372	423	1425	555	328	1450	1058	1312	1963	767	762	1604	2151	1588	1464	1584	1209	783	1576	1758
4020	PIAS4_ENSG00000105229_141156.5	1046	707	944	913	239	1352	638	1272	1640	591	405	1401	2396	1581	1615	1340	1909	537	1417	1597
4021	PKN1_ENSG00000123143_68163.1	2477	1794	2791	1774	926	3173	2202	2758	4478	5691	1315	4141	4986	3234	3865	3071	4788	4568	3415	4157
4022	PKN1_ENSG00000123143_68164.2	611	583	706	730	57	460	216	626	1039	2524	149	983	952	681	1060	788	2039	837	902	1094
4023	PKN1_ENSG00000123143_68166.4	885	447	983	713	167	901	419	934	1337	4056	230	1641	1578	1222	1370	1165	1438	1661	1316	1226
4024	PKN1_ENSG00000123143_68167.5	1489	599	1541	839	405	1759	875	1403	3630	2217	578	1733	2844	1889	1981	1700	2381	2003	2066	2026
4025	PKN1_ENSG00000123143_68168.6	501	79	566	880	35	295	146	390	445	2019	73	697	639	646	854	673	1023	927	746	625
4026	PKNOX1_ENSG00000160199_146960.1	1169	708	1189	1694	240	1581	937	1430	2100	3092	456	1989	2314	1789	2033	1774	2118	3991	1743	2094
4027	PKNOX1_ENSG00000160199_146961.2	1152	655	1238	1018	327	1198	848	1194	2444	3133	445	2077	2311	1437	1840	1459	2665	2941	1648	1988
4028	PKNOX1_ENSG00000160199_146962.3	1291	1485	1344	1029	645	1646	1152	1478	2151	1755	841	1831	2461	1627	1778	1399	2651	2295	1593	1911
4029	PKNOX1_ENSG00000160199_146963.4	1514	802	1369	807	650	1685	1162	1163	2195	1643	1035	1832	2092	1711	1481	1286	1890	1349	1433	1422
4030	PKNOX1_ENSG00000160199_146964.5	1336	800	1277	979	488	1408	1190	1485	2269	2479	850	1601	2328	1192	1579	1285	3241	3021	1546	1532
4031	PKNOX1_ENSG00000160199_146965.6	589	496	636	477	119	517	298	561	666	517	183	798	1068	683	800	726	1358	2278	790	762
4032	PNMT_ENSG00000141744_141885.2	749	313	764	688	321	963	588	723	1280	1874	377	917	1428	972	968	801	1628	742	1020	1258
4033	PNMT_ENSG00000141744_141886.3	477	242	547	443	95	528	382	580	955	1917	181	633	1210	730	808	635	1387	494	735	659
4034	PNMT_ENSG00000141744_141887.4	1165	1538	1029	933	112	983	444	1028	1527	1481	256	1565	1953	1514	1725	1492	2731	2283	1566	1761
4035	PNMT_ENSG00000141744_141888.5	737	706	930	596	624	1065	1013	958	1267	910	710	1172	1500	913	859	809	890	1296	958	997
4036	PNMT_ENSG00000141744_141889.6	720	420	786	288	207	1091	614	833	1262	1026	464	864	1381	1047	966	731	1487	705	893	949
4037	POGZ_ENSG00000143442_102933.1	1205	664	1048	716	411	1558	996	1204	949	802	582	1640	2334	1461	1514	1263	2396	460	1443	1650
4038	POGZ_ENSG00000143442_102934.2	608	441	677	302	491	1171	887	748	721	840	494	1127	1403	993	980	749	1425	631	778	1026
4039	POGZ_ENSG00000143442_102935.3	318	144	338	778	32	318	149	343	704	1314	79	638	801	590	720	576	1030	173	664	617
4040	POGZ_ENSG00000143442_102936.4	1182	1243	1342	1683	724	1710	1411	1519	1313	1187	900	1638	2462	1850	1502	1341	1900	790	1506	1687
4041	POGZ_ENSG00000143442_102938.6	1123	605	1242	738	703	1636	1154	1176	1637	1267	709	1620	2218	1565	1274	1344	1648	1215	1329	1495
4042	POLE3_ENSG00000148229_183757.1	568	444	611	159	231	934	478	608	1113	863	299	925	1011	706	731	660	1047	1014	659	813
4043	POLE3_ENSG00000148229_183758.2	833	561	850	510	266	805	719	814	901	1221	576	1232	1460	1134	1139	847	1801	2573	1063	1015
4044	POLE3_ENSG00000148229_183759.3	1100	1121	1074	335	386	1475	790	1280	1916	1357	463	1729	2238	1729	1574	1475	1929	1055	1554	1713
4045	POLE3_ENSG00000148229_183760.4	1093	523	1242	478	436	1533	900	1300	1784	1738	635	1451	2483	1938	1615	1368	2293	2477	1542	1795
4046	POLE3_ENSG00000148229_183761.5	457	184	348	175	209	554	441	422	615	689	301	462	753	432	503	409	775	482	447	456
4047	POLE3_ENSG00000148229_183762.6	559	269	596	707	144	815	393	647	925	1676	207	896	1006	792	732	742	1413	1112	854	809
4048	POLQ_ENSG00000051341_194911.1	1229	1141	1272	869	191	1280	665	1285	1272	1144	397	1660	2588	2114	2034	1876	2251	1613	1778	1689
4049	POLQ_ENSG00000051341_194912.2	1568	1697	1684	1280	914	2886	1686	2165	2292	1659	1117	2347	3549	2948	2396	2277	2757	1149	2346	2235
4050	POLQ_ENSG00000051341_194913.3	642	326	663	509	328	767	564	738	1498	1810	335	1146	1385	879	922	780	1260	2433	842	1086
4051	POLQ_ENSG00000051341_194914.4	1566	872	1795	862	648	2577	1341	2013	2223	1863	896	2392	3542	2538	2241	1829	2345	1203	2135	1867
4052	POLQ_ENSG00000051341_194915.5	681	270	499	689	247	633	670	570	1328	711	410	818	1105	663	783	635	1006	550	717	866
4053	POLQ_ENSG00000051341_194916.6	1328	1348	1479	994	983	2617	1708	1765	1984	1865	1189	1818	2972	2046	1822	1666	1440	1768	1727	1818
4054	POLR1B_ENSG00000125630_154804.1	805	339	841	619	110	975	358	754	716	922	213	877	1503	1371	1210	1086	1221	673	1129	1024
4055	POLR1B_ENSG00000125630_154805.2	417	376	343	549	31	202	129	236	690	874	49	558	537	262	557	376	683	1613	604	548
4056	POLR1B_ENSG00000125630_154806.3	681	192	638	61	216	544	489	449	900	475	326	685	838	472	758	469	725	980	679	733
4057	POLR1B_ENSG00000125630_154807.4	252	381	259	82	107	215	153	178	323	251	145	407	457	170	331	213	332	312	278	303
4058	POLR1B_ENSG00000125630_154808.5	1020	620	951	958	141	1232	452	1087	1025	1314	189	1534	2150	1750	2149	1854	2638	1357	1899	1391
4059	POLR1B_ENSG00000125630_154809.6	439	562	467	262	72	316	253	313	535	806	127	684	595	316	588	384	755	747	586	528
4060	POLR2A_ENSG00000181222_34294.1	551	47	565	259	65	147	279	302	538	855	212	693	422	214	631	371	717	313	651	590
4061	POLR2A_ENSG00000181222_34296.3	384	76	356	216	31	91	162	214	325	1620	70	654	289	197	615	314	477	512	593	691
4062	POLR2A_ENSG00000181222_34297.4	1345	655	1231	560	198	499	658	636	906	1162	398	1334	760	520	1318	719	911	725	1343	1223
4063	POLR2A_ENSG00000181222_34299.6	1352	739	1428	1074	255	969	734	1058	1773	2387	407	1844	1958	1181	1977	1228	2549	1403	1888	1808
4064	POLR2B_ENSG00000047315_201619.1	1591	1142	1905	976	318	1922	1019	1848	2235	2991	636	2535	3452	2750	2566	2360	3401	2964	2396	2450
4065	POLR2B_ENSG00000047315_201621.3	728	526	690	534	118	311	628	544	1459	3408	375	1874	700	380	977	647	2032	1029	1218	1326
4066	POLR2B_ENSG00000047315_201622.4	513	98	508	507	165	196	398	457	593	769	312	950	512	287	700	372	965	1394	701	920
4067	POLR2B_ENSG00000047315_201623.5	1538	742	1759	883	1128	2806	2298	1963	2714	3441	1475	2433	3509	2513	2092	1763	2311	1507	2053	2166
4068	POLR2B_ENSG00000047315_201624.6	844	812	979	550	555	1460	875	1098	1229	2606	665	1323	1827	1057	1224	1035	1259	1433	1161	1519
4069	POLR2C_ENSG00000102978_125302.1	175	198	121	134	53	78	115	66	320	204	85	279	90	77	150	96	208	273	218	299
4070	POLR2C_ENSG00000102978_125303.2	1993	804	1834	1229	435	716	1130	1283	2631	4616	846	4141	2049	819	2481	1373	4107	4214	2777	3783
4071	POLR2C_ENSG00000102978_125304.3	1723	883	1891	774	804	1778	1562	1855	3316	4103	1054	2533	2975	1873	2221	1816	2113	3441	2348	2557
4072	POLR2C_ENSG00000102978_125305.4	869	546	998	1705	96	563	315	678	1701	2390	228	1514	1316	620	1367	863	1535	1199	1290	1661
4073	POLR2C_ENSG00000102978_125306.5	1196	572	1236	711	598	1710	885	1307	1180	1302	636	1519	2073	1607	1689	1345	1290	2947	1360	1466
4074	POLR2C_ENSG00000102978_125307.6	1161	465	1096	600	720	1182	1338	1075	1899	1684	1234	1779	1836	931	1170	861	1611	434	1196	1542
4075	POLR2D_ENSG00000144231_48071.1	961	185	811	451	188	313	507	490	591	1527	371	1419	597	272	941	495	1152	1108	926	1006
4076	POLR2D_ENSG00000144231_48072.2	391	83	247	477	38	91	163	149	419	77	117	383	254	90	346	189	671	259	329	352
4077	POLR2D_ENSG00000144231_48075.5	705	180	711	380	230	609	635	624	852	2160	363	1523	1261	531	985	621	792	1171	1119	1249
4078	POLR2D_ENSG00000144231_48076.6	687	508	715	550	308	1258	781	1053	718	761	386	1177	1744	1130	1111	955	643	283	1066	982
4079	POLR2E_ENSG00000099817_131700.2	855	432	950	423	218	392	624	579	1031	1309	491	2026	1039	598	1027	653	1469	1752	1173	1774
4080	POLR2E_ENSG00000099817_131701.3	409	435	363	516	10	130	107	220	729	2610	58	954	452	208	602	330	961	1010	642	694
4081	POLR2E_ENSG00000099817_131702.4	614	171	618	505	149	248	310	356	660	285	325	1055	504	249	599	336	645	825	660	898
4082	POLR2E_ENSG00000099817_131703.5	418	81	465	172	269	386	580	401	783	1086	396	706	779	363	522	400	539	1435	566	628
4083	POLR2F_ENSG00000100142_135708.2	1271	1114	1157	1118	637	1128	1379	1086	1821	1030	1097	2320	1853	1084	1501	1130	1966	1425	1579	2151
4084	POLR2F_ENSG00000100142_135709.3	1037	266	1101	674	325	917	966	988	1555	2156	689	1975	1599	818	1299	738	1490	1035	1317	1759
4085	POLR2F_ENSG00000100142_135710.4	764	396	933	544	75	342	302	451	1042	666	153	1240	845	531	973	614	1226	1058	987	1210
4086	POLR2F_ENSG00000100142_135711.5	1354	534	1156	564	312	330	949	815	1252	2206	854	2577	1119	401	1357	671	1058	1430	1408	1811
4087	POLR2F_ENSG00000100142_135712.6	1337	713	1500	1240	934	2273	1959	1670	2765	1954	1305	2469	2770	2011	1802	1602	2416	2033	1746	2110
4088	POLR2G_ENSG00000168002_89025.1	1016	197	875	917	245	186	772	563	665	2472	592	1961	687	153	980	598	698	1320	1211	1747
4089	POLR2G_ENSG00000168002_89026.2	196	179	214	186	59	112	128	123	183	66	89	547	117	70	318	141	547	955	286	362
4090	POLR2G_ENSG00000168002_89027.3	1329	1020	1134	1262	686	1029	1543	1095	2689	2638	1012	2085	1981	836	1390	1036	1523	2301	1562	1709
4091	POLR2G_ENSG00000168002_89029.5	1941	724	1662	1207	276	287	1120	894	1980	4167	756	2783	1259	368	1801	826	2567	1988	2091	2723
4092	POLR2G_ENSG00000168002_89030.6	307	126	264	440	23	66	83	106	459	803	78	593	153	69	347	199	233	260	367	443
4093	POLR2H_ENSG00000163882_151013.1	458	163	355	505	126	136	337	265	293	716	261	781	386	185	395	240	252	297	490	545
4094	POLR2H_ENSG00000163882_151014.2	1450	786	1538	1029	552	1128	1478	1094	1757	1910	997	2659	2565	855	1820	1114	1319	3265	1718	2730
4095	POLR2H_ENSG00000163882_151015.3	901	103	770	844	447	369	1016	615	830	1623	789	2248	958	417	981	506	732	1923	1118	1693
4096	POLR2H_ENSG00000163882_151016.4	488	299	532	240	27	183	135	318	722	3638	62	1211	565	215	820	417	591	2142	940	1121
4097	POLR2H_ENSG00000163882_151017.5	677	90	498	670	497	309	735	374	691	947	571	1088	717	261	527	337	586	284	638	892
4098	POLR2J_ENSG00000005075_112820.1	342	201	366	452	65	370	217	370	792	242	119	746	764	437	584	475	1105	637	609	689
4099	POLR2J_ENSG00000005075_112822.3	1006	327	976	757	231	1085	754	956	1559	3411	426	1559	1648	922	1271	1090	1690	1183	1258	1462
4100	POLR2J_ENSG00000005075_112823.4	1451	1232	1212	1007	328	1518	907	1376	2161	1483	599	1815	2581	1579	1910	1461	2274	782	1795	1889
4101	POLR2J_ENSG00000005075_112824.5	735	544	814	748	92	607	326	622	1126	1637	154	1012	1638	952	1339	1022	2064	1160	1294	1348
4102	POLR2J2_ENSG00000228049_52728.9	477	280	488	361	43	408	194	379	469	101	92	477	829	645	698	535	626	891	617	612
4103	POLR2J2_ENSG00000228049_52729.1	671	87	826	471	357	1175	804	1030	1136	905	386	937	1479	1100	1057	957	918	1137	943	1079
4104	POLR2J2_ENSG00000267645_193072.1	640	131	630	104	133	805	354	550	661	221	224	708	1102	866	854	752	581	433	833	727
4105	POLR2J2_ENSG00000267645_193073.2	932	1024	1078	441	727	1676	1269	1058	1430	1247	665	1524	1902	1607	1339	1250	2191	2051	1118	1141
4106	POLR2J2_ENSG00000267645_193074.3	1148	1141	1248	729	405	1699	936	1346	1717	1823	524	1815	2479	2070	1688	1591	1959	758	1611	1543
4107	POLR2J2_ENSG00000267645_193076.5	729	62	776	357	471	1373	820	871	1069	120	611	871	1338	1070	918	818	806	318	843	956
4108	POLR2J2_ENSG00000267645_193077.6	292	321	294	64	44	136	204	181	246	277	150	432	374	137	299	173	602	159	341	464
4109	POLR2J3_ENSG00000168255_189809.1	1882	1340	1849	1609	2632	3398	3363	2252	2738	2732	2331	2354	4297	2681	2357	2100	2181	1550	2114	2303
4110	POLR2J3_ENSG00000168255_189810.2	255	197	242	137	19	216	104	196	204	457	48	353	358	316	417	345	523	907	410	329
4111	POLR2J3_ENSG00000168255_189811.3	1946	1238	2001	1107	921	2168	1569	1999	2959	3180	1146	2245	3396	2810	2516	2169	2598	1810	2281	2466
4112	POLR2J3_ENSG00000168255_189812.4	2233	1104	2335	1216	1121	3494	2300	2993	3599	2795	1751	2910	4621	3421	3035	2481	3835	2099	2935	2981
4113	POLR2J3_ENSG00000168255_189814.6	211	153	141	161	7	157	30	165	288	509	18	344	366	307	380	313	1077	341	334	243
4114	POLR2K_ENSG00000147669_182116.2	462	97	369	368	120	139	397	248	362	662	300	690	257	155	400	260	311	829	483	541
4115	POLR2K_ENSG00000147669_182117.3	584	67	569	247	43	522	223	547	692	1124	102	865	1243	964	894	870	763	501	905	836
4116	POLR2K_ENSG00000147669_182118.4	548	535	638	343	100	823	408	655	861	1243	170	852	1331	1065	940	819	1024	295	917	1011
4117	POLR2K_ENSG00000147669_182119.5	276	209	321	787	18	202	154	261	563	1393	65	649	597	262	666	310	760	1172	590	577
4118	POLR2L_ENSG00000177700_731.3	1401	425	1298	677	901	608	1488	1079	2103	2259	1127	2320	1603	478	1521	881	1679	1665	1645	2374
4119	POLR2L_ENSG00000177700_732.4	1655	1128	1570	709	251	1048	772	1166	2085	2081	470	2291	2314	1367	2067	1600	3405	2201	2047	2161
4120	POLR2L_ENSG00000177700_733.5	1187	669	1200	223	741	845	1386	950	3125	1460	986	1295	1806	813	1304	958	2158	2314	1224	1838
4121	POP7_ENSG00000172336_130471.2	1945	1322	1967	1240	1108	2633	2178	2098	3534	2013	1765	2346	3448	2333	2330	1968	3034	1717	2246	2523
4122	POP7_ENSG00000172336_130472.3	1039	518	1033	487	218	969	560	915	896	460	351	1324	1978	1574	1439	1439	1516	715	1190	1318
4123	POP7_ENSG00000172336_130473.4	106	143	152	291	3	27	19	39	47	754	2	94	110	83	250	193	551	999	236	162
4124	POP7_ENSG00000172336_130474.5	1631	524	1572	1555	774	1656	1526	1499	2199	1988	891	2250	3230	1680	2131	1533	2752	3033	2008	2123
4125	PPARGC1A_ENSG00000109819_82276.1	576	251	595	362	251	855	501	631	1058	1240	338	1056	1435	864	928	920	1304	284	811	846
4126	PPARGC1A_ENSG00000109819_82277.2	655	233	647	74	297	1022	579	799	1051	2524	405	953	1313	978	1055	838	1033	839	904	985
4127	PPARGC1A_ENSG00000109819_82278.3	610	735	651	549	108	564	215	604	874	2620	150	854	1254	731	923	759	1030	1531	884	926
4128	PPARGC1A_ENSG00000109819_82279.4	955	993	1059	687	541	1412	932	1102	1141	2901	652	1234	1816	1263	1384	1143	1610	775	1175	1376
4129	PPARGC1A_ENSG00000109819_82280.5	2567	938	2876	1884	2113	5206	3803	3625	3493	3494	2701	3989	5870	4501	3668	3350	4623	1782	3442	3933
4130	PPHLN1_ENSG00000134283_136489.1	1199	649	1226	1156	447	1591	1014	1239	2094	4283	613	1812	2436	1395	1613	1354	1588	1338	1546	1636
4131	PPHLN1_ENSG00000134283_136490.2	1873	1137	1988	2462	414	1885	976	1856	2009	2413	613	2358	3663	2843	3015	2658	3516	1894	2710	2437
4132	PPHLN1_ENSG00000134283_136491.3	793	319	798	413	291	1061	613	919	949	447	368	936	1769	1207	1148	973	944	1197	991	1133
4133	PPHLN1_ENSG00000134283_136492.4	262	83	281	132	89	307	230	315	387	485	139	402	582	388	391	322	534	298	390	417
4134	PPHLN1_ENSG00000134283_136493.5	2394	1203	2503	2901	894	2639	2259	2177	3290	3100	1407	3098	4273	2610	2953	2457	5491	2478	2815	3264
4135	PPHLN1_ENSG00000134283_136494.6	2918	1871	3083	1381	1417	4419	2734	3576	3961	4469	1844	4061	6392	4545	4091	3565	3613	2839	4118	3861
4136	PPIB_ENSG00000166794_131332.1	668	330	659	407	392	768	711	605	767	560	454	1061	1108	758	780	591	2382	1500	755	826
4137	PPIB_ENSG00000166794_131333.2	487	87	442	571	22	242	68	251	565	1527	54	480	592	409	886	643	1441	1362	717	641
4138	PPIB_ENSG00000166794_131334.3	570	456	519	501	202	630	419	544	1394	1384	287	810	864	663	728	681	1169	799	692	850
4139	PPIB_ENSG00000166794_131335.4	403	714	390	207	60	310	203	289	951	1804	113	767	783	574	619	498	863	986	535	599
4140	PPIB_ENSG00000166794_131336.5	933	410	1039	684	278	1355	698	1257	1499	942	431	1512	1876	1293	1433	1201	2454	1147	1257	1258
4141	PPIB_ENSG00000166794_131337.6	397	214	358	450	141	601	388	402	646	860	253	627	1018	682	651	620	953	575	563	562
4142	PPP4C_ENSG00000149923_112560.1	997	837	962	431	239	824	430	848	909	876	321	1294	1359	858	1083	835	1904	1189	1139	1311
4143	PPP4C_ENSG00000149923_112561.2	493	285	443	364	255	660	495	511	796	789	321	674	965	554	667	568	1004	1454	597	649
4144	PPP4C_ENSG00000149923_112562.3	589	444	445	165	359	570	539	653	1099	779	374	854	806	529	635	450	822	857	639	661
4145	PPP4C_ENSG00000149923_112563.4	689	201	712	361	123	683	424	605	1010	1409	293	1274	1011	930	1043	904	1962	280	1012	1140
4146	PPP4C_ENSG00000149923_112564.5	670	283	819	423	378	1261	787	951	627	445	602	1245	1958	1072	963	856	1159	344	959	947
4147	PPP5C_ENSG00000011485_123650.1	988	481	800	242	230	800	303	763	691	1325	209	1036	1514	1139	1036	998	1069	2350	979	1004
4148	PPP5C_ENSG00000011485_123651.2	562	197	597	482	182	730	341	568	1150	1365	190	1109	1268	867	853	755	1486	849	986	1028
4149	PPP5C_ENSG00000011485_123652.3	301	325	336	432	38	327	139	270	455	116	66	420	471	415	438	363	375	666	431	355
4150	PPP5C_ENSG00000011485_123653.4	410	817	420	300	37	358	132	377	613	2152	65	758	562	440	567	393	1409	1119	662	882
4151	PPP5C_ENSG00000011485_123654.5	1252	806	1239	922	345	1718	1015	1426	2391	4489	481	2445	2760	1969	2011	1628	3465	3034	1820	2343
4152	PPP5C_ENSG00000011485_123655.6	1169	539	1225	1042	338	1439	892	1328	2231	2137	530	1887	2353	1770	1792	1530	2305	3593	1634	2151
4153	PPP5D1_ENSG00000230510_171358.1	1564	915	1703	563	764	2326	1593	1824	1693	2198	1098	2442	3549	2554	2195	2155	2673	1936	1947	2322
4154	PPP5D1_ENSG00000230510_171359.2	1458	686	1867	628	970	2764	1605	2050	2683	1441	1120	2133	3360	2819	2156	2182	2957	888	2100	2180
4155	PPP5D1_ENSG00000230510_171360.3	1694	527	1873	204	1194	2565	1925	2156	2388	936	1576	2184	3357	2714	2281	1887	1954	2104	1965	2051
4156	PPP5D1_ENSG00000230510_171361.4	2815	1565	2830	1575	1686	3735	2737	3247	3609	3288	2309	3998	5421	3514	3310	3036	3425	2615	3305	3824
4157	PPP5D1_ENSG00000230510_171362.5	1708	958	1516	1325	473	2280	1246	1827	2473	2405	844	3234	3574	2591	2502	2049	2662	3121	2364	2406
4158	PPP5D1_ENSG00000230510_171363.6	740	1732	710	878	200	993	499	754	1693	2904	342	1256	1254	1125	974	827	1541	1016	959	1110
4159	PRDM1_ENSG00000057657_144688.1	734	156	719	654	223	998	541	951	1073	1616	353	1347	1715	1098	1086	945	1241	492	1068	1187
4160	PRDM1_ENSG00000057657_144689.2	852	282	783	440	185	856	554	851	971	1910	338	1117	1495	1166	1227	982	1291	1736	1122	1090
4161	PRDM1_ENSG00000057657_144690.3	1452	540	1602	935	451	1620	1081	1422	2068	2084	755	1832	2546	2093	2119	1754	3233	1629	1782	2110
4162	PRDM1_ENSG00000057657_144691.4	1059	668	1151	380	474	1456	1015	1278	2011	2121	568	1517	2129	1681	1745	1336	2367	2648	1524	1671
4163	PRDM1_ENSG00000057657_144692.5	348	506	411	838	16	200	78	321	1086	655	34	726	586	438	730	547	946	1527	684	568
4164	PRDM1_ENSG00000057657_144693.6	524	461	463	264	123	619	308	525	601	875	169	691	871	611	727	655	1200	1348	784	858
4165	PRDM10_ENSG00000170325_119999.1	766	110	816	143	271	1000	667	876	1586	1439	392	957	1470	1124	1039	1077	973	613	976	1205
4166	PRDM10_ENSG00000170325_120000.2	390	158	444	701	49	379	212	466	919	296	119	611	864	598	676	579	956	916	694	695
4167	PRDM10_ENSG00000170325_120001.3	208	165	253	314	48	203	172	228	63	415	69	316	445	319	349	277	496	254	309	484
4168	PRDM10_ENSG00000170325_120002.4	1948	748	2073	1176	1211	2824	2481	2233	3868	3740	1595	2240	3740	2175	2325	1934	3422	3444	2275	2203
4169	PRDM10_ENSG00000170325_120003.5	1106	408	1204	657	423	1265	740	1069	2630	2084	532	1297	1959	1279	1292	1075	2175	1295	1183	1149
4170	PRDM11_ENSG00000019485_185253.1	946	655	934	564	402	1302	812	953	1679	766	543	1436	1574	1156	1175	941	1512	933	1107	1301
4171	PRDM11_ENSG00000019485_185254.2	1287	594	1176	944	169	1189	480	1180	1674	1105	348	1713	2094	1800	1958	1490	2966	1926	1747	1759
4172	PRDM11_ENSG00000019485_185255.3	132	157	186	140	47	295	122	184	260	190	81	242	253	239	182	190	179	420	207	185
4173	PRDM11_ENSG00000019485_185256.4	1997	1585	2009	1548	524	2005	1327	1904	2232	2221	755	2610	3380	2530	2460	2242	2644	2761	2300	2528
4174	PRDM11_ENSG00000019485_185257.5	323	98	380	103	183	371	277	383	484	1096	173	568	618	457	380	326	714	1	369	514
4175	PRDM11_ENSG00000019485_185258.6	1108	821	1270	540	872	2134	1350	1446	1922	2506	955	1554	2211	1703	1636	1422	2131	1868	1419	1409
4176	PRDM12_ENSG00000130711_196250.1	270	107	315	820	28	221	76	182	379	816	57	297	521	308	426	319	479	585	380	277
4177	PRDM12_ENSG00000130711_196251.2	895	535	1030	1554	729	1142	1200	933	1828	1282	861	1034	1364	1122	1097	877	2263	775	994	1225
4178	PRDM12_ENSG00000130711_196252.3	1277	633	1025	1266	682	1790	1311	1499	1808	1550	918	1637	2256	1598	1664	1407	3060	1960	1495	1557
4179	PRDM12_ENSG00000130711_196253.4	1684	713	1867	944	540	2008	1307	1757	3144	2565	924	2336	3145	2106	2216	1998	3097	2667	2134	2500
4180	PRDM12_ENSG00000130711_196255.6	1121	998	1079	535	339	1321	926	1204	2454	2640	539	1806	2211	1575	1408	1337	1627	1305	1432	1391
4181	PRDM13_ENSG00000112238_84309.1	435	248	354	386	101	413	259	353	548	675	149	509	721	584	548	461	260	1408	501	443
4182	PRDM13_ENSG00000112238_84310.2	528	222	633	493	248	814	783	675	562	259	571	772	1342	896	833	660	1525	812	745	756
4183	PRDM13_ENSG00000112238_84311.3	883	348	878	208	543	1424	1013	990	1124	750	739	1269	1692	1483	1048	1154	1166	448	1175	1082
4184	PRDM13_ENSG00000112238_84313.5	700	253	840	4126	129	940	419	983	752	1098	250	1096	1674	1306	1200	1084	802	871	1187	1124
4185	PRDM13_ENSG00000112238_84314.6	1206	838	1154	652	1337	1829	1702	1445	1357	859	1261	1455	2152	1553	1432	1297	2120	832	1386	1478
4186	PRDM14_ENSG00000147596_151593.3	413	487	466	96	40	538	192	432	573	1233	96	705	794	694	719	593	698	542	719	571
4187	PRDM14_ENSG00000147596_151595.5	468	535	495	354	20	432	138	518	831	1616	81	685	955	675	837	781	1447	253	820	764
4188	PRDM14_ENSG00000147596_151596.6	608	306	649	609	139	957	447	932	984	1394	275	1218	1696	1208	1091	1140	1268	1179	1234	912
4189	PRDM15_ENSG00000141956_137226.1	1460	892	1412	975	720	2625	1359	2019	2608	3035	978	2174	3433	2527	2229	2113	2179	322	2096	1978
4190	PRDM15_ENSG00000141956_137227.2	1037	565	953	524	678	1170	1144	1011	1332	2739	934	1509	1844	1329	1222	1111	2458	1003	1188	1298
4191	PRDM15_ENSG00000141956_137228.3	328	211	298	163	160	426	243	312	552	298	126	429	645	430	420	420	356	649	399	481
4192	PRDM15_ENSG00000141956_137230.5	1229	705	1229	256	559	1250	1373	1178	1817	1368	938	1548	1781	1091	1252	1059	2293	1224	1221	1721
4193	PRDM15_ENSG00000141956_137231.6	67	84	102	263	7	78	68	60	120	599	34	128	75	66	102	67	620	260	113	166
4194	PRDM16_ENSG00000142611_160184.1	1026	613	931	409	429	1177	915	958	1651	1721	607	1329	1657	1090	1097	880	1840	1021	942	1281
4195	PRDM16_ENSG00000142611_160185.2	195	299	169	217	20	62	36	129	156	263	33	139	267	130	167	140	588	277	200	228
4196	PRDM16_ENSG00000142611_160187.4	952	260	1071	683	472	1056	987	1010	1272	2712	751	1567	1959	1402	1432	1055	1375	1695	1336	1496
4197	PRDM16_ENSG00000142611_160188.5	1377	361	1443	410	812	1762	1456	1560	1851	859	978	1739	2766	2041	1610	1504	1519	874	1531	1851
4198	PRDM16_ENSG00000142611_160189.6	546	563	558	246	374	781	559	613	1240	606	407	687	1055	792	694	638	664	410	681	713
4199	PRDM2_ENSG00000116731_66195.1	1451	950	1423	816	1261	1976	1719	1605	2497	2093	1253	1737	2173	1725	1776	1268	3363	1729	1378	1674
4200	PRDM2_ENSG00000116731_66197.3	1375	473	1148	1142	632	1742	1401	1366	2024	455	908	1723	2202	1671	1572	1516	1860	519	1704	1829
4201	PRDM2_ENSG00000116731_66198.4	777	182	860	813	407	971	815	1002	1388	1735	555	1184	1593	1184	998	954	1818	1800	1110	1058
4202	PRDM2_ENSG00000116731_66199.5	1108	604	1169	722	181	861	585	867	1747	2175	318	1625	1553	1162	1636	1343	2984	920	1673	1729
4203	PRDM2_ENSG00000116731_66200.6	1715	831	1397	620	771	2427	1523	2018	2475	2053	965	2103	3497	2625	2185	2115	3267	1114	2239	1860
4204	PRDM4_ENSG00000110851_148375.1	1126	583	1339	623	671	1760	1149	1350	1208	2261	689	1617	2542	1760	1740	1564	1933	1711	1585	1812
4205	PRDM4_ENSG00000110851_148376.2	1442	950	1711	1120	941	2067	1891	1380	1872	2734	1334	2174	2519	1810	1766	1390	2650	385	1548	1783
4206	PRDM4_ENSG00000110851_148377.3	997	534	1017	651	387	1341	849	1096	1306	1489	490	1678	2081	1656	1511	1311	1661	1865	1456	1597
4207	PRDM4_ENSG00000110851_148378.4	618	174	686	365	345	1279	716	761	882	1840	370	823	1282	1194	1007	862	529	579	895	913
4208	PRDM4_ENSG00000110851_148380.6	922	491	806	756	554	1359	1041	1035	1587	1140	720	1149	1853	1473	1039	1018	1948	1246	1020	963
4209	PRDM5_ENSG00000138738_101437.1	852	606	969	1045	90	792	348	796	1071	1672	201	1224	1761	1292	1281	1209	1602	810	1268	1180
4210	PRDM5_ENSG00000138738_101438.2	796	532	811	335	441	1144	819	1005	676	271	555	1051	1499	1118	949	812	1041	1190	911	919
4211	PRDM5_ENSG00000138738_101439.3	700	273	799	320	359	762	530	629	578	1542	369	706	1162	974	934	781	467	729	929	937
4212	PRDM5_ENSG00000138738_101440.4	913	334	929	675	101	841	393	922	1167	1205	222	1485	1427	1204	1446	1170	1918	256	1381	1323
4213	PRDM5_ENSG00000138738_101441.5	1499	1058	1698	951	682	2260	1122	1776	1977	2424	833	2314	3155	2218	2095	1736	2200	2375	2155	2139
4214	PRDM5_ENSG00000138738_101442.6	1145	863	1125	767	628	1955	1230	1454	1672	589	822	1662	2634	2263	1644	1588	1156	815	1635	1722
4215	PRDM6_ENSG00000061455_58327.2	720	787	748	198	41	553	173	545	1272	1794	103	1099	1228	946	1223	1077	2062	1651	1226	1110
4216	PRDM6_ENSG00000061455_58329.4	1056	860	1299	1055	173	1130	585	1133	1837	803	321	1751	2001	1467	1817	1509	2190	3379	1670	1696
4217	PRDM6_ENSG00000061455_58330.5	760	638	977	488	69	548	255	636	861	1002	129	815	1194	976	1124	971	369	799	1051	966
4218	PRDM6_ENSG00000061455_58331.6	1229	672	1049	449	459	1525	902	1210	1804	2113	611	1551	1780	1396	1210	1168	1845	2372	1402	1372
4219	PRDM7_ENSG00000126856_80520.1	289	61	357	158	24	151	128	179	657	1351	90	482	258	207	353	210	1121	1356	350	438
4220	PRDM7_ENSG00000126856_80521.2	1554	1134	1524	1507	2366	2307	1775	1643	1795	2424	1381	2300	2744	2264	1889	1583	2932	1479	1783	1912
4221	PRDM7_ENSG00000126856_80522.3	520	398	613	487	110	601	258	633	899	777	189	1103	1094	770	1154	810	2313	349	849	890
4222	PRDM7_ENSG00000126856_80524.5	637	94	777	1006	181	787	369	734	1008	1404	273	1032	1374	969	1008	905	1545	1306	979	954
4223	PRDM7_ENSG00000126856_80525.6	679	253	730	370	340	1090	692	846	1621	1558	438	1182	1826	968	931	906	1294	1638	959	895
4224	PRDM8_ENSG00000152784_125272.1	2721	1873	2803	2186	2051	4674	3358	3629	4384	4677	2298	3274	5624	4414	3515	3388	3454	1994	3282	3466
4225	PRDM8_ENSG00000152784_125273.2	634	506	737	540	303	1021	581	850	1303	813	447	839	1509	1067	870	760	1074	533	974	840
4226	PRDM8_ENSG00000152784_125274.3	832	394	722	785	352	1058	716	769	822	1259	480	1171	1488	958	1023	826	1407	2620	943	1180
4227	PRDM8_ENSG00000152784_125276.5	662	337	702	356	258	834	522	755	823	268	425	871	1182	852	820	633	1306	1208	651	846
4228	PRDM8_ENSG00000152784_125277.6	983	801	997	548	445	1575	908	1102	1012	836	520	1337	1835	1604	1258	1274	1029	712	1084	1266
4229	PRKAA1_ENSG00000132356_79380.1	1743	1153	1853	1101	565	1927	1604	1794	2824	3693	933	1932	2891	2080	2488	1834	3810	2906	2186	2563
4230	PRKAA1_ENSG00000132356_79381.2	1079	1	943	265	451	879	839	822	1774	1947	638	990	1450	916	1156	939	1696	910	1067	1005
4231	PRKAA1_ENSG00000132356_79382.3	1008	1164	1166	1234	409	1537	967	1218	1494	2130	597	1607	2465	1618	1703	1467	2810	2474	1637	1806
4232	PRKAA1_ENSG00000132356_79383.4	457	377	502	248	113	435	302	483	1201	539	181	560	702	570	594	539	1143	408	679	662
4233	PRKAA1_ENSG00000132356_79384.5	610	312	680	339	171	604	383	482	1215	1850	212	740	1003	660	973	697	1141	2152	835	839
4234	PRKAA1_ENSG00000132356_79385.6	1092	514	1198	866	603	1565	1162	1141	1980	1693	742	1467	1986	1275	1309	1353	1853	2280	1462	1360
4235	PRKAA2_ENSG00000162409_29499.1	1248	436	1088	835	1106	1741	1338	1378	1623	821	975	1354	2236	1614	1542	1258	1983	2528	1290	1526
4236	PRKAA2_ENSG00000162409_29500.2	1852	349	1690	861	846	2131	1713	1982	3048	2325	1254	2278	3078	2379	2389	2104	3433	3349	2326	2555
4237	PRKAA2_ENSG00000162409_29501.3	855	633	953	482	501	1215	948	1132	1684	2748	571	1409	1693	1281	1263	1049	1067	1498	1263	1421
4238	PRKAA2_ENSG00000162409_29503.5	2140	1149	2349	1705	1436	3707	2468	2624	3174	2826	1496	3059	4233	3427	2929	2600	3136	570	2525	2995
4239	PRKAA2_ENSG00000162409_29504.6	792	850	782	395	188	917	573	814	1190	1037	339	1067	1478	1164	1085	1002	1119	1694	911	947
4240	PRKCB_ENSG00000166501_22305.2	2157	609	2020	1326	1195	3196	1918	2206	3172	4298	1446	2731	3799	2593	2375	2194	4338	1135	2348	2710
4241	PRKCB_ENSG00000166501_22306.3	1885	1270	1714	617	1398	2162	1861	1827	1420	2227	1273	1856	3248	2545	2009	1663	3020	2223	1921	2106
4242	PRKCB_ENSG00000166501_22307.4	288	372	271	535	40	337	155	254	368	538	66	437	634	369	577	409	537	285	440	587
4243	PRKCB_ENSG00000166501_22308.5	1484	853	1501	813	459	1865	1069	1420	1807	1805	789	1598	3149	1921	1937	1644	2552	2034	1769	1882
4244	PRKCB_ENSG00000166501_22309.6	1478	1611	1653	1016	590	2013	1201	1759	2153	1795	707	2051	3113	2141	2158	1889	3024	1303	2051	2287
4245	PRKCD_ENSG00000163932_134353.1	1260	547	1220	1059	956	1994	1381	1293	1735	946	1077	1569	2667	2003	1510	1448	1349	763	1565	1794
4246	PRKCD_ENSG00000163932_134355.3	1293	965	1500	863	1294	2126	1724	1605	2776	1193	1276	1750	2942	1982	1692	1502	2202	1707	1609	1588
4247	PRKCD_ENSG00000163932_134356.4	1223	548	1188	742	582	1687	1039	1349	1435	1845	747	1458	2448	1886	1514	1432	1418	536	1298	1435
4248	PRKCD_ENSG00000163932_134357.5	1315	1079	1322	892	1146	1989	1919	1511	1824	1767	1336	1802	2542	1757	1598	1377	1903	1843	1641	1776
4249	PRKCD_ENSG00000163932_134358.6	661	1093	863	792	433	1141	731	834	1665	2073	594	1025	1833	1151	994	911	1193	553	930	1193
4250	PRKDC_ENSG00000253729_181465.1	1012	384	955	314	695	1497	1107	984	1901	1765	820	1411	1615	1255	1212	955	1581	1334	1176	1520
4251	PRKDC_ENSG00000253729_181466.2	404	364	426	91	140	490	294	406	397	1239	169	515	641	456	556	442	573	448	538	451
4252	PRKDC_ENSG00000253729_181467.3	376	172	344	377	85	385	215	398	596	1289	132	702	659	428	527	469	883	1623	557	729
4253	PRKDC_ENSG00000253729_181468.4	1667	704	1782	706	1696	2066	1866	1769	2400	2544	1595	2797	2554	1820	1887	1614	2343	3086	2157	2992
4254	PRKDC_ENSG00000253729_181469.5	872	671	934	834	171	831	494	893	1151	2069	336	1546	1550	1153	1413	1128	1841	2607	1269	1673
4255	PRKDC_ENSG00000253729_181470.6	545	164	625	502	249	886	446	751	801	861	300	1003	1116	1027	808	715	1662	788	697	842
4256	PRMT1_ENSG00000126457_36405.1	1014	477	951	484	452	1176	930	962	1080	2430	552	1559	1565	1226	1275	992	1681	417	1042	1154
4257	PRMT1_ENSG00000126457_36406.2	2369	1325	2137	1339	1076	2763	2168	2298	3934	3048	1472	3308	4212	2697	2957	2440	3630	1858	2889	3454
4258	PRMT1_ENSG00000126457_36407.3	1015	645	1012	554	813	1294	1206	1119	1244	1578	784	1313	1766	1080	1265	865	1262	260	976	1277
4259	PRMT1_ENSG00000126457_36408.4	429	83	432	226	102	411	270	387	783	1420	148	483	629	483	593	536	553	2339	484	669
4260	PRMT1_ENSG00000126457_36409.5	653	385	658	649	153	690	449	555	1132	1400	248	983	1317	968	962	769	1196	881	898	1035
4261	PRMT1_ENSG00000126457_36410.6	538	162	611	529	490	893	735	714	1183	607	506	1021	1190	772	872	678	549	600	768	725
4262	PRMT10_ENSG00000164169_176994.1	613	87	614	539	248	713	400	631	913	513	244	863	1271	805	803	704	651	1424	781	952
4263	PRMT10_ENSG00000164169_176995.2	625	167	634	584	173	935	436	674	1085	420	291	957	1184	962	899	859	1065	749	888	864
4264	PRMT10_ENSG00000164169_176997.4	544	348	564	208	230	714	402	648	636	1274	330	770	1197	881	910	754	803	1103	797	808
4265	PRMT10_ENSG00000164169_176998.5	858	247	872	321	509	1446	996	1055	463	4380	734	1082	1846	1159	1267	932	2078	521	1215	1327
4266	PRMT2_ENSG00000160310_9959.1	1022	564	954	953	194	930	613	861	1418	3837	340	1405	1928	1381	1447	1223	2995	1255	1405	1505
4267	PRMT2_ENSG00000160310_9961.3	924	411	817	480	264	816	642	768	1229	2740	495	1231	1396	1051	980	866	2701	1133	945	1080
4268	PRMT2_ENSG00000160310_9962.4	491	262	494	538	165	747	462	557	713	1071	347	883	1061	920	874	672	1288	636	755	849
4269	PRMT3_ENSG00000185238_73504.2	2070	973	1891	972	1556	2896	2300	2173	2912	993	1669	2288	4114	2894	2233	2111	2722	2304	2189	2547
4270	PRMT3_ENSG00000185238_73505.3	823	284	928	771	381	1239	711	983	1312	1195	491	1110	1810	1389	1203	1087	986	726	1105	1082
4271	PRMT3_ENSG00000185238_73506.4	2074	1369	2312	1408	1388	3222	2350	2477	4239	2310	1698	3336	4077	2739	2927	2325	4475	2174	2661	3091
4272	PRMT3_ENSG00000185238_73507.5	1786	835	1789	1014	974	2952	2075	2338	3093	2106	1400	2962	3963	2737	2466	2286	3928	866	2315	2421
4273	PRMT5_ENSG00000100462_65815.1	1034	1285	1142	1306	588	1407	877	1289	2663	1601	635	1857	2159	1574	1671	1244	3438	2498	1625	1586
4274	PRMT5_ENSG00000100462_65816.2	1876	1108	1890	1407	953	2297	1712	2155	3619	2706	1149	2694	3479	2521	2466	1873	2862	3072	2250	2038
4275	PRMT5_ENSG00000100462_65818.4	1272	1021	1394	857	250	909	660	1035	2193	3886	363	1712	2131	1356	1815	1431	3386	1858	1774	1891
4276	PRMT5_ENSG00000100462_65819.5	1199	580	1380	462	895	2215	1491	1629	2165	1844	989	1731	2953	2238	1839	1573	1906	618	1757	1787
4277	PRMT5_ENSG00000100462_65820.6	2093	1505	2113	1253	1509	2640	2597	2085	3537	3185	2036	2665	3713	2402	2610	1921	4727	3189	2345	3041
4278	PRMT6_ENSG00000198890_1808.3	275	89	227	629	67	203	185	195	688	132	150	207	429	339	271	225	397	1520	269	276
4279	PRMT6_ENSG00000198890_1809.4	1148	925	1295	734	478	1403	1197	1153	1822	1503	829	1664	2189	1383	1442	1196	2480	2722	1358	1390
4280	PRMT6_ENSG00000198890_1810.5	693	110	655	578	247	794	414	647	1096	1414	269	869	1288	856	760	711	769	768	777	806
4281	PRMT6_ENSG00000198890_1811.6	577	277	705	382	91	569	296	630	566	313	163	785	1099	854	993	788	877	1496	954	907
4282	PRMT7_ENSG00000132600_79017.2	1223	238	1173	732	458	1569	994	1204	1762	2187	589	1440	2114	1525	1475	1226	1735	2579	1445	1483
4283	PRMT7_ENSG00000132600_79018.3	1866	950	1795	1025	373	1690	989	1417	3004	4093	636	2763	2815	1860	2417	1588	2778	2882	2072	2525
4284	PRMT7_ENSG00000132600_79019.4	1906	917	1864	856	489	1777	1204	1487	2239	1395	925	2107	3159	2059	2171	1621	3057	1142	1997	2604
4285	PRMT7_ENSG00000132600_79020.5	1171	672	1233	738	61	640	341	853	960	3347	155	1622	1832	1372	1976	1616	2163	2369	1881	1621
4286	PRMT7_ENSG00000132600_79021.6	2394	1174	2566	2237	2557	4925	3263	2951	3598	1993	2408	3145	4605	3723	2806	2620	3625	2221	2689	3308
4287	PRMT8_ENSG00000111218_46391.1	773	385	844	322	308	1095	617	863	1153	265	368	941	1452	1086	1088	870	1058	1	909	842
4288	PRMT8_ENSG00000111218_46392.2	749	283	928	994	581	1389	920	1096	1179	1524	555	1175	1898	1472	1327	1082	1052	829	1227	1113
4289	PRMT8_ENSG00000111218_46393.3	684	368	605	417	466	938	801	730	833	290	595	857	1241	844	824	685	678	587	785	904
4290	PRMT8_ENSG00000111218_46394.4	997	652	951	547	306	1177	609	1014	884	650	380	1279	1722	1356	1313	1188	1519	676	1317	1490
4291	PRMT8_ENSG00000111218_46395.5	995	296	1014	760	673	1911	1350	1238	2239	919	958	1526	2379	1909	1574	1341	1899	824	1412	1393
4292	PRMT8_ENSG00000111218_46396.6	408	501	380	346	124	425	244	361	588	755	159	514	809	594	654	553	1185	498	653	573
4293	PSIP1_ENSG00000164985_199350.1	1280	677	1326	779	754	2076	1613	1739	1920	1018	1036	1607	2752	2186	2066	1766	2605	2269	1895	1970
4294	PSIP1_ENSG00000164985_199351.2	968	241	852	372	615	1288	985	1106	1346	1643	741	1223	1830	1779	1380	1190	440	277	1200	1224
4295	PSIP1_ENSG00000164985_199352.3	759	374	881	861	69	976	309	922	1252	2349	133	1201	1847	1531	1681	1605	1304	1256	1616	1487
4296	PSIP1_ENSG00000164985_199353.4	417	396	424	426	19	486	155	488	794	1277	55	838	1095	900	1162	989	1206	718	982	816
4297	PSIP1_ENSG00000164985_199354.5	437	517	499	625	153	865	464	709	599	2	240	862	1281	770	833	734	1203	1101	867	720
4298	PSIP1_ENSG00000164985_199355.6	890	434	1000	1078	84	972	443	1085	1299	1905	179	1617	2223	1813	1971	1704	1953	1813	1895	1584
4299	PWWP2B_ENSG00000171813_67803.1	1662	252	1708	1121	989	2592	1680	1791	2351	2090	1130	2365	3499	2501	2334	2067	2318	1755	2151	2117
4300	PWWP2B_ENSG00000171813_67805.3	1225	1117	1383	878	874	2275	1419	1474	2301	1567	1010	1729	2733	2060	1626	1513	1319	1725	1477	1743
4301	PWWP2B_ENSG00000171813_67806.4	1386	868	1500	1808	209	1728	662	1517	2396	1988	458	1935	2863	2229	2304	2051	2571	1451	2049	2043
4302	PWWP2B_ENSG00000171813_67807.5	1696	696	1815	931	1033	2333	1401	1703	2270	1254	1177	1821	2942	2049	1709	1651	1955	1490	1809	1965
4303	PWWP2B_ENSG00000171813_67808.6	1210	1158	1359	664	779	1840	1191	1554	2033	1389	838	1645	2555	1851	1855	1583	1923	3525	1612	1772
4304	PYGO1_ENSG00000171016_196490.1	1653	1330	1735	1251	432	1897	1141	1810	4003	3225	605	2484	3041	2311	2291	1960	2903	3567	2273	2251
4305	PYGO1_ENSG00000171016_196491.2	271	75	290	80	75	476	264	343	165	1563	165	440	652	429	386	301	289	382	418	377
4306	PYGO1_ENSG00000171016_196492.3	647	662	611	336	308	772	440	711	818	1087	324	887	1315	813	901	815	623	462	808	869
4307	PYGO1_ENSG00000171016_196493.4	1309	1428	1318	567	749	1992	1544	1607	2176	1347	860	1774	2624	2040	1920	1653	1701	3096	1871	1864
4308	PYGO1_ENSG00000171016_196495.6	1310	1121	1322	1074	977	1481	1504	1502	2629	1997	1147	1900	2572	1402	1841	1321	3398	2554	1497	1683
4309	PYGO2_ENSG00000163348_126132.1	1341	521	1553	640	850	2686	1936	1826	1741	1414	1235	1785	3446	2288	1899	1694	2710	2214	1776	1948
4310	PYGO2_ENSG00000163348_126133.2	1183	837	1277	474	141	1345	654	1220	1644	1740	331	1811	2618	2011	2122	1682	2841	2139	1968	1874
4311	PYGO2_ENSG00000163348_126134.3	654	127	706	713	285	879	563	714	598	785	373	831	1353	966	1031	771	1017	1416	893	872
4312	PYGO2_ENSG00000163348_126135.4	1185	476	1249	889	470	1783	948	1552	2227	2623	584	1805	2759	1937	1775	1605	2658	2048	1770	1765
4313	PYGO2_ENSG00000163348_126136.5	1720	790	1687	2082	531	2260	1078	1806	3010	2917	672	2455	3496	2582	2461	2039	2136	1944	2303	2237
4314	PYGO2_ENSG00000163348_126137.6	948	323	867	889	366	1068	617	1028	1065	1183	485	1169	1821	1246	1181	1124	1145	1226	1135	1070
4315	RAD18_ENSG00000070950_22426.3	604	178	667	628	60	440	203	499	1286	1432	169	1131	1040	730	1024	776	1658	1981	1014	996
4316	RAD18_ENSG00000070950_22427.4	553	616	529	204	106	645	348	652	1299	2364	224	1068	1055	946	915	877	1232	1849	868	851
4317	RAD18_ENSG00000070950_22428.5	1466	850	1407	1376	175	1514	782	1528	2401	2895	356	2299	2607	1835	2362	1887	2841	2177	2235	2283
4318	RAD18_ENSG00000070950_22429.6	1353	672	1262	877	508	1816	1038	1360	2418	1504	621	1679	2670	1853	1846	1648	2010	1647	1817	1630
4319	RAD51_ENSG00000051180_43431.1	326	374	320	207	32	121	171	217	442	912	151	628	337	202	355	213	1064	1034	397	583
4320	RAD51_ENSG00000051180_43432.2	2279	1794	2392	1239	699	2594	1524	2366	2374	2439	965	2816	3958	3313	2883	2380	2930	2754	2550	2634
4321	RAD51_ENSG00000051180_43433.3	1284	567	1105	488	222	849	866	871	1520	3374	638	1853	1663	960	1381	1094	2149	1606	1397	1772
4322	RAD51_ENSG00000051180_43434.4	399	997	449	622	12	265	118	241	470	417	34	492	807	600	792	730	872	1563	766	624
4323	RAD51_ENSG00000051180_43435.5	1866	776	1856	1112	1109	1699	2173	1785	2585	1633	1838	2403	2933	1490	1827	1521	2627	1162	1780	2179
4324	RAD51_ENSG00000051180_43436.6	1021	260	986	1131	265	884	729	1052	1861	2077	374	1755	1924	1047	1483	1112	1648	2218	1410	1664
4325	RAD54B_ENSG00000197275_12301.1	1362	1205	1386	872	722	2215	1778	1763	1960	1624	1032	1919	2669	2261	2055	1763	1867	2014	1714	1721
4326	RAD54B_ENSG00000197275_12302.2	820	327	774	709	286	1145	517	885	1974	1856	366	1144	1613	1168	1257	1135	1633	1655	1027	1225
4327	RAD54B_ENSG00000197275_12303.3	826	412	921	775	385	941	714	989	1243	2346	467	1311	1310	874	1190	949	1342	1023	1083	1348
4328	RAD54B_ENSG00000197275_12304.4	1163	281	1150	689	636	1681	1167	1374	1772	6538	731	1867	2648	1923	1760	1377	1743	529	1464	1478
4329	RAD54B_ENSG00000197275_12305.5	984	744	983	918	421	1363	853	1125	1080	411	528	1332	1880	1603	1561	1374	1423	1218	1327	1493
4330	RAD54B_ENSG00000197275_12306.6	795	837	816	641	46	765	301	774	1200	1487	125	1139	1812	1436	1458	1217	1842	545	1244	1272
4331	RAD54L_ENSG00000085999_37544.1	1746	1341	1868	988	436	1531	1214	1627	3466	4123	753	3110	2679	2025	2453	2063	4702	2792	2202	2697
4332	RAD54L_ENSG00000085999_37546.3	962	454	1091	1025	56	634	211	561	762	2096	133	1171	1314	1097	1451	1302	2057	3219	1639	1217
4333	RAD54L_ENSG00000085999_37547.4	1303	869	1296	1193	361	1952	914	1716	1376	2572	480	2203	2633	2441	1930	1841	2143	2547	2000	1904
4334	RAD54L_ENSG00000085999_37548.5	1281	920	1463	1007	446	1332	1205	1346	2311	2278	746	1984	2088	1401	1631	1223	2139	1775	1570	2548
4335	RAD54L_ENSG00000085999_37549.6	587	360	460	264	146	450	442	430	1231	685	213	816	906	465	809	761	1122	715	728	779
4336	RAD54L2_ENSG00000164080_150262.2	266	161	258	192	35	176	98	275	538	1230	71	492	415	321	369	297	919	775	347	455
4337	RAD54L2_ENSG00000164080_150263.3	1375	633	1567	663	773	1747	1502	1416	2374	2172	1196	1714	2677	1918	1627	1482	1045	270	1434	1677
4338	RAD54L2_ENSG00000164080_150264.4	1289	227	1082	396	504	1800	915	1248	2069	2914	659	1681	2457	1789	1774	1510	1997	2070	1678	2012
4339	RAD54L2_ENSG00000164080_150265.5	2728	1437	2929	1913	1248	4325	2451	3298	3571	3193	1549	3334	5781	4290	3810	3700	5394	2275	3566	3769
4340	RAD54L2_ENSG00000164080_150266.6	628	464	567	223	258	724	452	465	1089	276	447	922	959	557	695	504	911	557	619	690
4341	RAG1_ENSG00000166349_100136.2	1402	402	1462	1282	566	1689	1462	1553	1995	1954	986	2056	2327	1844	1800	1438	2854	2771	1861	2084
4342	RAG1_ENSG00000166349_100137.3	779	369	712	464	243	825	843	723	1384	1565	538	1096	1570	949	1094	906	1466	2650	984	982
4343	RAG1_ENSG00000166349_100138.4	1022	503	1099	836	212	1170	670	1120	1861	2999	427	1927	2058	1276	1524	1240	3079	1319	1430	2019
4344	RAG1_ENSG00000166349_100139.5	559	381	634	452	130	638	344	554	751	2372	208	1013	1080	712	753	704	770	539	704	827
4345	RAG2_ENSG00000175097_49512.1	966	335	921	917	164	1153	566	1045	1640	1208	301	1508	1966	1371	1656	1488	1594	1287	1468	1336
4346	RAG2_ENSG00000175097_49513.2	89	229	135	65	1	44	50	36	57	471	2	143	94	94	346	268	134	719	278	175
4347	RAG2_ENSG00000175097_49514.3	1659	1540	1886	1634	267	2282	876	2014	2797	3624	441	3186	3941	3051	3432	2947	3504	1905	3109	3027
4348	RAG2_ENSG00000175097_49515.4	1065	402	1040	748	335	1352	658	1113	1405	1667	361	1424	1798	1690	1623	1453	1647	847	1543	1509
4349	RAG2_ENSG00000175097_49516.5	991	301	1031	511	693	1871	1251	1516	1290	2801	798	1404	2655	1903	1597	1289	1424	829	1358	1408
4350	RAG2_ENSG00000175097_49517.6	700	291	559	817	143	798	358	822	1485	1341	276	1002	1169	922	975	879	1455	440	1070	1085
4351	RAI1_ENSG00000108557_22711.1	750	220	693	594	373	995	603	992	1247	518	404	953	1594	1109	1156	943	963	437	995	1040
4352	RAI1_ENSG00000108557_22712.2	1016	779	1179	1058	172	1063	579	1020	1475	2092	319	1817	1843	1505	1543	1414	2478	1991	1593	1473
4353	RAI1_ENSG00000108557_22713.3	464	401	470	433	80	556	247	541	626	1341	127	797	967	795	846	739	697	251	781	848
4354	RAI1_ENSG00000108557_22715.5	1040	480	1167	877	917	1834	1322	1315	1143	480	998	1595	2169	1876	1425	1307	1293	1477	1286	1522
4355	RAI1_ENSG00000108557_22716.6	731	686	861	550	121	834	375	866	679	1534	199	1020	1544	1419	1329	1271	1572	1347	1221	1159
4356	RASD2_ENSG00000100302_142653.1	1503	614	1583	421	864	1985	1239	1490	2252	1772	887	2273	2985	1869	2054	1530	2290	1023	1932	2178
4357	RASD2_ENSG00000100302_142654.2	685	196	895	203	187	974	577	873	1338	1568	423	1095	1634	1025	1053	879	1016	760	974	1049
4358	RASD2_ENSG00000100302_142656.4	537	171	562	567	57	660	272	513	745	699	123	644	1015	911	947	858	725	851	775	799
4359	RASD2_ENSG00000100302_142657.5	552	863	562	613	21	241	101	354	675	2112	59	791	869	614	1101	847	1489	763	900	909
4360	RASD2_ENSG00000100302_142658.6	1013	410	1015	468	63	542	207	561	1197	1697	133	1188	1255	966	1382	1179	2943	2014	1258	1244
4361	RB1_ENSG00000139687_163250.1	193	434	214	214	3	86	36	168	355	712	11	476	383	345	795	656	1038	1403	699	476
4362	RB1_ENSG00000139687_163253.4	2029	1229	2138	1247	2076	3442	3376	2698	2467	2597	2267	2676	4002	2986	2705	2303	3168	1065	2512	2592
4363	RB1_ENSG00000139687_163254.5	124	84	149	2	17	157	87	174	107	134	43	241	333	237	287	215	253	360	304	281
4364	RBBP4_ENSG00000162521_83096.1	598	394	614	283	211	602	556	530	757	1107	518	765	1036	650	749	524	771	271	655	747
4365	RBBP4_ENSG00000162521_83097.2	1463	246	1434	746	627	2163	1516	1627	2004	1073	1077	1907	3386	2222	2005	1766	2778	1541	1881	2116
4366	RBBP4_ENSG00000162521_83098.3	707	669	776	353	417	709	755	784	1267	428	451	749	1524	879	889	738	1642	761	920	1056
4367	RBBP4_ENSG00000162521_83099.4	1021	814	1230	789	595	1900	1313	1396	1902	1805	743	1377	2482	1927	1598	1442	1987	1050	1471	1639
4368	RBBP4_ENSG00000162521_83100.5	1211	180	1025	1320	175	563	823	781	1842	2581	638	1593	1155	619	1093	794	2966	2189	1195	1444
4369	RBBP4_ENSG00000162521_83101.6	1605	1024	1492	1329	323	852	1079	1138	2316	2751	674	1734	2058	1180	1855	1240	3270	2476	1647	1759
4370	RBBP5_ENSG00000117222_3329.1	2432	1192	2410	1396	1127	3188	2254	2711	3292	2995	1424	3031	4683	3489	3176	2880	3630	1535	2817	3181
4371	RBBP5_ENSG00000117222_3330.2	1988	1094	2066	1343	934	2878	1828	2079	2368	2126	1035	2956	3783	2897	2478	2316	3647	2355	2311	2349
4372	RBBP5_ENSG00000117222_3331.3	553	345	506	589	205	616	458	475	1373	517	357	865	1142	615	713	575	1682	714	569	502
4373	RBBP5_ENSG00000117222_3332.4	790	291	941	438	836	1740	1224	1109	1331	518	772	1213	1920	1644	1099	1028	1090	1096	1087	1480
4374	RBBP5_ENSG00000117222_3333.5	612	553	521	1205	97	439	393	550	867	1030	203	637	997	495	744	554	1851	1348	700	690
4375	RBBP5_ENSG00000117222_3334.6	1622	1359	1608	1830	640	1544	1485	1569	5690	2945	890	2222	3428	1854	2453	1746	6560	606	2050	2131
4376	RBBP7_ENSG00000102054_150883.1	963	796	802	725	307	1450	703	1216	1553	1590	448	1283	2150	1453	1352	1256	2308	1413	1268	1319
4377	RBBP7_ENSG00000102054_150884.2	973	588	992	513	752	1824	1216	1335	1625	2538	902	1375	2098	1636	1298	1211	1943	1086	1361	1232
4378	RBBP7_ENSG00000102054_150885.3	883	841	992	1121	401	1650	1070	1462	1967	2123	571	1736	2512	1784	1682	1502	1716	288	1703	1656
4379	RBBP7_ENSG00000102054_150886.4	1770	1554	1985	872	1152	2705	1813	2086	2698	1712	1350	2668	3655	2657	2374	2054	3645	1177	2186	2291
4380	RBBP7_ENSG00000102054_150887.5	1549	730	1501	1095	1396	2487	2026	1781	2113	2255	1600	1938	2687	2222	1749	1669	3093	1534	1668	1650
4381	RBBP7_ENSG00000102054_150888.6	635	906	673	405	50	696	220	653	988	2004	102	1166	1592	1260	1449	1333	1498	830	1389	1132
4382	RBL1_ENSG00000080839_183403.2	188	260	167	249	55	165	120	240	572	784	48	272	381	279	290	241	58	679	282	296
4383	RBL1_ENSG00000080839_183405.4	824	487	748	582	147	634	486	669	1085	249	264	1066	1422	793	1108	745	839	1495	983	1235
4384	RBL1_ENSG00000080839_183406.5	1359	215	1179	1265	337	1612	812	1316	1553	1354	551	1726	2658	1738	1790	1615	1966	4473	1586	1948
4385	RBL1_ENSG00000080839_183407.6	2016	966	1739	1989	665	1376	1610	1616	2642	2937	1214	2892	2821	1693	2124	1631	2652	4044	2083	2474
4386	RBL1_ENSG00000080839_183408.7	305	96	403	163	199	362	353	373	616	484	209	659	632	471	533	385	445	504	425	445
4387	RBL1_ENSG00000080839_183409.8	405	47	332	490	74	355	237	350	987	1	126	446	434	313	421	308	1345	1082	437	438
4388	RBL2_ENSG00000103479_85678.1	743	510	702	385	158	895	435	880	1777	1549	290	1159	1558	1173	1220	1106	2293	1771	1088	1182
4389	RBL2_ENSG00000103479_85679.2	890	361	931	391	155	918	496	780	1555	1730	264	1186	1469	1023	1088	1020	1566	1143	1134	1289
4390	RBL2_ENSG00000103479_85680.3	674	737	684	433	230	748	534	657	1169	3153	417	1171	1154	796	837	738	1292	827	831	1084
4391	RBL2_ENSG00000103479_85681.4	599	371	677	318	172	708	469	540	1025	1778	277	977	877	685	789	659	1695	2021	830	949
4392	RBL2_ENSG00000103479_85683.6	314	374	342	174	43	292	160	290	466	305	64	580	671	495	632	520	1005	885	597	568
4393	RC3H1_ENSG00000135870_144958.1	405	688	400	353	77	525	270	413	721	880	156	865	856	554	669	601	974	364	578	634
4394	RC3H1_ENSG00000135870_144959.2	1764	267	1595	1046	515	1731	1241	1567	2518	3351	836	2610	2352	1876	2014	1658	3692	2725	1754	2229
4395	RC3H1_ENSG00000135870_144960.3	1472	1515	1552	1577	643	1368	1219	1508	2376	1757	873	2128	2218	1464	1724	1255	2948	1714	1697	1971
4396	RC3H1_ENSG00000135870_144961.4	927	653	924	931	288	935	815	1110	2251	2628	548	1743	1662	899	1178	1087	1951	1925	1308	1474
4397	RC3H1_ENSG00000135870_144962.5	1596	1211	1531	1161	264	1263	854	1422	3220	3692	456	2686	2284	1583	2265	1700	4543	3049	2070	2409
4398	RC3H1_ENSG00000135870_144963.6	762	353	641	666	162	694	364	674	1223	1049	344	1033	1315	715	987	732	1846	1620	1009	1390
4399	RCBTB1_ENSG00000136144_65592.1	955	725	1020	1141	173	1011	526	1135	1847	2653	298	1448	1683	1205	1371	1126	2767	502	1343	1416
4400	RCBTB1_ENSG00000136144_65593.2	690	288	680	205	252	984	638	791	1536	1894	427	919	1578	1104	989	855	1592	588	1015	909
4401	RCBTB1_ENSG00000136144_65594.3	1188	592	1287	519	205	1448	589	1287	1336	3001	368	1428	2734	1966	1944	1705	1985	502	1711	1515
4402	RCBTB1_ENSG00000136144_65595.4	983	422	981	485	993	1568	1479	1116	1405	829	1118	1183	2078	1243	1366	1020	1762	988	1143	1065
4403	RCBTB1_ENSG00000136144_65597.6	1113	541	1291	563	305	1474	733	1288	1798	839	421	1655	2024	1704	1688	1565	2136	1758	1644	1761
4404	RCOR1_ENSG00000089902_57837.2	295	146	331	146	201	348	380	342	255	549	230	623	467	421	426	321	278	576	421	733
4405	RCOR1_ENSG00000089902_57838.3	697	527	672	162	77	489	316	516	872	1791	194	1175	976	850	1035	839	1261	1636	975	1307
4406	RCOR1_ENSG00000089902_57839.4	210	277	232	423	4	103	56	147	201	527	21	587	419	370	754	637	412	716	678	579
4407	RCOR1_ENSG00000089902_57840.5	1179	615	1023	289	479	1160	914	1084	1348	2018	555	1728	1711	1422	1187	1116	1306	1065	1130	1438
4408	RCOR1_ENSG00000089902_57841.6	2388	953	2581	651	1636	3879	2868	2795	1963	3786	1992	4329	4271	3429	3065	2779	3919	2884	3058	3937
4409	RCOR2_ENSG00000167771_96073.1	834	273	998	478	272	916	495	1017	984	2012	296	1105	1828	1518	1344	1200	2131	1604	1157	1241
4410	RCOR2_ENSG00000167771_96075.3	1182	689	1278	612	895	1338	1227	1349	1913	2552	987	1575	1771	1405	1355	1083	2434	1049	1352	1304
4411	RCOR2_ENSG00000167771_96076.4	1568	1184	1610	777	544	1750	1506	1620	3128	5238	1023	2702	2559	1951	1794	1575	3733	3243	1851	1979
4412	RCOR2_ENSG00000167771_96077.5	901	1315	763	1558	45	506	245	619	1768	2966	178	1412	1461	946	1441	1160	2662	1761	1268	1150
4413	RCOR2_ENSG00000167771_96078.6	595	334	409	98	142	487	292	523	777	983	176	703	667	559	535	537	1149	1344	586	602
4414	RCOR3_ENSG00000117625_200259.1	2279	1022	2148	1042	316	2110	1148	1979	2301	3034	576	3282	3755	2909	3048	2701	3978	1240	2956	3303
4415	RCOR3_ENSG00000117625_200260.2	200	73	291	74	39	265	163	266	280	768	80	330	507	429	398	351	164	579	407	415
4416	RCOR3_ENSG00000117625_200261.3	350	145	430	39	349	543	307	522	379	213	335	387	862	562	498	467	326	369	474	565
4417	RCOR3_ENSG00000117625_200263.5	502	94	523	163	218	644	426	530	824	557	333	937	1135	791	787	585	969	491	657	626
4418	RCOR3_ENSG00000117625_200264.6	561	419	616	461	61	363	194	449	487	2005	98	904	935	654	936	729	776	1356	775	751
4419	REC8_ENSG00000100918_112343.1	1190	116	1467	728	1150	2258	1951	1791	2339	1795	1378	1730	2784	2259	1708	1699	1884	1387	1562	1628
4420	REC8_ENSG00000100918_112344.2	1677	800	1591	629	1044	1955	1859	1528	2454	1955	1558	1724	3110	1799	1618	1560	2549	2319	1739	1841
4421	REC8_ENSG00000100918_112345.3	983	612	1104	285	327	976	696	1080	1267	1436	442	1570	1665	1404	1257	1094	1618	488	1341	1501
4422	REC8_ENSG00000100918_112346.4	441	203	453	549	17	244	96	245	428	229	46	520	618	696	980	846	1318	607	859	671
4423	REC8_ENSG00000100918_112347.5	842	497	839	561	193	1086	670	860	1593	1718	416	1042	1871	1008	1002	891	1034	1323	1027	1146
4424	REC8_ENSG00000100918_112348.6	802	372	782	872	64	767	313	726	901	1672	152	1256	1596	1072	1363	1043	1430	116	1125	1325
4425	RECQL_ENSG00000004700_6160.1	1757	597	1808	1083	359	1858	785	1642	2282	3675	552	2559	3522	2631	2620	2358	3051	3535	2488	2379
4426	RECQL_ENSG00000004700_6161.2	509	159	667	204	112	939	337	666	976	1138	193	1045	1548	1050	1021	978	1253	944	1001	878
4427	RECQL_ENSG00000004700_6162.3	1163	788	1184	481	387	1300	837	1117	2569	2453	508	1689	2132	1626	1493	1313	2329	2036	1476	1814
4428	RECQL_ENSG00000004700_6163.4	412	123	380	158	115	656	395	596	341	2558	221	665	845	653	689	603	751	305	667	659
4429	RECQL_ENSG00000004700_6164.5	1176	947	1218	880	1049	1885	1601	1580	1199	1964	931	1665	2537	2044	1770	1576	1768	1619	1469	1531
4430	RECQL_ENSG00000004700_6165.6	1138	865	1163	507	382	2009	951	1544	2839	642	473	1887	2759	2166	1933	1851	1795	1767	1731	1542
4431	RECQL4_ENSG00000160957_183474.3	1664	584	1632	558	638	2331	1281	1828	2210	1226	823	1961	2795	2283	2037	1789	1940	1242	1902	1824
4432	RECQL4_ENSG00000160957_183475.4	660	335	775	623	217	948	480	883	827	1208	255	783	1309	1121	1003	788	774	233	951	819
4433	RECQL4_ENSG00000160957_183476.5	637	343	628	338	290	758	596	652	805	219	392	814	1252	849	788	665	657	871	717	770
4434	RECQL4_ENSG00000160957_183477.6	302	317	338	368	5	182	83	248	574	1154	22	582	590	522	779	586	1370	1556	637	586
4435	RECQL5_ENSG00000108469_101087.1	1415	323	1461	903	491	1908	1257	1574	1448	1779	938	1926	2769	2184	1685	1747	2189	1752	1621	1550
4436	RECQL5_ENSG00000108469_101088.2	967	601	932	448	260	885	670	888	1587	1818	458	1399	1614	1002	1257	913	1691	1698	1093	1257
4437	RECQL5_ENSG00000108469_101089.3	1627	1082	1593	494	913	2423	1885	1781	2854	3183	1130	2296	3481	2383	2234	1920	2076	1895	2145	2049
4438	RECQL5_ENSG00000108469_101090.4	1162	1211	1054	539	487	1507	1078	1266	1433	1332	688	1258	2506	1665	1306	1166	1178	1187	1286	1550
4439	RECQL5_ENSG00000108469_101091.5	546	131	520	336	79	478	264	409	946	260	174	580	910	504	756	559	1123	1130	612	757
4440	RECQL5_ENSG00000108469_101092.6	1417	724	1441	963	637	1826	1128	1503	3109	2641	730	2183	2579	2133	2003	1628	1776	1492	1698	2027
4441	RERE_ENSG00000142599_67493.1	617	1062	635	204	219	683	532	623	2097	1394	335	1070	1152	774	843	620	2010	1753	904	1056
4442	RERE_ENSG00000142599_67494.2	606	442	729	416	42	248	104	261	554	2698	48	514	688	578	1053	762	946	2374	931	724
4443	RERE_ENSG00000142599_67495.3	1301	1512	1526	730	751	1780	1378	1298	2186	1610	1070	2003	2449	1772	1883	1399	4217	3055	1690	2053
4444	RERE_ENSG00000142599_67496.4	724	405	765	255	332	981	551	718	2256	1636	390	1237	1349	1055	1055	888	2237	2634	986	863
4445	RERE_ENSG00000142599_67497.5	1113	343	980	1188	636	1589	1170	1120	2221	3861	973	1310	1886	1391	1361	1187	1766	1340	1254	1490
4446	RERE_ENSG00000142599_67498.6	711	722	788	883	455	1136	935	774	2293	1660	621	1019	1292	969	946	731	1901	959	928	1089
4447	REST_ENSG00000084093_28218.1	911	599	835	222	155	819	621	916	878	2470	312	1236	1834	1080	1263	1050	1141	1809	1145	1231
4448	REST_ENSG00000084093_28219.2	706	449	767	384	490	1179	885	812	1510	1301	577	1180	1489	1043	889	895	1724	2764	1013	1037
4449	REST_ENSG00000084093_28221.4	2521	1209	2386	1188	1171	3009	2112	2226	3992	3859	1616	3234	3951	2901	2931	2359	4395	4378	2663	3501
4450	REST_ENSG00000084093_28222.5	1053	367	1144	745	718	1352	1313	1255	1636	1283	937	1473	2132	1485	1427	1215	1343	1351	1410	1412
4451	REST_ENSG00000084093_28223.6	1838	713	1813	1073	798	2327	1729	2048	3771	2654	1192	2466	3163	2428	2376	1870	3807	3329	2064	2423
4452	RFWD2_ENSG00000143207_98518.1	425	190	432	418	18	203	114	261	411	1001	83	425	618	500	612	566	491	978	589	523
4453	RFWD2_ENSG00000143207_98519.2	1083	1595	1103	1047	522	1512	1225	1407	1875	2731	848	1700	2361	1621	1779	1505	3544	1671	1709	1633
4454	RFWD2_ENSG00000143207_98520.3	998	345	862	372	295	1198	757	1037	2119	1618	444	1265	1809	1409	1422	1156	1968	2751	1372	1431
4455	RFWD2_ENSG00000143207_98521.4	1453	456	1412	695	529	1573	1057	1205	2690	2945	676	1402	2349	1506	1726	1299	2608	1364	1540	1837
4456	RFWD2_ENSG00000143207_98522.5	509	635	511	721	127	359	253	428	888	911	199	557	772	684	596	488	1179	388	589	763
4457	RFWD2_ENSG00000143207_98523.6	1128	1147	1316	786	311	1135	684	940	1605	1304	570	1476	1692	1419	1422	1135	1534	733	1349	1561
4458	RFX4_ENSG00000111783_89135.1	1372	604	1306	1056	376	1674	836	1425	1483	3725	621	1618	2718	2049	1817	1656	2390	1026	1745	1893
4459	RFX4_ENSG00000111783_89136.2	989	99	917	552	304	996	684	900	1237	2654	510	1195	1724	1256	1390	1158	1902	1802	1071	1428
4460	RFX4_ENSG00000111783_89137.3	1196	950	1308	1065	302	1965	878	1414	2105	2800	511	1937	2661	2030	1933	1785	1516	2091	1921	2038
4461	RFX4_ENSG00000111783_89138.4	472	273	495	141	218	631	314	415	756	262	164	620	822	794	617	588	582	824	717	592
4462	RFX4_ENSG00000111783_89139.5	661	156	682	331	248	737	492	622	917	2046	311	812	982	888	775	569	977	304	730	753
4463	RFX4_ENSG00000111783_89140.6	1262	1007	1276	1084	379	1908	1001	1478	2707	1859	530	1815	2851	2205	2051	1787	2746	2388	1905	1778
4464	RFX5_ENSG00000143390_94144.1	2278	1529	2243	1421	445	2617	1316	2324	3585	4013	703	3112	4183	2929	3264	2706	3699	3095	3068	2747
4465	RFX5_ENSG00000143390_94145.2	433	338	416	260	72	317	249	381	495	541	156	589	764	465	646	530	1058	652	550	615
4466	RFX5_ENSG00000143390_94146.3	708	329	728	805	247	1025	691	800	575	1075	393	1086	1663	1213	1037	921	2008	834	1046	905
4467	RFX5_ENSG00000143390_94148.5	1575	689	1724	1156	640	1973	1544	1733	2435	2355	919	2028	3001	2167	2076	1689	2580	541	1994	2181
4468	RFXANK_ENSG00000064490_151701.1	905	976	991	450	424	1162	851	1119	2033	1235	481	1875	1816	1187	1307	1139	3029	591	1282	1755
4469	RFXANK_ENSG00000064490_151702.2	1027	265	1147	506	401	1740	1002	1436	1838	3115	582	1553	2460	1818	1719	1448	1820	837	1524	1544
4470	RFXANK_ENSG00000064490_151703.3	767	513	799	318	388	930	612	809	812	286	510	1022	1462	1090	915	787	415	1514	953	873
4471	RFXANK_ENSG00000064490_151704.4	1897	1472	1900	996	772	2665	1508	2361	2553	1807	982	2792	3853	3178	2711	2475	2503	1553	2560	3184
4472	RFXANK_ENSG00000064490_151705.5	1251	718	1328	726	699	1600	1500	1559	1818	941	907	2010	2700	1663	1619	1487	2670	3240	1592	1896
4473	RFXANK_ENSG00000064490_151706.6	1329	1061	1276	1066	249	1555	793	1421	2387	1873	379	2115	2653	2094	2187	1958	2721	830	1958	1822
4474	RFXAP_ENSG00000133111_22135.2	417	247	481	374	239	516	413	541	721	808	252	800	1147	666	636	598	750	1025	663	780
4475	RFXAP_ENSG00000133111_22136.3	177	186	189	151	23	232	96	252	202	704	46	227	360	329	308	232	345	244	302	235
4476	RFXAP_ENSG00000133111_22137.4	915	579	889	476	502	1313	1043	1149	1170	1204	637	1563	2638	1508	1472	1340	1171	1251	1330	1453
4477	RFXAP_ENSG00000133111_22138.5	856	434	1017	660	386	1282	699	1087	1172	763	606	1166	1676	1277	1222	1141	2239	970	1237	1391
4478	RFXAP_ENSG00000133111_22139.6	1032	807	1167	956	227	1572	661	1377	1735	1116	353	1752	2370	1949	2000	1777	2145	2362	1818	1638
4479	RING1_ENSG00000204227_66035.1	1013	437	1049	710	209	942	617	1009	1138	105	429	1111	1627	1316	1140	1004	1978	1552	1100	1371
4480	RING1_ENSG00000204227_66036.2	1307	587	1340	497	339	1294	939	1206	1685	713	668	1723	2252	1523	1932	1476	2244	2600	1739	1818
4481	RING1_ENSG00000204227_66037.3	873	739	967	1056	536	1510	1010	1263	1211	936	699	1088	1910	1395	1236	1096	1626	555	1155	1258
4482	RING1_ENSG00000204227_66038.4	431	247	539	214	155	499	387	544	987	1225	209	789	897	692	677	613	742	469	666	745
4483	RING1_ENSG00000204227_66039.5	1682	1649	1883	1832	597	1743	1481	1698	2145	3622	950	2281	2850	1834	2285	1857	4286	3176	2234	2514
4484	RING1_ENSG00000204227_66040.6	286	883	289	361	28	230	99	228	486	1303	41	431	481	323	526	494	588	572	530	493
4485	RNASEK-C17orf49_ENSG00000161939_204222.2	789	624	854	715	159	867	626	741	970	1789	295	1043	1491	1102	1121	876	1267	1593	1028	1232
4486	RNASEK-C17orf49_ENSG00000161939_204223.3	1185	812	1324	975	650	1766	1132	1264	1432	640	747	1783	2691	1905	1841	1645	1576	2995	1828	1778
4487	RNASEK-C17orf49_ENSG00000161939_204224.4	173	177	230	85	6	58	17	87	149	289	15	219	277	223	354	319	459	748	313	253
4488	RNASEK-C17orf49_ENSG00000161939_204226.6	630	567	668	481	226	794	549	698	1147	676	336	1011	1341	1003	966	829	1257	592	909	1100
4489	RNF168_ENSG00000163961_68404.2	286	253	268	553	63	294	219	310	295	115	117	313	487	378	348	294	508	213	416	425
4490	RNF168_ENSG00000163961_68405.3	1457	1256	1149	624	669	1654	1427	1668	2341	746	1065	2156	2319	1669	1758	1436	2524	486	1618	1754
4491	RNF168_ENSG00000163961_68406.4	507	187	430	587	170	639	345	568	644	235	236	562	1109	658	687	617	490	2329	658	688
4492	RNF168_ENSG00000163961_68407.5	2003	1568	2266	1225	653	2755	1193	2201	2831	4704	784	2834	4287	3644	3326	3169	2754	3933	3115	3165
4493	RNF168_ENSG00000163961_68408.6	747	193	646	237	282	607	538	583	1347	796	486	908	1229	761	814	632	1295	971	739	983
4494	RNF17_ENSG00000132972_79824.1	1332	398	1272	915	1159	1842	1758	1531	1752	1970	1206	1710	2226	1692	1624	1386	2369	550	1411	1704
4495	RNF17_ENSG00000132972_79825.2	1553	982	1713	1296	673	2241	1467	1688	3269	1851	927	2473	2980	2313	2048	1846	1719	2730	2277	2233
4496	RNF17_ENSG00000132972_79826.3	1252	347	882	582	517	1334	1120	1101	1044	1024	772	1466	1928	1174	1181	989	2169	395	1104	1324
4497	RNF17_ENSG00000132972_79827.4	1417	500	1544	592	687	1922	1090	1566	1863	1421	937	1977	2878	1841	1812	1615	2514	2419	1811	2026
4498	RNF17_ENSG00000132972_79828.5	1173	327	1229	630	755	1917	1432	1373	1305	2401	1106	1333	2553	1749	1568	1441	1792	121	1467	1516
4499	RNF17_ENSG00000132972_79829.6	978	623	1034	1093	177	1187	408	954	1494	772	310	1223	1793	1362	1471	1237	1240	163	1375	1277
4500	RNF2_ENSG00000121481_39945.1	506	335	487	368	93	735	349	459	621	1570	201	870	927	630	644	591	906	686	696	617
4501	RNF2_ENSG00000121481_39946.2	1410	593	1291	1057	857	1658	1269	1469	1909	2863	999	1917	2369	1608	1668	1433	1872	1029	1489	1764
4502	RNF2_ENSG00000121481_39947.3	945	368	1095	884	288	1253	751	1009	2111	1692	501	1468	1943	1286	1425	1196	1692	2525	1325	1436
4503	RNF2_ENSG00000121481_39948.4	771	745	806	876	218	1124	562	907	1462	486	296	1269	1614	1317	1167	1038	1756	1973	1089	1308
4504	RNF2_ENSG00000121481_39949.5	987	564	1095	162	691	1190	1326	1049	1420	1562	804	1212	1927	1247	1357	1091	1325	722	1112	1370
4505	RNF2_ENSG00000121481_39950.6	1434	163	1451	802	802	2197	1310	1823	1817	2602	828	2103	2992	1921	2071	1656	2751	1711	1956	1998
4506	RNF20_ENSG00000155827_78986.1	799	837	842	1042	114	791	437	747	1896	1036	229	1065	1510	1011	1315	994	2316	791	1220	1188
4507	RNF20_ENSG00000155827_78987.2	1062	1065	1016	879	352	1229	805	1180	2366	2411	437	1938	2053	1319	1569	1308	2466	1009	1529	1924
4508	RNF20_ENSG00000155827_78988.3	1671	702	1835	1600	732	3050	1729	2387	3114	2453	1071	2731	4092	3294	2728	2495	3486	2274	2520	2673
4509	RNF20_ENSG00000155827_78990.5	2071	1572	2069	1601	1048	3007	1872	2583	4279	4482	992	3295	4808	3453	3035	2795	1719	2192	2873	2966
4510	RNF20_ENSG00000155827_78991.6	1788	1274	1851	1194	807	2299	1913	2281	3476	6020	996	3236	3724	2166	2470	1977	4663	2527	2459	3220
4511	RNF217_ENSG00000146373_145076.2	671	358	691	344	316	1066	638	678	1173	720	466	794	1087	990	797	735	1217	326	741	629
4512	RNF217_ENSG00000146373_145078.4	697	288	694	415	441	861	699	782	539	1048	453	687	1457	956	854	729	774	526	824	911
4513	RNF217_ENSG00000146373_145079.5	2394	1152	2174	1183	1674	3781	3166	2836	3109	2234	2114	2939	4606	3194	2745	2761	4266	2262	2697	2964
4514	RNF217_ENSG00000146373_145080.6	1567	1579	1787	1073	803	2739	1765	2192	2725	3316	966	2295	3563	2512	2206	2109	2159	469	2174	2455
4515	RNF40_ENSG00000103549_35152.1	519	262	630	497	162	492	275	469	692	523	185	774	931	565	722	543	1071	333	667	850
4516	RNF40_ENSG00000103549_35154.3	577	405	614	465	180	781	514	647	1132	1641	298	939	1153	764	824	653	728	1009	796	1040
4517	RNF40_ENSG00000103549_35155.4	1360	2007	1586	996	117	654	416	810	1997	3610	200	1977	2000	1167	2043	1474	3534	2548	1922	2107
4518	RNF40_ENSG00000103549_35156.5	993	755	1075	661	204	1038	649	997	2592	3320	308	1982	1899	1221	1467	1125	4249	2273	1579	2404
4519	RNF40_ENSG00000103549_35157.6	965	253	1053	496	152	865	501	825	1697	763	335	1353	1753	1169	1190	1045	2539	2038	1236	1386
4520	RNF8_ENSG00000112130_62495.1	1160	792	1050	349	117	543	375	673	1234	1241	233	1273	1227	752	1273	871	1771	2633	1246	1005
4521	RNF8_ENSG00000112130_62496.2	917	324	673	96	282	328	888	590	761	1012	593	1214	859	535	858	537	1308	906	763	911
4522	RNF8_ENSG00000112130_62497.3	800	824	681	557	65	316	362	480	873	1874	222	1025	759	487	1140	665	1806	1289	982	910
4523	RNF8_ENSG00000112130_62498.4	1778	1183	1637	1941	267	1189	928	1392	2268	5471	610	2523	2340	1219	2090	1555	3946	2565	2185	2257
4524	RNF8_ENSG00000112130_62499.5	666	632	605	459	112	451	309	522	775	290	249	724	993	764	857	593	844	1153	729	718
4525	RNF8_ENSG00000112130_62500.6	898	375	841	458	260	676	856	790	697	1199	481	1121	1386	720	1102	792	1846	903	1020	1152
4526	RP1-27O5.3_ENSG00000254553_119146.1	656	347	718	290	252	986	524	695	975	1449	305	914	1552	1166	1001	964	710	611	994	966
4527	RP1-27O5.3_ENSG00000254553_119147.2	620	169	658	453	283	766	573	630	431	985	339	844	1162	797	675	646	1002	286	704	824
4528	RP1-27O5.3_ENSG00000254553_119148.3	873	1168	870	721	235	1059	560	847	1677	1502	326	1469	1713	1246	1435	1142	1255	1486	1226	1339
4529	RP1-27O5.3_ENSG00000254553_119149.4	970	216	878	521	623	1277	1153	1149	2430	2215	842	1050	1861	1218	1215	1128	2142	975	1195	1219
4530	RP1-27O5.3_ENSG00000254553_119150.5	1369	991	1247	119	599	1724	1110	1354	1070	1843	865	1709	2474	1508	1564	1307	1625	1412	1480	1541
4531	RP1-27O5.3_ENSG00000254553_119151.6	1272	991	1424	1235	383	1349	683	1314	1439	944	462	1655	2414	1993	1761	1690	2733	2427	1810	1533
4532	RP11-12J10.3_ENSG00000258539_171454.7	439	354	563	658	67	596	236	532	793	1058	130	784	1091	831	826	805	776	1873	780	858
4533	RP11-212D19.4_ENSG00000255663_62602.8	435	176	400	441	45	382	211	538	629	238	81	816	668	556	606	580	627	579	605	630
4534	RP11-212D19.4_ENSG00000255663_62604.1	690	850	718	236	55	689	249	645	1036	1340	131	1177	1449	1095	1277	1175	1667	289	1244	1120
4535	RP11-371E8.4_ENSG00000259066_33030.8	873	459	890	418	529	1222	885	1053	1373	1162	453	1272	1441	1142	1115	840	884	1236	1034	1077
4536	RP11-371E8.4_ENSG00000259066_33031.9	1187	581	1257	917	502	1487	1001	1314	1819	1284	573	1425	2117	1793	1677	1510	2304	2020	1639	1746
4537	RP11-371E8.4_ENSG00000259066_33032.1	819	637	822	756	134	750	513	817	1144	1294	332	1134	1555	790	1072	897	1688	603	993	1078
4538	RP11-529K1.3_ENSG00000260537_51996.8	574	340	684	571	224	861	502	558	1312	1570	297	683	1420	856	885	768	1202	385	837	984
4539	RP11-529K1.3_ENSG00000260537_51998.1	530	203	497	251	143	470	434	477	893	803	188	689	938	593	652	561	1310	706	614	704
4540	RP11-603J24.9_ENSG00000257411_94845.4	787	264	686	485	134	748	416	695	883	1571	284	911	1397	1089	1055	873	1152	797	1035	1266
4541	RP11-603J24.9_ENSG00000257411_94846.5	444	317	484	829	45	204	156	326	547	963	86	877	491	221	641	388	1040	853	613	842
4542	RP11-603J24.9_ENSG00000257411_94847.6	377	737	414	401	88	305	372	399	619	1204	182	523	689	302	498	348	736	1161	450	662
4543	RP11-603J24.9_ENSG00000257411_94849.8	513	376	596	386	86	450	259	433	951	1078	164	745	847	522	735	498	1496	1111	692	725
4544	RP11-603J24.9_ENSG00000257411_94850.9	1141	494	1232	817	295	1059	850	990	2144	1700	598	1753	1789	1054	1329	988	2397	1648	1438	1646
4545	RP11-793H13.10_ENSG00000267281_47679.1	308	346	397	338	195	506	365	475	777	544	191	475	717	629	522	462	397	309	496	532
4546	RPA1_ENSG00000132383_133883.1	1645	642	1429	1042	431	493	1014	866	2169	2139	770	2101	2172	522	1565	836	2288	1872	1744	2184
4547	RPA1_ENSG00000132383_133885.3	981	658	856	829	579	1314	1085	1007	1886	1022	723	1350	1872	1116	1131	960	1475	1986	1274	1154
4548	RPA1_ENSG00000132383_133886.4	888	994	897	732	216	978	403	910	662	1948	305	1136	1755	1313	1305	1182	1391	2646	1219	999
4549	RPA1_ENSG00000132383_133888.6	1714	782	1771	1038	1083	3001	1994	2003	2574	2880	1381	2323	3966	2548	2602	2339	3994	1880	2400	2463
4550	RPA3_ENSG00000106399_201790.2	749	662	761	658	62	832	294	765	1172	2572	192	1446	1768	1231	1504	1348	1377	1757	1379	1362
4551	RPA3_ENSG00000106399_201791.3	679	201	639	776	278	1102	651	771	1476	3024	502	1275	1409	992	903	823	1234	565	893	1015
4552	RPA3_ENSG00000106399_201792.4	1852	630	1808	975	1187	1592	1809	1600	3342	2856	1458	2677	3367	1406	2326	1446	3427	2176	2283	2640
4553	RPA3_ENSG00000106399_201793.5	1281	491	1365	1010	707	1788	1659	1333	2517	2399	1130	2619	2734	1330	1752	1260	3151	1945	1614	2131
4554	RPA3_ENSG00000106399_201794.6	485	535	442	472	120	844	472	627	1047	2118	250	1002	1072	885	757	732	812	1039	793	747
4555	RPH3A_ENSG00000089169_106502.1	919	603	871	779	399	1046	777	999	1962	1054	595	1276	1541	974	1141	1027	1221	653	1107	1181
4556	RPH3A_ENSG00000089169_106503.2	1582	1293	1454	1191	935	2676	1576	1762	2203	2793	1119	2107	3318	2397	2030	1624	1494	1219	1665	1889
4557	RPH3A_ENSG00000089169_106504.3	1270	1079	1266	1091	861	1539	1441	1186	1886	1667	979	1537	2250	1296	1272	1043	2594	1419	1195	1791
4558	RPH3A_ENSG00000089169_106505.4	482	255	438	573	230	693	440	431	615	1299	304	567	750	572	497	434	1145	1065	456	489
4559	RPH3A_ENSG00000089169_106506.5	316	124	299	83	57	372	155	388	383	863	109	508	560	399	421	410	638	1824	449	387
4560	RPH3A_ENSG00000089169_106507.6	970	251	870	484	703	1173	957	995	1582	2496	725	1097	1651	1212	1030	862	1203	551	900	1085
4561	RPP25_ENSG00000178718_70843.1	1223	800	1203	440	450	1363	977	1110	1375	1664	555	1357	2353	1528	1691	1284	2739	2754	1456	1754
4562	RPP25_ENSG00000178718_70844.2	1261	732	1241	744	336	1511	823	1275	1196	2031	517	1831	2183	1643	1739	1349	2634	3517	1720	1739
4563	RPP25_ENSG00000178718_70845.3	1002	320	962	827	193	1015	539	1000	1199	2716	283	1462	1995	1377	1435	1247	2874	678	1339	1379
4564	RPP25_ENSG00000178718_70846.4	1333	646	1331	2042	967	2207	1643	1543	1716	1256	1226	1629	2955	1980	1816	1632	1725	1793	1651	1566
4565	RPP25_ENSG00000178718_70847.5	548	179	582	140	57	472	167	474	886	723	98	589	941	736	902	690	1140	260	737	715
4566	RPP25L_ENSG00000164967_188165.1	847	843	722	1028	271	898	652	839	1958	2978	345	1310	1572	986	1139	925	2742	1094	1123	1217
4567	RPP25L_ENSG00000164967_188166.2	1170	1058	1335	1108	168	1078	460	1236	1306	2744	227	1587	2182	1737	1927	1794	1403	1921	1898	1599
4568	RPP25L_ENSG00000164967_188167.3	476	1	585	343	156	359	405	559	945	2805	222	776	1060	610	829	587	1866	1281	736	734
4569	RPP25L_ENSG00000164967_188168.4	547	941	672	749	121	567	247	535	1644	1766	191	1059	921	561	894	612	1860	531	784	1060
4570	RPP25L_ENSG00000164967_188169.5	580	720	582	1006	55	377	248	427	2121	2320	140	741	929	766	824	700	1716	1222	784	887
4571	RPP25L_ENSG00000164967_188170.6	1228	471	1372	1204	434	1363	891	1191	2418	2073	623	1788	2640	1610	1643	1297	3092	2199	1631	1682
4572	RPS19BP1_ENSG00000187051_122379.1	1317	410	1533	1067	428	1584	1164	1358	2461	2684	721	2074	2582	1730	1941	1375	2210	1005	1865	1991
4573	RPS19BP1_ENSG00000187051_122380.2	919	88	945	303	193	1164	599	887	1406	804	373	1119	1752	1048	1260	949	688	827	1196	1023
4574	RPS19BP1_ENSG00000187051_122381.3	1176	325	1090	519	268	1345	682	1274	1551	794	396	1871	2587	1542	1957	1540	1697	1253	1846	1966
4575	RPS19BP1_ENSG00000187051_122382.4	799	655	947	564	325	1028	714	781	1603	805	368	1353	1752	1153	1136	942	1439	1451	1056	1207
4576	RPS19BP1_ENSG00000187051_122383.5	807	90	724	330	489	879	770	712	1234	244	506	1159	1486	889	1017	760	822	974	1037	1046
4577	RPS6KA3_ENSG00000177189_64448.1	855	472	742	219	432	1259	992	1018	1066	1904	650	1139	1573	1060	1040	888	1951	763	1025	1131
4578	RPS6KA3_ENSG00000177189_64449.2	1348	2084	1841	1105	939	2862	2036	2114	2146	1968	1257	2552	3196	2488	2240	1934	2972	2016	2171	2283
4579	RPS6KA3_ENSG00000177189_64450.3	999	426	856	1132	125	1000	412	932	1653	1782	220	1333	1538	1316	1428	1180	1504	1492	1131	1145
4580	RPS6KA3_ENSG00000177189_64451.4	1309	807	1454	1585	301	1519	813	1399	2672	3128	460	2300	3171	2371	2226	1920	2230	2352	2106	2213
4581	RPS6KA3_ENSG00000177189_64452.5	455	216	485	688	259	720	413	563	1045	1090	228	853	1125	967	661	637	889	6	692	657
4582	RPS6KA4_ENSG00000162302_74892.2	1486	1406	1332	1247	1191	1742	1946	1465	1673	3388	1344	1693	2667	1673	1550	1296	3479	2490	1386	1457
4583	RPS6KA4_ENSG00000162302_74893.3	1611	197	1798	1148	227	1228	652	1313	2359	3468	414	1702	2401	1697	1843	1582	3321	1588	1886	1765
4584	RPS6KA4_ENSG00000162302_74894.4	959	664	885	465	649	1339	1136	1056	1427	1079	717	942	1562	1099	895	796	1392	884	941	1015
4585	RPS6KA4_ENSG00000162302_74896.6	360	320	307	143	155	477	294	434	821	550	222	445	713	528	470	363	563	885	461	403
4586	RPS6KA5_ENSG00000100784_40926.1	770	318	595	393	641	1140	830	798	1477	576	708	983	1464	1176	978	873	901	481	1010	983
4587	RPS6KA5_ENSG00000100784_40927.2	1258	1687	1482	1139	525	2247	1151	1749	1802	1819	784	2103	3385	2320	2459	2035	3072	1264	2078	2183
4588	RPS6KA5_ENSG00000100784_40928.3	237	102	256	195	19	63	72	187	590	229	66	538	301	135	327	187	882	1867	321	449
4589	RPS6KA5_ENSG00000100784_40929.4	950	425	983	480	242	1205	649	1007	1196	1012	351	1584	1583	1417	1362	1250	2238	253	1214	1223
4590	RPS6KA5_ENSG00000100784_40931.6	702	38	516	448	436	1067	731	850	1175	815	471	961	1400	1085	926	923	1468	388	902	950
4591	RSF1_ENSG00000048649_3569.1	1086	1231	1116	814	397	1291	808	1030	1664	847	573	1728	1955	1527	1462	1203	2660	1630	1380	1357
4592	RSF1_ENSG00000048649_3570.2	518	600	576	241	224	684	431	569	705	445	249	579	907	659	598	566	888	260	573	550
4593	RSF1_ENSG00000048649_3572.4	1097	768	921	1112	237	966	673	889	1352	775	369	954	1604	1155	1164	934	1613	2527	1068	1243
4594	RSF1_ENSG00000048649_3573.5	616	76	560	414	341	864	518	676	1258	539	398	776	1221	861	870	734	1655	1135	848	892
4595	RSF1_ENSG00000048649_3574.6	1696	903	1618	1578	851	3003	1647	2344	3447	2815	1156	2788	3737	2837	2596	2216	3341	1324	2472	2528
4596	RTEL1_ENSG00000258366_108771.1	371	36	462	139	142	466	285	443	551	1581	197	599	688	429	570	381	805	585	499	523
4597	RTEL1_ENSG00000258366_108772.2	1204	622	1200	657	693	1760	1162	1436	1741	1550	782	1471	2248	1805	1387	1359	1839	529	1293	1452
4598	RTEL1_ENSG00000258366_108773.3	960	210	890	513	240	1000	582	736	1050	853	396	1153	1433	1157	1026	918	1932	237	943	1135
4599	RTEL1_ENSG00000258366_108774.4	865	169	856	282	421	1043	826	994	1530	1068	585	1149	1671	1004	1042	995	1338	564	1130	1345
4600	RTEL1_ENSG00000258366_108775.5	437	270	413	158	147	471	404	522	657	323	275	715	803	516	470	410	429	2293	538	584
4601	RTEL1_ENSG00000258366_108776.6	479	219	543	582	104	515	284	548	618	682	137	715	1068	749	819	755	1030	786	815	813
4602	RTF1_ENSG00000137815_37056.1	839	364	894	435	251	996	625	1051	1095	808	457	1288	1861	1473	1276	1157	1246	1632	1217	1263
4603	RTF1_ENSG00000137815_37057.2	408	158	358	551	30	182	109	254	350	481	60	456	466	409	563	463	613	501	581	512
4604	RTF1_ENSG00000137815_37058.3	245	94	311	578	22	186	118	311	551	1980	66	520	663	383	601	435	913	1571	592	462
4605	RTF1_ENSG00000137815_37060.5	946	139	952	659	383	912	766	712	1627	2954	501	813	1310	737	1077	684	2513	1444	1027	816
4606	RTF1_ENSG00000137815_37061.6	290	189	308	109	47	285	115	215	316	511	81	211	272	292	355	315	553	821	346	328
4607	RUNX1_ENSG00000159216_85708.1	1078	342	902	148	260	1089	690	1041	733	501	532	1408	1574	1225	1306	1060	1113	955	1275	1695
4608	RUNX1_ENSG00000159216_85709.2	1004	108	927	460	474	1281	1113	833	691	296	701	1524	1908	1125	1120	855	669	599	1100	1413
4609	RUNX1_ENSG00000159216_85710.3	2602	617	2514	1453	1798	3063	2754	2412	1443	596	1944	3886	4374	3162	2861	2184	2099	465	3114	4069
4610	RUNX1_ENSG00000159216_85711.4	427	67	435	72	148	400	282	487	113	647	155	639	788	417	593	433	330	1102	529	694
4611	RUNX1_ENSG00000159216_85712.5	886	682	958	239	665	1848	1333	1109	867	918	783	1630	2232	1627	1283	1176	431	451	1275	1527
4612	RUNX1_ENSG00000159216_85713.6	497	279	551	77	77	396	251	544	522	800	108	988	892	750	918	650	790	1609	863	1008
4613	RUVBL1_ENSG00000175792_125742.1	968	888	1116	1060	317	827	637	961	1563	3054	501	1650	1911	910	1343	971	2898	1488	1416	1605
4614	RUVBL1_ENSG00000175792_125743.2	172	248	184	803	20	39	67	123	433	602	44	394	447	69	341	147	549	752	340	390
4615	RUVBL1_ENSG00000175792_125744.3	1097	79	1307	877	663	813	1467	985	2047	4012	956	1494	1937	679	1376	741	1920	2696	1378	1836
4616	RUVBL1_ENSG00000175792_125745.4	535	315	640	367	156	285	308	278	926	892	269	854	695	262	535	286	1114	1717	684	829
4617	RUVBL1_ENSG00000175792_125746.5	840	795	915	454	169	481	419	682	1117	739	278	996	1361	702	1218	772	1416	1605	1228	1035
4618	RUVBL1_ENSG00000175792_125747.6	584	491	561	695	101	152	226	313	588	989	162	889	1017	145	635	347	2051	676	687	838
4619	RUVBL2_ENSG00000183207_159313.1	1347	438	1295	624	642	1772	1198	1387	2048	1494	736	1882	2756	2027	1671	1581	2454	2118	1581	1830
4620	RUVBL2_ENSG00000183207_159314.2	788	944	871	218	121	367	378	524	1660	658	216	1326	1358	483	1279	785	2241	1058	1384	1409
4621	RUVBL2_ENSG00000183207_159315.3	1405	1152	1446	1007	1302	2061	2012	1670	2451	2782	1509	2024	2661	1637	1684	1376	2338	1967	1755	2004
4622	RUVBL2_ENSG00000183207_159316.4	806	604	764	1125	87	275	392	376	1748	1056	226	1178	961	297	902	446	1945	1626	940	1422
4623	RUVBL2_ENSG00000183207_159317.5	791	252	835	402	219	1068	429	887	927	2926	282	1301	1906	1384	1379	1268	1007	1464	1321	1328
4624	RUVBL2_ENSG00000183207_159318.6	1282	597	1320	835	603	2263	1314	1773	2476	1844	939	1653	2987	2262	1884	1544	2059	2684	1774	1899
4625	SAE1_ENSG00000142230_14042.1	1666	1654	1755	1298	814	2816	1850	1962	2321	2103	1155	2199	3139	2475	2210	1971	2659	627	2219	2432
4626	SAE1_ENSG00000142230_14043.2	726	702	865	336	241	1028	486	893	767	1145	319	983	1812	1239	1246	1073	692	682	1077	1127
4627	SAE1_ENSG00000142230_14044.3	697	518	676	272	236	923	510	734	805	1030	331	954	1464	1038	960	849	1424	1330	851	865
4628	SAE1_ENSG00000142230_14045.4	939	567	929	677	148	936	479	882	871	2005	322	1338	1484	1120	1227	1048	1319	1574	1103	1163
4629	SAE1_ENSG00000142230_14046.5	577	172	639	223	116	560	335	575	911	310	189	979	1069	804	963	735	1200	673	889	944
4630	safe_0Safe_204560.5	1384	627	1285	1174	473	1840	1172	1527	2088	1230	611	1954	2463	1971	1957	1665	2181	1758	1854	1926
4631	safe_0Safe_204575.5	665	354	692	585	330	861	607	816	1252	1043	323	864	1330	1039	923	864	1250	1446	812	1125
4632	safe_0Safe_204579.5	741	395	753	243	191	1145	427	1025	1527	1904	263	1075	1944	1440	1372	1243	1520	2365	1206	1081
4633	safe_0Safe_204603.5	806	1044	854	814	293	1060	736	931	1525	2589	435	1384	1539	989	1057	829	1160	1127	1161	1148
4634	safe_0Safe_204613.5	1075	644	1121	596	905	1540	1069	1273	2059	784	844	1348	2224	1751	1441	1203	1229	838	1348	1449
4635	safe_0Safe_204670.5	609	136	615	70	314	837	649	674	1452	1693	317	974	1099	913	817	714	678	775	794	896
4636	safe_0Safe_204718.5	1059	1063	1072	667	153	1278	544	1313	1318	2243	275	1656	2312	1636	1755	1638	1757	1269	1781	1823
4637	safe_0Safe_204751.5	1114	639	1205	321	838	1682	1162	1243	2448	1226	851	1643	2572	1629	1493	1390	2725	1290	1502	1588
4638	safe_0Safe_204762.5	1046	636	1196	1012	165	1553	482	1179	3106	3684	290	1726	2480	1773	2025	1624	1950	1518	2018	1804
4639	safe_0Safe_204770.5	510	374	581	862	41	694	183	546	526	1326	97	772	1173	1025	1135	940	1256	2	983	866
4640	safe_0Safe_204838.5	1033	745	1131	662	129	1329	572	1203	1949	3691	268	1734	2365	1870	2050	1724	3164	1837	1818	1775
4641	safe_0Safe_204904.5	862	448	850	392	311	1140	768	1031	1063	703	466	1335	1458	1342	1071	994	1307	640	1178	1163
4642	safe_0Safe_204933.5	981	1203	979	385	319	1119	728	1027	1461	2878	588	1480	1605	1241	1166	1008	1910	673	1115	1977
4643	safe_0Safe_204972.5	912	935	1164	1145	337	1453	841	1283	1436	1734	501	1663	2125	1734	1508	1250	2321	965	1377	1433
4644	safe_0Safe_204997.5	380	329	406	545	93	525	240	489	825	1498	185	646	934	709	647	600	552	1052	562	509
4645	safe_0Safe_205010.5	483	190	350	609	166	510	329	417	600	455	212	464	623	592	492	515	961	547	487	516
4646	safe_0Safe_205184.5	1064	806	1202	960	98	1124	432	1069	1729	2688	203	1716	2232	1667	1714	1650	2036	1989	1792	1816
4647	safe_0Safe_205191.5	951	381	971	948	449	1289	1084	1037	1412	803	789	1272	1684	1159	1171	1068	1791	1486	1202	1281
4648	safe_0Safe_205212.5	785	706	802	429	394	958	818	977	1382	1820	552	1009	1583	993	1054	854	1344	1144	1024	897
4649	safe_0Safe_205214.5	397	133	435	229	85	533	355	362	400	1848	197	651	773	544	502	367	928	617	541	615
4650	safe_0Safe_205216.5	1959	1671	2061	1363	1241	3244	2113	2382	2917	2177	1311	2728	3987	3406	2804	2476	2706	1704	2683	2869
4651	safe_0Safe_205252.5	572	459	548	403	204	581	583	557	1136	1333	306	751	811	559	710	586	677	939	681	729
4652	safe_0Safe_205259.5	440	251	556	445	66	644	260	674	1008	798	114	881	1287	1156	1234	885	1352	1179	1010	901
4653	safe_0Safe_205267.5	2053	2458	2131	1280	1356	3264	2633	2643	3920	2604	1570	3032	4779	3175	3178	2731	4696	3229	3091	3364
4654	safe_0Safe_205281.5	1062	220	1087	598	598	1677	1156	1361	1957	2245	767	1725	2293	1517	1591	1296	2031	2942	1530	1555
4655	safe_0Safe_205290.5	453	351	411	2266	26	398	106	506	1035	2098	73	877	938	684	882	786	1650	882	945	776
4656	safe_0Safe_205367.5	1230	253	1165	1100	699	1783	1131	1262	1884	1454	703	2138	2574	1832	1753	1549	2010	917	1594	1718
4657	safe_0Safe_205399.5	2218	1833	2175	1177	684	2999	1779	2691	3284	4129	990	3509	4353	3445	3396	2858	4399	5199	3143	3366
4658	safe_0Safe_205403.5	1509	1001	1510	1258	304	1633	967	1572	3012	2538	522	2307	2871	2072	2241	1858	3046	2402	2149	2207
4659	safe_0Safe_205451.5	962	309	925	673	252	1018	491	925	1301	1055	266	1493	1796	1436	1305	1330	1602	875	1258	1379
4660	safe_0Safe_205497.5	1007	579	991	888	75	873	457	952	1227	935	244	1514	1955	1393	1467	1406	2827	972	1347	1432
4661	safe_0Safe_205542.5	959	902	1174	812	608	1490	1119	1046	1519	3117	741	1669	2094	1378	1317	1023	2543	1609	1259	1169
4662	safe_0Safe_205569.6	432	138	426	229	41	482	199	415	757	408	80	627	808	766	753	587	853	266	761	540
4663	safe_0Safe_205588.6	445	169	445	251	158	709	338	531	590	528	234	483	1081	709	619	658	919	809	620	722
4664	safe_0Safe_205612.6	768	520	673	497	741	1376	1012	898	1392	834	840	1264	1467	1119	964	773	1104	696	945	995
4665	safe_0Safe_205637.6	424	153	465	434	132	583	390	447	1270	494	219	691	689	654	643	582	1457	565	600	711
4666	safe_0Safe_205641.6	1039	821	880	1416	182	1380	554	1349	1521	982	347	1668	2031	1854	1649	1495	1270	1285	1622	1558
4667	safe_0Safe_205719.6	1030	714	1279	968	175	1165	784	1205	2173	1766	407	2114	2295	1572	1810	1552	3617	1353	1922	1878
4668	safe_0Safe_205847.6	826	641	794	528	300	1123	629	956	1025	2827	322	1040	1731	1071	1122	1093	918	1355	1027	1011
4669	safe_0Safe_205848.6	860	151	809	617	578	1099	801	1004	1597	1160	561	1240	1729	1325	1361	1145	1386	770	1154	1137
4670	safe_0Safe_205870.6	413	275	425	308	95	412	240	311	840	1041	161	754	734	533	524	403	880	382	473	579
4671	safe_0Safe_205886.6	451	436	520	475	56	637	225	620	990	1775	113	902	1176	993	978	943	1527	697	942	801
4672	safe_0Safe_205948.6	818	236	874	510	265	1479	883	1033	1492	670	442	1558	1846	1393	1318	1267	1510	1382	1213	1268
4673	safe_0Safe_205954.6	504	440	483	414	28	458	178	499	1109	988	97	812	1149	821	970	851	794	910	995	881
4674	safe_0Safe_205992.6	342	349	400	187	129	450	357	418	586	546	268	526	598	585	575	413	1015	443	566	500
4675	safe_0Safe_206008.6	914	489	1073	214	340	1260	755	1064	1836	1230	499	1641	1936	1304	1452	1067	1542	1863	1245	1461
4676	safe_0Safe_206010.6	1005	859	1079	923	207	1743	737	1328	1510	2673	429	1658	2321	1672	1677	1484	2376	1435	1705	1849
4677	safe_0Safe_206029.6	850	441	950	453	190	1365	524	1001	1387	1095	342	1287	2048	1505	1579	1476	1978	815	1395	1270
4678	safe_0Safe_206080.2	227	261	243	99	66	224	175	255	308	1129	168	407	421	240	473	280	603	836	336	455
4679	safe_0Safe_206114.2	1305	1304	1515	989	543	1832	952	1667	2165	3562	563	2111	3242	2462	2198	1897	2050	2490	2298	2257
4680	safe_0Safe_206146.2	674	828	798	642	364	1153	620	1005	788	2567	402	1099	1571	1295	1108	989	1338	1202	1082	1281
4681	safe_0Safe_206190.2	805	1258	824	492	437	1184	856	850	1202	1648	550	1242	1588	1365	1385	1012	1260	876	1176	1330
4682	safe_0Safe_206256.2	757	788	1000	649	495	1544	904	1335	1442	1892	565	1298	2021	1591	1399	1346	1817	918	1315	1332
4683	safe_0Safe_206263.2	626	458	768	607	264	797	697	783	901	1003	414	891	1373	1024	975	858	1147	502	801	996
4684	safe_0Safe_206428.2	892	196	966	504	298	1234	719	1243	1259	1035	429	1390	1854	1489	1268	1084	1721	2357	1212	1259
4685	safe_0Safe_206437.2	568	384	683	65	237	1087	596	799	913	1265	291	988	1403	1168	935	879	1509	374	914	765
4686	safe_0Safe_206457.2	1762	1147	1894	1268	649	3141	1599	2447	3784	3270	905	2767	4181	3294	2945	2410	4189	1912	2822	2612
4687	safe_0Safe_206465.2	1626	864	1813	1210	416	1910	1330	1857	3011	4905	897	2529	3233	2397	2432	1939	3648	2316	2187	2555
4688	safe_0Safe_206474.2	1471	977	1426	1360	610	2147	1194	1691	1774	2079	828	2197	2929	1957	2012	1792	2351	1616	1768	1764
4689	safe_0Safe_206478.2	887	291	907	394	319	1250	580	911	1603	908	391	1238	1632	1102	1189	1118	1579	628	1249	1028
4690	safe_0Safe_206484.2	903	319	1051	824	168	1046	394	884	1048	1941	265	1389	1720	1475	1422	1335	2131	457	1310	1205
4691	safe_0Safe_206496.2	970	745	1078	558	312	1062	903	1119	2144	4149	421	2011	2136	1320	1524	1352	2484	3749	1575	1671
4692	safe_0Safe_206653.2	697	515	644	817	65	526	336	575	1171	1798	141	1096	1078	918	1016	893	1653	1798	955	966
4693	safe_0Safe_206665.2	1112	298	1206	421	899	1802	1496	1287	2216	2396	1037	1648	2332	1541	1386	1248	1417	1469	1312	1318
4694	safe_0Safe_206685.2	2010	1686	1834	1345	957	2952	1929	2286	2081	2813	1347	2957	3876	2705	2559	2286	2770	1417	2418	2324
4695	safe_0Safe_206711.2	122	168	198	383	11	209	130	270	151	752	26	304	391	372	339	344	265	493	325	291
4696	safe_0Safe_206747.2	793	472	796	295	323	1363	650	1029	1256	2160	439	1204	1930	1297	1168	1120	915	1150	1283	1139
4697	safe_0Safe_206832.1	482	259	565	245	264	940	473	767	624	1247	409	597	993	842	631	658	1167	147	674	717
4698	safe_0Safe_206929.1	1592	743	1766	885	1073	2659	1960	1809	2936	2063	1256	2099	2907	2380	2172	1875	2072	1580	1879	2186
4699	safe_0Safe_206933.1	1612	631	1498	1353	551	1676	1387	1648	2271	1331	822	2397	2749	1832	2029	1663	3146	1947	1888	2028
4700	safe_0Safe_206946.1	441	410	546	351	54	381	254	537	724	1115	124	948	1037	700	960	700	1778	1712	905	822
4701	safe_0Safe_206954.1	913	466	947	345	389	936	875	1040	1663	1302	501	1376	1896	1050	1313	1060	2224	2263	1131	1234
4702	safe_0Safe_206980.1	234	170	213	379	7	173	72	241	415	1506	32	361	449	400	495	471	843	949	532	445
4703	safe_0Safe_207065.1	1020	640	1091	1072	242	1179	706	1035	1932	1498	441	1332	1820	1527	1391	1335	1644	2770	1359	1216
4704	safe_0Safe_207079.1	564	197	593	467	200	783	527	721	932	810	303	762	1061	893	715	638	704	276	731	749
4705	safe_0Safe_207118.1	791	377	767	328	527	1483	994	1011	934	1137	550	1117	1830	1465	1225	1063	1219	44	1104	1139
4706	safe_0Safe_207153.1	1376	617	1288	1029	552	2075	1288	1741	2864	3482	790	1787	2706	2271	1867	1662	1411	2003	1650	1754
4707	safe_0Safe_207157.1	888	641	676	786	348	1235	736	988	1681	1369	479	1123	1697	1338	1112	1060	764	930	1034	1027
4708	safe_0Safe_207214.1	744	501	734	393	324	1049	605	764	948	1001	429	899	1539	1204	966	852	773	6296	874	1131
4709	safe_0Safe_207218.1	484	385	637	466	262	878	623	741	923	897	264	979	1191	982	851	709	926	430	911	722
4710	safe_0Safe_207294.1	1128	743	1373	392	1238	1959	1552	1488	1584	2100	1144	1579	2609	1752	1527	1379	1269	935	1415	1454
4711	safe_0Safe_207301.8	618	513	735	852	76	838	369	776	722	1069	173	988	1545	1230	1272	1033	890	1575	1309	996
4712	safe_0Safe_207302.8	1365	819	1416	646	981	2140	1399	1425	1620	1090	975	1875	2712	1933	1925	1617	1968	1371	1543	1785
4713	safe_0Safe_207330.8	596	193	597	446	123	656	415	552	873	245	203	863	1055	763	775	659	1140	279	743	759
4714	safe_0Safe_207405.9	1757	1376	1966	1520	725	2784	1716	2108	3285	4450	1050	2561	3568	2977	2476	2356	3587	849	2426	2447
4715	safe_0Safe_207443.9	1214	420	1210	1193	495	1425	1287	1272	1786	2158	711	1725	2064	1662	1607	1298	1755	2643	1410	1794
4716	safe_0Safe_207447.9	1686	803	1647	698	1651	2553	1923	2254	2782	2216	1642	2383	3403	2357	1964	1781	3273	2417	1873	2049
4717	safe_0Safe_207475.9	549	161	574	534	189	838	412	726	639	829	282	888	1294	1095	1008	889	772	1883	924	793
4718	safe_0Safe_207494.9	562	140	475	549	324	850	554	620	789	1038	411	717	967	882	660	528	562	416	582	761
4719	safe_0Safe_207496.9	997	259	1026	717	400	1212	976	1267	2108	1402	621	1471	1977	1291	1366	998	1730	1352	1309	1341
4720	safe_0Safe_207531	444	196	458	475	175	768	380	652	617	1209	200	847	1187	981	828	764	559	1565	755	788
4721	safe_0Safe_207544	645	608	547	182	237	790	593	589	1225	459	358	790	1259	976	871	791	559	622	841	1027
4722	safe_0Safe_207554.2	1094	527	1382	1151	236	1392	677	1219	2062	2520	437	1888	2386	1629	1889	1620	2835	1969	1697	1836
4723	safe_0Safe_207626.2	1188	395	1334	993	456	2151	1138	1755	1747	1323	672	2113	3226	2303	2097	1764	1965	1939	1923	1979
4724	safe_0Safe_207660.2	534	294	596	369	326	1401	832	705	1218	644	461	803	1288	946	897	758	649	1403	798	776
4725	safe_0Safe_207750.2	537	82	615	228	403	934	831	630	923	2083	599	888	1135	917	908	716	836	1239	766	926
4726	safe_0Safe_207796.2	2104	962	2283	1794	1963	4151	2952	2893	2777	3652	2083	2541	4641	3509	2871	2572	2898	2233	2603	2555
4727	safe_0Safe_207833.3	412	254	438	123	338	697	522	557	807	908	431	549	1057	779	587	536	242	811	458	696
4728	safe_0Safe_207850.3	2566	1514	2568	1002	1583	3432	2858	2971	3313	5740	1863	3346	5711	3800	3455	3031	4766	2347	3207	3413
4729	safe_0Safe_207878.3	499	237	531	167	186	785	307	627	830	1846	253	751	875	835	762	691	566	564	669	738
4730	safe_0Safe_207904.3	323	270	282	479	82	341	247	261	762	1008	145	388	453	373	417	389	491	279	421	360
4731	safe_0Safe_207934.3	642	669	603	266	281	730	536	597	1560	903	273	841	1139	683	937	670	1035	307	859	840
4732	safe_0Safe_207985.3	319	285	302	145	223	459	284	409	321	940	236	496	687	537	454	405	235	316	401	436
4733	safe_0Safe_208006.3	595	495	624	748	259	1075	626	786	913	512	363	1029	1758	1132	1039	940	775	980	865	915
4734	safe_0Safe_208133.3	572	658	660	805	228	840	533	618	1120	1508	284	1192	1465	944	1025	1003	1062	556	1098	1038
4735	safe_0Safe_208144.3	1548	813	1691	812	973	2630	1741	2023	2470	6090	1221	2053	3596	2660	1967	1895	2227	1143	2007	2117
4736	safe_0Safe_208150.3	1560	939	1642	1085	273	2110	953	1725	1834	1765	563	2176	3479	2490	2516	2126	2435	1616	2273	2306
4737	safe_0Safe_208199.3	992	472	1037	1021	500	1418	870	1243	1509	704	671	1337	1892	1616	1427	1233	1230	436	1342	1190
4738	safe_0Safe_208211.3	914	732	931	537	639	1706	1151	1155	998	338	782	1410	2115	1623	1386	1203	1621	896	1149	1495
4739	safe_0Safe_208244.3	229	151	236	226	43	424	162	295	258	481	76	351	428	339	392	466	323	526	359	404
4740	safe_0Safe_208410.2	813	437	823	576	196	350	579	532	1083	1520	371	1053	815	373	755	532	1867	3760	763	950
4741	safe_0Safe_208423.2	571	642	580	155	301	830	605	721	760	553	299	893	1205	1015	917	782	663	987	792	796
4742	safe_0Safe_208431.2	477	440	451	255	96	690	326	695	1126	819	198	756	973	699	754	608	613	237	595	621
4743	safe_0Safe_208475.3	1207	548	1238	1328	710	2035	1382	1458	1416	1956	844	1687	2697	1942	1774	1488	1452	1106	1604	1617
4744	safe_0Safe_208493.3	440	161	494	55	97	465	183	491	392	567	162	732	901	687	753	657	969	1815	698	577
4745	safe_0Safe_208514.3	123	260	135	196	14	141	93	206	367	698	61	212	321	227	185	197	341	254	214	232
4746	safe_0Safe_208522.3	611	244	648	445	145	868	401	728	870	832	244	891	1309	1177	1110	983	517	727	1014	920
4747	safe_0Safe_208568.3	1868	975	1749	1324	957	2317	1702	1722	3425	4116	1176	2380	3055	1884	2154	1628	3059	1628	2065	2224
4748	safe_0Safe_208610.4	1312	878	1348	670	868	2346	1648	1728	2171	2450	1139	2081	2732	2363	1701	1783	2087	827	1781	1637
4749	safe_0Safe_208613.4	601	263	764	675	198	862	572	780	1202	1315	411	1119	1331	822	1017	677	1151	655	932	1133
4750	safe_0Safe_208643.4	629	741	746	353	154	966	574	851	1344	680	369	1341	1537	1110	1172	896	1707	1706	1172	1044
4751	safe_0Safe_208646.4	626	861	685	340	119	873	465	754	1046	811	237	1151	1709	1290	1115	1098	1061	559	1005	1075
4752	safe_0Safe_208657.4	637	278	892	1013	343	904	489	720	1096	1387	392	1010	1571	1103	1066	979	649	478	991	1115
4753	safe_0Safe_208726.5	468	789	564	229	264	723	566	634	1049	741	402	652	1128	875	762	623	1024	1048	715	609
4754	safe_0Safe_208744.5	649	602	688	701	153	890	477	946	1386	553	271	1208	1554	1209	1188	1042	1390	1139	1149	1165
4755	safe_0Safe_208808.6	614	423	603	57	334	1052	707	616	516	396	408	782	1231	865	874	692	628	302	741	764
4756	safe_0Safe_208819.6	1689	277	1806	1209	901	2583	1543	1922	1807	2543	1178	2256	3282	2699	2237	2185	2713	1877	2079	2068
4757	safe_0Safe_208839.6	512	317	509	208	154	728	531	606	1004	1399	249	972	1017	687	752	609	1378	1935	683	812
4758	safe_0Safe_208849.6	480	259	478	365	239	799	466	582	1118	1385	268	718	1292	732	739	686	1139	71	637	636
4759	safe_0Safe_208861.6	928	633	996	549	634	1769	1070	1176	1938	510	906	1212	2112	1552	1366	1157	1410	1674	1284	1423
4760	safe_0Safe_208868.6	296	477	388	543	154	469	247	425	381	285	149	563	580	545	465	381	288	298	488	500
4761	safe_0Safe_208923.7	954	908	837	270	397	1380	864	1249	1428	1729	529	1495	1827	1291	1233	1124	1193	602	1199	1361
4762	safe_0Safe_209000.7	1072	497	1222	729	267	1559	720	1336	1327	2947	364	1835	2404	2084	1730	1562	2383	2530	1670	1721
4763	safe_0Safe_209121.4	817	196	986	629	914	1439	1107	1125	1126	1602	766	1539	1966	1531	1306	1082	2095	873	1195	1353
4764	safe_0Safe_209123.4	385	462	407	91	113	669	299	585	407	1152	165	730	1106	880	816	731	794	771	647	607
4765	safe_0Safe_209125.4	424	353	415	281	60	457	244	742	714	592	138	694	853	630	764	648	1413	1525	713	620
4766	safe_0Safe_209211.4	831	170	973	636	285	1616	785	1072	1054	443	481	1359	1943	1463	1277	1291	1433	3387	1243	1441
4767	safe_0Safe_209241.4	346	179	371	328	168	731	423	505	468	526	223	632	980	754	706	543	620	330	665	635
4768	safe_0Safe_209287.4	1645	421	1660	625	1127	2463	1886	2069	3062	2171	1213	2411	3079	2279	2025	1704	2980	1301	2059	2372
4769	safe_0Safe_209337.4	1007	250	972	104	451	1343	1010	1188	1661	1262	639	1578	1835	1455	1326	1097	1078	2359	1444	1287
4770	safe_0Safe_209350.4	484	255	633	485	45	664	225	701	1165	2358	118	963	1479	1022	1210	1089	894	1240	1008	1028
4771	safe_0Safe_209413.4	894	486	1051	583	410	1747	889	1171	1813	924	645	1559	2159	1629	1408	1290	1542	1070	1219	1419
4772	safe_0Safe_209433.4	1911	1557	2022	1459	824	2487	1747	2224	2629	3330	1162	2720	3997	2888	2550	2347	2945	2984	2437	3090
4773	safe_0Safe_209449.4	391	739	491	265	49	512	132	430	557	1913	54	798	1045	898	1178	831	505	846	930	776
4774	safe_0Safe_209469.4	775	729	920	789	240	927	661	847	811	1953	450	1354	1403	1008	1076	917	2007	665	996	1054
4775	safe_0Safe_209501.4	394	435	399	254	72	584	224	430	616	1086	91	702	930	865	844	643	989	490	755	711
4776	safe_0Safe_209503.4	534	207	619	69	160	919	519	797	461	648	250	833	1351	1126	1093	899	606	610	980	831
4777	safe_0Safe_209558.4	607	678	639	231	67	439	305	591	1537	1080	157	747	1049	732	850	822	1252	1870	703	885
4778	safe_0Safe_209727.4	3251	1286	3099	1981	2399	5798	4178	4200	4312	4516	2752	4458	6436	5099	4373	3778	5948	3706	4016	4194
4779	safe_0Safe_209860.3	525	142	594	815	193	691	431	549	935	1060	201	741	1095	724	929	703	1152	786	739	841
4780	safe_0Safe_209937.3	464	185	534	378	156	621	455	600	989	609	320	695	969	675	643	600	532	1097	658	807
4781	safe_0Safe_209998.3	907	293	953	674	262	995	652	903	1185	1587	376	1289	1538	1206	1312	1047	1548	1207	1280	1097
4782	safe_0Safe_210111.3	1240	350	1415	824	402	1890	1031	1441	1446	2877	624	1912	2622	2128	1822	1743	2011	2176	1780	1812
4783	safe_0Safe_210118.3	733	617	762	459	448	1223	748	845	1186	236	426	1145	1507	1303	1079	1131	551	753	1155	1035
4784	safe_0Safe_210157.3	645	684	713	223	535	1338	935	797	1758	824	681	1155	1635	1157	1053	787	1036	1901	931	1092
4785	safe_0Safe_210168.3	709	289	745	267	345	1266	718	835	1096	658	374	1047	1323	1169	1037	969	771	1015	1093	817
4786	safe_0Safe_210189.3	1575	1184	1552	1417	188	1729	724	1584	2581	1441	404	2493	3216	2585	2626	2536	3678	2669	2437	2367
4787	safe_0Safe_210195.3	1395	1061	1253	824	588	2502	1442	1946	2029	981	890	2102	3307	2478	2044	2004	2210	1439	2087	1858
4788	safe_0Safe_210212.3	657	345	696	103	469	1127	720	966	1240	1501	450	904	1341	1049	939	901	1244	1493	859	1078
4789	safe_0Safe_210215.3	1542	662	1550	1824	625	2148	1291	1845	2583	2083	812	2372	3267	2547	2326	2159	2358	2391	2183	2427
4790	safe_0Safe_210224.3	835	249	889	282	336	1201	809	895	1462	1006	488	988	1897	1351	1056	1131	1015	1183	1034	1217
4791	safe_0Safe_210226.3	1425	930	1524	1016	138	1414	487	1319	1872	2471	277	2029	2664	2388	2534	2172	3533	1960	2245	2306
4792	safe_0Safe_210238.3	1801	1039	2019	1178	802	2506	1764	1865	3599	3272	1138	2718	3469	2713	2547	2066	3330	2758	2508	2923
4793	safe_0Safe_210311.4	705	121	803	447	235	1192	516	861	1066	447	318	1181	1572	1475	1083	1011	940	712	994	1065
4794	safe_0Safe_210320.4	117	471	192	111	1	48	11	81	94	884	11	217	207	212	519	422	304	1156	393	208
4795	safe_0Safe_210405.4	211	1	186	127	104	369	153	300	105	313	77	479	578	443	379	330	279	140	341	383
4796	safe_0Safe_210410.4	976	567	994	2320	19	513	164	559	973	2711	60	1190	1530	1571	2054	1878	1874	2147	1891	1359
4797	safe_0Safe_210418.4	1805	859	2117	1136	872	3263	1832	2507	2222	4207	1168	2900	4668	3303	2787	2707	2588	1918	2627	2632
4798	safe_0Safe_210534.4	901	844	821	614	450	1472	800	859	1138	1577	526	1178	1992	1388	1366	1090	1354	1511	1157	1119
4799	safe_0Safe_210577.6	448	78	436	214	302	719	462	543	932	1270	244	774	971	841	697	609	1055	846	779	755
4800	safe_0Safe_210621.6	756	452	722	1070	147	1097	580	859	1518	1770	249	1224	1876	1245	1228	1142	994	529	1214	1073
4801	safe_0Safe_210630.6	927	185	1073	733	325	1529	932	1244	2018	2621	549	1520	2046	1635	1558	1332	1500	1142	1330	1333
4802	safe_0Safe_210688.6	758	997	845	715	34	864	316	816	1501	2494	123	1530	1823	1305	1860	1458	2459	1862	1701	1492
4803	safe_0Safe_210747.6	781	470	863	377	189	1086	433	893	922	947	235	940	1644	1140	1142	962	1179	1593	1175	1067
4804	safe_0Safe_210755.6	1025	237	1204	691	353	1590	722	1358	1471	3294	486	1631	2693	1708	1742	1694	1765	1046	1710	1528
4805	safe_0Safe_210798.6	351	361	351	526	12	324	129	326	490	1309	54	586	816	647	790	717	1371	832	782	672
4806	safe_0Safe_210813.6	246	314	298	152	22	281	74	348	537	909	33	515	569	445	513	485	719	2096	549	581
4807	safe_0Safe_210828.6	704	457	803	272	482	1102	623	740	586	1930	450	902	1362	837	787	758	735	657	831	900
4808	safe_0Safe_210845.6	1017	472	1294	842	409	1577	1030	1399	1349	1812	596	1349	2394	1848	1632	1494	1900	1518	1486	1566
4809	safe_0Safe_210870.6	824	46	894	476	600	1491	1193	1142	1709	1911	731	1149	1838	1461	1273	1200	1721	1739	1180	1426
4810	safe_0Safe_210899.6	1155	841	1239	1067	775	1749	1274	1553	2626	1669	839	1321	2158	1757	1450	1455	2065	3544	1542	1460
4811	safe_0Safe_210906.6	748	139	805	862	737	1833	1176	1231	1213	542	707	1105	2063	1559	1234	1159	1500	560	1274	1142
4812	safe_0Safe_210932.6	929	411	1006	717	924	1544	1283	1054	1412	963	894	1350	2019	1179	1219	993	1675	1657	1040	1446
4813	safe_0Safe_210957.6	321	633	409	409	51	520	234	507	338	1111	156	690	844	712	523	543	735	535	580	536
4814	safe_0Safe_210960.6	467	258	613	396	45	785	262	709	765	2375	158	1060	1372	1200	1222	1080	1027	1536	1148	993
4815	safe_0Safe_211007.6	846	373	869	469	342	1259	965	1052	1406	1460	565	1120	1955	1545	1222	1139	1030	250	966	1143
4816	safe_0Safe_211036.6	720	531	729	287	273	996	866	812	1499	1827	521	1023	1494	1091	1078	882	2470	1460	996	1022
4817	safe_0Safe_211136.7	1304	433	1247	623	702	1390	1042	1193	1785	2913	684	2014	2020	1392	1381	1234	2039	873	1296	1493
4818	safe_0Safe_211176.7	508	127	465	322	219	624	541	576	662	1173	289	651	1078	822	770	649	1190	601	691	755
4819	safe_0Safe_211185.7	993	630	1155	944	272	1839	882	1533	1796	3737	406	2292	3080	2391	2333	2131	1817	1950	2148	2177
4820	safe_0Safe_211198.7	610	229	627	629	101	654	441	596	1067	872	276	924	1020	836	948	675	1156	307	759	919
4821	safe_0Safe_211201.7	1675	1190	1998	1078	1216	3114	1932	2160	2085	1847	1213	2495	3911	2945	2586	2135	3430	2627	2550	2358
4822	safe_0Safe_211258.7	1313	910	1355	995	519	1858	1234	1519	2461	3041	786	1676	2411	2033	1746	1587	2232	1675	1728	1776
4823	safe_0Safe_211261.7	1332	793	1326	546	668	2553	1398	1722	2360	2009	807	2145	3134	2516	2030	1804	2663	1831	1875	1892
4824	safe_0Safe_211279.7	678	231	672	362	210	786	553	589	1393	1058	372	882	1153	734	792	775	900	211	709	958
4825	safe_0Safe_211281.7	1633	251	1538	1375	937	1897	1659	1673	2205	4228	1174	2069	2916	1794	1955	1582	3269	790	1798	2057
4826	SAP130_ENSG00000136715_195132.2	1407	639	1168	1079	359	1396	907	1408	1703	1921	548	1808	2696	1898	1998	1630	2039	1630	1937	1756
4827	SAP130_ENSG00000136715_195136.6	1010	436	763	461	760	1483	1084	1021	1428	770	747	800	2092	1309	1163	1088	1248	2	1022	953
4828	SAP18_ENSG00000150459_44813.1	688	514	783	363	71	519	263	456	429	1485	151	871	1396	904	1220	894	1027	749	1129	942
4829	SAP18_ENSG00000150459_44814.2	2670	1777	2723	1971	844	3051	1837	2654	2656	2085	1178	2950	5196	3751	3898	3062	2736	1161	3743	3043
4830	SAP18_ENSG00000150459_44815.3	843	1313	950	511	179	815	399	657	1502	1896	318	933	1483	1019	1298	895	1097	1087	999	1024
4831	SAP18_ENSG00000150459_44816.4	890	370	968	257	387	824	725	750	444	579	394	989	1600	1009	1072	824	874	623	1054	1107
4832	SAP18_ENSG00000150459_44817.5	709	774	833	210	34	448	235	512	625	1374	79	901	1022	870	1172	1068	1330	1265	1115	992
4833	SAP18_ENSG00000150459_44818.6	491	564	474	398	85	437	259	464	488	1149	135	498	792	766	588	545	956	367	684	620
4834	SAP25_ENSG00000205307_83296.1	896	887	1043	1516	460	1232	922	1078	1122	696	576	1069	1897	1397	1354	1187	2079	246	1316	1200
4835	SAP25_ENSG00000205307_83297.2	563	505	490	269	94	424	323	404	525	208	150	603	835	565	753	538	1012	1203	567	645
4836	SAP25_ENSG00000205307_83300.5	428	121	467	594	235	591	341	468	686	263	157	547	748	559	543	491	330	292	606	635
4837	SAP25_ENSG00000205307_83301.6	895	243	878	946	386	1105	1093	821	1445	2214	615	1158	1717	980	1141	942	1736	130	975	1049
4838	SAP30_ENSG00000164105_169164.2	1077	1073	1005	958	204	1048	595	1185	1280	735	307	1558	2040	1812	1928	1507	2133	1362	1712	1548
4839	SAP30_ENSG00000164105_169165.3	845	94	837	72	451	886	707	607	1072	940	482	838	1286	969	948	760	798	869	715	784
4840	SAP30_ENSG00000164105_169166.4	585	246	582	824	39	322	127	353	300	406	73	638	751	720	962	814	1190	1057	904	678
4841	SAP30_ENSG00000164105_169167.5	1330	896	1470	1051	226	1388	697	1481	2139	2576	408	1870	2907	2138	2322	1967	2028	1790	2092	2022
4842	SAP30_ENSG00000164105_169168.6	480	498	520	297	50	548	259	542	1029	787	161	849	1093	837	833	717	965	1482	720	801
4843	SAP30L_ENSG00000164576_163710.1	576	521	525	235	169	674	482	725	908	256	261	905	987	797	760	674	1069	998	838	830
4844	SAP30L_ENSG00000164576_163711.2	441	486	594	124	162	633	344	468	541	1479	195	708	1229	779	709	604	460	248	739	704
4845	SAP30L_ENSG00000164576_163712.3	911	284	925	905	431	1149	823	842	1837	1434	588	1325	1420	1097	1094	918	1805	445	1055	1367
4846	SAP30L_ENSG00000164576_163713.4	1025	192	1189	333	353	1141	685	964	1081	1080	506	928	1435	1229	1068	974	1590	751	1040	1012
4847	SAP30L_ENSG00000164576_163714.5	652	571	706	430	224	1126	724	777	758	599	413	913	1404	1058	1056	868	1300	1412	793	948
4848	SAP30L_ENSG00000164576_163715.6	252	157	298	59	46	326	99	290	330	921	57	312	454	403	344	348	423	465	408	364
4849	SATB1_ENSG00000182568_168706.1	1362	1013	1608	855	363	2023	956	1695	2510	3583	552	2063	3235	2453	2275	2178	2283	1485	1946	2239
4850	SATB1_ENSG00000182568_168707.2	1261	1374	1572	803	547	2041	1187	1690	2103	2126	795	2057	2752	1800	1786	1596	4329	2505	1749	1881
4851	SATB1_ENSG00000182568_168708.3	1362	601	1362	1563	677	1392	1390	1168	1937	4382	865	1905	2103	1392	1545	1297	3428	1628	1447	1728
4852	SATB1_ENSG00000182568_168709.4	777	502	878	512	76	672	321	766	692	740	190	1025	1560	1325	1408	1211	1935	641	1383	977
4853	SATB1_ENSG00000182568_168710.5	1041	554	1198	619	227	1454	764	1313	2270	3647	470	1570	2367	1838	1704	1586	2146	1649	1567	1641
4854	SATB1_ENSG00000182568_168711.6	442	392	418	374	219	692	371	578	615	1249	241	743	1121	922	824	581	727	252	650	659
4855	SBNO1_ENSG00000139697_64650.1	1293	417	1370	209	781	1878	1445	1293	2006	1365	1008	1694	1991	1628	1531	1198	2018	418	1296	1392
4856	SBNO1_ENSG00000139697_64652.3	423	432	520	487	95	596	255	648	804	784	118	1049	1110	913	914	903	1131	693	811	798
4857	SBNO1_ENSG00000139697_64653.4	971	239	910	349	509	1109	1129	928	1728	1348	847	1068	1656	1136	1149	897	1657	666	985	1165
4858	SBNO1_ENSG00000139697_64654.5	894	344	947	674	634	1073	952	1006	1796	2090	932	1312	1491	1074	1078	804	2125	1250	953	1108
4859	SBNO1_ENSG00000139697_64655.6	877	490	980	384	184	1188	473	862	1269	900	330	1313	1939	1416	1430	1141	1659	1476	1277	1412
4860	SCMH1_ENSG00000010803_134204.2	703	472	816	616	431	997	819	786	1486	1657	542	1144	1524	1063	900	814	1440	991	942	1081
4861	SCMH1_ENSG00000010803_134205.3	2417	1136	2405	1882	1152	3036	2025	2499	2200	2503	1445	2761	4265	3371	2720	2549	3037	2402	2692	2611
4862	SCMH1_ENSG00000010803_134207.5	836	376	860	585	429	1237	966	1008	1300	2614	618	1927	1988	1269	1100	1058	1623	1941	1066	1602
4863	SCMH1_ENSG00000010803_134208.6	911	240	1002	959	467	1234	980	915	1664	2906	685	1459	1555	1025	1199	1003	1954	2004	1057	1335
4864	SCML2_ENSG00000102098_136357.1	585	545	635	248	68	863	228	756	936	2179	149	1090	1511	1215	1333	1212	4734	618	1336	1272
4865	SCML2_ENSG00000102098_136358.2	626	230	562	734	205	649	460	708	739	511	324	760	925	759	706	661	865	217	692	694
4866	SCML2_ENSG00000102098_136359.3	597	176	613	575	354	973	736	864	947	255	492	897	1633	1054	935	910	859	824	912	808
4867	SCML2_ENSG00000102098_136360.4	632	762	685	287	533	1097	816	962	1040	605	614	1026	1618	1186	982	891	1579	959	933	1023
4868	SCML2_ENSG00000102098_136361.5	1056	1349	1164	1795	449	1546	871	1502	1758	1404	554	1695	2435	1649	1806	1504	2484	1021	1788	1715
4869	SCML2_ENSG00000102098_136362.6	999	930	1027	1084	517	1570	992	1398	1546	3628	572	1708	2270	1752	1702	1502	1662	1936	1639	1676
4870	SCML4_ENSG00000146285_36055.1	49	79	68	223	4	45	10	74	33	265	3	136	118	56	112	81	52	235	111	151
4871	SCML4_ENSG00000146285_36056.2	1995	1447	2103	1904	797	2823	1562	2067	3067	2570	1019	2314	3866	3241	2833	2572	2572	1514	2595	2754
4872	SCML4_ENSG00000146285_36058.4	812	230	1002	717	359	935	732	754	1001	1133	491	1252	1369	960	966	814	1193	1511	1008	1143
4873	SCML4_ENSG00000146285_36059.5	442	218	421	372	46	472	104	434	408	538	70	665	975	907	881	752	614	719	856	747
4874	SCML4_ENSG00000146285_36060.6	657	251	692	426	174	719	640	670	1055	860	352	758	1015	783	897	673	1893	838	763	932
4875	SENP1_ENSG00000079387_88407.1	1087	827	1064	787	364	1519	850	1326	1041	2144	617	1486	2188	1632	1542	1329	1971	821	1378	1400
4876	SENP1_ENSG00000079387_88409.3	536	325	510	237	89	535	283	511	871	1425	137	754	841	766	774	762	1363	876	703	589
4877	SENP1_ENSG00000079387_88410.4	382	92	332	265	63	541	185	393	699	176	88	476	862	600	628	549	538	250	567	403
4878	SENP1_ENSG00000079387_88411.5	536	286	526	65	138	625	349	602	697	860	152	630	977	711	781	670	670	872	644	541
4879	SENP1_ENSG00000079387_88412.6	878	388	952	754	229	1397	645	1133	1316	126	359	1260	1957	1480	1369	1201	1758	1664	1315	1236
4880	SENP3_ENSG00000161956_10179.1	579	194	492	323	45	398	209	435	690	1002	91	512	707	624	687	521	1289	256	593	529
4881	SENP3_ENSG00000161956_10180.2	971	314	1012	321	229	1298	679	1098	1788	2000	329	1415	2213	1692	1508	1362	1282	1871	1324	1335
4882	SENP3_ENSG00000161956_10181.3	684	311	776	942	152	654	416	603	1143	916	215	878	1206	852	979	779	1953	1541	943	861
4883	SENP3_ENSG00000161956_10182.4	792	860	868	832	208	974	661	720	1649	2055	487	1010	1748	1009	1163	977	1525	1343	1013	1225
4884	SENP3_ENSG00000161956_10183.5	111	202	120	213	6	36	12	79	134	464	6	211	235	181	281	188	538	5	303	199
4885	SENP3_ENSG00000161956_10184.6	499	282	583	477	92	602	270	615	1072	1990	139	1053	1093	727	982	753	1577	1001	966	687
4886	SENP5_ENSG00000119231_4566.1	1605	706	1782	988	1088	3089	2166	2362	2644	1789	1323	2291	4197	3356	2705	2379	2876	2491	2565	2517
4887	SENP5_ENSG00000119231_4567.2	2299	1173	1992	938	1058	2613	1908	2325	2769	1641	1107	2600	4154	2916	2831	2213	2874	629	2294	2449
4888	SENP5_ENSG00000119231_4569.4	376	343	357	735	4	289	42	333	381	666	22	729	662	592	921	874	939	290	876	716
4889	SENP5_ENSG00000119231_4570.5	975	532	1325	652	757	1626	1349	1226	1525	1035	974	1424	2145	1450	1476	1111	2141	1648	1415	1540
4890	SENP5_ENSG00000119231_4571.6	1886	825	1824	1044	903	2615	1804	2230	3629	4654	1164	2889	3597	2824	2611	2373	3178	2970	2405	2413
4891	SENP6_ENSG00000112701_115742.2	1165	800	1203	1053	402	1582	983	1344	1644	2675	663	1463	2610	1895	1721	1467	1615	778	1579	1768
4892	SENP6_ENSG00000112701_115743.3	702	355	711	552	86	912	366	952	1129	771	152	1295	1631	1382	1508	1296	1601	1009	1233	1094
4893	SENP6_ENSG00000112701_115744.4	546	667	547	769	292	684	529	674	615	529	231	864	1151	739	855	648	1145	825	893	979
4894	SENP6_ENSG00000112701_115745.5	1402	536	1431	543	597	1874	1455	1485	1568	2131	963	2012	2499	1651	1984	1421	2405	2574	1683	1835
4895	SENP6_ENSG00000112701_115746.6	923	430	849	425	299	1112	767	917	1458	871	574	1233	1464	1082	1071	787	794	4034	1035	1201
4896	SENP7_ENSG00000138468_19325.1	1057	242	1134	889	644	1175	1293	1042	1384	1598	859	1304	2067	1194	1386	1051	2330	1786	1230	1585
4897	SENP7_ENSG00000138468_19326.2	948	829	962	1182	344	1316	823	1015	1923	1836	440	1604	2104	1400	1440	1253	1985	1334	1340	1396
4898	SENP7_ENSG00000138468_19327.3	424	84	556	507	356	689	501	564	552	1436	356	741	1020	546	557	539	945	322	590	631
4899	SENP7_ENSG00000138468_19328.4	1371	1030	1504	1694	409	1289	969	1375	2515	1499	636	1893	2363	1578	1939	1502	2672	2259	1774	1991
4900	SENP7_ENSG00000138468_19329.5	642	355	676	595	184	924	448	787	1155	1948	259	1194	1531	1295	1332	1066	1609	2046	1069	1119
4901	SENP7_ENSG00000138468_19330.6	590	253	685	668	185	960	397	888	912	727	275	1230	1474	1179	1163	1117	1225	576	1181	1106
4902	SENP8_ENSG00000166192_18890.1	1327	868	1230	884	719	1538	1573	1555	2528	2371	825	1975	2094	1611	1504	1410	3605	2391	1552	1575
4903	SENP8_ENSG00000166192_18891.2	639	574	670	352	318	1100	685	877	800	1393	363	988	1661	1197	963	900	1551	1364	1014	1034
4904	SENP8_ENSG00000166192_18894.5	468	485	493	270	109	523	302	517	601	778	181	565	820	515	604	464	575	860	662	606
4905	SENP8_ENSG00000166192_18895.6	593	561	590	737	16	269	191	323	562	2942	47	662	877	777	926	782	1708	495	916	827
4906	SERPINE1_ENSG00000106366_201560.2	1541	691	1281	596	1337	2172	1784	1790	2265	1306	1122	1889	2825	1875	1769	1604	2109	1937	1699	1905
4907	SERPINE1_ENSG00000106366_201561.3	1600	841	1714	1100	572	2122	1320	1879	2992	1899	813	2444	3201	2511	2232	1971	3407	1858	2270	2249
4908	SERPINE1_ENSG00000106366_201562.4	334	460	402	202	41	288	138	365	305	685	100	522	731	484	502	444	565	1060	512	435
4909	SERPINE1_ENSG00000106366_201563.5	1808	1163	1955	1113	471	2106	1551	2272	3675	2526	874	3060	3629	2630	2948	2274	4114	2998	2884	2958
4910	SETD1B_ENSG00000139718_75689.1	909	1672	948	1875	67	706	337	802	1855	2911	159	1783	1906	1232	1664	1274	3426	2863	1644	1820
4911	SETD1B_ENSG00000139718_75690.2	312	488	295	1	33	184	102	235	452	508	73	575	531	289	468	410	440	658	404	447
4912	SETD1B_ENSG00000139718_75691.3	863	1126	887	841	104	759	279	781	907	1662	193	1219	1527	985	1251	1013	1870	1326	1169	1269
4913	SETD1B_ENSG00000139718_75694.6	2236	1232	2118	1539	1650	3465	3224	2471	5255	2742	2147	4297	4643	2948	3068	2457	5865	2166	3062	3846
4914	SETD2_ENSG00000181555_29419.1	1114	365	1141	760	822	1970	1528	1634	1981	1099	1102	1999	2276	1915	1542	1488	1940	1565	1625	1831
4915	SETD2_ENSG00000181555_29420.2	925	601	778	796	488	1131	1032	943	2098	1770	779	1478	1620	1117	1099	778	1419	493	954	1341
4916	SETD2_ENSG00000181555_29421.3	1259	1019	1261	920	99	912	506	1034	1991	2772	261	1856	1940	1299	1712	1272	2282	2255	1583	1855
4917	SETD2_ENSG00000181555_29422.4	123	88	130	260	30	187	83	110	354	578	31	249	262	275	258	260	296	309	262	217
4918	SETD2_ENSG00000181555_29423.5	734	850	612	727	137	884	345	818	1721	1432	212	1165	1549	1271	1252	1158	1364	591	1171	1002
4919	SETD2_ENSG00000181555_29424.6	1364	716	1307	1228	341	1797	973	1573	2425	3889	534	2348	2906	2185	2312	1739	3210	1633	2089	2004
4920	SETD3_ENSG00000183576_133154.1	494	900	617	1021	23	377	105	464	582	1670	49	959	1012	912	1046	910	1405	573	1112	793
4921	SETD3_ENSG00000183576_133155.2	1438	684	1378	1058	610	1927	1363	1705	1549	3169	731	2184	3096	2250	2075	1677	2292	2149	1949	2119
4922	SETD3_ENSG00000183576_133156.3	1650	459	1663	1589	668	2817	1709	1961	2889	3433	967	2121	3545	2783	2546	2076	3179	2025	2475	2568
4923	SETD3_ENSG00000183576_133157.4	1433	930	1396	390	565	2184	1125	1847	2408	2315	798	2261	2980	2289	2187	1962	1760	1683	2061	2171
4924	SETD3_ENSG00000183576_133158.5	641	567	676	480	172	958	446	780	826	544	204	1173	1492	1155	1008	921	913	1244	1047	838
4925	SETD3_ENSG00000183576_133159.6	1716	965	1976	1473	419	2293	1268	1887	2409	3421	595	3126	3830	2833	3065	2268	4031	4023	2770	2781
4926	SETD4_ENSG00000185917_140872.1	162	96	209	324	13	135	47	239	276	821	25	364	409	320	418	348	298	116	415	289
4927	SETD4_ENSG00000185917_140873.2	885	157	958	530	587	1592	931	1187	1307	1257	548	1327	1673	1317	1163	1054	1114	2378	1039	1142
4928	SETD4_ENSG00000185917_140874.3	949	420	1018	402	346	954	566	857	778	2941	496	1337	1637	904	1094	895	1540	600	1099	1405
4929	SETD4_ENSG00000185917_140875.4	844	538	952	573	534	1279	1120	1036	1005	710	678	1020	1680	1209	1182	1026	885	1375	1099	1040
4930	SETD4_ENSG00000185917_140876.5	757	525	817	436	469	1251	870	807	1730	569	539	992	1510	1082	903	842	1496	690	835	834
4931	SETD4_ENSG00000185917_140877.6	548	103	457	218	48	438	250	461	960	564	137	762	904	598	788	615	898	4647	760	827
4932	SETD5_ENSG00000168137_24566.1	1079	454	1146	508	272	1275	629	1270	1363	2238	410	1398	2426	1877	1758	1725	1424	1258	1860	1479
4933	SETD5_ENSG00000168137_24567.2	1350	1082	1462	1168	597	2078	1249	1723	3008	2543	893	1987	3030	2393	2030	1675	2341	1613	1763	1853
4934	SETD5_ENSG00000168137_24568.3	1931	1737	1442	1247	410	1947	1429	1786	3321	3407	888	2018	3220	2015	2195	1807	3896	2197	2201	2374
4935	SETD5_ENSG00000168137_24569.4	819	870	861	577	344	1367	841	926	1626	2178	586	1097	1877	1246	1206	948	1496	1571	1052	1123
4936	SETD5_ENSG00000168137_24570.5	482	187	547	393	167	622	474	549	1056	563	287	750	902	768	800	609	1481	878	860	793
4937	SETD5_ENSG00000168137_24571.6	939	544	932	807	371	1030	933	1017	1715	1641	640	1341	1576	1113	1170	924	1797	1923	1061	1225
4938	SETD6_ENSG00000103037_70963.1	1484	1268	1254	923	890	1128	1514	1144	2917	1748	1101	1836	1761	1027	1320	981	4240	3142	1259	1661
4939	SETD6_ENSG00000103037_70964.2	1168	1105	1568	1048	599	1841	1232	1487	2963	3713	837	1995	2843	2051	1783	1574	2406	2381	1695	2046
4940	SETD6_ENSG00000103037_70965.3	344	469	446	128	194	558	338	501	1004	1091	281	712	920	703	625	509	1279	750	632	816
4941	SETD6_ENSG00000103037_70966.4	1824	1106	2054	1672	1081	2776	2027	2310	3629	4488	1388	3079	3655	2721	2489	2088	6462	3892	2410	2757
4942	SETD6_ENSG00000103037_70968.6	767	850	709	601	155	684	306	639	1459	2999	235	927	1306	1055	1007	906	2561	2525	1057	1228
4943	SETD7_ENSG00000145391_36535.1	894	677	885	707	579	1080	909	970	1345	673	745	1148	1498	879	968	856	1069	511	1079	1185
4944	SETD7_ENSG00000145391_36537.3	551	254	607	227	402	904	789	509	578	604	547	664	1251	841	738	627	857	863	642	664
4945	SETD7_ENSG00000145391_36538.4	1146	748	1224	611	443	1652	886	1422	2638	1684	604	1836	2360	1962	1744	1684	2481	3741	1678	1763
4946	SETD7_ENSG00000145391_36540.6	476	254	521	384	291	636	538	566	685	673	486	898	1115	691	629	583	1734	322	601	593
4947	SETD8_ENSG00000183955_81095.1	401	183	289	161	101	313	287	224	459	512	132	469	574	312	404	288	452	197	464	370
4948	SETD8_ENSG00000183955_81096.2	1102	730	947	359	249	738	715	710	1466	2469	607	1399	1252	828	1032	857	2214	2243	1073	1542
4949	SETD8_ENSG00000183955_81097.3	1204	783	1295	700	330	1663	901	1488	2519	1370	524	1749	2652	2248	1936	1762	1683	1473	1815	1847
4950	SETD8_ENSG00000183955_81098.4	540	130	508	462	62	495	204	440	998	936	147	782	1034	807	754	637	1063	407	753	857
4951	SETD8_ENSG00000183955_81099.5	1257	611	1295	534	557	1525	1290	1071	1841	1607	934	1486	2135	1501	1420	1168	1141	805	1302	1396
4952	SETD8_ENSG00000183955_81100.6	1172	569	1439	504	549	1813	1270	1540	1821	2419	812	2018	2619	2021	1890	1666	3011	2446	1934	1889
4953	SETDB1_ENSG00000143379_31691.1	473	246	530	481	146	454	326	697	1046	724	191	704	798	640	912	643	714	834	717	696
4954	SETDB1_ENSG00000143379_31692.2	233	260	181	136	72	250	231	306	315	783	187	341	477	381	317	317	573	292	282	336
4955	SETDB1_ENSG00000143379_31694.4	1281	918	1263	575	414	1346	894	1143	2103	1935	590	1390	2105	1249	1521	1258	2685	1218	1409	1700
4956	SETDB1_ENSG00000143379_31695.5	1683	1093	1430	1608	786	1999	1752	1718	3127	6352	1285	2100	3256	1995	2084	1639	3366	2033	2066	2198
4957	SETDB1_ENSG00000143379_31696.6	446	37	551	416	222	693	452	590	1132	957	296	684	910	685	670	610	975	269	619	692
4958	SETDB2_ENSG00000136169_57687.2	671	861	658	235	168	846	583	700	1157	1549	426	966	1306	881	903	724	1664	1084	899	858
4959	SETDB2_ENSG00000136169_57688.3	1585	947	1631	1130	957	2548	1516	1781	1737	992	1050	2096	3544	2585	2213	2083	1812	873	1983	2093
4960	SETDB2_ENSG00000136169_57690.5	1304	1039	1331	1845	959	2074	1567	1677	1827	1589	1182	1838	2914	2049	1864	1691	2381	1100	1947	1896
4961	SETDB2_ENSG00000136169_57691.6	936	1118	1245	608	462	1494	896	985	2202	1131	566	1464	2434	1500	1465	1418	1018	2799	1331	1362
4962	SF3B1_ENSG00000115524_71672.1	1457	781	1472	1451	334	1611	988	1492	2618	2737	587	2227	2633	2142	2179	1585	3461	3146	2193	1971
4963	SF3B1_ENSG00000115524_71673.2	656	591	607	462	194	534	465	429	814	1817	281	818	1052	588	721	534	1015	2861	716	826
4964	SF3B1_ENSG00000115524_71674.3	1603	1065	1473	1345	795	2277	1577	1865	2004	2513	1082	1958	3447	2247	2136	1838	3154	858	1801	1948
4965	SF3B1_ENSG00000115524_71675.4	1154	92	1193	188	604	1423	1455	1117	1602	1443	970	1004	1828	1452	1276	1152	2402	1908	1255	1337
4966	SF3B1_ENSG00000115524_71676.5	1736	1981	1787	1384	598	1794	1430	1539	3414	2004	960	2732	3180	1681	2401	1571	4350	6327	2246	2488
4967	SF3B1_ENSG00000115524_71677.6	213	943	221	327	65	143	190	154	323	1074	123	219	357	158	239	147	732	1252	329	394
4968	SF3B3_ENSG00000189091_63889.2	172	108	219	217	123	241	131	221	96	256	136	351	471	255	255	263	118	266	271	291
4969	SF3B3_ENSG00000189091_63890.3	1150	430	1090	927	412	862	1027	839	1537	3802	644	1508	1978	866	1346	811	1776	4916	1453	1532
4970	SF3B3_ENSG00000189091_63891.4	2086	1242	1698	1825	705	645	1657	871	3397	9421	1252	3025	2527	992	1804	771	5002	9486	1991	2982
4971	SF3B3_ENSG00000189091_63892.5	979	617	872	1387	169	342	394	516	1617	4314	271	1390	1043	394	1036	521	2341	3359	1008	1130
4972	SF3B3_ENSG00000189091_63893.6	1224	374	1234	828	239	626	596	646	2428	7018	468	1602	1540	586	1298	691	3415	5930	1348	1718
4973	SFMBT1_ENSG00000163935_200539.1	597	538	621	1190	148	1103	389	818	1600	2431	259	1202	1713	1231	1214	1058	1127	1175	1204	1128
4974	SFMBT1_ENSG00000163935_200540.2	304	225	245	289	27	208	127	240	481	1112	77	569	444	369	493	335	630	446	429	572
4975	SFMBT1_ENSG00000163935_200541.3	1610	1212	1641	1887	525	2407	1136	2114	2316	4041	700	2615	3337	2557	2502	2320	2821	1897	2418	2292
4976	SFMBT1_ENSG00000163935_200542.4	563	378	615	389	465	1145	772	877	635	1031	492	897	1404	986	964	799	1147	525	886	866
4977	SFMBT1_ENSG00000163935_200543.5	1253	575	1488	1302	397	1660	960	1320	2020	2724	735	2174	2596	1950	1739	1451	2298	1394	1635	1805
4978	SFMBT1_ENSG00000163935_200544.6	1592	550	1598	1175	854	2519	1747	1973	2260	2330	1126	2577	3474	2367	2152	1954	2989	1967	2171	2515
4979	SFMBT2_ENSG00000198879_199360.1	711	311	616	156	263	993	856	804	1522	3364	460	1285	1523	1028	976	940	1473	523	910	1030
4980	SFMBT2_ENSG00000198879_199361.2	688	1050	833	309	420	1296	844	1014	923	2011	496	1030	1548	1296	1041	1012	944	607	931	978
4981	SFMBT2_ENSG00000198879_199362.3	499	190	463	354	260	519	535	529	528	453	359	536	792	761	577	497	57	139	469	634
4982	SFMBT2_ENSG00000198879_199364.5	621	167	679	497	272	1034	624	798	728	834	445	1037	1358	944	884	839	1259	930	822	811
4983	SHPRH_ENSG00000146414_148867.3	821	495	871	932	391	1263	794	1026	1368	2054	508	1454	1731	1259	1450	1071	1737	824	1080	1250
4984	SHPRH_ENSG00000146414_148868.4	1002	187	1105	405	1068	1680	1398	1340	985	2229	1040	1506	2624	1524	1449	1355	1386	307	1368	1525
4985	SHPRH_ENSG00000146414_148870.6	902	272	829	768	245	1333	748	1018	1423	3341	396	1433	1800	1300	1472	1186	2447	1836	1267	1569
4986	SIAH2_ENSG00000181788_32055.3	852	1075	885	853	310	1186	952	981	1086	861	613	1035	1738	1179	1091	907	1635	328	1026	1100
4987	SIAH2_ENSG00000181788_32056.4	1335	796	1273	1390	379	1715	977	1544	1952	2938	646	1617	2608	2060	1844	1690	1602	1046	1860	1559
4988	SIAH2_ENSG00000181788_32057.5	558	612	577	193	79	487	221	553	477	1532	158	763	1037	836	872	759	1431	1339	702	696
4989	SIAH2_ENSG00000181788_32058.6	365	174	430	148	106	603	409	523	402	308	188	571	841	607	655	611	376	761	529	522
4990	SIK1_ENSG00000142178_120215.1	101	333	178	571	2	41	66	68	171	2065	6	280	250	254	800	694	636	1604	649	348
4991	SIK1_ENSG00000142178_120216.2	2014	1262	2008	1120	1341	3156	2436	2340	2643	2056	1605	2387	3973	3049	2524	2332	1817	2253	2485	2409
4992	SIK1_ENSG00000142178_120217.3	867	537	857	429	289	940	581	901	958	2537	436	930	1472	949	975	795	1129	1242	1030	990
4993	SIK1_ENSG00000142178_120218.4	1134	1944	1293	715	303	1825	828	1461	1379	1756	404	1687	2656	2201	1944	1880	2636	3330	1794	1796
4994	SIK1_ENSG00000142178_120219.5	534	159	510	191	102	577	222	523	851	1255	206	815	830	600	658	558	836	1709	617	809
4995	SIK1_ENSG00000142178_120220.6	857	636	908	1156	100	752	466	832	1786	1244	204	1350	1534	1239	1296	1173	2323	1814	1280	1306
4996	SIN3A_ENSG00000169375_67105.3	1109	899	967	654	425	1238	975	1032	1370	1717	620	1249	1548	1250	1388	1247	2151	682	1182	1154
4997	SIN3A_ENSG00000169375_67106.4	2037	947	1867	1000	1342	2315	2464	2084	2628	2541	1576	1757	3757	2277	2460	2043	3178	1333	2131	1836
4998	SIN3A_ENSG00000169375_67107.5	682	628	779	665	221	842	554	1027	1030	841	354	740	1613	985	1365	1052	2260	915	1171	954
4999	SIN3A_ENSG00000169375_67108.6	1476	1161	1554	1217	433	1858	1099	1656	1883	2078	739	2010	2658	2210	2124	1937	2479	662	1867	1758
5000	SIN3B_ENSG00000127511_141956.3	499	256	560	663	102	645	352	615	713	511	186	832	894	631	747	728	1225	1851	706	881
5001	SIN3B_ENSG00000127511_141957.4	2571	1296	2524	2018	1324	3604	2390	2919	3162	4163	1429	3131	4696	3759	3235	2952	2108	2121	3144	3205
5002	SIN3B_ENSG00000127511_141959.6	992	632	1096	372	352	1326	941	1090	1594	1830	634	1464	1895	1088	1295	1125	1708	1777	1436	1531
5003	SIRT1_ENSG00000096717_32021.1	917	577	989	447	351	955	882	883	1834	1723	553	1633	1653	1045	1396	948	1941	1434	1184	1440
5004	SIRT1_ENSG00000096717_32022.2	1333	524	1219	151	393	1605	1131	1583	1974	1861	668	1798	2497	1911	1735	1576	2386	1717	1727	1745
5005	SIRT1_ENSG00000096717_32023.3	1375	874	1432	648	695	1624	1428	1524	2581	3658	951	1726	2336	1683	1673	1462	1900	1364	1588	1948
5006	SIRT1_ENSG00000096717_32024.4	583	353	565	251	264	903	750	666	797	517	460	905	1175	721	800	820	753	1315	669	807
5007	SIRT1_ENSG00000096717_32025.5	1264	1101	1422	969	665	1853	1521	1593	2262	2616	940	2042	2833	2027	2002	1737	1782	2097	1752	2141
5008	SIRT2_ENSG00000068903_17850.1	533	79	527	692	84	472	201	475	257	2105	131	673	783	735	749	714	837	1274	670	627
5009	SIRT2_ENSG00000068903_17851.2	1109	609	1082	600	403	1183	669	1049	1341	1222	515	1668	1547	1412	1337	1058	2074	1050	1138	1561
5010	SIRT2_ENSG00000068903_17852.3	1471	820	1462	812	537	1961	1317	1595	1963	1534	790	2286	2868	2108	1948	1631	2409	1693	1695	2228
5011	SIRT2_ENSG00000068903_17854.5	537	222	668	232	161	674	434	543	748	1731	234	975	945	725	773	607	1388	1438	813	1053
5012	SIRT2_ENSG00000068903_17855.6	517	134	469	700	67	545	257	449	679	517	168	869	871	555	706	631	821	593	636	909
5013	SIRT3_ENSG00000142082_201670.2	642	544	742	625	49	459	206	539	521	347	107	966	1126	901	1299	965	1481	1752	1138	1120
5014	SIRT3_ENSG00000142082_201671.3	691	199	784	844	267	839	514	744	876	745	288	1026	1382	1048	952	895	1263	1267	873	1033
5015	SIRT3_ENSG00000142082_201672.4	420	245	401	340	196	461	421	427	1376	651	256	833	735	453	524	433	758	825	542	578
5016	SIRT3_ENSG00000142082_201673.5	432	192	474	222	301	551	473	533	871	1733	287	604	861	682	619	563	1413	404	607	657
5017	SIRT3_ENSG00000142082_201674.6	1005	737	1000	385	361	1124	700	928	1551	823	495	1231	1615	1077	1213	942	1460	916	1202	1286
5018	SIRT4_ENSG00000089163_83482.1	1081	714	987	470	140	983	462	891	1405	1863	289	1471	1937	1265	1439	1293	2199	3556	1844	1558
5019	SIRT4_ENSG00000089163_83483.2	646	73	601	301	337	888	677	654	1438	1188	473	840	1274	866	835	692	1094	567	787	828
5020	SIRT4_ENSG00000089163_83484.3	873	428	841	1005	339	1089	795	935	1146	1202	482	1032	1772	1080	1017	1009	1247	517	981	1331
5021	SIRT4_ENSG00000089163_83485.4	847	257	852	620	249	899	552	821	1515	2103	389	1160	1304	963	938	848	2063	648	946	1036
5022	SIRT4_ENSG00000089163_83486.5	293	114	342	400	90	298	259	288	287	143	150	576	596	384	430	346	641	1859	457	578
5023	SIRT4_ENSG00000089163_83487.6	1207	705	1174	557	348	990	785	1091	1589	1927	608	1452	1951	1194	1563	1031	2428	1306	1272	1582
5024	SIRT5_ENSG00000124523_178135.1	878	564	812	500	262	1192	584	920	962	1867	307	1200	1627	1243	1342	1175	1177	322	1173	1254
5025	SIRT5_ENSG00000124523_178136.2	1343	1038	1507	1211	254	1310	617	1487	2398	3653	358	2124	2634	2018	2250	1702	2839	2162	1992	2148
5026	SIRT5_ENSG00000124523_178138.4	683	743	655	276	556	929	806	766	1603	1320	632	850	1321	953	882	905	1070	2522	852	1053
5027	SIRT5_ENSG00000124523_178140.6	587	511	565	184	235	809	555	643	814	610	349	959	1342	845	753	742	872	128	866	799
5028	SIRT6_ENSG00000077463_118146.1	870	700	895	270	517	1355	1003	1054	1266	1888	671	1350	1704	1190	1041	969	1158	2997	954	1279
5029	SIRT6_ENSG00000077463_118147.2	490	101	493	275	21	233	83	245	675	544	89	540	640	460	756	575	471	1646	668	609
5030	SIRT6_ENSG00000077463_118148.3	1434	881	1352	760	1013	1717	1738	1244	2125	753	976	1799	2349	1414	1578	1265	1953	1799	1392	1863
5031	SIRT6_ENSG00000077463_118149.4	423	181	564	408	209	628	465	627	446	1273	318	567	1163	788	697	637	1028	117	601	614
5032	SIRT6_ENSG00000077463_118150.5	818	79	809	220	361	922	845	749	1023	1017	561	1080	1411	1012	949	857	1049	1549	999	1169
5033	SIRT6_ENSG00000077463_118151.6	991	904	868	632	198	955	467	755	1485	1418	326	1175	1536	1167	1216	973	1434	1551	1059	1297
5034	SIRT7_ENSG00000187531_142371.1	666	305	741	407	82	589	282	564	1014	481	164	892	1036	859	925	752	1083	515	922	767
5035	SIRT7_ENSG00000187531_142372.2	781	602	837	578	184	850	335	697	520	648	283	766	1418	1107	1161	1047	1326	972	972	989
5036	SIRT7_ENSG00000187531_142373.3	1075	463	851	487	607	1372	1132	1097	1065	911	738	1270	1846	1324	1165	1107	1129	2745	1179	1317
5037	SIRT7_ENSG00000187531_142374.4	654	438	564	34	54	416	210	475	1097	1515	102	725	1022	526	824	654	1829	254	822	749
5038	SIRT7_ENSG00000187531_142375.5	2286	690	2240	1523	476	2024	1108	1890	2981	3724	826	2811	3433	2373	2541	2074	3872	4789	2402	2656
5039	SIRT7_ENSG00000187531_142376.6	694	817	625	468	107	588	333	505	1197	1678	222	831	1210	643	932	620	1451	288	921	821
5040	SKA1_ENSG00000154839_130810.1	449	142	551	368	53	613	232	543	940	771	108	891	885	830	959	717	1162	1132	851	850
5041	SKA1_ENSG00000154839_130811.2	1002	404	1130	523	549	1526	1350	1258	1778	1355	728	1534	2243	1710	1374	1187	1592	2401	1294	1530
5042	SKA1_ENSG00000154839_130812.3	193	247	217	124	29	266	78	271	313	389	47	396	461	466	498	408	129	231	383	437
5043	SKA1_ENSG00000154839_130814.5	330	187	364	252	93	331	192	361	673	1221	152	394	583	544	399	364	715	821	406	400
5044	SKA3_ENSG00000165480_47459.1	382	435	344	638	3	164	60	154	413	1212	21	518	532	413	807	645	1139	1473	712	531
5045	SKA3_ENSG00000165480_47460.2	1927	1064	2035	1467	1084	2683	2037	2200	3466	4823	1441	2742	3575	2588	2414	1969	2749	2187	2501	2822
5046	SKA3_ENSG00000165480_47461.3	1418	959	1365	1013	400	1303	781	1172	1752	1570	629	1932	2401	1895	1730	1400	2036	1566	1779	1849
5047	SKA3_ENSG00000165480_47462.4	897	758	956	483	48	961	362	1035	1475	1307	122	1684	2045	1556	1982	1685	2303	3445	1810	1613
5048	SKA3_ENSG00000165480_47463.5	463	572	662	543	57	487	232	542	931	262	115	901	1021	697	942	743	1573	49	878	865
5049	SKIV2L_ENSG00000204351_145792.1	1552	1128	1782	818	657	2074	1336	1746	1881	1729	812	1999	2941	2409	2280	1980	1502	2121	2116	2034
5050	SKIV2L_ENSG00000204351_145795.4	370	534	346	421	51	293	199	318	507	925	78	674	683	546	562	441	728	474	537	435
5051	SKIV2L_ENSG00000204351_145796.5	927	402	1005	777	243	837	633	836	1632	791	457	1344	1661	1064	1219	1023	2125	1341	1143	1401
5052	SKIV2L_ENSG00000204351_145797.6	945	281	978	431	248	1101	581	1024	1673	879	404	1279	1582	1359	1182	1190	1677	2212	1092	1010
5053	SKIV2L2_ENSG00000039123_52557.1	352	563	416	201	29	367	104	431	566	304	83	701	930	677	752	704	898	2067	765	663
5054	SKIV2L2_ENSG00000039123_52558.2	729	259	819	743	308	956	769	815	1121	1590	437	1020	1617	1080	1034	876	1286	1054	956	1093
5055	SKIV2L2_ENSG00000039123_52559.3	742	170	788	584	625	1243	989	888	1045	1589	779	997	1378	837	888	776	1445	258	863	940
5056	SKIV2L2_ENSG00000039123_52560.4	1700	751	1670	1229	862	1722	1597	1730	3124	1575	1280	2248	2858	1664	2146	1430	3331	3267	2017	2459
5057	SKIV2L2_ENSG00000039123_52561.5	994	83	1022	1222	434	1096	996	938	1967	1489	774	1392	1510	1014	1439	855	1229	2199	1315	1442
5058	SKIV2L2_ENSG00000039123_52562.6	1255	963	1444	923	371	1755	1064	1422	1834	1574	615	1696	2870	1923	1830	1501	2461	2321	1870	1963
5059	SLBP_ENSG00000163950_167201.1	1214	683	1084	813	205	816	644	821	2297	2292	385	1324	1758	1017	1513	999	2270	1567	1369	1526
5060	SLBP_ENSG00000163950_167203.3	433	369	313	282	96	298	302	277	589	268	149	517	385	360	379	255	751	733	329	383
5061	SLBP_ENSG00000163950_167204.4	483	630	382	346	72	322	297	384	739	810	240	852	563	423	605	350	1174	231	633	696
5062	SLBP_ENSG00000163950_167205.5	985	830	918	361	116	912	428	919	1789	2390	228	1652	1838	1249	1594	1269	2679	1387	1603	1466
5063	SLBP_ENSG00000163950_167206.6	176	88	119	141	36	212	105	149	106	244	76	280	252	181	137	152	555	122	146	111
5064	SLK_ENSG00000065613_113240.1	1250	571	1169	477	260	1795	884	1570	1905	1897	529	1932	2557	2195	2019	1735	2377	2899	1860	2229
5065	SLK_ENSG00000065613_113241.2	1329	679	1323	1194	718	2112	1576	1530	2000	2727	1084	2090	2625	1836	1762	1496	2463	2554	1713	1901
5066	SLK_ENSG00000065613_113244.5	1033	836	870	1180	673	1632	1187	1251	1703	1298	751	1280	1945	1454	1374	1101	1697	1211	1343	1378
5067	SLK_ENSG00000065613_113245.6	887	710	924	1107	166	1219	597	1015	1411	1976	236	1252	1679	1384	1246	1043	1530	1292	1266	1187
5068	SMARCA1_ENSG00000102038_174199.1	880	113	819	461	441	1397	810	1043	1371	1414	478	999	1573	1321	1174	1067	1050	2055	1105	1217
5069	SMARCA1_ENSG00000102038_174200.2	1173	688	1164	633	420	1940	957	1494	1647	1113	584	1711	2851	2216	1934	1762	1831	544	1775	1522
5070	SMARCA1_ENSG00000102038_174201.3	579	481	546	871	212	832	486	612	696	707	260	734	1253	933	781	795	678	192	788	768
5071	SMARCA1_ENSG00000102038_174202.4	2462	2111	2634	1719	722	3185	1575	2727	3193	3391	1012	3229	4762	3821	3555	3281	3265	2179	3610	3588
5072	SMARCA1_ENSG00000102038_174203.5	483	405	439	503	78	591	329	557	861	949	152	594	978	692	674	661	714	1579	670	681
5073	SMARCA1_ENSG00000102038_174204.6	409	355	428	164	132	484	255	402	443	2381	157	520	926	558	702	529	556	994	645	689
5074	SMARCA2_ENSG00000080503_115822.2	1110	870	1022	510	547	1343	898	1089	1766	1131	581	1436	1914	1419	1462	1122	2920	2319	1399	1434
5075	SMARCA2_ENSG00000080503_115823.3	275	699	363	324	11	166	50	232	270	1351	27	515	494	435	708	595	1181	288	622	504
5076	SMARCA2_ENSG00000080503_115824.4	1364	1173	1388	1372	637	2002	1302	1572	2070	3021	843	2278	2683	2253	2191	1661	1813	2608	2190	2053
5077	SMARCA2_ENSG00000080503_115826.6	1361	446	1651	1047	784	2814	1649	2066	1978	2357	1006	2160	3443	2561	2224	1939	2248	1614	2160	1988
5078	SMARCA4_ENSG00000127616_160921.1	323	72	300	367	30	321	152	255	464	282	77	367	570	413	438	419	251	589	393	484
5079	SMARCA4_ENSG00000127616_160922.2	339	178	357	486	10	104	50	125	308	1381	24	424	397	304	536	479	1170	515	508	428
5080	SMARCA4_ENSG00000127616_160923.3	722	663	707	380	342	738	624	765	1373	784	424	1399	1264	966	943	698	1368	1190	827	1134
5081	SMARCA4_ENSG00000127616_160924.4	901	435	1086	730	540	1468	1016	1368	2188	1272	715	1577	2397	1842	1489	1411	1054	3050	1501	1707
5082	SMARCA4_ENSG00000127616_160925.5	398	2426	506	694	120	602	256	537	636	998	194	690	1040	654	741	718	1449	483	713	681
5083	SMARCA5_ENSG00000153147_25286.1	1411	943	1313	752	341	1000	600	1044	1786	3555	525	2134	1924	1548	1702	1437	2304	3064	1545	2294
5084	SMARCA5_ENSG00000153147_25287.2	204	74	261	407	13	209	69	213	438	718	42	389	466	318	438	323	680	219	401	439
5085	SMARCA5_ENSG00000153147_25288.3	846	717	775	547	424	1049	736	924	2157	2170	501	1250	1615	1117	1017	940	1626	1620	1056	1353
5086	SMARCA5_ENSG00000153147_25290.5	894	368	856	1108	583	1455	1054	903	1094	2237	592	1748	1647	1369	1158	1027	1803	1934	1183	1807
5087	SMARCA5_ENSG00000153147_25291.6	4117	2519	4340	2441	3119	5996	4739	4302	7551	4592	3890	5821	7268	5304	4669	3983	4606	4595	4505	5862
5088	SMARCAD1_ENSG00000163104_133364.1	238	232	250	182	74	268	215	210	492	935	104	547	392	320	392	340	719	1480	347	523
5089	SMARCAD1_ENSG00000163104_133365.2	906	1090	906	748	439	1284	781	1176	911	967	486	1352	1844	1342	1354	1163	1504	1190	1232	1243
5090	SMARCAD1_ENSG00000163104_133366.3	1164	731	1132	953	347	1535	836	1565	2035	1194	450	1884	2616	1782	1992	1649	1900	1128	1943	1871
5091	SMARCAD1_ENSG00000163104_133367.4	309	151	353	77	185	454	372	329	573	893	225	399	536	408	393	274	875	1	373	425
5092	SMARCAD1_ENSG00000163104_133368.5	1034	985	1088	749	346	1593	948	1281	1991	1898	590	1440	2266	1900	1446	1450	1267	945	1544	1640
5093	SMARCAD1_ENSG00000163104_133369.6	1517	1006	1473	1115	609	2323	1395	1910	2843	857	896	2726	3287	2486	2315	2146	2428	1927	2383	2056
5094	SMARCAL1_ENSG00000138375_97474.2	632	602	631	863	63	455	214	466	738	911	98	720	826	670	846	768	1448	1188	785	770
5095	SMARCAL1_ENSG00000138375_97475.3	941	1000	969	629	170	1250	662	1099	1659	2167	332	1502	2071	1561	1722	1440	2191	1996	1525	1470
5096	SMARCAL1_ENSG00000138375_97476.4	917	779	1073	549	431	1509	911	1116	2031	882	633	1635	2059	1318	1349	1138	2113	437	1263	1369
5097	SMARCAL1_ENSG00000138375_97477.5	680	542	631	654	367	900	556	713	945	1345	343	1097	1539	1040	998	861	1322	266	901	823
5098	SMARCAL1_ENSG00000138375_97478.6	275	62	240	86	50	141	146	213	490	116	85	355	416	238	304	189	323	237	253	341
5099	SMARCB1_ENSG00000099956_105797.1	1316	160	1178	393	803	1372	1453	1360	2391	4099	1024	2935	2097	1179	1623	1276	2551	2055	1489	2222
5100	SMARCB1_ENSG00000099956_105799.3	1043	893	997	825	416	1295	883	1320	1909	3630	576	1645	2113	1489	1535	1163	1624	1646	1463	1623
5101	SMARCB1_ENSG00000099956_105800.4	123	431	161	93	48	141	98	145	377	298	56	104	283	180	220	193	121	555	197	204
5102	SMARCB1_ENSG00000099956_105801.5	307	488	299	31	5	214	79	256	534	1197	26	557	728	458	704	586	1555	532	552	527
5103	SMARCB1_ENSG00000099956_105802.6	453	90	467	321	144	337	387	455	721	685	248	713	729	294	587	361	625	1931	607	839
5104	SMARCC1_ENSG00000173473_20386.1	924	798	833	496	190	741	504	808	1531	2504	311	1740	1542	1001	1390	989	1895	1954	1144	1380
5105	SMARCC1_ENSG00000173473_20387.2	867	548	709	156	321	728	713	611	760	2550	482	988	1176	824	992	733	2114	2307	797	943
5106	SMARCC1_ENSG00000173473_20388.3	1345	1015	1366	749	371	922	1108	1124	2471	2471	730	2079	1923	1204	1539	1217	3273	3176	1632	2138
5107	SMARCC1_ENSG00000173473_20389.4	528	138	502	753	136	429	418	615	921	2785	219	788	840	566	793	484	1325	1716	623	740
5108	SMARCC1_ENSG00000173473_20390.5	724	559	682	660	118	543	301	537	835	2943	173	1238	1244	758	1036	808	1492	680	853	1181
5109	SMARCC1_ENSG00000173473_20391.6	286	144	221	293	22	180	108	311	384	453	49	471	533	384	470	339	758	288	456	525
5110	SMARCC2_ENSG00000139613_24256.1	2637	1307	2578	1957	2127	3271	3196	2762	3084	3839	2544	3798	4485	3079	2978	2351	3792	3943	2768	3202
5111	SMARCC2_ENSG00000139613_24257.2	584	366	504	251	248	547	446	498	694	659	249	835	910	769	731	536	892	1054	692	769
5112	SMARCC2_ENSG00000139613_24259.4	786	302	889	570	278	697	557	611	1005	1399	435	1069	1375	764	947	756	1250	1597	877	931
5113	SMARCC2_ENSG00000139613_24260.5	901	224	887	783	197	1023	625	739	1928	1007	392	1438	1530	1192	1277	989	1615	628	1229	1252
5114	SMARCC2_ENSG00000139613_24261.6	853	608	768	370	603	902	794	736	1493	1399	617	1273	1617	1050	1092	881	1564	1187	898	1139
5115	SMARCD1_ENSG00000066117_50539.1	527	641	623	457	64	383	280	471	576	922	139	909	956	469	794	611	1593	392	835	773
5116	SMARCD1_ENSG00000066117_50540.2	618	621	609	737	48	446	245	581	771	1898	100	787	1240	746	968	828	1263	503	929	841
5117	SMARCD1_ENSG00000066117_50541.3	824	605	936	813	225	839	623	682	1227	1747	421	1038	1688	843	1147	810	1610	1793	1041	1358
5118	SMARCD1_ENSG00000066117_50542.4	912	309	941	333	135	784	448	860	1008	1825	224	1394	1586	1141	1336	1037	2218	1160	1125	1281
5119	SMARCD2_ENSG00000108604_114769.1	482	304	641	374	183	588	321	491	840	2038	214	849	1033	758	774	626	771	786	741	737
5120	SMARCD2_ENSG00000108604_114770.2	88	99	106	56	9	38	30	51	97	516	6	181	175	45	151	88	214	498	131	138
5121	SMARCD2_ENSG00000108604_114771.3	1266	419	1531	1211	346	1387	879	1388	2126	1955	567	1998	2447	1842	1615	1452	1744	622	1738	1668
5122	SMARCD2_ENSG00000108604_114772.4	511	257	589	698	277	838	666	751	1012	765	393	805	1223	717	805	693	1624	1212	746	818
5123	SMARCD3_ENSG00000082014_3309.1	854	267	814	423	99	808	273	789	810	1198	172	1274	1601	1143	1337	1433	1268	1401	1390	1026
5124	SMARCD3_ENSG00000082014_3311.3	557	484	551	514	122	584	280	501	1263	1503	160	753	1005	793	690	751	1023	1535	776	744
5125	SMARCD3_ENSG00000082014_3312.4	1086	101	1144	508	603	1597	984	1336	1151	2256	620	1188	2082	1629	1310	1222	1038	1512	1349	1351
5126	SMARCD3_ENSG00000082014_3313.5	1043	621	1179	719	590	923	1101	1085	1759	280	717	1401	1662	994	1250	965	2780	2526	1200	1491
5127	SMARCD3_ENSG00000082014_3314.6	1356	835	1367	789	584	1825	1218	1454	1688	4383	825	1635	2897	2360	1780	1704	2437	586	1695	1906
5128	SMARCE1_ENSG00000073584_165101.1	337	92	398	283	273	394	421	446	227	1102	227	603	645	373	453	365	653	1319	413	413
5129	SMARCE1_ENSG00000073584_165102.2	1525	1280	1543	1102	509	2450	1123	1860	1753	3611	723	2237	3436	2970	2510	2287	2624	1502	2315	2256
5130	SMARCE1_ENSG00000073584_165103.3	569	706	756	777	78	503	193	480	359	1245	149	668	937	717	843	749	842	273	748	644
5131	SMARCE1_ENSG00000073584_165105.5	757	1404	749	538	86	719	255	734	1108	2083	181	1100	1487	927	1096	950	697	850	1008	1002
5132	SMARCE1_ENSG00000073584_165106.6	1039	614	1027	803	602	1178	1177	1087	1542	2852	823	1698	1859	1185	1234	1001	1438	966	1298	1223
5133	SMC1A_ENSG00000072501_166992.2	388	237	433	153	49	321	214	323	277	596	169	528	453	317	432	334	498	238	354	628
5134	SMC1A_ENSG00000072501_166993.3	206	178	238	199	44	178	97	250	164	819	54	464	347	176	350	313	183	144	286	427
5135	SMC1A_ENSG00000072501_166994.4	595	562	665	730	142	533	435	550	508	1854	274	1603	1008	501	867	591	817	618	642	1237
5136	SMC1A_ENSG00000072501_166996.6	2909	1501	3007	1410	2330	4452	3612	3640	4096	2830	2470	5771	6186	3962	3855	3328	2879	3874	3538	5324
5137	SMC1B_ENSG00000077935_48721.1	462	268	532	893	11	300	111	396	345	2465	40	834	867	872	1344	1200	1515	1065	1193	843
5138	SMC1B_ENSG00000077935_48722.2	231	81	300	82	60	255	86	188	274	271	69	387	456	438	397	351	593	297	289	345
5139	SMC1B_ENSG00000077935_48724.4	588	840	637	1203	66	707	293	730	996	579	106	1269	1298	1259	1260	1250	1451	1398	1230	1131
5140	SMC1B_ENSG00000077935_48725.5	2194	1810	2150	1711	1079	3560	2055	2881	3424	4887	1339	3449	5041	3940	3368	3221	3115	3838	3197	3153
5141	SMN1_ENSG00000172062_57436.1	1048	625	1051	203	403	1657	993	1148	2020	1492	632	1550	2166	1622	1432	1400	929	1459	1429	1498
5142	SMN1_ENSG00000172062_57437.2	1330	747	1146	644	374	946	964	1061	2264	1341	641	1770	2081	948	1496	922	3497	1066	1496	1765
5143	SMN1_ENSG00000172062_57438.3	1076	194	1014	430	404	1007	695	716	1503	1718	529	1318	1836	956	1288	927	1615	1775	1129	1316
5144	SMN1_ENSG00000172062_57439.4	514	319	519	76	131	454	357	435	911	1007	188	619	1104	358	643	449	1135	701	571	758
5145	SMN1_ENSG00000172062_57440.5	1170	1332	1142	1378	258	1257	754	1083	2627	2749	491	2124	2204	1252	1807	1199	3474	2419	1741	2063
5146	SMN1_ENSG00000172062_57441.6	941	318	1042	659	227	810	665	841	1698	2152	469	1541	1551	846	1296	784	2311	1531	1266	1501
5147	SMN2_ENSG00000205571_50864.1	443	319	380	353	104	413	285	512	700	970	187	757	965	648	776	494	986	703	669	647
5148	SMNDC1_ENSG00000119953_115861.1	791	601	942	99	397	1115	765	860	1207	1653	490	1143	1844	1104	1129	1005	1533	1055	1154	1078
5149	SMNDC1_ENSG00000119953_115862.2	1132	702	1282	611	1109	2064	1700	1606	1254	2016	1112	1911	2644	1901	1789	1317	1680	2724	1840	1830
5150	SMNDC1_ENSG00000119953_115863.3	547	266	660	456	109	578	343	578	888	1020	188	911	1199	692	900	752	1298	1416	863	802
5151	SMNDC1_ENSG00000119953_115864.4	775	824	956	683	81	601	329	662	1383	1963	155	1338	1347	1078	1368	1090	1991	2016	1304	1439
5152	SMNDC1_ENSG00000119953_115865.5	972	211	847	662	255	1202	614	1015	1041	713	365	1257	1963	1389	1320	1240	1219	455	1225	1075
5153	SMNDC1_ENSG00000119953_115866.6	447	563	638	629	290	1022	533	639	1109	1366	340	773	1320	977	818	728	611	827	756	897
5154	SMYD1_ENSG00000115593_149006.2	1614	1771	1753	625	213	1387	838	1473	2141	3388	464	1938	2534	1789	2243	1714	3482	1606	1879	2129
5155	SMYD1_ENSG00000115593_149007.3	290	333	310	58	33	260	111	295	603	1458	89	466	553	421	547	442	820	1142	486	524
5156	SMYD1_ENSG00000115593_149008.4	1666	1567	1779	632	720	1830	1437	1580	2694	2931	1229	2244	2602	1853	2069	1531	3089	2438	1836	1966
5157	SMYD1_ENSG00000115593_149009.5	815	1419	920	1103	305	1039	814	970	2219	1779	535	1087	1576	861	1111	814	1432	1274	1091	1103
5158	SMYD1_ENSG00000115593_149010.6	1634	1155	1757	1166	680	2189	1579	1975	3490	2713	1182	2646	3231	2159	2462	1916	3953	3189	2128	2194
5159	SMYD2_ENSG00000143499_88417.1	1878	602	1902	1309	2195	3188	2616	2083	2365	2603	2144	2187	3040	2458	1915	1731	3112	1877	1954	2224
5160	SMYD2_ENSG00000143499_88418.2	452	269	563	108	40	397	203	446	905	649	100	762	960	591	893	615	966	1257	724	889
5161	SMYD2_ENSG00000143499_88419.3	2035	749	2602	1154	2038	3742	3009	2812	4072	5146	2105	3182	4489	3399	2792	2723	3749	1522	3016	3309
5162	SMYD2_ENSG00000143499_88420.4	656	1121	770	358	83	613	279	583	918	1805	156	983	1427	1089	1072	850	1139	1233	932	975
5163	SMYD3_ENSG00000185420_55268.1	541	452	704	771	93	503	221	453	596	707	120	879	1062	829	928	773	1074	1157	935	780
5164	SMYD3_ENSG00000185420_55269.2	1239	825	1402	714	748	2083	1386	1536	1936	2481	1013	1854	2715	2276	1812	1551	1698	1523	1803	1931
5165	SMYD3_ENSG00000185420_55270.3	874	444	947	291	863	1509	1206	974	977	500	852	1103	1790	1462	1233	1091	1031	775	1042	1230
5166	SMYD3_ENSG00000185420_55271.4	2322	1120	2503	1012	1028	3598	1982	2765	2484	4849	1319	3003	4789	3420	3288	2872	2426	2513	2982	2838
5167	SMYD3_ENSG00000185420_55272.5	1931	853	2109	1363	1400	2933	2736	1970	2435	3099	2150	2640	3473	2658	2209	1855	4233	1559	2106	2372
5168	SMYD3_ENSG00000185420_55273.6	2322	1940	2609	1685	839	3851	1905	3053	3480	2628	1233	3786	5538	4208	3688	3180	3820	2252	3452	4261
5169	SMYD4_ENSG00000186532_111758.1	1878	362	1849	1059	1741	3095	2471	2114	3106	2111	1863	2553	3584	2385	2225	2036	2821	2094	2228	2633
5170	SMYD4_ENSG00000186532_111759.2	1785	824	1882	1230	764	2901	1687	2144	2441	1417	994	2671	3777	3138	2571	2239	2294	1791	2391	2687
5171	SMYD4_ENSG00000186532_111760.3	933	614	1058	894	332	1363	925	1208	2054	1502	462	1493	2338	1887	1684	1397	2097	1359	1701	1550
5172	SMYD4_ENSG00000186532_111761.4	945	960	959	683	331	1358	808	1139	1716	1324	445	1465	1997	1536	1478	1403	1698	815	1477	1492
5173	SMYD4_ENSG00000186532_111762.5	933	1272	961	660	471	1247	714	990	1961	1241	587	1550	1959	1313	1301	1160	1371	837	1292	1304
5174	SMYD4_ENSG00000186532_111763.6	1091	475	1145	633	304	1352	732	1198	1219	1611	525	1417	2112	1721	1605	1405	2301	1144	1370	1420
5175	SMYD5_ENSG00000135632_41253.1	844	373	855	832	149	855	374	926	1458	853	269	1229	1628	1031	1200	1007	1327	2718	1137	1291
5176	SMYD5_ENSG00000135632_41254.2	2285	1501	2140	1619	1008	2363	2333	2096	4392	3377	1487	2704	3899	2144	2543	1969	3739	1901	2272	3221
5177	SMYD5_ENSG00000135632_41256.4	1304	666	1410	1229	716	1919	1595	1478	2013	2358	959	1669	2622	1865	1643	1468	2065	1613	1550	1540
5178	SMYD5_ENSG00000135632_41257.5	769	411	887	233	373	1059	777	791	1482	1937	415	1123	1784	1210	919	837	1255	863	998	989
5179	SMYD5_ENSG00000135632_41258.6	2135	705	1993	1365	1462	2496	2291	2066	3701	5040	1690	2740	3724	2653	2265	1997	5764	3702	2357	2715
5180	SNAPC4_ENSG00000165684_54619.1	2063	1508	2210	1157	857	1933	1937	2031	2648	2456	1154	2328	3642	1903	2883	1910	3001	1897	2692	2763
5181	SNAPC4_ENSG00000165684_54620.2	901	500	794	519	478	1623	892	1103	1718	1432	471	1146	2103	1287	1326	1064	1810	1491	1264	1000
5182	SNAPC4_ENSG00000165684_54622.4	1060	748	1009	510	179	807	539	922	1312	2186	287	1517	1911	1070	1363	1019	1860	581	1358	1262
5183	SNAPC4_ENSG00000165684_54623.5	1077	392	1047	1093	807	1687	1244	1349	1734	1638	867	1503	2146	1322	1435	1258	1589	778	1390	1298
5184	SNAPC4_ENSG00000165684_54624.6	776	198	789	836	335	934	691	967	1087	720	449	1055	1286	865	1023	742	1740	1077	954	839
5185	SND1_ENSG00000197157_75942.1	807	179	916	599	274	1039	664	959	1111	2925	413	1295	1879	1292	1307	1037	1547	1567	1193	1261
5186	SND1_ENSG00000197157_75943.2	685	835	625	817	149	724	424	677	1152	951	243	1758	1342	1011	1082	921	784	850	1041	1123
5187	SND1_ENSG00000197157_75944.3	853	250	971	386	326	1134	884	1106	1754	908	495	1437	2040	1528	1492	1228	2132	1348	1171	1375
5188	SND1_ENSG00000197157_75945.4	774	1085	863	579	232	901	469	747	1528	1282	360	998	1320	1064	1048	861	1213	415	925	893
5189	SND1_ENSG00000197157_75946.5	761	527	795	108	413	1111	618	914	838	1437	426	1103	1384	1005	960	889	832	215	990	1188
5190	SND1_ENSG00000197157_75947.6	1076	908	1159	739	114	856	360	880	1168	3231	264	1611	1859	1251	1649	1221	2211	2062	1612	1552
5191	SNRNP200_ENSG00000144028_150231.1	984	1203	951	2101	588	757	1102	820	3539	5949	882	2151	1790	577	1046	771	4054	4810	1030	2062
5192	SNRNP200_ENSG00000144028_150232.2	598	829	639	885	107	232	450	361	1660	1659	319	1307	639	290	692	376	2772	2339	676	1230
5193	SNRNP200_ENSG00000144028_150233.3	1061	1051	1177	1170	471	1243	979	990	2420	1259	660	1839	1855	1287	1545	1084	4680	2028	1632	1942
5194	SNRNP200_ENSG00000144028_150234.4	626	804	616	590	319	356	566	428	1025	847	383	1030	603	278	662	385	1518	2617	567	896
5195	SNRNP200_ENSG00000144028_150235.5	604	1581	491	417	69	276	240	432	1557	2165	187	1138	767	420	692	422	2119	2399	628	1105
5196	SNRNP200_ENSG00000144028_150236.6	397	707	488	1096	15	81	99	230	1105	3256	84	1099	395	152	567	310	2098	4141	609	1028
5197	SOX10_ENSG00000100146_118176.1	872	493	929	647	81	621	304	679	819	1124	172	1238	1203	965	1151	953	1464	1402	1151	1119
5198	SOX10_ENSG00000100146_118177.2	912	360	798	634	144	599	372	696	1089	1503	286	1450	1125	910	1082	853	2288	1380	1030	1370
5199	SOX10_ENSG00000100146_118179.4	856	324	809	71	476	988	743	817	1036	840	437	1329	1783	962	1017	875	1305	521	896	1233
5200	SOX10_ENSG00000100146_118180.5	566	692	537	598	118	620	475	591	1131	715	305	940	999	755	714	592	755	469	654	859
5201	SOX10_ENSG00000100146_118181.6	466	59	485	423	103	480	260	551	469	252	187	827	867	600	738	576	583	407	652	776
5202	SOX15_ENSG00000129194_5690.1	888	894	996	475	138	905	441	751	1512	4096	223	1227	1859	1177	1353	1246	3155	2789	1528	1578
5203	SOX15_ENSG00000129194_5691.2	674	96	564	497	105	663	322	615	1039	1875	185	1002	993	976	933	810	1765	421	949	956
5204	SOX15_ENSG00000129194_5692.3	529	131	477	508	43	278	154	346	464	879	82	727	787	405	709	509	1142	519	652	734
5205	SOX15_ENSG00000129194_5693.4	1586	810	1660	974	232	1534	667	1431	2322	3465	421	2156	2714	2009	1971	1939	2184	2306	1955	1965
5206	SOX15_ENSG00000129194_5694.5	1311	187	1380	1054	823	2055	1248	1326	2557	2142	839	1915	2405	1947	1540	1444	2112	1991	1524	1601
5207	SOX15_ENSG00000129194_5695.6	690	285	629	442	227	799	514	693	930	587	363	732	1310	1005	783	707	1430	1175	818	843
5208	SP110_ENSG00000135899_198300.1	1697	614	1893	1050	1219	3191	1964	2181	2953	3324	1418	2318	3822	3256	2752	2409	5568	2364	2268	2477
5209	SP110_ENSG00000135899_198301.2	2356	1137	2026	993	1080	2855	2205	2739	4850	2292	1287	3097	4149	2980	3133	2502	4795	4143	3036	2939
5210	SP110_ENSG00000135899_198302.3	1141	595	1041	422	683	1772	1106	1187	1537	1377	750	1405	1969	1548	1431	1226	1678	1222	1335	1306
5211	SP110_ENSG00000135899_198303.4	1615	771	1655	743	334	1967	937	1649	2188	993	550	2122	3170	2383	2339	2152	2734	5330	2080	2066
5212	SP110_ENSG00000135899_198304.5	1203	1222	1139	1469	255	1465	708	1294	1700	1397	372	1728	2269	1804	1830	1631	1891	2076	1704	1877
5213	SP110_ENSG00000135899_198305.6	1289	901	1304	1377	686	2419	1338	1530	1493	2843	813	1713	2769	2314	1841	1789	2088	718	1837	1776
5214	SP140_ENSG00000079263_99496.2	810	379	822	505	303	1358	689	911	965	508	432	1008	1891	1363	1214	1144	1591	805	1223	1144
5215	SP140_ENSG00000079263_99497.3	874	613	956	512	215	1104	535	919	1767	844	316	1474	1679	1240	1344	1204	1972	1472	1232	1354
5216	SP140_ENSG00000079263_99498.4	614	493	726	498	184	684	512	835	1143	733	321	868	1116	781	892	679	1494	1434	909	965
5217	SP140_ENSG00000079263_99499.5	710	167	861	277	310	1097	866	846	951	1137	519	1125	1539	910	970	745	1578	1195	800	990
5218	SP140_ENSG00000079263_99500.6	818	191	723	620	392	964	770	796	1708	1171	473	1060	1257	1046	1041	851	1842	1106	1014	1061
5219	SPC24_ENSG00000161888_169732.2	972	961	920	669	393	987	567	1010	1146	2588	468	1336	1399	1223	1010	1010	1500	4	929	1058
5220	SPC24_ENSG00000161888_169733.3	392	466	355	214	244	317	313	365	842	474	246	610	741	385	484	387	855	532	536	839
5221	SPC24_ENSG00000161888_169734.4	1836	877	2029	913	983	2865	1677	2173	2831	2818	1163	2624	3976	2855	2654	2512	3075	3803	2396	2681
5222	SPC24_ENSG00000161888_169736.6	469	621	588	503	163	517	473	553	969	1003	223	1077	1038	436	839	605	1252	1089	797	1069
5223	SPC25_ENSG00000152253_161487.1	1367	598	1433	523	553	1361	1160	1361	2275	2567	816	1844	2553	1244	1871	1318	2167	457	1619	1839
5224	SPC25_ENSG00000152253_161488.2	807	395	860	231	555	1390	848	952	700	995	742	1022	1737	1203	1065	1013	1240	209	986	1023
5225	SPC25_ENSG00000152253_161489.3	1747	1275	1825	996	869	2359	1803	2089	3016	3185	1084	2988	3864	2545	2659	2104	2661	4034	2403	2647
5226	SPC25_ENSG00000152253_161490.4	637	362	576	253	86	827	287	731	1137	1467	153	891	1412	1190	1073	975	912	1106	966	949
5227	SPC25_ENSG00000152253_161491.5	886	992	1028	446	251	825	726	950	1586	3267	361	1477	1892	1169	1435	1149	2860	1853	1309	1658
5228	SPC25_ENSG00000152253_161492.6	1516	974	1736	1428	379	1510	1191	1501	3051	3588	673	2629	3094	1656	2523	1671	4159	1456	2312	2405
5229	SRC_ENSG00000197122_103967.1	633	599	844	673	452	963	896	856	1090	1775	498	984	1488	945	963	859	1117	1775	821	933
5230	SRC_ENSG00000197122_103968.2	2419	1366	2246	1892	709	2492	1912	2183	4053	4937	1193	3249	4009	2507	3012	2307	4964	6322	2836	2993
5231	SRC_ENSG00000197122_103969.3	1275	542	1501	653	874	1998	1477	1591	2231	601	1090	1770	2784	1976	1764	1567	2168	970	1658	1833
5232	SRC_ENSG00000197122_103970.4	1884	1277	1948	978	1182	2983	1870	2151	2374	1123	1167	2464	3766	3054	2502	2338	2602	3679	2420	2487
5233	SRC_ENSG00000197122_103971.5	883	806	883	631	319	1020	744	970	1740	1552	420	1172	1782	1253	1238	1109	2057	936	1225	1409
5234	SRC_ENSG00000197122_103972.6	4614	1706	5018	2740	4085	7609	5752	5445	5817	6929	4216	5847	9827	7084	5665	5396	4759	5575	5422	5508
5235	SRCAP_ENSG00000080603_50349.1	531	529	610	379	34	411	180	402	387	1438	84	521	741	790	822	809	1119	1184	800	684
5236	SRCAP_ENSG00000080603_50350.2	1394	643	1351	1060	1083	1813	1532	1291	2408	2247	1293	1584	2125	1497	1446	1158	3199	3742	1437	2096
5237	SRCAP_ENSG00000080603_50351.3	1137	751	1238	1125	269	1721	727	1553	1978	3600	428	2374	2316	2017	2058	1619	2456	2389	1836	2247
5238	SRCAP_ENSG00000080603_50352.4	844	585	783	1017	206	939	593	863	1703	2627	391	1120	1571	975	1016	838	2272	1432	1061	1216
5239	SRCAP_ENSG00000080603_50353.5	1647	523	1447	1628	758	2101	1377	1801	2289	845	889	2259	3589	2510	2081	2081	2486	1081	2191	2364
5240	SRCAP_ENSG00000080603_50354.6	913	393	921	332	628	1461	1082	1161	1381	2037	732	1472	1813	1408	1262	1068	1775	828	1376	1345
5241	SS18_ENSG00000141380_82966.1	481	138	451	268	81	440	234	339	707	9519	165	610	982	576	595	510	1584	1370	560	600
5242	SS18_ENSG00000141380_82967.2	413	423	551	323	91	475	158	467	795	264	138	727	829	656	680	587	1022	278	623	738
5243	SS18_ENSG00000141380_82968.3	457	253	436	402	221	568	351	458	740	849	300	518	790	552	531	381	1172	401	558	477
5244	SS18_ENSG00000141380_82969.4	876	330	881	301	440	1355	802	1056	2133	804	499	1212	2093	1591	1473	1193	1538	2373	1359	1303
5245	SS18_ENSG00000141380_82970.5	1662	1083	1737	1283	624	2339	1323	1714	2843	3982	915	2147	3333	2337	2202	1784	2769	3043	2157	2061
5246	SS18_ENSG00000141380_82971.6	1410	538	1341	984	305	774	838	865	2912	4950	611	2236	1705	787	1608	899	3442	3594	1558	1612
5247	SS18L1_ENSG00000184402_47299.1	483	230	466	300	42	327	158	414	559	1056	72	677	828	575	694	599	628	1770	668	549
5248	SS18L1_ENSG00000184402_47300.2	3270	1096	3570	1800	4686	6150	5521	3893	3675	2295	4124	4218	6872	4793	3764	3524	4184	3409	3409	3933
5249	SS18L1_ENSG00000184402_47301.3	455	75	358	331	49	309	138	332	398	372	75	472	674	558	547	479	416	220	491	553
5250	SS18L1_ENSG00000184402_47302.4	777	460	858	736	223	823	503	820	1064	751	299	1255	1478	986	1111	827	1508	1054	952	1180
5251	SS18L1_ENSG00000184402_47303.5	874	582	815	675	101	952	463	729	1003	1136	360	1110	1374	1144	1138	1021	1681	1254	1224	1126
5252	SS18L1_ENSG00000184402_47304.6	1013	83	1349	609	789	2176	1295	1515	1797	1160	963	1712	2054	1704	1404	1421	1488	1002	1470	1630
5253	SSRP1_ENSG00000149136_72063.2	2342	1431	2759	2982	771	3154	1743	2679	3882	6319	1240	3799	4921	3627	3516	3050	4425	4445	3368	3575
5254	SSRP1_ENSG00000149136_72064.3	333	1	382	84	20	214	147	346	452	263	45	636	699	347	614	414	784	502	583	563
5255	SSRP1_ENSG00000149136_72065.4	502	288	530	639	299	595	417	673	1122	1195	369	992	1190	401	787	478	1256	933	691	687
5256	STAG1_ENSG00000118007_122905.1	1078	810	1250	1522	424	1768	1085	1382	1529	1971	682	2098	2476	1900	1714	1567	1771	2358	1514	1722
5257	STAG1_ENSG00000118007_122906.2	1111	591	1199	520	345	1480	812	1141	1295	788	404	1577	2418	1741	1773	1684	1717	571	1638	1547
5258	STAG1_ENSG00000118007_122907.3	510	124	533	641	63	589	242	502	784	358	129	746	1129	888	831	815	538	273	749	802
5259	STAG1_ENSG00000118007_122908.4	1132	526	1185	1044	582	1805	1352	1458	1912	796	730	1812	2513	2097	1889	1561	2691	1332	1663	1754
5260	STAG1_ENSG00000118007_122909.5	982	260	1109	507	355	1322	946	1150	1250	1978	536	1251	1772	1270	1181	1040	2103	582	1272	1328
5261	STAG1_ENSG00000118007_122910.6	1083	5357	882	1008	227	675	580	792	1506	1573	311	1559	1514	884	1151	807	1447	2468	1167	1423
5262	STAG2_ENSG00000101972_2296.1	489	582	531	396	96	577	228	631	1170	1393	86	737	1059	960	937	892	1011	787	820	887
5263	STAG2_ENSG00000101972_2298.3	497	641	598	510	29	582	198	610	663	2650	90	1025	1266	1121	1134	1051	1604	1109	1043	1059
5264	STAG2_ENSG00000101972_2299.4	487	167	481	501	101	628	317	447	664	870	141	759	913	657	606	714	841	226	659	811
5265	STAG2_ENSG00000101972_2300.5	896	341	975	1011	344	1512	855	1292	709	2059	458	2961	2300	1676	1524	1466	1155	1199	1500	2451
5266	STAG2_ENSG00000101972_2301.6	214	80	257	382	3	140	24	207	269	541	22	447	435	486	584	542	548	667	500	540
5267	STAG3_ENSG00000066923_97323.1	1265	1365	1225	510	371	1551	926	1366	1917	2210	594	1754	2083	1651	1649	1433	2728	1360	1642	1405
5268	STAG3_ENSG00000066923_97324.2	446	453	353	439	209	347	349	318	471	454	143	592	620	405	449	445	1180	848	495	531
5269	STAG3_ENSG00000066923_97325.3	958	423	829	831	241	874	755	813	1410	1086	396	1073	1595	872	1279	980	2200	1611	1080	1309
5270	STAG3_ENSG00000066923_97326.4	1717	1245	1937	1536	984	2870	1796	2289	2490	3531	1273	2625	4058	3057	2386	2732	2083	1827	2613	2496
5271	STAG3_ENSG00000066923_97327.5	766	998	684	628	346	739	617	658	888	592	360	776	1134	750	803	697	875	201	886	918
5272	STAG3_ENSG00000066923_97328.6	674	451	1004	807	66	771	231	677	1062	2212	139	1248	1366	1244	1524	1265	1974	2132	1331	1202
5273	STAT5B_ENSG00000173757_108811.1	1133	450	1152	937	461	1473	1074	1157	1581	1454	759	1532	2209	1554	1459	1175	1947	1555	1453	1631
5274	STAT5B_ENSG00000173757_108812.2	1165	252	1161	680	674	1039	1090	972	1624	3675	734	1389	2020	1162	1409	1001	1611	2034	1360	1557
5275	STAT5B_ENSG00000173757_108813.3	783	341	707	381	268	705	649	659	975	1052	459	987	1040	760	768	598	916	851	891	813
5276	STAT5B_ENSG00000173757_108814.4	266	100	311	129	49	216	183	222	441	762	70	373	372	250	385	235	493	1527	410	355
5277	STAT5B_ENSG00000173757_108815.5	316	76	290	377	52	167	100	227	523	1241	63	406	434	340	393	335	625	24	321	318
5278	STAT5B_ENSG00000173757_108816.6	975	482	1055	581	255	764	642	709	1869	1311	379	1197	1356	725	1181	799	1234	1424	1088	1375
5279	STK31_ENSG00000196335_153833.1	1789	1099	1923	1031	759	2525	1526	2300	2151	3605	866	2874	3868	3328	2866	2574	1899	1874	2714	2635
5280	STK31_ENSG00000196335_153834.2	645	525	594	345	470	947	751	638	1036	1413	453	1052	1418	952	878	648	1312	1602	687	847
5281	STK31_ENSG00000196335_153835.3	1154	482	1307	1244	285	1221	865	1150	2013	2068	568	1947	1938	1395	1694	1393	1496	1798	1475	1909
5282	STK31_ENSG00000196335_153836.4	183	378	242	374	32	311	162	269	226	1285	51	389	538	373	490	416	306	130	366	401
5283	STK31_ENSG00000196335_153837.5	740	497	894	367	231	1130	528	948	1108	482	273	1152	1670	1352	1246	1061	1527	817	1106	1259
5284	STK31_ENSG00000196335_153838.6	623	416	705	77	134	747	357	756	1528	1922	209	1229	1198	767	1022	822	1282	2125	1033	1287
5285	STK4_ENSG00000101109_48402.2	623	338	718	152	168	868	498	674	560	1117	287	1036	1478	1040	1061	806	972	198	935	940
5286	STK4_ENSG00000101109_48403.3	455	332	547	553	21	440	183	530	781	1197	96	845	1022	712	919	809	1809	987	854	851
5287	STK4_ENSG00000101109_48405.5	468	164	512	250	222	805	490	468	772	236	349	731	755	600	578	552	1147	257	533	636
5288	SUB1_ENSG00000113387_16264.1	607	98	803	170	156	729	562	680	1331	1498	268	1065	1295	812	861	826	1723	427	881	1016
5289	SUB1_ENSG00000113387_16267.4	780	156	848	564	463	1126	982	887	1091	246	637	944	1609	1138	1090	869	1012	263	989	1058
5290	SUB1_ENSG00000113387_16269.6	581	466	620	500	59	572	358	506	1042	1431	164	680	1114	655	864	704	1484	1307	754	903
5291	SUDS3_ENSG00000111707_60191.2	1098	408	1037	497	183	1032	588	994	1320	2204	335	1032	1916	1495	1591	1265	1349	1525	1473	1215
5292	SUDS3_ENSG00000111707_60192.3	1169	600	1313	262	1233	1867	1561	1560	2498	2146	1184	1438	2746	1869	1541	1557	1200	1317	1536	1403
5293	SUDS3_ENSG00000111707_60193.4	1175	459	966	314	518	1527	984	1325	1080	1051	557	1163	2421	1849	1657	1443	1054	1688	1522	1080
5294	SUDS3_ENSG00000111707_60195.6	1424	477	1229	803	522	1721	1182	1537	1831	3460	737	1684	3074	1828	2003	1563	2462	1400	1737	1603
5295	SUMO1_ENSG00000116030_132824.1	827	264	976	706	335	1137	847	953	1755	1404	534	1591	2039	1264	1218	1081	1275	544	1328	1353
5296	SUMO1_ENSG00000116030_132826.3	593	415	713	289	235	796	428	759	924	309	281	956	1524	984	1008	839	898	671	949	876
5297	SUMO1_ENSG00000116030_132827.4	521	146	573	587	83	338	245	366	531	782	146	579	839	588	668	549	1607	208	678	712
5298	SUMO1_ENSG00000116030_132828.5	877	460	713	818	210	620	605	704	1274	613	375	1333	1140	603	1110	729	1896	654	991	1378
5299	SUMO3_ENSG00000184900_72582.1	2141	1235	1988	1808	2014	4049	3107	2782	3343	1992	2090	3123	4417	3801	3196	2562	2831	1775	2796	3116
5300	SUMO3_ENSG00000184900_72583.2	969	486	886	528	403	1130	822	924	975	949	512	1281	1780	992	1280	1031	1223	7396	1050	1329
5301	SUMO3_ENSG00000184900_72584.3	1278	677	1237	619	538	1775	1008	1473	1922	805	617	1771	2634	2055	1791	1596	1638	2306	1844	1875
5302	SUMO3_ENSG00000184900_72585.4	1416	825	1549	776	628	2275	1333	1749	1970	2882	930	2021	3064	2596	2403	2141	2578	3806	1992	2122
5303	SUMO3_ENSG00000184900_72586.5	717	370	804	603	365	1233	823	972	1139	1211	594	1329	2004	1505	1198	1136	1558	1429	1254	1245
5304	SUMO3_ENSG00000184900_72587.6	1925	428	1954	1000	891	2167	1824	1905	3350	2838	1318	2619	3447	2301	2299	1994	2763	3674	2241	2421
5305	SUPT16H_ENSG00000092201_166401.1	1304	372	1227	707	990	1498	1460	1383	1685	2229	1132	1468	2168	1239	1568	1092	2679	695	1380	1499
5306	SUPT16H_ENSG00000092201_166402.2	350	344	357	466	204	545	444	454	734	812	220	537	936	544	634	445	716	381	522	591
5307	SUPT16H_ENSG00000092201_166403.3	1129	680	1208	1410	863	1257	1376	1186	1935	668	944	1479	2279	1029	1651	1081	1796	1423	1487	1786
5308	SUPT16H_ENSG00000092201_166404.4	736	746	901	324	255	855	600	879	1487	1738	374	1271	1565	815	1060	742	1629	1781	1138	1094
5309	SUPT16H_ENSG00000092201_166405.5	389	742	470	298	16	264	129	316	491	1430	76	630	831	418	851	632	817	755	786	684
5310	SUPT16H_ENSG00000092201_166406.6	1437	613	1457	1187	750	2565	1495	2032	2815	2271	920	1978	3410	2582	2386	1877	2489	1228	2153	2051
5311	SUPT20H_ENSG00000102710_110487.1	940	640	876	452	568	1380	1073	1076	995	1474	703	1271	1639	1234	1164	966	606	569	1031	1264
5312	SUPT20H_ENSG00000102710_110489.3	1450	353	1413	384	425	1866	1105	1670	929	1940	583	2158	3294	2214	2307	1810	1704	2063	2090	2373
5313	SUPT20H_ENSG00000102710_110490.4	542	369	620	391	174	783	485	666	851	1113	256	826	1196	958	866	671	507	255	791	879
5314	SUPT20H_ENSG00000102710_110491.5	346	96	351	510	66	451	228	417	487	508	119	714	867	590	625	560	636	330	599	535
5315	SUPT3H_ENSG00000196284_160174.1	193	267	232	86	18	204	74	203	265	543	31	236	377	274	319	266	150	237	305	332
5316	SUPT3H_ENSG00000196284_160175.2	690	770	892	476	354	1156	689	870	1407	1367	370	936	1401	1320	1099	912	751	563	1010	1170
5317	SUPT3H_ENSG00000196284_160176.3	821	706	944	663	101	950	393	939	1115	1138	188	1240	1870	1433	1619	1353	1476	804	1402	1370
5318	SUPT3H_ENSG00000196284_160177.4	692	313	585	518	293	736	645	699	986	978	451	665	1034	607	765	547	1675	1113	719	783
5319	SUPT3H_ENSG00000196284_160178.5	674	650	721	1183	49	669	271	677	687	1819	119	988	1484	1173	1141	1135	1761	1055	1109	946
5320	SUPT3H_ENSG00000196284_160179.6	568	552	534	622	68	382	206	412	1058	501	101	684	790	585	775	561	1317	944	662	813
5321	SUPT4H1_ENSG00000213246_17090.1	300	219	295	331	78	494	216	363	462	484	97	533	659	403	445	453	404	258	442	418
5322	SUPT4H1_ENSG00000213246_17091.2	857	431	964	686	165	1028	530	857	2337	1948	365	1104	1679	1423	1134	1000	1424	469	1164	1207
5323	SUPT4H1_ENSG00000213246_17092.3	826	607	870	689	267	1121	824	905	1094	1709	470	1158	2028	1365	1364	1055	1585	377	1330	1382
5324	SUPT4H1_ENSG00000213246_17093.4	2187	789	2539	1495	2178	3688	2789	2628	3390	5318	2114	3173	4641	3478	3054	2724	2357	2901	2784	3068
5325	SUPT4H1_ENSG00000213246_17094.5	508	262	574	367	131	694	346	590	1076	1779	184	729	972	784	744	696	1000	470	756	770
5326	SUPT4H1_ENSG00000213246_17095.6	529	476	402	902	106	405	225	382	860	1095	155	725	706	518	699	490	1546	1057	690	806
5327	SUPT5H_ENSG00000196235_5300.1	1121	1018	1314	670	372	1181	848	1028	1614	1545	558	1624	1983	1463	1498	1235	1290	1654	1452	1765
5328	SUPT5H_ENSG00000196235_5301.2	1851	567	2026	482	307	1214	890	1369	1567	1264	623	2489	1888	1669	2227	1689	2092	1149	2228	2442
5329	SUPT5H_ENSG00000196235_5302.3	618	92	654	264	267	504	591	659	721	552	391	942	1110	416	820	478	817	1592	688	1084
5330	SUPT5H_ENSG00000196235_5303.4	873	487	895	366	751	1773	1272	1297	1229	1238	786	1258	2120	1448	1367	1143	1030	648	1134	1483
5331	SUPT5H_ENSG00000196235_5305.6	1000	439	1071	399	341	1372	733	1173	1728	3202	458	1276	1958	1487	1383	1276	1328	340	1330	1058
5332	SUPT6H_ENSG00000109111_99796.2	1092	1189	1093	1024	279	1674	667	1219	1842	2374	402	1522	2307	1898	1654	1636	2641	1250	1577	1531
5333	SUPT6H_ENSG00000109111_99797.3	602	329	591	65	61	497	314	418	451	811	209	1090	677	486	762	553	1136	623	724	922
5334	SUPT6H_ENSG00000109111_99798.4	510	528	509	488	64	353	229	520	365	558	170	1327	732	479	870	644	949	892	790	981
5335	SUPT6H_ENSG00000109111_99799.5	554	268	592	219	67	328	315	414	325	1183	207	1085	594	374	626	508	718	269	566	1150
5336	SUPT6H_ENSG00000109111_99800.6	1462	456	1556	614	434	602	1543	1147	1956	1977	1170	3683	1483	517	1825	1023	2066	1349	1816	3448
5337	SUPT7L_ENSG00000119760_18210.1	586	160	573	304	267	701	528	549	418	1346	398	736	897	703	769	559	1250	555	617	765
5338	SUPT7L_ENSG00000119760_18211.2	1002	103	845	739	273	1003	459	843	617	662	417	983	1280	999	1118	865	1118	270	955	895
5339	SUPT7L_ENSG00000119760_18213.4	1787	421	1718	1625	238	1392	798	1393	1878	1868	380	2052	2612	1934	2224	2049	3019	2405	2109	2135
5340	SUPT7L_ENSG00000119760_18214.5	730	275	621	187	452	927	721	671	650	1110	471	893	1166	750	694	637	885	622	699	728
5341	SUPT7L_ENSG00000119760_18215.6	393	239	397	375	78	542	273	523	600	473	116	688	1110	927	709	714	883	713	658	706
5342	SUPV3L1_ENSG00000156502_17060.1	938	390	856	558	261	886	649	768	1503	1792	432	1345	1378	689	1167	794	1465	1080	1130	1156
5343	SUPV3L1_ENSG00000156502_17061.2	923	557	1175	803	456	1229	962	1021	1579	1077	656	1396	1732	1270	1186	1051	1412	1508	1063	1349
5344	SUPV3L1_ENSG00000156502_17062.3	956	429	858	341	192	684	488	718	991	2426	373	1225	1134	882	993	761	1532	275	944	1277
5345	SUPV3L1_ENSG00000156502_17063.4	330	273	317	85	127	517	349	405	940	437	183	496	667	523	497	365	411	1432	469	594
5346	SUPV3L1_ENSG00000156502_17064.5	1773	992	1643	545	453	1354	1184	1452	2851	2967	722	2978	3013	1721	2478	1697	3828	1611	2190	2777
5347	SUPV3L1_ENSG00000156502_17065.6	447	122	537	314	83	386	282	415	846	1379	197	781	734	425	617	436	753	2213	556	788
5348	SUV39H1_ENSG00000101945_90745.2	960	512	895	465	102	725	369	845	793	1400	204	953	1455	1222	1360	1096	1297	796	1190	1203
5349	SUV39H1_ENSG00000101945_90746.3	1321	956	1430	797	397	1947	1232	1613	1319	1255	645	1549	2567	2098	2171	1868	2282	1417	1731	1805
5350	SUV39H1_ENSG00000101945_90747.4	1317	1166	1206	992	398	1638	949	1359	1800	1064	469	1593	2383	1970	1721	1447	2214	1100	1720	1621
5351	SUV39H1_ENSG00000101945_90749.6	2191	861	1826	796	619	1755	1532	1807	1717	1841	879	1920	2600	1929	2189	1823	2038	624	2142	1825
5352	SUV39H2_ENSG00000152455_164871.1	262	478	314	703	6	257	79	289	695	788	26	651	664	623	863	759	1036	716	842	700
5353	SUV39H2_ENSG00000152455_164872.2	1426	635	1391	1243	266	1923	879	1564	2443	4541	392	2269	2890	2700	2490	2137	2103	1483	2179	2411
5354	SUV39H2_ENSG00000152455_164873.3	846	344	1018	901	566	1338	890	1121	1254	1761	682	1348	1578	1229	1303	1079	1532	2920	1143	1413
5355	SUV39H2_ENSG00000152455_164874.4	2323	1496	2412	1338	2077	4347	3274	3438	4177	2142	2347	3426	5500	3979	3103	2843	2860	1914	3036	3263
5356	SUV39H2_ENSG00000152455_164875.5	914	685	866	607	235	1552	721	1101	1094	3495	414	1482	1754	1546	1644	1373	1504	469	1365	1417
5357	SUV420H1_ENSG00000110066_91608.1	795	722	870	442	85	726	327	629	1362	3188	201	1363	1391	916	1082	885	1539	2232	1073	1219
5358	SUV420H1_ENSG00000110066_91609.2	1043	264	1090	907	150	1100	563	974	1229	1294	344	1751	2357	1877	1849	1633	1235	1648	1588	1587
5359	SUV420H1_ENSG00000110066_91610.3	1152	723	1200	564	716	2184	1327	1445	1572	1381	860	1619	2450	1983	1558	1459	2099	2561	1440	1653
5360	SUV420H1_ENSG00000110066_91612.5	902	300	771	567	138	1072	506	1079	1319	1359	258	1347	1739	1384	1351	1182	1791	1613	1390	1268
5361	SUV420H1_ENSG00000110066_91613.6	481	262	672	291	342	483	465	452	1079	510	338	849	747	588	596	449	987	948	554	739
5362	SUV420H2_ENSG00000133247_159464.1	850	357	715	304	504	915	775	759	1060	289	516	999	1390	1048	872	722	1187	278	808	876
5363	SUV420H2_ENSG00000133247_159466.3	781	598	758	786	253	900	552	736	1058	1271	436	999	1338	952	1001	814	1018	1707	930	983
5364	SUV420H2_ENSG00000133247_159467.4	642	324	737	635	42	470	242	611	1068	1847	116	978	1207	834	1310	864	1670	2457	1184	1399
5365	SUV420H2_ENSG00000133247_159468.5	487	91	494	242	74	441	230	504	477	428	188	637	762	597	718	619	962	1149	646	585
5366	SUZ12_ENSG00000178691_77412.1	238	88	226	560	4	99	41	148	203	802	14	338	472	307	566	392	684	944	537	322
5367	SUZ12_ENSG00000178691_77413.2	544	190	546	510	110	543	338	537	628	1016	173	726	897	653	774	680	1019	847	675	790
5368	SUZ12_ENSG00000178691_77415.4	992	1107	875	561	505	1702	1191	1259	1630	1872	610	1041	2189	1816	1457	1348	1319	3069	1424	1528
5369	SUZ12_ENSG00000178691_77416.5	378	148	423	342	40	207	254	296	347	1982	179	602	463	169	474	218	793	735	529	586
5370	SUZ12_ENSG00000178691_77417.6	568	617	522	701	147	472	371	486	590	508	208	669	911	490	626	496	1043	621	637	703
5371	SVEP1_ENSG00000165124_87341.1	1037	493	1095	300	583	1844	930	1310	1257	1526	664	1316	2714	2115	1544	1548	2091	1003	1409	1475
5372	SVEP1_ENSG00000165124_87343.3	1208	1154	1365	609	312	1315	746	1129	2667	1539	510	1589	2264	1566	1990	1479	2873	842	1630	1951
5373	SVEP1_ENSG00000165124_87345.5	46	137	61	520	1	26	7	51	103	446	5	105	103	90	202	129	119	243	128	103
5374	SVEP1_ENSG00000165124_87346.6	2154	768	2158	1744	999	2708	1842	2320	4091	3604	1317	3087	3697	2381	2732	2377	5024	2485	2798	3119
5375	T_ENSG00000164458_199423.1	1112	1499	1173	969	45	643	270	706	1363	2503	117	1408	1424	1189	1588	1315	2280	965	1474	1386
5376	T_ENSG00000164458_199424.2	447	211	477	278	103	405	429	510	730	267	265	634	718	526	459	480	693	963	439	695
5377	T_ENSG00000164458_199425.3	1699	545	1482	1252	1663	2975	2488	2055	2583	2465	1734	2099	3145	2400	2019	1724	2208	2942	1808	2126
5378	T_ENSG00000164458_199426.4	1260	790	1443	952	646	1608	1219	1319	1949	1239	884	1750	2307	1721	1411	1329	1793	624	1458	1684
5379	T_ENSG00000164458_199427.5	973	181	922	1068	275	1106	563	1208	1109	2027	314	1124	2009	1364	1195	1275	1531	1360	1281	1268
5380	T_ENSG00000164458_199428.6	607	459	698	278	225	979	423	709	998	1137	299	816	1353	1066	955	809	400	1282	828	888
5381	TADA1_ENSG00000152382_3429.1	1272	376	1144	697	304	1232	944	923	733	911	478	1315	2163	1412	1550	1138	891	905	1308	1467
5382	TADA1_ENSG00000152382_3431.3	1994	1445	2066	998	590	2402	1235	2189	3065	3187	887	2785	4163	3229	2862	2635	3134	3655	2812	2989
5383	TADA1_ENSG00000152382_3432.4	1393	293	984	61	364	1281	761	1153	867	327	401	1532	1923	1445	1510	1212	1014	1249	1292	1335
5384	TADA1_ENSG00000152382_3433.5	492	228	568	473	158	809	459	579	476	299	310	736	1148	764	763	671	697	1079	637	685
5385	TADA1_ENSG00000152382_3434.6	227	443	269	329	38	308	159	289	478	905	36	429	563	459	444	385	509	254	526	473
5386	TADA2B_ENSG00000173011_149282.1	675	471	602	820	119	722	330	753	1042	862	193	996	1347	1010	1092	923	1538	580	993	867
5387	TADA2B_ENSG00000173011_149283.2	2485	1386	2543	904	2421	4322	3485	2994	3400	3365	2489	2723	5137	3849	2842	2814	2160	1260	2555	2842
5388	TADA2B_ENSG00000173011_149284.3	283	311	296	108	31	413	180	361	380	128	113	406	605	417	439	343	105	140	374	410
5389	TADA2B_ENSG00000173011_149285.4	1133	517	1197	521	656	1531	1097	1160	1034	1207	965	1644	1888	1467	1525	1170	2124	2133	1339	1414
5390	TADA2B_ENSG00000173011_149286.5	1370	817	1313	338	1086	1680	1685	1272	1019	747	1213	1508	1795	1217	1276	1120	1782	891	1195	1489
5391	TADA3_ENSG00000171148_88667.1	1306	1051	1445	1936	541	1453	1148	1292	2632	2093	900	2174	2201	1444	1475	1317	2121	4355	1453	1760
5392	TADA3_ENSG00000171148_88668.2	555	249	562	250	75	526	248	413	1268	197	142	787	973	791	781	703	627	1004	727	613
5393	TADA3_ENSG00000171148_88669.3	771	268	706	334	145	626	417	617	616	258	260	947	1240	873	969	688	805	802	821	905
5394	TADA3_ENSG00000171148_88670.4	1103	1269	1157	441	262	1149	716	1027	1849	3243	515	1384	2091	1311	1341	1061	2474	1467	1249	1567
5395	TADA3_ENSG00000171148_88672.6	1178	760	1311	892	126	1153	405	1039	1500	3622	289	1384	2122	1574	1825	1534	1829	745	1691	1663
5396	TAF1_ENSG00000147133_122079.1	146	96	157	103	84	192	108	115	162	223	95	188	236	128	153	111	91	175	126	231
5397	TAF1_ENSG00000147133_122080.2	955	939	908	598	266	1208	708	1073	1305	2109	303	1643	1819	1306	1480	1241	1405	827	1450	1942
5398	TAF1_ENSG00000147133_122081.3	2248	851	2101	1312	1492	2672	2821	2294	3151	3353	1738	3928	4007	2578	2722	2362	2132	2695	2423	3724
5399	TAF1_ENSG00000147133_122082.4	563	204	500	287	47	442	186	475	251	15015	113	980	846	692	841	640	1017	948	759	799
5400	TAF1_ENSG00000147133_122083.5	926	742	902	460	825	1349	931	864	829	2983	736	1667	1595	977	1159	848	1108	1828	1048	1418
5401	TAF1_ENSG00000147133_122084.6	68	41	105	48	6	49	44	51	67	61	18	49	81	58	63	44	75	221	57	67
5402	TAF10_ENSG00000166337_30327.1	769	475	812	690	210	1251	665	814	1119	924	383	1205	1511	1256	1098	938	797	1197	1053	1090
5403	TAF10_ENSG00000166337_30328.2	423	109	493	102	128	769	359	572	719	820	146	718	1017	870	744	708	773	229	728	634
5404	TAF10_ENSG00000166337_30329.3	2179	1083	2445	1405	1796	3517	2550	2768	2481	3269	1863	2812	4412	3493	2846	2561	3615	2858	2769	2852
5405	TAF10_ENSG00000166337_30330.4	541	354	560	60	153	620	399	568	833	1103	230	846	1140	704	744	596	742	805	753	759
5406	TAF10_ENSG00000166337_30331.5	1022	191	1179	902	303	1170	640	1289	1289	655	482	1444	1916	1273	1524	1228	1822	257	1372	1719
5407	TAF10_ENSG00000166337_30332.6	1991	526	1908	1249	1166	2893	2499	2155	1534	2602	1221	3337	3925	2515	2629	2035	2562	1677	2442	3174
5408	TAF11_ENSG00000064995_39446.2	845	297	813	834	188	640	568	744	1268	1469	315	1256	1336	827	1012	753	1464	1804	975	1130
5409	TAF11_ENSG00000064995_39447.3	1353	951	1350	1475	495	1538	1124	1153	1567	508	744	1870	2215	1449	1766	1406	2153	1338	1625	1794
5410	TAF11_ENSG00000064995_39448.4	898	86	1159	1070	385	1532	814	1301	1464	2119	430	1614	2125	1588	1489	1326	1294	2151	1308	1475
5411	TAF11_ENSG00000064995_39449.5	426	230	442	383	68	365	280	425	659	1067	134	825	731	431	605	433	1094	109	643	683
5412	TAF11_ENSG00000064995_39450.6	564	91	540	319	129	577	553	491	614	944	309	666	646	504	795	419	646	271	661	716
5413	TAF12_ENSG00000120656_153243.1	378	387	377	280	72	427	225	473	808	939	94	537	778	555	682	575	1261	1307	707	620
5414	TAF12_ENSG00000120656_153244.2	413	363	363	234	48	278	120	340	541	1023	99	465	561	380	453	389	411	302	462	642
5415	TAF12_ENSG00000120656_153245.3	621	366	595	695	124	611	349	538	635	779	243	917	965	700	779	691	1266	1106	718	891
5416	TAF12_ENSG00000120656_153247.5	1468	705	1634	1201	860	2233	1798	1836	2736	4973	1148	2435	2913	1831	1972	1626	2571	2347	1853	2295
5417	TAF12_ENSG00000120656_153248.6	859	685	969	812	549	1150	928	976	1659	1169	625	1395	1813	967	1084	956	1473	739	1042	1347
5418	TAF13_ENSG00000197780_157711.1	248	422	295	309	7	212	88	257	510	2449	33	540	447	354	518	411	976	8574	486	510
5419	TAF13_ENSG00000197780_157712.2	554	84	550	857	356	883	759	811	954	1128	503	802	1103	917	808	685	1037	155	664	746
5420	TAF13_ENSG00000197780_157713.3	459	244	505	555	127	714	462	514	1204	810	292	867	1115	658	701	632	1517	250	620	792
5421	TAF13_ENSG00000197780_157714.4	544	740	555	526	105	411	408	528	940	1381	215	862	894	585	739	575	1036	1411	746	927
5422	TAF13_ENSG00000197780_157715.5	379	32	362	230	101	488	293	601	419	797	192	659	881	567	543	491	471	1	587	603
5423	TAF13_ENSG00000197780_157716.6	567	372	591	507	175	631	383	609	1016	494	256	938	1231	818	898	712	1263	537	764	846
5424	TAF15_ENSG00000172660_108311.1	738	700	812	305	288	886	530	778	1454	1297	414	861	1452	890	1080	881	1174	778	933	1121
5425	TAF15_ENSG00000172660_108312.2	2311	861	2150	2214	2247	3237	3634	2645	4347	3236	2637	3222	4369	2853	2620	2213	4039	3386	2489	3155
5426	TAF15_ENSG00000172660_108313.3	851	229	925	757	378	1073	985	856	1585	2027	661	1159	1727	958	1084	880	1784	285	988	1206
5427	TAF15_ENSG00000172660_108314.4	477	534	462	363	105	471	418	507	562	854	181	969	889	718	868	624	748	13	754	875
5428	TAF15_ENSG00000172660_108315.5	971	1051	1002	897	355	1058	969	1026	1758	1304	500	1670	1746	1397	1513	1037	2997	1074	1317	1376
5429	TAF15_ENSG00000172660_108316.6	1952	977	2009	570	1254	3283	2216	2382	3181	2076	1368	2774	4323	3107	2601	2361	2759	2585	2297	2377
5430	TAF1A_ENSG00000143498_187707.3	535	201	541	460	36	482	196	542	713	477	87	875	883	785	914	758	1175	1821	939	828
5431	TAF1A_ENSG00000143498_187708.4	377	184	358	354	119	434	293	500	1003	533	151	574	823	515	552	480	516	284	608	627
5432	TAF1A_ENSG00000143498_187709.5	489	373	588	302	69	549	240	491	850	2844	145	960	1072	830	878	732	1644	1293	854	959
5433	TAF1B_ENSG00000115750_171578.1	1726	1314	1606	691	721	2129	1245	1697	2192	3660	883	1948	3687	2514	2251	2145	2248	2107	1978	2121
5434	TAF1B_ENSG00000115750_171579.2	1476	666	1408	815	1033	1946	1698	1741	1931	3179	1146	2112	2975	2090	1827	1596	2245	2272	1719	2001
5435	TAF1B_ENSG00000115750_171580.3	1110	871	1236	731	662	1810	1458	1290	1498	2171	944	1591	2358	1540	1571	1354	1220	882	1413	1589
5436	TAF1B_ENSG00000115750_171583.6	503	234	489	595	291	789	662	713	692	973	434	674	1127	931	761	583	892	984	569	771
5437	TAF1C_ENSG00000103168_128386.2	548	496	487	782	174	475	532	415	1010	1856	345	717	853	586	572	435	592	1885	602	782
5438	TAF1C_ENSG00000103168_128387.3	706	318	929	515	325	1220	599	848	748	404	424	1249	1778	1617	1430	1296	1859	811	1210	1359
5439	TAF1C_ENSG00000103168_128388.4	938	480	886	539	79	643	315	699	1554	3429	175	1552	1661	997	1283	970	2998	991	1223	1580
5440	TAF1C_ENSG00000103168_128389.5	587	500	668	161	169	819	437	813	1088	1348	227	984	1446	1141	1045	963	588	749	1038	1001
5441	TAF1C_ENSG00000103168_128390.6	1207	707	1152	571	570	1297	1093	1261	2956	2857	801	1419	2135	1339	1126	1092	2256	748	1312	1475
5442	TAF1L_ENSG00000122728_11983.3	126	93	120	105	35	85	79	93	187	138	49	95	128	85	78	72	181	148	104	117
5443	TAF1L_ENSG00000122728_11984.4	1073	915	1166	550	580	1359	1009	1127	2997	1127	631	1406	2194	1476	1366	1217	3477	577	1323	1325
5444	TAF1L_ENSG00000122728_11985.5	1073	1610	1082	1038	111	659	477	832	2371	3656	229	1511	1488	1039	1405	1170	3272	4389	1501	1425
5445	TAF1L_ENSG00000122728_11986.6	1069	412	965	1042	337	1285	794	1106	1443	2384	454	1585	1867	1654	1500	1446	2167	1447	1372	1499
5446	TAF2_ENSG00000064313_177664.1	1959	864	1992	1614	396	2380	1190	2229	2717	3737	610	3558	3752	2806	2870	2396	2955	2572	2677	2926
5447	TAF2_ENSG00000064313_177665.2	703	311	763	623	173	1030	559	617	1259	1579	375	1236	1425	914	1045	862	1533	970	881	1188
5448	TAF2_ENSG00000064313_177666.3	493	726	489	233	130	706	343	633	970	1276	185	868	1073	689	745	606	856	772	761	881
5449	TAF2_ENSG00000064313_177667.4	950	745	1040	646	379	1538	874	1063	1767	1341	482	1573	2159	1766	1569	1441	1746	1157	1503	1648
5450	TAF2_ENSG00000064313_177668.5	1164	463	1185	517	605	1696	1143	1426	1108	644	723	1582	2439	2102	1617	1412	1383	304	1584	1522
5451	TAF3_ENSG00000165632_122160.2	1662	744	1542	1390	814	1697	1467	1526	1750	1549	1004	3393	2776	1735	2133	1716	1952	1801	1936	3372
5452	TAF3_ENSG00000165632_122161.3	943	682	811	138	946	969	1337	825	907	1138	853	1758	1649	902	970	752	874	1201	889	1687
5453	TAF3_ENSG00000165632_122162.4	898	591	943	382	293	869	681	828	1770	1761	454	1778	1799	1089	1321	1001	1823	1596	1188	1847
5454	TAF3_ENSG00000165632_122163.5	1560	1157	1500	1044	315	1480	988	1590	2245	3044	595	3156	2696	1851	2157	1726	3162	4209	1942	2572
5455	TAF3_ENSG00000165632_122164.6	440	282	527	588	117	390	304	451	512	692	112	1018	858	564	770	591	446	1006	671	789
5456	TAF4_ENSG00000130699_58747.2	2026	962	1993	2097	844	2732	1747	2093	1964	3096	1155	3240	4425	2819	2478	2339	2263	2944	2383	3296
5457	TAF4_ENSG00000130699_58749.4	1119	749	1207	788	446	1546	1047	1407	1634	2051	557	1945	2348	1846	1764	1495	1630	575	1561	1998
5458	TAF4_ENSG00000130699_58750.5	950	484	1100	677	364	1114	780	1055	1516	2124	447	1837	1676	1339	1428	1160	575	1261	1140	1823
5459	TAF4_ENSG00000130699_58751.6	1179	678	1137	1420	230	1265	613	1308	1445	2598	338	2357	2190	1555	1755	1485	1639	1730	1755	2093
5460	TAF4B_ENSG00000141384_102293.1	403	245	353	64	31	209	147	294	434	863	51	418	561	345	649	516	845	390	499	654
5461	TAF4B_ENSG00000141384_102294.2	1040	495	1101	490	472	1300	1045	1107	1763	3269	580	1425	2206	1284	1395	1070	2142	1327	1292	1557
5462	TAF4B_ENSG00000141384_102295.3	429	172	521	461	48	339	175	348	277	1373	90	485	736	461	680	389	1604	236	644	565
5463	TAF4B_ENSG00000141384_102296.4	941	754	1167	481	719	1806	1222	1331	1373	720	907	1244	2152	1927	1431	1261	738	533	1328	1312
5464	TAF4B_ENSG00000141384_102297.5	994	428	736	704	190	1160	727	940	1311	2035	400	1182	1783	1044	1351	1130	1419	457	1249	1358
5465	TAF4B_ENSG00000141384_102298.6	598	589	552	524	292	902	499	804	892	953	362	1016	1458	965	921	902	1354	1500	1030	725
5466	TAF5_ENSG00000148835_141444.1	1293	1077	1375	1154	230	1171	576	1180	2131	3111	329	1478	2206	1765	1822	1622	1782	1273	1790	1712
5467	TAF5_ENSG00000148835_141445.2	667	371	704	678	259	910	627	887	1160	817	365	1048	1530	1033	1113	911	1196	222	1019	985
5468	TAF5_ENSG00000148835_141446.3	1224	562	1392	1415	595	1265	922	1296	1896	2040	742	1952	1883	1296	1517	1135	1391	705	1392	1720
5469	TAF5_ENSG00000148835_141448.5	367	189	217	212	117	353	320	329	542	1226	201	545	778	446	424	392	614	230	387	487
5470	TAF5_ENSG00000148835_141449.6	526	357	461	530	208	761	549	572	1293	2496	382	1197	993	755	703	652	1173	1148	736	895
5471	TAF5L_ENSG00000135801_60956.1	1004	179	948	1177	382	1154	840	834	765	1579	438	1196	1856	1248	1237	998	1423	1575	1097	1290
5472	TAF5L_ENSG00000135801_60958.3	1317	620	1099	690	314	1526	937	1448	1710	1719	584	2125	2462	1699	1753	1447	2219	2977	1666	1984
5473	TAF5L_ENSG00000135801_60959.4	1645	1032	1833	1252	680	2491	1421	1993	2711	2575	1017	2188	3769	2612	2407	2225	2504	2513	2204	2488
5474	TAF5L_ENSG00000135801_60960.5	1606	984	1266	941	649	1760	1512	1862	2073	2313	884	2034	2828	2072	2223	1928	1632	968	1884	1930
5475	TAF6_ENSG00000106290_117020.2	1471	706	1759	896	564	1523	1123	1334	2158	2536	638	2234	2370	1817	1832	1416	2290	2310	1635	1901
5476	TAF6_ENSG00000106290_117021.3	1743	1005	1807	1019	1222	2769	1772	2190	1894	1328	1261	1865	3507	2615	2145	1977	2250	617	2103	2419
5477	TAF6_ENSG00000106290_117023.5	983	485	742	604	248	892	571	875	1586	1754	426	1439	1451	744	1046	740	1410	504	1092	1221
5478	TAF6_ENSG00000106290_117024.6	620	369	557	681	189	536	431	477	648	1430	286	774	1098	640	774	594	1350	566	718	849
5479	TAF7_ENSG00000178913_47761.1	2071	1032	1804	1975	1601	2914	2541	2149	1706	1665	2003	2562	3617	2199	2524	1842	2590	3274	2267	3408
5480	TAF7_ENSG00000178913_47762.2	2698	1096	2457	2486	699	2355	1766	2130	3731	4140	1162	3393	3956	2782	3080	2630	4913	2743	2748	3410
5481	TAF7_ENSG00000178913_47763.3	830	818	996	404	744	1619	1301	1158	1894	1808	765	1503	2004	1581	1299	1384	1691	985	1427	1405
5482	TAF7_ENSG00000178913_47764.4	623	312	638	758	395	900	791	754	539	869	467	810	1191	932	893	712	571	1009	775	975
5483	TAF7_ENSG00000178913_47765.5	1100	662	1298	1146	288	1219	629	1145	1620	2356	413	1953	2293	1627	1742	1326	1417	3484	1715	2093
5484	TAF7_ENSG00000178913_47766.6	1957	1004	2057	1467	1149	2892	1954	2184	3074	2454	1494	2332	3881	2962	2549	2286	3638	3413	2414	2602
5485	TAF7L_ENSG00000102387_110948.1	907	371	918	534	581	1298	995	953	767	1071	731	1281	1568	1104	1199	998	1969	532	1055	1273
5486	TAF7L_ENSG00000102387_110949.2	1139	344	1140	630	492	1658	1001	1236	1341	1089	617	1630	2424	1744	1678	1389	1796	387	1547	1549
5487	TAF7L_ENSG00000102387_110950.3	2192	1611	2397	1315	1511	3466	2759	2675	2554	3494	1857	3222	4732	3638	2980	2762	2919	6151	2717	3023
5488	TAF7L_ENSG00000102387_110951.4	2311	1431	2609	884	2067	3784	2646	2851	3711	3062	1945	3447	4814	3818	3177	2873	2732	1747	2974	2915
5489	TAF7L_ENSG00000102387_110952.5	1019	752	1030	816	301	1137	753	1120	1145	1812	417	1441	2159	1557	1341	1221	2857	960	1484	1423
5490	TAF7L_ENSG00000102387_110953.6	557	635	471	514	84	688	227	587	965	212	125	940	1185	1051	1020	818	1366	692	939	929
5491	TAF8_ENSG00000137413_140142.1	1029	175	1005	530	263	1220	807	1096	1644	2333	540	1184	1822	1375	1328	1114	1456	1655	1149	1443
5492	TAF8_ENSG00000137413_140143.2	342	80	282	40	76	256	167	244	410	751	115	417	533	403	436	353	483	838	347	354
5493	TAF8_ENSG00000137413_140144.3	1027	367	853	72	149	399	609	695	1061	2208	367	1346	823	555	1097	631	2155	1079	1085	1250
5494	TAF8_ENSG00000137413_140145.4	1667	801	1540	1143	914	1664	1926	1431	1832	2283	1090	2051	2228	1473	1786	1342	2766	3169	1563	2121
5495	TAF8_ENSG00000137413_140146.5	1475	805	1567	823	599	2222	1293	1864	2177	2081	790	1805	3155	2218	2159	1866	3241	2086	2039	2174
5496	TAF9_ENSG00000085231_142431.1	987	353	1061	413	263	1042	682	1070	1393	1120	518	1272	1872	1374	1309	1268	1349	1920	1329	1344
5497	TAF9_ENSG00000085231_142432.2	2577	11082	2641	1584	1185	2284	2513	2397	4852	4110	1820	4055	3881	2318	2789	2231	7205	3583	2638	4023
5498	TAF9_ENSG00000085231_142433.3	902	503	1093	699	602	1710	1190	1169	1328	1540	814	1333	2346	1488	1358	1266	1707	304	1156	1184
5499	TAF9_ENSG00000085231_142434.4	1670	685	1770	1452	1531	3252	2559	2348	2252	1181	1840	2248	4095	2980	2328	2284	2153	2096	2260	2387
5500	TAF9_ENSG00000085231_142435.5	1788	866	1779	1297	931	2922	1702	2160	1615	1991	1246	2564	3508	2875	2375	2108	2580	1851	2049	2349
5501	TAF9_ENSG00000085231_142436.6	1054	379	617	440	147	435	460	512	1379	2297	275	984	670	408	582	472	1382	1157	702	1040
5502	TAF9B_ENSG00000187325_197960.1	821	279	979	894	65	566	239	572	1378	2244	132	1102	1421	961	1518	1238	2116	1326	1439	1247
5503	TAF9B_ENSG00000187325_197961.2	1236	479	1299	426	512	1618	885	1178	1696	1209	557	1803	2152	1764	1814	1385	1170	1298	1500	1479
5504	TAF9B_ENSG00000187325_197962.3	928	547	829	1049	469	1116	905	924	976	214	506	1190	1432	1138	926	903	1162	556	958	1372
5505	TAF9B_ENSG00000187325_197963.4	1963	1123	2028	1206	1752	2720	2375	1883	2491	5256	1720	2689	3471	2271	2253	1826	3528	1262	2149	2547
5506	TAF9B_ENSG00000187325_197964.5	716	546	721	377	340	959	807	835	831	672	391	908	1413	1032	979	782	959	666	882	966
5507	TAF9B_ENSG00000187325_197965.6	776	138	870	572	501	1192	846	1044	1566	1332	666	905	1561	1099	1010	927	1724	651	1031	950
5508	TBL1X_ENSG00000101849_138676.2	1216	367	1419	593	1379	2029	1670	1561	1554	2230	1317	1736	2431	1770	1584	1400	1868	1100	1600	1703
5509	TBL1X_ENSG00000101849_138678.4	955	581	988	751	669	1540	981	1120	1255	461	702	1056	1790	1263	1122	1070	1438	799	1060	1330
5510	TBL1X_ENSG00000101849_138679.5	268	361	249	15	28	253	91	273	331	579	59	471	473	367	420	392	417	760	346	325
5511	TBL1X_ENSG00000101849_138680.6	1569	855	1969	1724	298	1770	813	1575	2474	2821	475	2256	3520	2693	2568	2321	2949	3696	2623	2474
5512	TBL1XR1_ENSG00000177565_2556.1	556	283	915	423	526	1176	728	870	1885	1027	590	1020	1605	959	954	826	2097	1080	989	1194
5513	TBL1XR1_ENSG00000177565_2557.2	783	403	725	891	132	994	457	796	1909	2445	202	1421	1510	1184	1259	1101	3514	833	1167	1318
5514	TBL1XR1_ENSG00000177565_2558.3	1803	1187	1683	1387	1243	2574	2314	2227	4488	4439	1645	2652	3609	2635	2305	1845	4787	4427	2334	2379
5515	TBL1XR1_ENSG00000177565_2559.4	406	541	425	414	42	422	225	445	885	1816	84	735	837	683	876	740	1513	1743	864	754
5516	TBL1XR1_ENSG00000177565_2560.5	678	536	616	272	445	880	908	774	1045	849	511	934	1271	1147	1025	791	2364	2035	890	926
5517	TBL1XR1_ENSG00000177565_2561.6	588	691	670	649	369	1087	674	700	2209	1363	442	993	1300	1022	901	835	1222	945	927	1063
5518	TBL1Y_ENSG00000092377_114648.1	451	340	505	213	382	859	468	607	839	863	303	744	1062	688	647	593	999	627	713	660
5519	TBL1Y_ENSG00000092377_114649.2	1906	1722	2227	1223	1672	3816	2517	2527	2752	2471	1669	2789	4189	3113	2707	2315	2847	1708	2325	2493
5520	TBL1Y_ENSG00000092377_114650.3	650	460	691	542	566	1355	800	826	1377	2196	547	951	1622	1028	1045	903	594	852	954	887
5521	TBL1Y_ENSG00000092377_114652.5	1306	850	1293	738	640	1986	1241	1650	1515	2621	806	1893	2773	2453	1887	1778	2322	1609	1898	1877
5522	TBL1Y_ENSG00000092377_114653.6	265	46	211	45	257	571	380	366	245	505	340	367	579	392	417	326	597	136	362	411
5523	TBP_ENSG00000112592_156885.2	504	37	517	224	100	556	325	568	993	679	180	859	979	816	778	552	1147	577	680	846
5524	TBP_ENSG00000112592_156887.4	1095	680	1280	1094	761	1234	1388	959	1914	1201	1089	1470	1646	1303	1268	883	1724	1434	1144	1409
5525	TBP_ENSG00000112592_156888.5	773	662	790	500	252	963	752	903	1689	998	484	1011	1376	987	1012	811	775	1176	890	1246
5526	TBP_ENSG00000112592_156889.6	171	88	151	390	44	107	47	133	231	545	38	170	185	183	167	175	458	834	180	244
5527	TCEA1_ENSG00000187735_170942.2	579	286	823	367	181	1014	626	730	873	2068	371	981	1253	815	1040	898	1044	261	864	1011
5528	TCEA1_ENSG00000187735_170943.3	1656	1517	1714	1636	321	1585	926	1558	2172	3973	560	2735	2877	1932	2280	1916	4661	3052	2459	2584
5529	TCEA1_ENSG00000187735_170944.4	779	424	758	897	130	837	486	845	1189	2519	263	1249	1780	1202	1285	1098	1739	568	1319	1188
5530	TCEA1_ENSG00000187735_170945.5	1162	634	1163	872	349	1295	898	1233	2786	1879	508	2222	2073	1274	1517	1322	3081	1308	1468	1599
5531	TCEA1_ENSG00000187735_170946.6	1721	1444	1622	764	946	1961	1573	1575	1737	2318	1247	2165	2765	1913	1897	1691	2684	1950	1854	2108
5532	TCEA2_ENSG00000171703_4546.1	864	1283	1034	373	78	789	284	723	1265	1606	137	1439	1726	1338	1603	1464	1807	1828	1528	1407
5533	TCEA2_ENSG00000171703_4547.2	953	535	1130	1308	132	795	415	1000	1653	3435	224	1454	1751	1552	1756	1610	2670	2577	1669	1612
5534	TCEA2_ENSG00000171703_4548.3	2251	1318	2482	1116	671	2968	1848	2443	4068	3835	1271	3344	4291	3193	2978	2603	4444	4117	2737	3217
5535	TCEA2_ENSG00000171703_4549.4	536	100	464	165	410	1023	526	554	465	730	390	657	1155	788	579	609	251	685	578	643
5536	TCEA2_ENSG00000171703_4550.5	1491	630	1494	776	1203	2769	2017	1941	2156	3221	1609	2344	3217	2097	2096	1699	2798	1032	1818	1928
5537	TCEA2_ENSG00000171703_4551.6	467	84	407	393	132	507	358	379	491	1	271	543	927	562	525	411	1174	703	510	533
5538	TCEB1_ENSG00000154582_112650.1	1178	520	888	973	262	494	764	739	1325	4291	498	2002	948	419	1161	595	2690	1480	1306	1414
5539	TCEB1_ENSG00000154582_112651.2	1589	1494	1827	1125	673	2321	1211	1950	2776	2927	824	2265	3363	2704	2131	2114	2930	2319	2152	2296
5540	TCEB1_ENSG00000154582_112652.3	1064	1110	1224	1134	312	1358	828	1120	1356	3163	430	2266	2162	1572	1632	1257	2640	1804	1540	1973
5541	TCEB1_ENSG00000154582_112653.4	206	225	189	467	14	57	77	177	418	108	44	483	164	86	255	143	508	806	271	404
5542	TCEB1_ENSG00000154582_112654.5	792	477	769	159	308	922	669	1022	960	641	364	1212	1566	1234	1231	978	1122	608	943	1071
5543	TCEB1_ENSG00000154582_112655.6	1302	1003	1425	702	433	2117	1091	1730	1861	3676	680	2213	3202	2728	2288	1959	12568	974	2097	1996
5544	TCEB2_ENSG00000103363_135397.1	715	510	809	465	372	897	670	761	1612	1297	399	1638	1536	1034	908	867	1594	590	1004	1610
5545	TCEB2_ENSG00000103363_135398.2	640	256	583	295	243	860	515	601	1029	1525	440	994	1308	823	814	622	1242	1817	786	996
5546	TCEB2_ENSG00000103363_135399.3	1431	626	1527	1052	753	2059	1577	1531	2450	3478	1122	2905	3152	2058	1951	1666	2776	1874	1885	2945
5547	TCEB2_ENSG00000103363_135400.4	2535	1183	2666	1949	2551	4449	3573	3102	4504	2817	2644	3832	5834	4039	3186	2684	3756	3798	2867	3472
5548	TCEB2_ENSG00000103363_135401.5	1188	797	1204	1116	399	1947	999	1434	2255	3293	608	2661	2796	1932	2065	1775	1939	1851	1925	2283
5549	TCEB2_ENSG00000103363_135402.6	1004	828	1162	1256	453	1557	865	1352	2991	3332	587	1687	2321	1753	1774	1379	3267	1796	1495	1926
5550	TCEB3_ENSG00000011007_79350.1	796	255	945	737	758	1684	1039	1208	1256	1267	809	1203	1717	1376	1161	1145	880	809	1090	1170
5551	TCEB3_ENSG00000011007_79351.2	1168	723	1132	984	347	1056	883	1122	1796	1346	544	1731	2064	1262	1596	1289	2462	2770	1501	1779
5552	TCEB3_ENSG00000011007_79352.3	599	429	508	39	124	467	326	462	847	1481	187	912	1017	765	620	606	1582	556	762	885
5553	TCEB3_ENSG00000011007_79353.4	907	482	1110	327	665	1701	1199	1254	1069	1288	726	1270	1939	1614	1161	1018	1602	308	1206	1229
5554	TCEB3_ENSG00000011007_79354.5	186	44	137	240	49	199	89	176	331	562	58	297	367	215	282	186	573	249	214	266
5555	TCEB3_ENSG00000011007_79355.6	371	481	358	329	116	401	368	433	947	818	209	760	766	499	592	488	1023	211	525	444
5556	TCF19_ENSG00000137310_111898.1	1039	435	878	870	217	882	584	997	1634	832	367	1342	1707	1184	1248	1035	2013	1107	1102	1229
5557	TCF19_ENSG00000137310_111900.3	1937	1636	2087	540	813	2628	1879	2074	2817	3270	1231	2565	3559	2542	2400	2118	2599	1273	2327	2588
5558	TCF19_ENSG00000137310_111903.6	511	511	671	220	213	667	218	508	887	1017	191	721	1121	959	710	733	380	261	712	727
5559	TCF20_ENSG00000100207_95204.2	321	264	296	263	92	440	182	370	718	420	131	572	786	608	633	520	762	490	562	600
5560	TCF20_ENSG00000100207_95205.3	1363	966	1408	695	900	2337	1714	1700	2322	1810	1013	1621	2559	1779	1732	1519	2207	1213	1461	1883
5561	TCF20_ENSG00000100207_95206.4	1467	1132	1634	1598	414	1941	944	1731	2226	2438	499	2489	3272	2529	2371	2363	3026	2067	2294	2259
5562	TCF20_ENSG00000100207_95207.5	1113	682	1158	808	244	1310	663	1117	1130	1617	321	1537	2283	1849	1749	1636	2088	1140	1708	1651
5563	TCF20_ENSG00000100207_95208.6	817	695	845	413	634	1042	907	926	1453	589	700	1126	1344	1055	934	916	1128	990	971	996
5564	TCP1_ENSG00000120438_196831.2	833	574	744	909	329	1224	893	919	2207	1413	600	1030	1615	1052	1246	813	2103	857	978	1182
5565	TCP1_ENSG00000120438_196832.3	993	738	1263	1043	391	1513	862	1255	1550	3080	554	1243	2177	1498	1589	1209	2240	1503	1394	1428
5566	TCP1_ENSG00000120438_196833.4	456	274	412	81	154	540	501	495	615	948	261	539	972	668	618	509	931	279	578	523
5567	TCP1_ENSG00000120438_196834.5	844	725	766	558	261	1243	814	953	2004	827	480	1358	1999	1093	1473	993	1729	1929	1403	1486
5568	TCP1_ENSG00000120438_196835.6	909	237	928	2504	449	1285	891	1021	3131	1816	581	1270	1896	1335	1390	1041	928	1221	1129	1170
5569	TDG_ENSG00000139372_38855.1	2885	1964	2825	2615	1777	4800	3137	3560	5656	1929	2003	4015	6234	4586	3881	3530	3968	2294	3713	3733
5570	TDG_ENSG00000139372_38856.2	2273	1285	1991	933	1556	3658	2606	2472	2907	3202	1667	2909	4332	3395	2683	2510	3218	2057	2427	2465
5571	TDG_ENSG00000139372_38857.3	478	632	655	727	31	297	117	376	472	1093	53	667	992	755	1183	1036	1226	506	1056	745
5572	TDG_ENSG00000139372_38858.4	633	109	745	628	169	1009	430	765	799	1233	255	1010	1413	1103	1145	988	831	1673	1027	1148
5573	TDG_ENSG00000139372_38859.5	616	505	626	157	137	883	498	746	519	1047	314	937	1438	1048	958	813	1276	1282	868	1038
5574	TDRD1_ENSG00000095627_112760.1	348	243	357	215	24	345	115	370	467	75	67	505	620	543	583	483	436	390	567	559
5575	TDRD1_ENSG00000095627_112761.2	1515	992	1686	784	966	2047	1658	1697	2722	2399	1119	2147	3267	2041	2120	1655	2980	2822	2089	2508
5576	TDRD1_ENSG00000095627_112762.3	1065	331	1069	1311	425	1608	914	1262	1725	795	667	1753	2188	1706	1658	1422	1890	909	1428	1634
5577	TDRD1_ENSG00000095627_112763.4	605	313	474	127	183	706	372	594	933	413	206	738	932	817	658	759	1314	1357	710	561
5578	TDRD1_ENSG00000095627_112764.5	669	189	731	515	338	1267	764	844	1191	1336	465	1148	1531	1112	1092	966	1148	1708	975	978
5579	TDRD1_ENSG00000095627_112765.6	576	333	579	861	141	675	310	639	1557	1200	197	908	998	672	882	702	1327	660	843	741
5580	TDRD12_ENSG00000173809_101397.1	133	532	187	56	4	78	33	124	235	2252	9	468	314	300	462	408	1039	444	462	387
5581	TDRD12_ENSG00000173809_101398.2	898	841	846	855	309	1241	760	1135	1741	1231	452	1659	2047	1461	1386	1103	1766	517	1376	1686
5582	TDRD12_ENSG00000173809_101399.3	1016	156	1040	563	968	1472	1363	1223	1478	257	1043	1351	2035	1249	1165	994	731	762	1148	1070
5583	TDRD12_ENSG00000173809_101400.4	393	285	577	475	76	497	328	623	1713	1370	121	1247	1126	856	987	811	2454	1063	973	1090
5584	TDRD12_ENSG00000173809_101401.5	545	491	511	505	117	759	395	681	865	1258	192	917	1150	1010	908	849	1136	278	842	986
5585	TDRD12_ENSG00000173809_101402.6	909	1033	912	1129	232	1453	745	1213	1088	2206	428	1375	2017	1724	1684	1451	1948	1626	1563	1412
5586	TDRD3_ENSG00000083544_75130.1	664	461	711	284	285	1152	539	787	1113	924	327	1002	1400	1150	907	817	1125	276	963	951
5587	TDRD3_ENSG00000083544_75131.2	458	344	558	637	168	559	352	585	984	1098	214	818	953	777	814	550	506	605	829	823
5588	TDRD3_ENSG00000083544_75132.3	1317	605	1281	1259	637	1997	1243	1658	1990	2473	877	1554	2668	1756	1595	1629	1999	1349	1708	1421
5589	TDRD3_ENSG00000083544_75133.4	744	528	905	729	221	1209	618	950	906	3035	348	1343	1741	1423	1048	1107	1706	1964	1283	1204
5590	TDRD3_ENSG00000083544_75134.5	576	408	621	945	159	758	405	793	1268	1656	235	1287	1318	1040	1056	902	1779	1047	1112	908
5591	TDRD3_ENSG00000083544_75135.6	1583	1322	1831	1084	994	2479	1876	2102	3030	2611	1215	2602	3574	2677	2456	1961	3626	895	2282	2420
5592	TDRD5_ENSG00000162782_68093.1	1409	602	1394	807	695	1417	1355	1516	1654	1262	701	2143	2729	1884	2382	1420	2407	403	1745	1851
5593	TDRD5_ENSG00000162782_68094.2	1139	383	983	576	518	1424	1101	1255	2039	3148	725	1706	2238	1492	1560	1361	1738	1718	1493	1541
5594	TDRD5_ENSG00000162782_68095.3	612	198	555	490	259	638	570	525	941	931	408	851	824	613	611	554	707	297	611	646
5595	TDRD5_ENSG00000162782_68096.4	594	440	727	127	97	812	345	770	1082	1866	209	938	1214	929	1070	792	625	864	969	991
5596	TDRD5_ENSG00000162782_68097.5	564	155	589	351	114	490	364	562	1208	1484	220	807	965	648	748	548	1296	609	792	810
5597	TDRD5_ENSG00000162782_68098.6	884	498	938	631	298	1487	688	1022	1038	1943	458	1382	1761	1195	1077	1139	1418	1808	1174	1243
5598	TDRD6_ENSG00000180113_64660.1	928	646	875	401	908	1425	1217	1184	1478	634	835	1430	1784	1377	1176	1096	861	678	1081	1047
5599	TDRD6_ENSG00000180113_64661.2	529	320	530	701	69	562	374	414	408	538	223	584	1008	772	625	629	772	287	623	724
5600	TDRD6_ENSG00000180113_64662.3	1400	1114	1529	787	518	1661	1301	1719	3054	2528	782	2219	2672	1872	1939	1731	1876	3170	1851	1984
5601	TDRD6_ENSG00000180113_64663.4	799	1137	876	663	144	733	454	730	1276	1034	250	911	1490	1067	1166	1015	1507	525	1100	1137
5602	TDRD6_ENSG00000180113_64664.5	875	352	956	554	156	726	395	719	901	2088	263	965	1527	1123	1317	1074	1018	486	1082	1000
5603	TDRD6_ENSG00000180113_64665.6	577	255	626	565	151	1058	544	746	559	142	345	830	1529	1285	1065	874	1150	1608	797	858
5604	TDRD7_ENSG00000196116_198936.1	762	693	789	357	103	774	297	731	1153	2336	196	966	1162	987	1068	887	1262	1373	928	1065
5605	TDRD7_ENSG00000196116_198938.3	454	279	476	304	68	508	202	466	751	504	114	705	931	686	803	815	583	152	770	888
5606	TDRD7_ENSG00000196116_198939.4	2060	1175	1983	1129	1759	2872	2355	2346	3276	3022	1777	2754	3782	2285	2434	2002	4178	765	2299	2533
5607	TDRD7_ENSG00000196116_198940.5	564	329	636	609	186	589	557	738	970	931	309	1099	1224	744	912	681	529	946	873	814
5608	TDRD7_ENSG00000196116_198941.6	973	919	932	241	408	1143	909	1086	966	2357	590	1112	1751	1083	1200	1006	1801	571	1082	1062
5609	TDRD9_ENSG00000156414_161577.1	519	275	559	296	59	563	215	481	739	1825	175	603	760	690	728	560	376	576	676	791
5610	TDRD9_ENSG00000156414_161578.2	2302	841	2387	1351	1036	3447	1916	2356	2073	3216	1255	2847	4775	3408	2920	2651	2968	4208	2776	2901
5611	TDRD9_ENSG00000156414_161579.3	1885	775	1825	1037	1508	3133	2129	2274	1951	2232	1613	2248	3986	2629	2127	2125	1756	1569	2059	2298
5612	TDRD9_ENSG00000156414_161580.4	73	313	106	221	3	21	4	38	91	505	2	62	91	76	159	154	334	496	146	63
5613	TDRD9_ENSG00000156414_161582.6	699	503	788	2121	334	1041	611	921	1525	2003	484	1266	1367	1030	1156	883	1329	2032	1012	1140
5614	TDRKH_ENSG00000182134_33550.1	226	72	221	71	25	194	110	231	127	487	68	319	415	263	404	304	506	740	337	340
5615	TDRKH_ENSG00000182134_33551.2	671	978	896	860	75	847	375	859	559	1359	125	1209	1640	1284	1560	1227	1758	1117	1457	1182
5616	TDRKH_ENSG00000182134_33552.3	1353	703	1542	736	344	1514	999	1290	2532	1796	585	1725	2519	1694	2052	1548	2721	1450	1761	1672
5617	TDRKH_ENSG00000182134_33553.4	1196	1105	1246	691	433	1643	1156	1223	1263	1252	746	1675	2607	1821	1616	1521	2116	2010	1554	1613
5618	TDRKH_ENSG00000182134_33554.5	841	178	930	493	296	1413	726	1034	1630	1795	513	1116	1713	1229	1293	1021	1951	459	1244	1222
5619	TDRKH_ENSG00000182134_33555.6	797	434	768	387	416	1014	980	912	1517	815	620	1017	1490	1183	1004	983	808	317	999	1014
5620	TERF1_ENSG00000147601_174769.1	225	31	271	359	77	380	140	286	236	499	85	335	574	374	405	356	113	500	373	335
5621	TERF1_ENSG00000147601_174770.2	177	94	154	141	38	151	190	177	460	245	101	345	336	126	281	189	299	494	246	352
5622	TERF1_ENSG00000147601_174771.3	1686	1478	1871	1375	289	1951	1021	1907	2724	2988	616	2507	3679	2451	2598	2172	2980	2793	2351	2737
5623	TERF1_ENSG00000147601_174773.5	726	727	741	355	263	996	516	1075	1057	1337	336	930	1315	1056	939	920	1019	682	932	980
5624	TERF1_ENSG00000147601_174774.6	665	156	787	680	91	355	338	503	772	1262	192	777	873	479	616	536	1152	300	728	1042
5625	TERF2_ENSG00000132604_79036.1	706	182	762	405	250	781	510	790	1577	581	438	1123	1337	921	1160	770	610	1098	980	1116
5626	TERF2_ENSG00000132604_79037.2	751	487	624	650	157	580	329	628	1260	1769	180	1394	1358	736	1003	776	1968	968	929	1045
5627	TERF2_ENSG00000132604_79038.3	866	579	864	350	98	920	405	941	1645	2484	272	1521	1550	1155	1317	1041	2088	1479	1334	1402
5628	TERF2_ENSG00000132604_79039.4	403	86	304	161	228	427	357	248	412	493	382	349	727	434	514	361	611	270	371	478
5629	TERF2_ENSG00000132604_79040.5	636	798	699	894	79	658	325	598	923	1098	191	1162	1225	800	991	833	2068	975	1026	1106
5630	TERF2_ENSG00000132604_79041.6	964	405	1167	434	423	1332	814	1257	1650	3042	573	1596	1777	1341	1397	1132	2851	3467	1415	1702
5631	TET1_ENSG00000138336_111618.1	1218	424	1335	1130	401	1722	935	1567	1337	2510	453	1651	2468	2029	1800	1707	1312	1178	1629	1477
5632	TET1_ENSG00000138336_111619.2	497	130	524	886	79	645	257	616	864	777	132	944	965	843	759	749	661	1496	755	787
5633	TET1_ENSG00000138336_111620.3	1880	551	2028	1280	664	2785	1354	2212	3090	2407	895	2924	4131	2984	2700	2383	3028	1405	2543	2674
5634	TET1_ENSG00000138336_111621.4	1437	1007	1386	842	715	1686	1200	1381	1696	1994	898	1945	2503	1714	1749	1399	2954	2010	1696	2041
5635	TET1_ENSG00000138336_111622.5	660	351	694	322	215	679	508	697	1126	2076	361	1065	1103	824	1016	748	1804	1562	842	1092
5636	TET1_ENSG00000138336_111623.6	1440	1098	1685	964	983	2728	1788	1948	1901	2315	1254	2172	3313	2580	2299	1930	3636	2224	2026	2091
5637	TET2_ENSG00000168769_63928.1	811	859	884	910	378	1143	843	1041	1317	587	654	1395	1823	1332	1171	1011	2235	1900	1106	1198
5638	TET2_ENSG00000168769_63929.2	916	468	855	346	350	1159	580	986	1355	1109	494	1128	1706	1195	1176	1054	1141	837	1112	1156
5639	TET2_ENSG00000168769_63930.3	538	234	586	507	129	692	440	671	799	1262	252	855	1327	749	892	779	806	1158	879	1041
5640	TET2_ENSG00000168769_63931.4	196	88	235	99	52	318	155	202	301	847	76	296	360	220	331	275	547	286	265	284
5641	TET2_ENSG00000168769_63932.5	255	326	352	93	125	378	299	363	837	1269	137	564	778	481	525	415	5575	822	519	448
5642	TET2_ENSG00000168769_63933.6	676	247	745	417	194	840	613	721	1507	2273	338	977	1324	951	976	781	792	1068	867	1046
5643	TET3_ENSG00000187605_104067.1	1182	228	1194	288	309	1748	903	1549	2162	2585	512	1713	2418	2003	1776	1683	1245	2611	1834	1896
5644	TET3_ENSG00000187605_104069.3	1009	625	920	687	177	882	469	889	1199	1207	340	1091	1799	1413	1279	1120	1196	1154	1349	1230
5645	TET3_ENSG00000187605_104070.4	777	632	806	440	389	980	777	901	1284	2510	457	1051	1938	1151	1146	1056	1331	135	1137	1413
5646	TET3_ENSG00000187605_104071.5	1354	564	1348	743	950	1800	1618	1509	2595	1494	1028	1723	2375	1878	1456	1422	1617	1079	1648	1716
5647	TET3_ENSG00000187605_104072.6	706	180	667	342	372	784	654	757	947	368	396	831	1418	896	966	688	1660	907	826	1219
5648	TFPT_ENSG00000105619_4656.1	1997	859	2218	1178	716	2181	1675	1835	2596	4250	1198	2394	3056	2081	2306	2048	4601	2659	2442	2474
5649	TFPT_ENSG00000105619_4657.2	457	213	520	324	45	281	133	338	546	1629	68	680	766	716	821	629	854	404	706	684
5650	TFPT_ENSG00000105619_4658.3	512	555	537	357	127	590	333	638	1378	788	197	778	1187	831	904	731	1051	875	900	776
5651	TFPT_ENSG00000105619_4660.5	505	716	550	380	242	678	465	482	687	254	262	549	1145	746	833	629	915	161	673	667
5652	TFPT_ENSG00000105619_4661.6	782	262	754	258	290	856	626	832	1310	793	362	1006	1190	835	938	724	1445	965	890	848
5653	TIPARP_ENSG00000163659_201899.1	695	577	562	468	334	770	524	755	1089	1395	320	661	1446	1103	801	728	1025	776	875	785
5654	TIPARP_ENSG00000163659_201900.2	522	416	462	160	179	556	373	509	553	254	294	683	799	599	595	484	632	306	573	580
5655	TIPARP_ENSG00000163659_201901.3	641	346	669	1083	130	745	347	830	1314	1358	220	1007	1183	976	1230	1010	858	177	1067	1071
5656	TIPARP_ENSG00000163659_201902.4	771	505	822	268	61	719	284	724	1380	1864	100	1092	1371	1200	1468	1237	2051	1790	1407	1150
5657	TIPARP_ENSG00000163659_201903.5	1540	727	1335	517	689	1908	1480	1629	2246	3377	904	1972	2980	2066	1972	1640	2998	2242	1674	1746
5658	TIPARP_ENSG00000163659_201904.6	1956	1802	2253	1338	596	3141	1505	2338	3100	4901	880	3213	4403	3525	3511	3082	3667	2601	3170	3275
5659	TLE1_ENSG00000196781_157081.1	1002	632	1102	685	346	1237	710	1109	1741	1160	442	1237	2011	1465	1246	1242	1535	584	1343	1337
5660	TLE1_ENSG00000196781_157082.2	189	177	284	54	72	410	230	330	303	243	119	322	514	474	357	376	512	364	364	377
5661	TLE1_ENSG00000196781_157083.3	687	297	733	712	106	659	380	610	1147	896	171	1007	1128	1000	1041	971	1099	1979	1077	1035
5662	TLE1_ENSG00000196781_157084.4	897	223	884	733	489	1572	1128	1068	1468	2322	839	1307	1567	1310	1273	979	1293	1049	1317	1136
5663	TLE1_ENSG00000196781_157085.5	742	67	725	223	375	919	656	735	1359	1688	438	797	1429	1066	912	858	1674	1156	796	860
5664	TLE1_ENSG00000196781_157086.6	1471	576	1317	1027	1598	2531	1811	1599	2107	1204	1538	1911	2835	2178	1758	1579	1790	856	1710	1747
5665	TLE4_ENSG00000106829_100715.1	513	404	504	460	34	465	137	466	712	2414	52	982	1067	948	1114	973	1792	623	991	889
5666	TLE4_ENSG00000106829_100717.3	524	796	513	301	177	759	322	594	877	1880	183	912	1097	854	806	609	1603	805	802	842
5667	TLE4_ENSG00000106829_100718.4	432	324	340	341	195	701	380	527	836	931	279	573	1058	813	655	508	1139	253	659	547
5668	TLE4_ENSG00000106829_100719.5	1355	1294	1525	853	701	2509	1422	1667	2002	1502	855	2055	2938	2519	1965	1841	1538	1394	1797	2015
5669	TLE4_ENSG00000106829_100720.6	805	509	968	368	542	1441	1020	1130	1493	1660	688	1340	1998	1295	1135	979	1407	1122	1030	1060
5670	TLK1_ENSG00000198586_191613.1	289	249	260	347	31	236	145	267	558	241	60	450	606	337	451	407	483	1039	488	447
5671	TLK1_ENSG00000198586_191614.2	371	262	309	227	125	560	288	400	970	290	194	423	858	550	571	587	1047	782	544	579
5672	TLK1_ENSG00000198586_191615.3	2689	1024	2625	486	1768	4389	2868	3210	4423	1623	2027	3654	5487	3965	3398	3139	4113	2836	3233	3403
5673	TLK1_ENSG00000198586_191616.4	578	336	557	408	186	741	371	708	962	976	258	1186	1121	765	736	592	1186	841	791	700
5674	TLK1_ENSG00000198586_191617.5	591	544	702	695	71	528	263	565	531	1852	133	770	1028	880	1033	794	895	2140	930	810
5675	TLK1_ENSG00000198586_191618.6	1232	1096	1274	1476	267	1463	817	1379	2117	2905	485	2586	2662	1768	1970	1571	2989	2610	1766	2032
5676	TLK2_ENSG00000146872_120644.1	641	212	636	482	383	515	539	516	417	756	398	659	978	641	731	509	1054	339	658	807
5677	TLK2_ENSG00000146872_120645.2	592	396	482	542	137	388	323	448	1038	2584	184	930	622	425	706	492	1143	833	658	661
5678	TLK2_ENSG00000146872_120646.3	1348	741	1317	990	647	1932	1246	1553	2347	4039	804	2465	3394	2549	2131	2090	3558	1038	2151	2154
5679	TLK2_ENSG00000146872_120647.4	377	515	387	531	30	391	164	381	667	2132	94	603	822	547	742	618	1157	1309	687	625
5680	TLK2_ENSG00000146872_120648.5	738	505	749	386	227	634	560	755	1307	1966	357	898	1283	709	1070	791	2210	2714	818	1170
5681	TLK2_ENSG00000146872_120649.6	957	378	933	1003	245	1343	521	1123	1423	568	344	1413	2038	1729	1522	1352	2083	1928	1293	1678
5682	TMPO_ENSG00000120802_34924.1	241	102	214	261	31	130	144	161	374	853	83	392	374	254	360	268	660	720	283	345
5683	TMPO_ENSG00000120802_34925.2	551	77	602	497	183	702	456	655	633	598	261	644	1204	773	766	679	1227	6	789	849
5684	TMPO_ENSG00000120802_34926.3	1304	589	1385	1030	671	1892	1327	1428	1726	1662	1005	1830	2574	1802	1607	1394	1419	1174	1507	1557
5685	TMPO_ENSG00000120802_34927.4	981	77	1135	871	363	1337	911	1101	1576	2719	550	1328	1969	1468	1335	1287	1703	1089	1245	1319
5686	TMPO_ENSG00000120802_34928.5	634	484	453	161	210	666	548	525	702	678	292	816	1211	753	703	661	1231	675	649	767
5687	TMPO_ENSG00000120802_34929.6	2078	1196	2058	1394	1665	3060	2364	2161	2720	2719	1587	2641	3872	2989	2277	2015	2618	1032	2234	2331
5688	TNKS_ENSG00000173273_89195.1	995	362	1060	835	439	1351	813	1205	1425	1257	567	1227	1856	1474	1305	1158	1218	1640	1232	1187
5689	TNKS_ENSG00000173273_89196.2	888	568	859	901	375	1169	663	934	1038	1980	373	1126	1431	1269	1163	1079	1129	632	965	1194
5690	TNKS_ENSG00000173273_89198.4	514	181	498	348	115	707	339	607	724	1338	247	528	1023	695	710	583	750	766	627	638
5691	TNKS_ENSG00000173273_89199.5	1149	554	1028	798	436	1619	1015	1183	2042	3288	584	1389	2283	1945	1619	1573	1801	1687	1445	1521
5692	TNKS_ENSG00000173273_89200.6	1142	650	1053	831	425	1598	1050	1176	2177	2091	646	1839	2026	1659	1795	1393	2803	1275	1487	1860
5693	TNKS2_ENSG00000107854_24010.1	1008	602	1157	736	74	557	249	591	631	2592	130	936	1447	1059	1780	1432	1121	1467	1610	1242
5694	TNKS2_ENSG00000107854_24011.2	488	72	603	427	373	810	787	574	546	586	487	727	1266	750	618	661	1007	516	699	709
5695	TNKS2_ENSG00000107854_24012.3	558	441	570	285	102	564	374	481	691	577	204	832	1082	945	760	682	970	264	763	886
5696	TNKS2_ENSG00000107854_24013.4	1109	353	1439	1302	358	1450	918	1308	1647	894	652	2253	2533	1718	1770	1444	1781	1166	1718	1993
5697	TNKS2_ENSG00000107854_24014.5	295	92	310	186	50	293	209	270	636	1177	120	479	541	364	457	367	496	556	390	469
5698	TNKS2_ENSG00000107854_24015.6	1767	908	1844	969	1551	3299	2128	2531	3045	4765	1499	2770	4163	3140	2637	2313	2806	651	2398	2709
5699	TNRC18_ENSG00000182095_203400.1	1215	579	1260	409	355	1137	854	1145	2260	2600	623	1685	1930	1446	1425	1166	1751	1577	1377	1793
5700	TNRC18_ENSG00000182095_203401.2	749	555	755	437	250	908	540	724	860	844	427	987	1076	941	858	823	1009	2546	883	1143
5701	TNRC18_ENSG00000182095_203403.4	519	215	574	711	202	630	447	621	1254	1734	308	960	994	644	664	620	1587	2025	636	976
5702	TNRC18_ENSG00000182095_203404.5	1009	340	978	659	526	1297	924	1081	1579	1617	680	1333	2293	1516	1327	1198	768	797	1256	1129
5703	TNRC18_ENSG00000182095_203405.6	821	569	845	310	229	1287	571	1054	1284	793	349	1424	1802	1428	1235	1250	1068	1194	1069	1223
5704	TOPORS_ENSG00000197579_109630.1	1321	797	1444	1293	754	1638	1428	1413	2822	4954	903	1896	2594	1994	1698	1448	4382	2341	1738	1944
5705	TOPORS_ENSG00000197579_109631.2	375	155	378	197	219	510	347	363	1125	1742	260	507	624	440	478	364	1014	738	539	591
5706	TOPORS_ENSG00000197579_109632.3	878	858	956	489	295	1005	844	907	2246	2335	403	1250	1547	1068	1133	893	2083	1599	1187	1188
5707	TOPORS_ENSG00000197579_109633.4	397	792	501	455	45	594	191	573	767	1976	96	921	1058	674	903	757	1385	1072	890	913
5708	TOPORS_ENSG00000197579_109634.5	1174	928	1158	888	718	1304	1211	1172	2541	3804	846	1781	1897	1250	1425	1077	2037	1548	1297	1571
5709	TOPORS_ENSG00000197579_109635.6	1459	465	1305	997	604	1538	1157	1418	3445	1623	932	1594	2653	1480	1655	1246	2771	3828	1399	1967
5710	TOX4_ENSG00000092203_166381.1	793	184	916	465	377	1106	783	994	941	608	533	1009	1637	1248	1161	939	1815	1398	985	1113
5711	TOX4_ENSG00000092203_166382.2	792	482	1027	560	269	1235	733	1122	1225	1148	409	1241	1988	1323	1300	1199	1607	806	1200	1299
5712	TOX4_ENSG00000092203_166384.4	1257	478	1075	678	324	1413	649	1091	1251	694	493	1201	1988	1468	1508	1445	1663	661	1366	1202
5713	TOX4_ENSG00000092203_166385.5	679	336	620	508	140	600	310	557	904	1018	237	769	1038	846	883	681	1144	699	955	896
5714	TOX4_ENSG00000092203_166386.6	1486	1099	1674	1278	440	1787	1069	1691	2413	3075	610	1931	3086	2282	2381	1951	2088	1210	2047	2293
5715	TP53BP1_ENSG00000067369_134753.1	664	290	737	295	137	824	444	728	1052	2529	248	933	1291	725	1083	877	1982	598	979	907
5716	TP53BP1_ENSG00000067369_134754.2	1512	449	1673	1517	816	2022	1814	1780	2355	1978	1188	2454	2728	2052	2023	1519	3256	3914	1868	2092
5717	TP53BP1_ENSG00000067369_134757.5	1745	789	1674	1794	311	1881	910	1925	2555	3529	410	2598	3618	2671	2961	2388	3813	3314	2761	2849
5718	TP53BP1_ENSG00000067369_134758.6	673	498	617	784	144	560	512	476	1256	1253	310	882	890	675	801	619	1611	473	752	856
5719	TRAF7_ENSG00000131653_172278.1	702	429	872	153	37	395	218	457	604	1807	93	811	1064	865	891	815	1099	1888	847	875
5720	TRAF7_ENSG00000131653_172279.2	547	421	531	323	135	910	396	607	977	387	261	889	1208	812	783	779	968	534	870	868
5721	TRAF7_ENSG00000131653_172280.3	663	533	759	677	440	939	951	697	607	1589	640	1126	1348	1095	859	716	772	2167	805	1072
5722	TRAF7_ENSG00000131653_172281.4	1686	1073	1521	1369	484	1604	923	1628	2076	2757	640	1959	2976	2071	2042	1885	2829	2722	1902	1933
5723	TRAF7_ENSG00000131653_172282.5	398	164	506	47	66	497	218	420	331	550	131	584	826	767	657	521	559	1585	637	577
5724	TRAF7_ENSG00000131653_172283.6	923	617	787	779	400	1343	1005	992	1553	264	608	1065	1691	1195	1151	904	1511	2343	1052	1067
5725	TRDMT1_ENSG00000107614_45731.1	919	345	1105	685	194	986	473	875	1474	1377	352	1453	1529	1039	1169	1019	2035	3857	1228	1349
5726	TRDMT1_ENSG00000107614_45733.3	549	45	543	700	110	567	265	511	657	2107	152	641	1063	772	875	708	842	1332	707	859
5727	TRDMT1_ENSG00000107614_45734.4	258	258	302	58	40	253	96	322	555	479	50	303	477	387	552	446	703	1037	479	387
5728	TRDMT1_ENSG00000107614_45735.5	844	309	874	748	418	1298	834	1215	1457	2258	420	1494	1622	1382	1241	1187	2296	435	1162	1451
5729	TRDMT1_ENSG00000107614_45736.6	348	78	492	526	179	561	302	515	644	1570	198	756	854	610	615	529	1292	1610	584	660
5730	TRIM13_ENSG00000204977_60776.1	1254	168	1477	486	759	1805	1730	1406	1847	1427	1007	1576	2353	1791	1704	1262	2166	1767	1462	1589
5731	TRIM13_ENSG00000204977_60777.2	1629	195	1544	893	1595	2384	2070	1944	2215	497	1451	2100	3076	2359	1874	1771	2115	1686	1878	1987
5732	TRIM13_ENSG00000204977_60778.3	626	521	685	200	509	1154	883	885	834	241	619	884	1055	825	739	773	1117	1301	814	889
5733	TRIM13_ENSG00000204977_60779.4	414	89	344	340	383	806	428	574	352	416	304	502	869	644	512	470	301	333	505	419
5734	TRIM13_ENSG00000204977_60780.5	1328	385	1302	1170	585	1642	1224	1446	2322	2668	873	1764	2393	1661	1561	1342	2881	2172	1572	1804
5735	TRIM13_ENSG00000204977_60781.6	839	627	914	776	191	850	547	808	1029	878	374	1033	1489	1189	1118	969	876	502	973	1009
5736	TRIM24_ENSG00000122779_123215.1	661	304	574	502	347	1014	697	732	935	30	356	673	1233	976	834	686	662	940	864	829
5737	TRIM24_ENSG00000122779_123216.2	1302	222	1410	905	834	1854	1276	1651	1476	2226	879	1860	2794	2130	1641	1623	2018	1093	1681	1987
5738	TRIM24_ENSG00000122779_123217.3	695	418	625	295	232	725	561	653	588	1047	329	653	1149	688	824	693	800	544	799	914
5739	TRIM24_ENSG00000122779_123218.4	1774	1273	2201	1309	1394	2933	2488	2327	3236	1170	1717	2195	3264	2945	2397	2078	2296	695	2165	2194
5740	TRIM24_ENSG00000122779_123219.5	2392	1655	2612	1337	1142	3254	2382	2887	3276	1574	1492	3095	4464	3376	2832	2566	2811	3350	2777	3062
5741	TRIM24_ENSG00000122779_123220.6	376	387	363	94	103	460	194	429	652	326	142	589	699	517	540	532	896	1	519	629
5742	TRIM28_ENSG00000130726_106749.1	1174	461	1271	1082	446	1238	917	1139	1848	1522	605	1794	1880	1436	1505	1295	2350	1913	1565	2020
5743	TRIM28_ENSG00000130726_106750.2	1043	647	1199	830	660	1579	1471	1430	1958	813	903	1515	2242	1516	1536	1309	1834	1669	1459	1707
5744	TRIM28_ENSG00000130726_106751.3	2915	1878	2619	1683	1496	2688	2793	2558	4684	5159	2083	4470	4591	2886	3406	2702	5713	4412	3461	4331
5745	TRIM28_ENSG00000130726_106752.4	1056	453	998	1045	432	1267	922	995	1201	267	551	1516	1649	914	1274	885	1727	1912	1194	1458
5746	TRIM28_ENSG00000130726_106753.5	391	81	417	201	179	457	293	431	426	1007	262	696	634	332	552	454	525	250	509	670
5747	TRIM33_ENSG00000197323_48521.1	614	411	709	452	150	722	479	676	739	481	268	881	1277	840	1016	804	838	1086	835	843
5748	TRIM33_ENSG00000197323_48522.2	600	92	488	249	56	361	275	331	958	2129	162	759	882	550	761	589	577	1954	771	738
5749	TRIM33_ENSG00000197323_48523.3	894	1118	817	702	211	966	653	939	1868	3510	316	1239	1456	1149	1229	1078	1693	1044	1339	1343
5750	TRIM33_ENSG00000197323_48524.4	2870	1927	3040	1529	1344	3867	2773	3284	4051	6281	1721	3834	5867	4005	3866	3559	5268	3865	3588	4106
5751	TRIM33_ENSG00000197323_48525.5	1874	553	2221	960	1197	3590	2305	2804	2893	3114	1489	3247	4506	3587	3066	2645	3277	3337	2981	2912
5752	TRIM33_ENSG00000197323_48526.6	437	226	424	72	133	620	349	432	884	956	274	656	769	501	535	458	923	17	514	485
5753	TRIM37_ENSG00000108395_115681.1	1245	827	1117	1209	434	1230	1166	1162	1085	2715	672	1707	2157	1527	1582	1286	2866	1728	1489	1658
5754	TRIM37_ENSG00000108395_115682.2	1147	1167	1139	915	423	1552	927	1186	1550	562	642	1514	2187	1696	1749	1507	1181	879	1674	1517
5755	TRIM37_ENSG00000108395_115683.3	1136	722	1136	1095	571	1754	1093	1323	2228	3729	653	1689	2643	2090	1917	1758	1614	2137	1725	1786
5756	TRIM37_ENSG00000108395_115684.4	538	379	585	522	122	554	334	603	939	1449	217	765	1075	1032	833	786	894	322	769	825
5757	TRIM37_ENSG00000108395_115685.5	531	582	615	800	20	483	175	583	867	1749	54	1150	1161	1115	1388	1243	945	881	1142	952
5758	TRIM37_ENSG00000108395_115686.6	761	942	970	985	406	1417	796	1001	1547	1736	566	1300	1828	1478	1353	1119	1820	981	1317	1306
5759	TRIM5_ENSG00000132256_118346.1	507	238	534	656	50	506	222	485	1280	1002	116	897	983	730	928	600	755	2328	769	800
5760	TRIM5_ENSG00000132256_118347.2	435	464	577	238	157	629	401	523	1010	3157	247	601	937	686	712	586	1054	1403	647	675
5761	TRIM5_ENSG00000132256_118348.3	458	408	537	574	81	565	275	479	1029	1016	133	685	1150	899	829	749	460	712	759	688
5762	TRIM5_ENSG00000132256_118349.4	1153	615	1392	747	591	1968	1263	1282	1651	864	851	1791	2248	2011	1668	1386	2764	2736	1451	2090
5763	TRIM5_ENSG00000132256_118350.5	1283	772	1267	361	910	1852	1501	1472	1447	891	1017	1931	2390	1813	1580	1408	2180	1711	1636	1805
5764	TRIM5_ENSG00000132256_118351.6	1774	1250	1765	1416	831	2289	1471	1981	2251	3597	1005	2520	3410	2178	2283	1759	3182	3364	2286	2478
5765	TRIM66_ENSG00000166436_72372.1	1338	459	1141	729	732	1471	1211	1346	1398	1938	835	1517	2236	1850	1421	1396	1133	1137	1256	1349
5766	TRIM66_ENSG00000166436_72373.2	617	342	704	423	199	785	484	774	1148	1384	365	956	1235	1069	950	848	1312	368	850	874
5767	TRIM66_ENSG00000166436_72374.3	2793	1937	3164	3508	2581	4510	3763	3434	3747	3113	2663	3865	5746	4165	3431	3133	4147	3118	3416	3568
5768	TRIM66_ENSG00000166436_72375.4	440	344	386	731	13	107	85	256	638	2328	59	817	553	335	777	469	1427	1220	694	791
5769	TRIM66_ENSG00000166436_72376.5	915	153	940	942	279	1267	683	931	1275	1210	415	1121	1858	1353	1325	1167	1216	1249	1301	1196
5770	TRIM66_ENSG00000166436_72377.6	1638	811	1794	1222	1350	3098	2282	2350	3273	2237	1630	2215	3803	2651	2292	1989	2652	1384	2244	2365
5771	TRRAP_ENSG00000196367_62385.1	320	71	362	169	172	263	373	239	381	799	335	451	509	310	431	287	1067	434	361	356
5772	TRRAP_ENSG00000196367_62386.2	851	401	904	202	137	455	490	673	322	1554	333	1055	888	539	723	635	1257	1386	949	1005
5773	TRRAP_ENSG00000196367_62387.3	870	201	761	569	394	854	748	828	1247	1508	471	1068	1251	912	1011	855	1093	56	900	976
5774	TRRAP_ENSG00000196367_62388.4	845	717	976	710	347	1254	642	902	940	851	417	1122	1639	1453	1321	1057	1091	1025	1052	920
5775	TRRAP_ENSG00000196367_62389.5	822	251	1060	672	338	1134	994	987	1577	1611	611	1434	1715	1018	1072	934	1301	1611	1111	1330
5776	TRRAP_ENSG00000196367_62390.6	2693	1690	2913	1762	1058	3822	2374	3331	5169	3940	1423	4302	6446	4542	4301	3771	5547	2777	3924	3918
5777	TSPYL2_ENSG00000184205_179525.1	661	445	661	528	118	653	312	743	1052	621	196	923	1198	1004	916	932	983	423	931	961
5778	TSPYL2_ENSG00000184205_179526.2	1980	987	1726	753	1108	2358	1741	1932	2494	3313	1152	2411	3876	2825	2333	2085	2978	1690	2171	2363
5779	TSPYL2_ENSG00000184205_179527.3	1279	3519	1319	499	402	1719	934	1458	1947	2005	604	1643	2405	1853	1687	1544	1770	513	1780	1995
5780	TSPYL2_ENSG00000184205_179528.4	1749	669	1390	767	125	957	427	968	1507	2643	207	1366	2129	1794	1956	1543	1998	1251	1751	1699
5781	TSPYL2_ENSG00000184205_179529.5	612	249	557	707	253	636	458	549	1145	856	256	816	993	625	786	700	1188	887	816	994
5782	TSPYL2_ENSG00000184205_179530.6	768	626	888	372	724	1265	1138	1058	1345	119	774	1293	1722	922	1039	965	941	1121	949	1030
5783	TSSK6_ENSG00000178093_172497.1	702	791	723	747	97	725	421	840	1264	1665	204	1512	1168	883	1183	743	1795	1808	889	1208
5784	TSSK6_ENSG00000178093_172498.2	981	334	1164	503	478	940	1002	985	2340	2342	673	1615	1697	958	1102	1036	2736	1109	1069	1510
5785	TSSK6_ENSG00000178093_172499.3	3052	2520	3230	2538	1000	4492	2366	3622	5642	4648	1572	4940	6846	4648	4975	4477	7001	4370	4565	5140
5786	TSSK6_ENSG00000178093_172501.5	835	658	837	809	337	969	727	805	1733	862	505	1535	1388	775	899	764	1356	396	851	1193
5787	TSSK6_ENSG00000178093_172502.6	2579	1127	2532	1781	2091	3603	3271	2679	3718	4674	2410	3675	4801	2982	3038	2299	4751	3892	2764	3857
5788	TTF1_ENSG00000125482_128020.1	511	96	587	369	303	682	466	578	858	806	302	535	1063	760	761	672	311	1763	737	610
5789	TTF1_ENSG00000125482_128023.4	1063	883	1189	683	108	1057	465	1087	2463	1831	295	1595	2189	1406	1805	1469	2972	4208	1606	1530
5790	TTF1_ENSG00000125482_128024.5	753	219	760	1050	110	1143	555	958	1430	1638	239	1560	1866	1415	1409	1213	1966	1655	1325	1302
5791	TTF2_ENSG00000116830_142330.1	2873	1389	3194	2166	1547	4882	3009	3582	4226	1941	1770	3841	6442	4779	4010	3761	3482	22506	3768	3908
5792	TTF2_ENSG00000116830_142331.2	981	615	1091	758	472	1434	1050	1204	1832	3507	733	1535	1887	1367	1303	1110	1135	1775	1309	1527
5793	TTF2_ENSG00000116830_142332.3	1266	1815	1351	1715	120	755	399	930	2111	3357	275	2218	1810	991	1901	1435	2590	2743	1620	1883
5794	TTF2_ENSG00000116830_142333.4	1469	685	1626	1267	495	1364	1192	1281	2210	3432	684	2575	2413	1376	2054	1397	3054	1550	1865	2095
5795	TTF2_ENSG00000116830_142334.5	1327	789	1184	880	241	1482	783	1378	2191	3197	356	2158	2372	2115	2208	1953	2742	2125	2105	2290
5796	TTF2_ENSG00000116830_142335.6	1929	574	2349	1055	1243	2296	2331	2010	2412	4347	1535	2880	3380	2028	2231	1807	3928	2896	2115	2577
5797	UBA1_ENSG00000130985_153583.1	1339	725	1212	971	547	1706	1278	1273	1500	2032	681	1837	2545	1913	1608	1389	2096	2270	1408	1784
5798	UBA1_ENSG00000130985_153584.2	546	91	508	254	152	480	308	472	423	1108	186	512	864	616	644	594	415	613	511	478
5799	UBA1_ENSG00000130985_153585.3	511	796	527	329	143	322	393	507	1800	1490	268	1345	979	342	676	423	2167	1826	699	1194
5800	UBA1_ENSG00000130985_153587.5	1124	970	1016	784	343	1010	924	1109	2480	1888	496	1726	2154	1362	1461	1174	2531	1268	1449	1777
5801	UBA1_ENSG00000130985_153588.6	727	399	909	747	367	641	838	702	1515	310	571	1429	1567	919	1183	731	1911	1663	1064	1599
5802	UBA2_ENSG00000126261_179860.1	1276	166	1250	766	259	1402	584	1119	1187	2251	379	2022	2331	2058	1916	1845	2016	553	1542	1614
5803	UBA2_ENSG00000126261_179861.2	345	364	390	374	195	682	436	430	422	321	244	656	829	615	609	502	524	291	490	518
5804	UBA2_ENSG00000126261_179863.4	832	550	898	232	587	1208	1055	1126	1016	893	584	1132	1670	1222	1166	1032	1375	1046	1104	1399
5805	UBA2_ENSG00000126261_179864.5	2203	862	2173	1043	1448	3603	2739	2461	2569	3484	1679	2323	4473	2878	3042	2450	4084	2215	2603	2520
5806	UBA2_ENSG00000126261_179865.6	864	381	860	442	297	1387	642	1189	1230	1975	335	1437	1938	1487	1557	1353	937	558	1284	1340
5807	UBA7_ENSG00000182179_19475.1	1155	997	1281	462	596	1443	1208	1283	2238	1188	807	1673	2612	1574	1556	1177	2695	3168	1490	1522
5808	UBA7_ENSG00000182179_19476.2	451	240	537	331	158	573	376	490	1040	837	230	654	1043	757	693	655	990	1227	670	682
5809	UBA7_ENSG00000182179_19477.3	1477	800	1486	799	663	2082	1242	1593	3092	2235	860	2150	2937	1835	1850	1748	2718	3074	1793	1815
5810	UBA7_ENSG00000182179_19478.4	535	731	419	806	107	535	279	526	947	585	191	657	877	782	648	607	1100	862	666	629
5811	UBA7_ENSG00000182179_19479.5	2363	857	2318	1343	2292	3386	3366	2666	2753	905	2180	2744	4275	2956	2487	2267	3559	1299	2173	2597
5812	UBA7_ENSG00000182179_19480.6	1326	528	1348	761	670	1961	1373	1454	2649	4579	877	2070	2490	2150	1688	1532	1814	862	1694	1943
5813	UBE2A_ENSG00000077721_200005.1	1396	1517	1423	544	294	1217	583	1048	1287	3617	446	1689	2119	1790	1768	1544	2651	1578	1770	1630
5814	UBE2A_ENSG00000077721_200008.4	440	272	505	146	224	671	500	465	994	1322	307	894	937	903	669	615	911	137	585	819
5815	UBE2A_ENSG00000077721_200009.5	956	967	1031	627	294	1434	749	1180	1310	1642	436	1390	2013	1606	1500	1322	1761	439	1499	1378
5816	UBE2A_ENSG00000077721_200010.6	859	1025	821	224	270	1187	977	1106	1722	1066	549	1076	2083	1314	1190	1006	1453	991	1183	1196
5817	UBE2B_ENSG00000119048_29698.2	181	207	234	145	113	391	172	243	231	242	136	267	402	406	292	272	640	298	280	363
5818	UBE2B_ENSG00000119048_29699.3	712	935	595	212	245	919	606	711	1129	805	356	1022	1477	1007	1026	912	1333	269	938	747
5819	UBE2B_ENSG00000119048_29700.4	1877	1333	2003	1510	948	3162	1913	2418	3016	5653	1230	2609	4326	3383	2736	2630	3339	3408	2574	2890
5820	UBE2B_ENSG00000119048_29701.5	583	822	529	421	68	769	283	630	974	1730	146	1126	1210	927	1108	943	1156	3064	1078	898
5821	UBE2C_ENSG00000175063_124584.1	675	541	662	466	60	692	212	639	664	691	136	1032	1337	1128	1130	962	1420	1511	989	956
5822	UBE2C_ENSG00000175063_124585.2	669	158	681	478	125	547	393	705	1491	994	207	1132	1084	863	936	844	1033	267	960	1050
5823	UBE2C_ENSG00000175063_124586.3	758	554	767	919	237	887	612	778	796	1246	276	1095	1404	1032	995	802	1505	1459	956	1027
5824	UBE2C_ENSG00000175063_124588.5	806	461	865	889	411	778	1037	775	1195	1147	621	1609	1340	897	979	702	1839	1379	958	1198
5825	UBE2C_ENSG00000175063_124589.6	2192	1123	2154	1664	486	2507	1570	2199	2986	3617	1022	3241	3659	2564	2780	2333	4348	2818	2641	2999
5826	UBE2E1_ENSG00000170142_191643.1	566	461	548	474	167	843	434	684	952	667	309	805	1272	906	904	849	1028	2422	813	889
5827	UBE2E1_ENSG00000170142_191644.2	610	457	634	417	253	878	463	731	1085	539	380	778	1485	952	945	952	499	1062	889	708
5828	UBE2E1_ENSG00000170142_191645.3	968	301	943	753	815	1610	1171	1199	1876	1196	782	1075	1875	1335	1341	932	1720	1446	1128	1226
5829	UBE2E1_ENSG00000170142_191646.4	441	164	475	256	143	489	433	421	816	1931	251	679	888	480	654	520	682	297	644	514
5830	UBE2E1_ENSG00000170142_191647.5	1450	570	1640	1110	237	1608	726	1532	1976	3046	434	1820	2686	2298	2227	2134	1674	2256	1840	1866
5831	UBE2E1_ENSG00000170142_191648.6	877	340	917	288	294	1125	667	803	792	409	481	916	1617	1166	1011	901	1257	2377	1048	1013
5832	UBE2E3_ENSG00000170035_146002.1	1188	735	1093	964	246	1194	602	1152	1875	2073	338	1588	2540	1478	1664	1424	2346	461	1512	1591
5833	UBE2E3_ENSG00000170035_146004.3	368	358	511	254	93	578	235	581	794	1349	169	788	1049	839	840	705	1032	428	817	747
5834	UBE2E3_ENSG00000170035_146005.4	1045	485	1029	300	791	1588	1309	1124	1074	2015	902	1386	2325	1620	1284	1240	1419	711	1204	1183
5835	UBE2E3_ENSG00000170035_146007.6	548	249	548	289	103	683	312	568	726	965	238	653	1062	821	811	711	659	499	811	776
5836	UBE2I_ENSG00000103275_62915.1	2054	761	2033	1097	1062	2725	1719	2212	2460	1682	1425	2080	3882	2411	2281	2125	1845	1154	2334	2241
5837	UBE2I_ENSG00000103275_62916.2	1046	647	952	1236	280	657	764	852	1313	1267	433	1103	1745	703	1321	984	1784	854	1187	1027
5838	UBE2I_ENSG00000103275_62918.4	910	352	789	222	315	892	560	847	1372	1856	373	929	1521	1049	1139	980	1252	723	1002	1206
5839	UBE2I_ENSG00000103275_62919.5	1406	994	1400	318	505	2155	1212	1611	2039	2615	757	2315	3302	2329	2053	2128	2961	2442	1983	2118
5840	UBE2I_ENSG00000103275_62920.6	2113	577	1993	1854	873	2055	1713	2095	3288	2345	1025	1770	3945	1897	2721	1912	3120	2186	2184	2201
5841	UBE2M_ENSG00000130725_80470.1	942	287	896	575	544	1138	1048	921	2197	411	903	1516	1645	880	1037	832	2255	1413	1086	1662
5842	UBE2M_ENSG00000130725_80471.2	1528	1230	1353	1855	270	1230	848	1354	3099	3321	553	3224	2585	1631	2106	1624	3910	4428	2044	2848
5843	UBE2M_ENSG00000130725_80472.3	1972	1319	1657	2034	813	1749	1744	1783	3507	6014	1282	3613	3255	1847	2435	1794	4574	4230	2208	3461
5844	UBE2M_ENSG00000130725_80473.4	730	83	659	772	162	591	408	616	1607	3751	325	1673	1121	1038	842	686	1323	1724	1000	1421
5845	UBE2M_ENSG00000130725_80475.6	1023	569	1103	1140	283	945	696	853	2349	4156	552	2204	1954	1155	1500	1221	2751	1921	1635	2262
5846	UBE2Q2_ENSG00000140367_196204.1	749	224	958	493	487	1557	1024	1157	1718	2066	735	1438	1834	1447	1254	1133	1568	965	927	1263
5847	UBE2Q2_ENSG00000140367_196205.2	1955	1730	2016	1123	980	2767	1825	2323	2754	1281	1171	2396	3958	2784	2628	2406	2890	2181	2653	2478
5848	UBE2Q2_ENSG00000140367_196206.3	1693	841	2032	967	730	2272	1690	2058	3146	2442	1254	2884	3511	2370	2322	2069	5000	2952	2177	2555
5849	UBE2Q2_ENSG00000140367_196207.4	881	911	907	524	189	1122	603	940	1460	880	322	1320	1429	1075	1275	1062	1507	704	1207	1130
5850	UBE2Q2_ENSG00000140367_196208.5	647	642	545	439	296	699	612	578	670	435	433	644	1015	679	629	576	673	302	609	722
5851	UBE2Q2_ENSG00000140367_196209.6	1161	333	1331	540	454	1521	1204	1309	1812	2336	697	1691	2302	1459	1714	1338	2071	2324	1495	2019
5852	UBE3A_ENSG00000114062_117986.1	467	463	455	206	58	433	238	394	515	1579	171	480	829	613	596	560	480	1103	664	713
5853	UBE3A_ENSG00000114062_117987.2	1389	827	1249	672	301	1385	884	1295	2344	2816	511	2149	2172	1410	1754	1470	2479	3044	1716	1701
5854	UBE3A_ENSG00000114062_117989.4	1222	843	1459	816	720	2442	1734	1817	1825	2405	1008	2206	3076	2124	2062	1687	1831	1391	1763	1839
5855	UBE4A_ENSG00000110344_42241.1	1092	188	1270	902	410	2026	1072	1422	1846	2303	682	1830	2437	1937	1927	1570	1500	1000	1594	1576
5856	UBE4A_ENSG00000110344_42242.2	1940	1266	2005	732	957	3386	2012	2615	3347	3318	1275	2768	4278	3684	3009	2698	3858	2296	2760	2719
5857	UBE4A_ENSG00000110344_42244.4	1175	752	1319	776	410	1514	798	1233	1710	619	509	1604	2022	1686	1583	1437	1588	1824	1400	1579
5858	UBE4A_ENSG00000110344_42245.5	1141	494	1089	999	308	1637	831	1206	1043	1385	470	1682	2184	1554	1539	1425	1045	1503	1520	1497
5859	UBE4A_ENSG00000110344_42246.6	764	445	810	263	375	1239	790	1037	1153	2026	579	1173	1779	1394	1170	1033	1266	754	1114	1068
5860	UBR1_ENSG00000159459_201819.1	435	441	392	312	181	497	335	585	927	424	218	733	932	730	622	589	737	264	549	532
5861	UBR1_ENSG00000159459_201821.3	663	404	719	200	155	907	511	821	1518	1622	265	1064	1512	1107	1272	970	1184	532	1022	1001
5862	UBR1_ENSG00000159459_201822.4	1023	430	1408	636	561	1500	1056	1216	1112	2554	798	1368	2201	1653	1345	1206	1559	1153	1328	1344
5863	UBR1_ENSG00000159459_201823.5	1223	815	1215	869	1145	2216	1472	1410	1698	1350	1028	1637	2564	2098	1608	1598	1343	1289	1512	1696
5864	UBR1_ENSG00000159459_201824.6	287	488	408	168	76	434	173	472	578	598	112	581	654	512	579	439	506	1191	444	567
5865	UBR2_ENSG00000024048_101307.1	1398	1161	1536	1492	508	2166	1280	1727	2620	2519	794	2001	3156	2274	2110	1902	1839	2127	2040	2161
5866	UBR2_ENSG00000024048_101308.2	1488	541	1420	1100	609	1577	1275	1379	2233	2001	762	1799	2500	1822	2285	1588	2135	1446	1856	1933
5867	UBR2_ENSG00000024048_101310.4	1933	1045	2130	987	1122	3308	2026	2530	3198	5827	1336	2939	4176	3110	2869	2658	2066	3154	2891	2441
5868	UBR2_ENSG00000024048_101311.5	368	72	263	342	116	429	268	417	1187	32	147	421	560	491	555	423	551	277	484	536
5869	UBR3_ENSG00000144357_124414.1	347	506	383	193	38	258	186	313	668	488	73	622	666	372	488	422	1048	1232	484	515
5870	UBR3_ENSG00000144357_124415.2	1721	665	1572	1011	1414	2656	2094	2058	2843	2651	1344	1771	3191	2353	2099	1796	3241	1323	2149	1855
5871	UBR3_ENSG00000144357_124416.3	475	301	515	405	143	733	442	552	1138	1090	258	779	965	666	736	554	858	916	695	866
5872	UBR3_ENSG00000144357_124417.4	695	266	718	344	160	613	375	656	1250	774	266	780	1329	898	993	850	1989	769	910	1012
5873	UBR3_ENSG00000144357_124418.5	450	149	387	303	188	597	416	446	1043	417	277	596	1011	540	612	569	514	486	521	556
5874	UBR3_ENSG00000144357_124419.6	1275	880	1138	830	1069	2133	1816	1351	2239	3220	1369	1781	2230	1753	1589	1336	1733	1711	1532	1798
5875	UBR4_ENSG00000127481_130700.1	1076	192	884	737	233	771	770	709	1315	2932	379	949	1778	840	1184	801	2280	1958	1105	1086
5876	UBR4_ENSG00000127481_130701.2	693	611	707	704	269	972	610	894	1712	1980	284	912	1372	1142	1310	1004	2374	1031	1062	908
5877	UBR4_ENSG00000127481_130702.3	1547	821	1391	1534	211	1075	713	1116	2142	3512	422	1468	2177	1142	1764	1244	3532	3074	1595	1439
5878	UBR4_ENSG00000127481_130703.4	1406	852	1527	1421	530	1889	1263	1531	1574	2378	789	1771	2815	2082	1898	1657	2457	1278	1747	1715
5879	UBR4_ENSG00000127481_130704.5	818	565	709	307	353	1144	745	1191	1155	1025	487	1109	1756	1134	1216	1171	1599	1129	1163	1340
5880	UBR4_ENSG00000127481_130705.6	586	180	566	468	74	590	288	574	861	1596	164	695	1334	619	885	726	1217	1614	853	796
5881	UBR5_ENSG00000104517_34414.1	1116	433	1093	490	902	1629	1440	996	1388	1432	1009	1323	1791	1509	1240	1085	1200	1462	1160	1225
5882	UBR5_ENSG00000104517_34415.2	412	475	547	1274	13	175	126	241	426	878	43	416	612	626	1044	930	1508	462	972	617
5883	UBR5_ENSG00000104517_34416.3	1748	977	1742	1285	569	1993	1080	1950	2041	2361	662	2212	3878	2816	2544	2269	1655	1959	2348	2324
5884	UBR5_ENSG00000104517_34417.4	676	545	583	290	112	520	353	490	658	1402	134	887	887	568	731	684	852	991	814	782
5885	UBR5_ENSG00000104517_34418.5	1628	994	1705	1287	671	1848	1430	1790	2419	1752	905	2175	2816	2080	2050	1564	2502	704	2099	2266
5886	UBR5_ENSG00000104517_34419.6	1326	1092	1379	898	777	2298	1521	1635	1269	2052	950	1803	2941	2258	1865	1676	2131	2243	1761	1930
5887	UBR7_ENSG00000012963_53270.1	1062	290	1079	690	271	1216	757	1088	1124	1950	478	1383	1967	1498	1505	1359	1042	1742	1414	1532
5888	UBR7_ENSG00000012963_53271.2	1928	372	1884	1354	2292	3507	3153	2356	2400	2452	2565	2414	3805	2587	2473	2079	1741	2920	2105	2480
5889	UBR7_ENSG00000012963_53272.3	1493	566	1634	680	658	1684	1467	1539	1507	3012	1011	1846	2843	1754	1903	1732	2738	1485	1853	2399
5890	UBR7_ENSG00000012963_53273.4	285	281	364	163	101	509	331	375	581	522	179	339	897	454	469	450	830	14	473	394
5891	UBR7_ENSG00000012963_53274.5	1523	798	1536	994	1071	2599	1943	1896	3099	1057	1288	2100	2982	2603	1948	2015	2387	1481	2081	1860
5892	UBR7_ENSG00000012963_53275.6	1108	1074	1308	1113	149	1358	520	1288	1683	3835	249	2308	2562	2029	2423	2048	2484	3744	2165	1897
5893	UCHL5_ENSG00000116750_59126.1	680	294	737	240	203	898	549	739	729	2593	400	1173	1290	812	1049	953	727	1235	991	1036
5894	UCHL5_ENSG00000116750_59127.2	1090	655	1033	724	383	1274	886	1101	1160	1349	541	1505	2001	1759	1665	1494	1934	1369	1506	1509
5895	UCHL5_ENSG00000116750_59128.3	728	882	653	981	116	875	434	816	1326	1432	233	1562	1671	1402	1383	1174	2351	806	1427	1293
5896	UCHL5_ENSG00000116750_59129.4	1243	960	1383	1095	459	1878	1258	1775	2019	1313	759	1744	2765	2154	1958	1951	2766	832	1974	1903
5897	UCHL5_ENSG00000116750_59130.5	677	458	646	945	32	368	184	483	899	3351	64	960	912	797	1312	1064	1802	2040	1119	1003
5898	UCHL5_ENSG00000116750_59131.6	406	135	455	264	71	498	232	515	745	747	112	840	753	680	708	593	1013	729	643	587
5899	UHRF2_ENSG00000147854_126752.1	1373	781	1327	1268	1229	2374	1637	1544	1604	1487	1337	1783	2551	2083	1644	1540	1674	263	1663	1659
5900	UHRF2_ENSG00000147854_126753.2	1246	593	1352	423	302	1465	722	1231	1240	1782	471	1639	2299	1906	1623	1397	1836	1502	1538	1692
5901	UHRF2_ENSG00000147854_126754.3	906	383	954	469	660	1575	1121	1060	1635	933	747	1188	1911	1303	1235	1111	1843	763	1116	1458
5902	UHRF2_ENSG00000147854_126755.4	1973	2032	2165	1761	253	1576	619	1510	2042	6248	457	2106	3032	2381	2759	2676	4462	4433	2766	2436
5903	UHRF2_ENSG00000147854_126756.5	2493	1440	2362	1239	1738	3899	3143	2662	3819	2967	2112	3067	4516	3392	2967	2699	3982	2940	2839	2839
5904	UHRF2_ENSG00000147854_126757.6	553	245	649	515	30	386	154	493	776	524	40	842	1160	937	1315	1057	1107	1510	1248	1030
5905	UIMC1_ENSG00000087206_132350.2	760	964	705	718	306	948	668	785	1238	1976	528	971	1454	1068	1053	940	1704	1110	1036	1262
5906	UIMC1_ENSG00000087206_132351.3	944	97	958	590	466	1199	964	970	1688	692	664	1086	1610	1280	1206	1004	848	842	1082	1184
5907	UIMC1_ENSG00000087206_132352.4	993	330	1060	605	645	1762	1132	1293	1863	1478	697	1583	2244	1761	1423	1325	3160	1495	1541	1599
5908	UIMC1_ENSG00000087206_132354.6	571	618	549	223	32	340	126	442	735	1864	52	734	1076	725	964	806	1271	1655	921	663
5909	UNG_ENSG00000076248_112393.1	552	489	630	404	120	610	266	570	814	2424	166	798	1058	752	916	721	985	721	835	934
5910	UNG_ENSG00000076248_112394.2	514	687	639	367	68	458	191	487	406	929	131	664	1091	785	882	770	628	1340	741	694
5911	UNG_ENSG00000076248_112395.3	413	609	472	650	95	362	215	421	340	836	137	556	879	720	676	670	967	524	623	479
5912	UNG_ENSG00000076248_112396.4	3135	1394	3664	2363	652	3852	1679	3540	3535	7935	1089	4941	6234	4901	4874	4229	6085	4135	4515	4601
5913	UNG_ENSG00000076248_112397.5	352	29	362	85	13	211	117	282	515	1592	48	493	593	402	592	475	551	254	516	425
5914	UNG_ENSG00000076248_112398.6	929	646	998	1318	417	1273	1025	1091	1162	1930	611	1302	1761	1152	1235	1063	1568	763	1048	1178
5915	USF2_ENSG00000105698_129355.1	1144	696	1213	1038	269	1139	652	1268	1309	2619	477	1667	2056	1377	1561	1274	1461	2401	1546	2127
5916	USF2_ENSG00000105698_129357.3	1669	571	1601	739	881	2443	1555	1870	2576	859	1126	2433	3227	2213	2041	1812	2986	2310	1924	2289
5917	USF2_ENSG00000105698_129358.4	1933	831	1832	2195	816	2638	1755	2177	2843	3478	969	2919	3564	2783	2562	2302	3767	5021	2899	3427
5918	USF2_ENSG00000105698_129359.5	2291	1256	2447	1494	695	2456	1401	2315	3460	5083	935	3110	3957	2946	2892	2427	3704	3927	2754	3164
5919	USP12_ENSG00000152484_33240.1	940	608	1083	686	646	1437	1196	1178	2083	1044	601	1403	2154	1564	1468	1215	2383	843	1395	1271
5920	USP12_ENSG00000152484_33241.2	1144	661	1194	815	491	1679	1042	1090	1159	1477	541	1528	2486	1503	1540	1365	2282	1962	1528	1626
5921	USP12_ENSG00000152484_33242.3	584	526	672	556	237	796	460	634	1063	1330	335	769	1295	772	976	814	1012	630	721	719
5922	USP12_ENSG00000152484_33243.4	818	252	754	653	346	498	661	642	1388	988	369	850	1134	692	946	678	1599	1416	788	922
5923	USP12_ENSG00000152484_33244.5	477	217	485	399	78	533	224	517	548	664	105	746	932	730	764	646	1062	803	747	722
5924	USP13_ENSG00000058056_102613.1	752	748	923	471	820	1324	1283	1092	1037	287	825	1235	1729	1324	1173	902	991	2182	933	1075
5925	USP13_ENSG00000058056_102614.2	851	401	919	478	207	899	679	1088	1834	2178	424	1273	1711	1331	1379	1069	1544	791	1265	1395
5926	USP13_ENSG00000058056_102615.3	225	155	249	356	11	189	73	206	320	682	28	435	330	372	524	408	973	1038	561	405
5927	USP13_ENSG00000058056_102616.4	842	605	1092	889	320	1212	822	1143	1486	2029	355	1443	1886	1532	1427	1221	1823	1158	1294	1237
5928	USP13_ENSG00000058056_102617.5	1176	1071	1359	1112	547	1404	1245	1322	2372	2711	821	1644	2524	1624	1586	1209	1757	2485	1528	1824
5929	USP13_ENSG00000058056_102618.6	638	686	566	453	111	818	414	780	1478	1423	237	1244	1607	1134	1215	1043	1452	1142	1136	1289
5930	USP16_ENSG00000156256_81398.1	856	371	978	547	361	1429	1035	1197	1757	1089	611	1395	2026	1731	1392	1326	1889	797	1325	1343
5931	USP16_ENSG00000156256_81399.2	1450	1021	1352	1294	513	1599	1368	1465	1792	1515	801	2071	2413	1618	1596	1485	3048	1628	1710	1967
5932	USP16_ENSG00000156256_81400.3	1253	164	1095	983	439	1240	948	1063	1391	2367	712	1274	2043	1628	1235	1181	1932	2413	1142	1344
5933	USP16_ENSG00000156256_81401.4	661	636	805	509	211	1248	623	1130	564	462	385	1228	1999	1308	1247	1086	1862	1167	1146	1224
5934	USP16_ENSG00000156256_81402.5	872	431	927	1245	343	1147	886	987	1171	1685	556	1728	1869	1368	1315	1123	1707	1728	1200	1332
5935	USP16_ENSG00000156256_81403.6	656	407	490	592	201	639	458	661	869	414	247	803	1187	888	783	805	1104	870	754	700
5936	USP21_ENSG00000143258_63593.1	1453	157	1473	1370	597	1676	1218	1603	2044	1748	718	2196	2778	2205	1993	1750	2343	3594	1827	1957
5937	USP21_ENSG00000143258_63594.2	891	1192	1066	234	353	1507	650	1108	893	1868	474	1183	1765	1511	1386	1180	1320	1565	1283	1319
5938	USP21_ENSG00000143258_63595.3	360	185	514	62	168	510	301	420	927	986	243	630	939	639	622	559	714	603	579	694
5939	USP21_ENSG00000143258_63596.4	1167	406	1110	497	280	1031	588	923	1094	2669	429	1333	1801	1370	1579	1252	1557	390	1421	1469
5940	USP21_ENSG00000143258_63597.5	1172	978	1097	325	575	1403	1206	1248	1626	2458	752	1367	2186	1364	1377	1223	1829	1495	1252	1461
5941	USP21_ENSG00000143258_63598.6	863	390	897	764	298	1211	785	959	1449	1307	512	1171	1776	1034	1102	966	1643	1913	1065	1310
5942	USP22_ENSG00000124422_60240.1	1092	507	1153	476	545	1629	1172	1351	1194	435	778	1569	2291	1815	1647	1417	1574	1420	1449	1535
5943	USP22_ENSG00000124422_60244.5	1149	1563	1094	1035	271	1407	667	1202	1200	3109	413	1906	2398	1713	1913	1638	2153	1760	1727	1648
5944	USP22_ENSG00000124422_60245.6	2259	1563	2403	848	1532	3355	2743	2473	2907	2678	2006	2668	4155	2793	2796	2204	2463	2481	2637	2804
5945	USP3_ENSG00000140455_110858.1	805	467	847	583	96	646	358	729	1756	1575	174	968	1445	861	1240	1078	2391	2125	1272	1128
5946	USP3_ENSG00000140455_110860.3	1077	924	1171	1073	286	1012	564	1006	1869	2254	432	1530	1920	1194	1341	1075	2777	2680	1428	1708
5947	USP3_ENSG00000140455_110861.4	2138	1243	2164	1125	786	3447	1686	2203	3393	1693	1028	3006	4902	3675	3150	2773	2688	2065	3014	2948
5948	USP3_ENSG00000140455_110862.5	1318	604	1234	776	683	1913	1760	1630	2504	678	1015	1596	2306	1767	1553	1331	2642	1113	1467	1527
5949	USP3_ENSG00000140455_110863.6	1007	916	1150	916	534	1333	1217	1239	1965	2552	666	1369	2176	1216	1474	1158	3147	3250	1440	1665
5950	USP34_ENSG00000115464_54590.2	513	183	384	445	192	608	402	499	521	452	354	603	739	597	640	441	1418	966	487	421
5951	USP34_ENSG00000115464_54591.3	1062	600	1001	981	497	1150	1041	1011	1791	1569	726	1251	1786	1350	1279	1084	3220	1701	1196	1291
5952	USP34_ENSG00000115464_54592.4	817	220	724	398	369	1078	906	693	2557	737	528	769	1461	964	953	828	1289	994	963	858
5953	USP34_ENSG00000115464_54593.5	1106	524	1318	841	962	1713	1353	1065	1858	1381	1065	1358	2211	1356	1344	1209	2571	836	1438	1134
5954	USP34_ENSG00000115464_54594.6	904	824	911	584	464	1479	971	993	1311	1438	544	1186	1717	1272	1233	1099	1446	1192	1211	1288
5955	USP35_ENSG00000118369_118286.1	1300	672	1558	888	1088	2160	1697	1777	2250	993	1179	2054	2874	2096	1809	1674	2212	1493	1713	1848
5956	USP35_ENSG00000118369_118288.3	860	457	730	421	454	1009	826	911	1702	1631	490	1128	1563	1056	1084	847	1741	1057	1115	1129
5957	USP35_ENSG00000118369_118289.4	1177	1162	1288	1370	357	1041	796	1104	1225	3333	557	1539	2049	1179	1615	1111	2314	1368	1511	1556
5958	USP35_ENSG00000118369_118290.5	324	283	422	53	94	518	248	465	724	1381	167	635	784	479	560	523	990	217	596	641
5959	USP35_ENSG00000118369_118291.6	510	557	592	581	50	418	177	511	799	2673	89	905	916	636	1008	783	1158	2379	909	891
5960	USP46_ENSG00000109189_170971.1	853	425	1039	775	362	1355	698	945	1474	748	570	1076	1760	1296	971	1028	1424	1130	1049	1141
5961	USP46_ENSG00000109189_170972.2	862	309	954	198	646	1419	1033	845	1201	1363	731	1404	1445	1190	1131	964	1290	1411	998	1122
5962	USP46_ENSG00000109189_170973.3	1290	767	1489	701	845	2225	1515	1854	2153	688	906	1890	3232	2200	1870	1667	1147	547	1821	1808
5963	USP46_ENSG00000109189_170974.4	2047	538	2026	885	881	3074	1667	2345	3027	4266	1194	3686	3990	3191	2865	2421	2910	3228	2633	2657
5964	USP46_ENSG00000109189_170975.5	406	319	471	376	236	812	442	497	774	1103	245	644	1132	740	686	614	371	559	574	702
5965	USP46_ENSG00000109189_170976.6	1871	1409	1876	1256	689	2537	1552	1936	2202	5148	953	2597	3739	2768	2764	2189	3395	2160	2561	2629
5966	USP51_ENSG00000247746_28308.1	273	349	256	287	10	132	45	212	289	259	20	403	277	336	410	344	385	233	363	272
5967	USP51_ENSG00000247746_28309.2	1099	573	1189	232	353	1354	839	993	1667	1653	481	1434	1948	1510	1396	1180	1549	598	1343	1791
5968	USP51_ENSG00000247746_28310.3	216	105	268	242	107	351	169	290	378	261	106	285	602	316	343	278	535	524	301	356
5969	USP51_ENSG00000247746_28311.4	806	374	729	888	325	1099	775	855	956	1057	434	1023	1723	1340	1109	1043	1428	1878	990	1078
5970	USP51_ENSG00000247746_28312.5	1202	828	1131	685	315	1446	1010	1127	1150	972	725	1485	2122	1610	1447	1270	1856	258	1445	1632
5971	USP51_ENSG00000247746_28313.6	938	612	983	359	408	1217	966	1155	1283	1702	571	1278	1903	1306	1368	1184	2425	685	1246	1299
5972	USP7_ENSG00000187555_156514.1	2084	977	2408	1738	752	2889	2019	2262	3551	3482	1236	3278	3688	2827	2858	2477	2937	3154	2756	3056
5973	USP7_ENSG00000187555_156515.2	1479	799	1444	754	591	1707	1109	1354	1354	1363	814	1965	2851	1934	1786	1583	2599	1794	1879	1793
5974	USP7_ENSG00000187555_156516.3	889	536	833	999	238	1214	756	937	944	3262	449	1386	1891	1207	1350	1140	2187	2171	1214	1242
5975	USP7_ENSG00000187555_156517.4	1016	708	972	1011	211	1222	703	1056	1474	536	482	1591	2040	1347	1527	1290	1653	855	1316	1277
5976	USP7_ENSG00000187555_156518.5	474	246	474	203	53	447	192	399	554	1311	79	680	819	573	645	569	864	2120	706	705
5977	USP7_ENSG00000187555_156519.6	826	515	855	603	143	893	596	771	1143	1160	341	1057	1530	949	1161	935	1083	826	1030	945
5978	UTP3_ENSG00000132467_166591.1	910	878	1035	1405	279	891	587	661	1722	276	393	1122	1625	1077	1303	866	1803	2354	1283	1508
5979	UTP3_ENSG00000132467_166593.3	812	734	805	783	498	1224	894	955	1145	1285	546	1415	1894	1256	1364	1012	1444	721	1138	1312
5980	UTP3_ENSG00000132467_166595.5	1118	934	1098	609	215	1188	835	952	1509	700	606	1195	1732	1016	1373	1045	2045	2819	1322	1283
5981	UTY_ENSG00000183878_99235.1	890	774	810	407	654	1377	847	1020	1080	999	621	1097	1799	1321	1095	940	1356	704	1007	1064
5982	UTY_ENSG00000183878_99236.2	1183	389	1255	1140	226	1268	500	1056	1637	517	301	1440	2373	1687	1652	1485	1269	1529	1526	1492
5983	UTY_ENSG00000183878_99237.3	622	754	748	163	144	807	326	705	930	943	227	860	1249	976	906	849	1766	444	842	801
5984	UTY_ENSG00000183878_99238.4	902	1154	1063	637	548	1440	1016	1058	730	1027	796	1194	2056	1524	1083	996	1050	327	1137	1298
5985	UTY_ENSG00000183878_99239.5	377	287	534	435	294	551	425	467	815	546	330	409	752	582	581	419	915	479	471	626
5986	UTY_ENSG00000183878_99240.6	1405	1031	1483	683	529	1991	1188	1613	2074	3809	807	1905	3106	2375	2060	1854	2076	1408	1854	2125
5987	VCPKMT_ENSG00000100483_30871.1	215	224	248	392	27	166	71	202	358	824	24	252	436	333	373	344	609	743	308	316
5988	VCPKMT_ENSG00000100483_30872.2	1357	200	1236	974	385	1310	916	1292	2241	901	581	1441	2474	1834	1862	1542	3243	2001	1596	1520
5989	VCPKMT_ENSG00000100483_30873.3	847	814	900	719	192	1256	618	1102	1884	1809	376	1289	1873	1275	1489	1287	2028	648	1226	1491
5990	VCPKMT_ENSG00000100483_30875.5	1614	1042	1531	1265	406	1805	1086	1894	1832	4074	635	2609	3150	2081	2299	1882	3102	1466	2284	2282
5991	VCPKMT_ENSG00000100483_30876.6	768	513	838	123	398	1147	972	748	959	1164	745	1239	1369	819	887	842	441	308	713	889
5992	VPS72_ENSG00000163159_21444.1	712	725	809	757	48	542	219	482	993	2320	111	976	1266	1018	1297	948	1957	2640	984	901
5993	VPS72_ENSG00000163159_21445.2	686	98	760	467	199	930	483	736	1223	1550	307	1057	1543	1048	1109	848	1268	156	1019	1011
5994	VPS72_ENSG00000163159_21446.3	898	887	974	1022	363	1264	794	1146	1539	1699	496	1398	1908	1681	1472	1216	2822	1008	1523	1510
5995	VPS72_ENSG00000163159_21447.4	900	395	1065	595	498	1193	690	1078	1133	1229	532	1118	2013	1462	1160	1164	2325	634	1169	1282
5996	VPS72_ENSG00000163159_21449.6	806	394	939	617	264	899	662	783	1264	1970	405	1050	1412	1212	1025	903	1674	1524	1017	1059
5997	VRK1_ENSG00000100749_90874.1	2116	358	2044	1258	2198	3773	2702	2498	2341	2875	2138	2281	4135	3152	2507	2279	2659	1584	2387	2522
5998	VRK1_ENSG00000100749_90875.2	1209	657	1410	1230	477	1764	1029	1488	2300	3030	687	1801	2594	1905	1692	1522	2265	2926	1840	1927
5999	VRK1_ENSG00000100749_90876.3	1223	620	1271	572	835	2026	1635	1627	2096	2396	1112	1834	2548	1920	1983	1436	3055	1529	1659	1985
6000	VRK1_ENSG00000100749_90877.4	691	482	670	564	127	632	306	692	1120	674	207	919	1223	959	1125	985	1932	2580	968	1024
6001	VRK1_ENSG00000100749_90878.5	1044	632	1156	609	854	1807	1578	1526	2458	1041	870	1871	2529	1881	1849	1450	1971	524	1517	1662
6002	VRK1_ENSG00000100749_90879.6	289	203	316	309	82	443	146	316	459	1168	90	324	753	579	540	516	359	299	451	443
6003	VRK2_ENSG00000028116_148160.1	1364	256	1261	760	420	1566	854	1716	1851	2644	550	1897	2823	1929	2052	1779	2573	1315	1868	1913
6004	VRK2_ENSG00000028116_148162.3	1917	1144	2031	2165	428	2415	1265	2087	3741	2639	724	2772	3837	3234	2863	2734	3874	4483	2819	3112
6005	VRK2_ENSG00000028116_148163.4	2452	2191	2506	1557	1419	3686	2472	3041	3153	2815	1672	3298	4873	3792	3279	3026	3219	3313	3102	3169
6006	VRK2_ENSG00000028116_148164.5	800	596	841	585	282	1443	773	976	1909	2135	546	1224	1634	1198	1302	997	1245	497	1261	1258
6007	VRK2_ENSG00000028116_148165.6	306	536	418	369	141	701	355	470	243	181	209	580	1051	826	804	623	409	767	623	669
6008	WBSCR22_ENSG00000071462_114959.1	1532	633	1921	806	903	2011	1470	1953	2750	3238	1243	2273	3084	2201	1994	1821	2924	1628	2015	2138
6009	WBSCR22_ENSG00000071462_114960.2	1297	333	1336	1465	531	1170	1271	1239	2203	972	896	1772	1960	1337	1601	1099	2925	1135	1378	1863
6010	WBSCR22_ENSG00000071462_114961.3	1674	1244	2059	1444	341	1466	1023	1586	2548	4446	665	2542	3226	2387	2423	2194	3532	2110	2346	2639
6011	WBSCR22_ENSG00000071462_114962.4	839	646	826	523	185	962	577	841	1479	2058	305	947	1577	943	1197	982	2033	2213	1191	1150
6012	WBSCR22_ENSG00000071462_114963.5	538	331	484	472	166	743	462	662	1093	300	229	817	1187	955	919	747	848	416	725	739
6013	WBSCR22_ENSG00000071462_114964.6	910	543	759	220	89	556	310	627	604	1267	195	776	1223	873	1137	981	581	444	1016	864
6014	WBSCR27_ENSG00000165171_180320.2	454	172	361	39	69	410	270	351	430	683	136	571	833	550	727	506	1312	165	655	526
6015	WBSCR27_ENSG00000165171_180321.3	244	351	233	128	37	278	142	248	267	1304	52	426	422	349	437	306	752	399	392	325
6016	WBSCR27_ENSG00000165171_180322.4	1300	908	1287	980	531	1525	1378	1285	1854	2680	894	1558	1930	1368	1605	1231	1742	1647	1390	1664
6017	WBSCR27_ENSG00000165171_180323.5	2455	1798	2458	1698	1645	3762	2958	3043	4775	3337	1920	3459	4769	3694	3130	2746	3018	2438	3057	3531
6018	WBSCR27_ENSG00000165171_180324.6	2556	895	2595	1632	769	2699	1846	2257	4764	4023	1305	3641	3942	2670	2976	2437	5544	3997	2761	3615
6019	WDR5_ENSG00000196363_181525.1	879	252	871	532	279	944	551	662	1907	224	326	1113	1922	1184	1340	839	1305	1200	1094	1009
6020	WDR5_ENSG00000196363_181526.2	850	915	878	556	258	1091	746	941	3309	1621	465	1461	1949	1173	1360	983	2585	2604	1441	1409
6021	WDR5_ENSG00000196363_181527.3	867	939	926	778	173	1086	448	1008	1261	2441	253	1118	1734	1360	1466	1229	1339	883	1336	1101
6022	WDR5_ENSG00000196363_181528.4	445	132	483	259	361	985	464	664	635	849	477	840	815	728	681	654	830	1150	648	780
6023	WDR5_ENSG00000196363_181529.5	388	801	414	1268	97	475	358	409	1741	804	214	726	958	527	698	537	1177	1791	794	859
6024	WDR5_ENSG00000196363_181530.6	655	352	675	552	207	967	453	777	1013	599	318	1027	1393	1035	1042	917	760	319	954	1103
6025	WDR61_ENSG00000140395_30621.1	1454	681	1770	1755	826	2538	1585	1948	2539	2216	1103	2428	3693	2399	2333	1983	3291	1426	2071	2514
6026	WDR61_ENSG00000140395_30622.2	445	207	412	773	158	502	341	405	893	521	171	422	780	619	557	428	696	531	502	524
6027	WDR61_ENSG00000140395_30623.3	420	129	409	372	19	371	126	362	720	800	70	835	756	641	729	663	1290	271	602	628
6028	WDR61_ENSG00000140395_30624.4	766	1034	877	377	380	967	627	804	1477	1688	484	781	1398	925	979	897	2154	280	945	1029
6029	WDR61_ENSG00000140395_30625.5	616	559	693	1016	157	774	402	688	1066	577	250	960	1306	962	1162	877	1764	1334	1115	1302
6030	WDR61_ENSG00000140395_30626.6	1092	459	1278	1000	856	1936	1330	1388	1768	2361	964	1512	2411	1697	1540	1281	1959	1997	1491	1447
6031	WDR77_ENSG00000116455_34075.2	1396	1615	1478	462	262	1165	740	1404	2136	2789	443	1813	2152	1716	1847	1587	2211	2293	1841	1840
6032	WDR77_ENSG00000116455_34076.3	760	1100	824	1086	41	480	123	500	701	1453	73	1090	1567	1266	1544	1487	1266	2057	1441	1134
6033	WDR77_ENSG00000116455_34077.4	734	263	545	604	99	483	305	500	1118	1572	186	967	1021	511	739	519	1454	425	746	809
6034	WDR77_ENSG00000116455_34078.5	528	182	534	281	116	544	312	491	983	1911	213	687	833	559	616	505	1718	271	628	738
6035	WDR77_ENSG00000116455_34079.6	438	195	504	468	80	336	213	362	552	712	147	670	774	493	647	519	1284	273	536	524
6036	WDR82_ENSG00000164091_51889.1	1443	1008	1518	1220	749	2489	1557	2048	2677	2150	1011	2006	3680	2737	2223	2116	2093	2232	2348	2535
6037	WDR82_ENSG00000164091_51890.2	1714	635	1442	763	447	1328	1204	1457	2576	1540	760	4421	2615	1365	2149	1579	2582	1305	2312	4191
6038	WDR82_ENSG00000164091_51891.3	365	229	339	167	110	327	242	432	1019	1422	225	1633	570	281	612	344	633	537	734	1402
6039	WDR82_ENSG00000164091_51892.4	505	155	490	239	323	587	538	563	912	1331	406	1648	970	509	815	592	888	1089	770	1433
6040	WDR82_ENSG00000164091_51893.5	544	129	499	80	286	230	528	314	676	501	434	1345	510	179	546	330	264	490	487	1251
6041	WHSC1_ENSG00000109685_122369.1	925	825	1054	1139	179	989	572	947	1722	1439	364	1315	1727	1153	1159	1129	1798	1487	1317	1310
6042	WHSC1_ENSG00000109685_122370.2	1879	874	1846	907	362	1918	950	1863	1815	2270	632	2176	3504	2723	2750	2506	3054	2216	2621	2519
6043	WHSC1_ENSG00000109685_122371.3	1829	1079	1929	757	1248	2274	1964	2056	2628	2747	1456	2260	3486	2770	2118	1928	3085	1370	2024	2287
6044	WHSC1_ENSG00000109685_122372.4	1429	1405	1559	1171	413	1893	1156	1739	3508	3118	635	2547	3007	2119	2054	1660	3274	3872	2009	2191
6045	WHSC1_ENSG00000109685_122373.5	473	77	547	803	139	619	305	486	988	2230	195	798	822	609	695	563	1460	223	673	726
6046	WHSC1_ENSG00000109685_122374.6	584	266	665	91	98	627	490	626	1009	1363	297	911	1046	789	865	643	1517	1405	660	860
6047	WHSC1L1_ENSG00000147548_25116.1	694	193	650	460	335	880	632	747	854	1723	373	990	1294	790	1107	821	880	300	959	969
6048	WHSC1L1_ENSG00000147548_25117.2	373	690	348	259	120	401	282	429	301	238	184	590	792	645	553	469	649	1130	495	588
6049	WHSC1L1_ENSG00000147548_25118.3	597	370	591	274	309	1056	525	726	736	1584	383	994	1272	1013	976	856	867	608	872	906
6050	WHSC1L1_ENSG00000147548_25119.4	1591	779	1475	802	594	1834	1350	1849	2156	1215	851	2273	3046	2334	2176	1976	3088	1473	2019	2311
6051	WIZ_ENSG00000011451_5551.2	904	388	1102	729	302	1145	731	1051	1149	804	434	1356	1736	1346	1301	1153	1451	556	1217	1211
6052	WIZ_ENSG00000011451_5553.4	636	235	643	955	38	503	168	563	535	1483	132	779	1067	880	863	825	902	517	846	819
6053	WIZ_ENSG00000011451_5554.5	774	162	761	674	168	806	535	803	713	2552	349	1076	1380	1093	1112	908	1844	277	1031	1153
6054	WIZ_ENSG00000011451_5555.6	1354	188	1354	407	1397	1558	1927	1444	1901	273	1453	1701	2203	1611	1520	1263	2329	495	1506	1811
6055	WNT5A_ENSG00000114251_114729.1	1125	746	1205	946	463	1828	963	1390	1612	1781	616	1659	2441	1981	1808	1493	1877	957	1683	1656
6056	WNT5A_ENSG00000114251_114730.2	326	39	272	430	71	441	154	364	554	177	137	544	680	459	496	452	802	1339	468	602
6057	WNT5A_ENSG00000114251_114731.3	369	365	410	76	74	602	207	526	865	996	92	572	888	705	737	686	785	238	661	643
6058	WNT5A_ENSG00000114251_114732.4	1155	293	1220	419	798	2255	1395	1630	2463	2939	833	1706	2749	2264	1625	1481	1748	1053	1536	1867
6059	WNT5A_ENSG00000114251_114733.5	2295	1579	2520	1711	1392	3649	2456	2875	4364	1878	1527	3429	4863	4025	3484	2900	3679	3363	3060	2982
6060	WNT5A_ENSG00000114251_114734.6	926	579	1004	260	269	1215	702	912	859	1857	383	1070	1967	1581	1213	1280	1128	2251	1216	1127
6061	WRN_ENSG00000165392_134733.1	328	285	479	472	23	459	188	399	893	1288	85	655	902	649	748	672	922	992	703	622
6062	WRN_ENSG00000165392_134734.2	1343	586	1301	1272	561	1850	1093	1612	1860	1880	750	1632	2797	2077	1883	1805	2484	505	1930	1803
6063	WRN_ENSG00000165392_134735.3	770	435	863	821	197	944	534	855	1220	692	287	1105	1511	1367	1264	964	995	507	1160	1125
6064	WRN_ENSG00000165392_134736.4	527	263	555	489	157	828	448	748	998	1954	180	829	1374	1061	977	823	1148	367	836	947
6065	WRN_ENSG00000165392_134738.6	196	37	235	1	40	255	88	214	370	297	71	299	546	388	390	365	706	507	333	297
6066	YBX2_ENSG00000006047_58236.1	626	313	703	761	217	855	451	639	588	974	301	886	1138	894	934	723	1033	1387	984	782
6067	YBX2_ENSG00000006047_58238.3	649	225	730	545	65	489	313	578	830	1753	154	1080	1092	806	978	680	1619	294	918	997
6068	YBX2_ENSG00000006047_58239.4	687	695	588	696	48	424	231	553	931	2465	101	1114	1185	708	1126	894	1839	1139	1119	1032
6069	YBX2_ENSG00000006047_58240.5	589	397	561	427	237	763	522	670	836	892	282	886	1060	804	823	637	1581	479	703	849
6070	YBX2_ENSG00000006047_58241.6	626	283	586	294	55	515	220	559	839	1410	129	785	999	849	987	877	766	1047	843	895
6071	YEATS4_ENSG00000127337_190450.1	1336	932	1524	1525	1606	2576	1944	1542	2343	953	1422	1727	2687	1936	1636	1372	1706	1057	1470	1574
6072	YEATS4_ENSG00000127337_190451.2	1148	829	1177	696	307	1018	734	960	1627	2930	486	1792	1920	1119	1554	1042	2968	272	1477	1937
6073	YEATS4_ENSG00000127337_190453.4	720	924	786	773	603	1035	844	900	1330	2588	673	1192	1315	968	969	760	1845	981	947	1132
6074	YEATS4_ENSG00000127337_190454.5	813	1110	1054	463	167	806	634	824	1839	1902	344	1463	1536	1100	1227	1011	1782	1741	1161	1408
6075	YEATS4_ENSG00000127337_190455.6	838	442	862	837	185	1040	469	899	1251	3373	270	1183	1806	1530	1410	1246	2244	4873	1292	1151
6076	YTHDC2_ENSG00000047188_161447.1	430	91	350	149	236	661	315	445	885	850	299	668	763	660	515	454	409	422	495	469
6077	YTHDC2_ENSG00000047188_161448.2	516	258	487	379	76	661	325	564	453	1344	145	771	1202	910	915	776	828	439	842	763
6078	YTHDC2_ENSG00000047188_161450.4	842	408	878	530	264	1036	855	843	1337	1757	512	1276	1671	1133	1091	895	1073	1029	1009	1142
6079	YTHDC2_ENSG00000047188_161451.5	1219	519	946	697	857	1627	1272	1338	1441	2025	899	1056	2082	1299	1306	1086	1601	1016	1328	1619
6080	YTHDC2_ENSG00000047188_161452.6	1746	1259	2115	1344	637	2244	1393	2019	3697	1608	921	2893	3878	2744	2658	2323	3901	2932	2332	2808
6081	YWHAQ_ENSG00000134308_130023.1	912	729	1096	357	444	1432	974	1205	826	845	501	1354	2195	1524	1526	1338	1666	1160	1343	1469
6082	YWHAQ_ENSG00000134308_130024.2	248	478	243	662	152	566	394	299	851	275	131	380	496	366	381	315	161	795	354	429
6083	YWHAQ_ENSG00000134308_130026.4	1427	1093	1298	663	590	1785	1262	1412	2027	1266	935	2224	2837	1820	1951	1700	2018	1611	1631	2013
6084	YWHAQ_ENSG00000134308_130027.5	1444	782	1516	1036	779	2331	1679	1905	2826	2759	943	2414	3132	2204	1896	1794	2662	1561	2006	2002
6085	YWHAQ_ENSG00000134308_130028.6	796	634	993	333	622	1233	920	994	1517	696	599	1298	1634	1275	1097	1009	1243	863	1017	1158
6086	YY1AP1_ENSG00000163374_21784.1	1122	206	989	893	693	1278	1170	1271	1297	2561	880	1305	2195	1435	1285	1084	1161	1347	1223	1366
6087	YY1AP1_ENSG00000163374_21786.3	901	556	984	668	537	1076	741	977	1267	1374	688	1147	1612	1193	1151	857	1827	1673	1050	1235
6088	YY1AP1_ENSG00000163374_21787.4	1246	341	1204	1026	310	1478	764	1480	2458	3079	503	1847	2390	1719	1897	1484	3444	2022	1858	1834
6089	YY1AP1_ENSG00000163374_21789.6	312	299	270	391	29	422	149	301	818	314	83	464	618	492	539	549	769	1403	535	501
6090	ZAR1_ENSG00000182223_186707.2	1233	447	1064	1181	547	1640	1264	1179	2747	2313	712	1482	1927	1578	1370	1172	1459	2459	1321	1668
6091	ZAR1_ENSG00000182223_186708.3	1082	1262	1138	855	617	1583	1316	1258	1361	3636	902	1808	2125	1355	1574	1194	2175	2439	1376	1442
6092	ZAR1_ENSG00000182223_186709.4	1226	184	1413	280	1050	1868	1407	1281	2000	1465	1069	1480	2180	1538	1488	1342	1532	1632	1456	1642
6093	ZAR1_ENSG00000182223_186711.6	949	133	949	840	364	1150	915	905	1002	1853	524	1324	1715	1091	1151	888	1888	1220	1026	1221
6094	ZBTB12_ENSG00000204366_47962.1	749	274	915	726	644	1209	1074	1026	1733	439	873	1091	1519	1149	853	956	977	1388	876	773
6095	ZBTB12_ENSG00000204366_47963.2	1341	1105	1249	710	668	1927	1483	1462	1543	2715	983	1582	2117	1537	1408	1140	2743	1234	1316	1529
6096	ZBTB12_ENSG00000204366_47965.4	423	278	397	309	39	392	193	352	522	658	114	692	734	488	613	549	1242	1708	586	612
6097	ZBTB12_ENSG00000204366_47966.5	834	405	859	584	202	617	725	717	958	1750	464	1068	1344	725	1012	664	1760	1096	942	1198
6098	ZBTB12_ENSG00000204366_47967.6	439	566	449	519	85	472	317	415	859	508	178	477	664	404	569	481	762	992	461	681
6099	ZBTB12_ENSG00000204366_47968.7	1028	1548	891	450	624	1090	1088	1152	1862	2504	752	1072	1559	1154	1351	946	1599	525	1085	1219
6100	ZBTB21_ENSG00000173276_47640.1	1506	1786	1727	1663	534	2560	1308	1972	2544	5506	732	2661	3660	2691	2552	2315	2964	2758	2575	2497
6101	ZBTB21_ENSG00000173276_47641.2	783	1075	852	160	514	1283	923	1101	1069	1358	659	1233	1938	1464	1117	1026	806	1803	1045	1343
6102	ZBTB21_ENSG00000173276_47642.3	794	164	802	422	324	1139	681	981	1214	916	404	935	1529	1275	1113	930	671	1039	1029	1075
6103	ZBTB21_ENSG00000173276_47643.4	1927	1025	1946	1043	1191	2157	2416	2036	4025	3619	1575	2627	3425	2661	2422	2192	4826	3426	2213	2708
6104	ZBTB21_ENSG00000173276_47644.5	1293	596	1289	380	576	2006	1271	1602	1875	2009	713	1818	2746	2079	1874	1579	1296	1362	1591	1714
6105	ZBTB21_ENSG00000173276_47645.6	684	539	604	415	106	578	330	472	530	1472	214	762	1234	649	914	702	1161	1219	743	916
6106	ZBTB33_ENSG00000177485_148150.1	1027	859	1111	759	970	2050	1549	1618	2100	1630	1148	1666	2219	1779	1361	1328	964	1224	1542	1443
6107	ZBTB33_ENSG00000177485_148151.2	563	92	522	333	481	864	912	677	660	512	505	882	991	709	651	645	1066	979	585	700
6108	ZBTB33_ENSG00000177485_148152.3	849	412	899	685	362	1025	828	902	1059	1249	465	1240	1819	1425	1344	1051	1569	3072	1153	1341
6109	ZBTB33_ENSG00000177485_148153.4	807	583	866	451	193	1346	704	1096	1124	1913	371	1229	1797	1216	1448	1168	1861	772	1373	1474
6110	ZBTB33_ENSG00000177485_148154.5	317	363	345	601	2	190	47	268	429	308	25	689	673	595	944	747	1305	1282	888	709
6111	ZBTB33_ENSG00000177485_148155.6	473	322	552	497	39	399	174	413	365	1634	83	877	1127	932	1086	940	1182	1218	968	755
6112	ZBTB38_ENSG00000177311_147620.1	564	205	649	395	450	915	632	636	739	1789	514	765	1217	957	692	599	949	819	623	647
6113	ZBTB38_ENSG00000177311_147621.2	1522	1134	1460	914	373	1889	1009	1504	2544	1179	566	2013	3137	2293	2101	1989	6668	3339	2166	2277
6114	ZBTB38_ENSG00000177311_147622.3	873	843	793	1075	625	1179	1028	1074	2059	904	743	1364	1635	1126	987	928	2043	864	1045	1092
6115	ZBTB38_ENSG00000177311_147623.4	1165	727	1119	718	633	1869	1198	1359	2211	1462	887	1868	2482	2001	1657	1601	2002	2900	1478	1884
6116	ZBTB38_ENSG00000177311_147624.5	457	638	478	262	189	861	515	688	774	373	313	540	940	846	665	639	503	1191	628	595
6117	ZBTB38_ENSG00000177311_147625.6	1774	755	1899	901	1829	3027	2571	2146	1854	2181	1649	2515	3855	2700	2194	1953	2327	1114	2073	2426
6118	ZBTB4_ENSG00000174282_75399.1	1529	604	1700	873	938	2300	1382	1728	1982	1091	979	2043	3071	2543	1961	1986	2192	1481	2014	2147
6119	ZBTB4_ENSG00000174282_75400.2	543	545	757	528	171	666	378	753	999	2109	255	780	1345	1128	919	894	957	1067	987	1024
6120	ZBTB4_ENSG00000174282_75401.3	806	373	721	775	166	722	499	830	1222	1793	332	1137	1436	1036	1178	982	973	1378	997	1064
6121	ZBTB4_ENSG00000174282_75402.4	1986	1133	2463	688	2262	4386	3412	3064	3112	2987	2714	2827	4991	3621	2823	2706	2377	2859	2739	3000
6122	ZBTB4_ENSG00000174282_75403.5	2029	1124	2208	951	1562	3017	2139	2095	2386	2718	1709	2772	3956	2971	2385	2161	3312	2324	2307	2269
6123	ZBTB4_ENSG00000174282_75404.6	476	241	455	615	171	735	394	646	834	513	270	679	702	612	584	591	318	734	697	727
6124	ZBTB40_ENSG00000184677_81838.1	571	520	620	787	283	682	503	586	864	612	403	1002	982	704	682	637	524	955	753	936
6125	ZBTB40_ENSG00000184677_81839.2	682	109	768	613	209	702	611	712	1246	958	320	1139	1178	792	966	699	1063	1539	850	1082
6126	ZBTB40_ENSG00000184677_81840.3	412	261	495	199	168	386	342	445	712	1233	211	671	918	550	629	536	1160	563	646	707
6127	ZBTB40_ENSG00000184677_81841.4	631	272	629	522	84	506	294	637	1185	757	166	856	969	796	911	766	1160	2307	998	748
6128	ZBTB40_ENSG00000184677_81842.5	757	881	830	969	174	790	532	844	1437	1231	343	1141	1351	963	1138	885	1085	1731	1076	1147
6129	ZBTB40_ENSG00000184677_81843.6	913	375	902	864	521	1121	991	1161	1558	457	805	1272	1851	1065	1346	1019	1597	824	1079	1522
6130	ZBTB9_ENSG00000213588_1512.1	652	869	639	169	353	871	636	723	1150	1690	366	867	1092	917	997	846	1640	1117	735	939
6131	ZBTB9_ENSG00000213588_1513.2	2494	1104	2498	2382	569	3401	1780	2818	4229	3331	1117	3352	4969	3945	3646	3420	3029	3709	3437	3373
6132	ZBTB9_ENSG00000213588_1515.4	567	268	647	36	292	742	550	619	848	274	343	729	802	840	688	574	1461	1286	603	845
6133	ZBTB9_ENSG00000213588_1517.6	927	663	1055	574	446	1263	1047	939	1015	1419	702	1150	1919	1242	1412	1204	2067	1046	1167	1169
6134	ZC3HAV1_ENSG00000105939_166311.1	1114	371	1099	503	546	1562	1029	1224	1726	1794	701	1291	2115	1727	1528	1290	2272	3082	1477	1402
6135	ZC3HAV1_ENSG00000105939_166312.2	349	83	358	187	14	252	112	266	499	953	30	544	578	480	730	559	665	563	704	613
6136	ZC3HAV1_ENSG00000105939_166313.3	816	261	830	590	230	713	443	647	934	2465	347	1006	1330	945	999	783	1601	2208	892	1023
6137	ZC3HAV1_ENSG00000105939_166314.4	783	512	894	540	162	912	379	830	1186	1834	267	949	1519	1113	1074	1009	1235	758	1153	1142
6138	ZC3HAV1_ENSG00000105939_166315.5	457	239	491	417	203	485	355	479	589	520	219	716	822	617	703	589	764	848	639	535
6139	ZC3HAV1_ENSG00000105939_166316.6	805	492	752	946	256	843	715	767	587	1969	382	978	1440	959	1147	897	1948	1115	1049	1182
6140	ZCWPW1_ENSG00000078487_43978.1	365	84	344	238	21	213	130	264	758	1310	73	734	612	407	619	532	781	1157	592	470
6141	ZCWPW1_ENSG00000078487_43979.2	611	84	412	189	187	577	433	515	659	857	222	550	853	617	668	462	1019	1300	592	664
6142	ZCWPW1_ENSG00000078487_43980.3	577	268	579	204	279	855	738	665	898	1879	461	915	1080	859	863	595	880	568	646	708
6143	ZCWPW1_ENSG00000078487_43981.4	625	554	641	453	142	504	471	652	1006	2222	201	981	1300	774	979	740	1647	1143	849	897
6144	ZCWPW1_ENSG00000078487_43982.5	2535	1700	2599	1890	634	3964	1816	3003	3573	1729	1015	3654	5679	4640	4081	3675	4366	5250	3792	4054
6145	ZCWPW1_ENSG00000078487_43983.6	800	614	821	1442	247	990	629	921	1180	1103	420	1039	1472	863	1054	902	1157	610	1105	1001
6146	ZFP57_ENSG00000204644_43163.1	543	300	585	267	112	571	314	648	975	1759	211	948	1090	727	737	664	1714	409	775	657
6147	ZFP57_ENSG00000204644_43164.2	646	530	555	242	259	977	616	836	1318	644	382	703	1322	925	905	831	1115	1169	880	803
6148	ZFP57_ENSG00000204644_43166.4	846	883	879	866	285	1106	633	952	1291	1569	360	1286	1539	1238	1367	1133	2194	1809	1040	1181
6149	ZFP57_ENSG00000204644_43167.5	809	649	840	863	241	1027	555	816	1470	1763	349	1202	1592	1062	1052	955	1318	939	1123	1031
6150	ZFP57_ENSG00000204644_43168.6	714	225	737	374	88	779	409	838	1545	888	227	1209	1593	896	1263	1025	2246	3	1354	1177
6151	ZGPAT_ENSG00000197114_196430.1	1551	671	1519	976	865	2279	1897	1729	2863	2039	1171	2585	2894	2070	2044	1872	1769	726	1850	2078
6152	ZGPAT_ENSG00000197114_196431.2	275	86	318	71	166	279	244	329	281	257	174	397	606	342	359	279	571	295	325	332
6153	ZGPAT_ENSG00000197114_196433.4	1543	878	1435	819	444	1871	986	1632	1497	2739	642	1835	3179	2334	2137	1922	2157	1030	2017	2252
6154	ZGPAT_ENSG00000197114_196434.5	1342	363	1433	623	484	2156	1056	1915	2671	2222	778	1949	2968	2350	1988	1870	2513	1262	1983	2040
6155	ZHX1_ENSG00000165156_187515.1	1470	1425	1468	1091	557	2243	1230	1744	1984	2121	750	2026	3262	2501	1947	1809	2312	799	2090	2077
6156	ZHX1_ENSG00000165156_187516.2	1081	425	1149	386	463	1818	836	1350	1539	1224	572	1508	2293	1796	1508	1355	1818	1028	1560	1653
6157	ZHX1_ENSG00000165156_187517.3	657	115	641	634	294	843	599	858	845	1462	351	929	1263	739	830	721	608	609	830	916
6158	ZHX1_ENSG00000165156_187518.4	1454	423	1467	1598	676	1848	1434	1860	2644	3220	878	2662	2588	1951	2164	1807	2638	3933	2080	2268
6159	ZHX1_ENSG00000165156_187519.5	1145	672	1131	256	544	1489	1052	1223	1858	1415	689	1490	1826	1436	1429	1213	2521	2076	1345	1516
6160	ZHX2_ENSG00000178764_147670.1	1915	675	1944	1401	934	2386	2057	1979	3050	1603	1376	2597	3163	2208	2330	1891	2407	2342	2312	2449
6161	ZHX2_ENSG00000178764_147673.4	584	743	652	221	13	307	182	468	803	2015	37	1049	799	656	1287	999	2086	2938	1232	1172
6162	ZHX2_ENSG00000178764_147674.5	1195	516	1099	836	660	1653	1372	1493	1824	1154	1102	1430	2279	1853	1493	1166	1425	1193	1338	1571
6163	ZHX3_ENSG00000174306_146252.1	944	940	1137	534	402	1295	778	1076	1230	1701	505	1558	1869	1654	1419	1317	2354	1971	1314	1605
6164	ZHX3_ENSG00000174306_146253.2	935	459	1038	483	793	1204	1257	1045	1598	1110	822	1397	1779	1261	1142	944	1936	1523	1106	1385
6165	ZHX3_ENSG00000174306_146254.3	429	203	410	326	421	535	527	503	712	697	282	577	800	555	457	470	607	125	446	547
6166	ZHX3_ENSG00000174306_146255.4	2193	694	2161	1779	1064	3023	2201	2381	4786	4858	1529	3355	4207	2872	2781	2585	3130	2473	2744	3217
6167	ZHX3_ENSG00000174306_146257.6	784	980	761	603	334	1199	703	878	1579	1669	457	1041	1645	1196	996	1011	1278	837	932	941
6168	ZKSCAN2_ENSG00000155592_47870.1	1314	629	1377	625	636	1699	1277	1339	1870	3452	891	1833	2140	1707	1647	1305	2477	938	1479	1841
6169	ZKSCAN2_ENSG00000155592_47871.2	1178	419	1185	1217	490	1650	971	1404	1818	3512	478	1673	2171	1817	1656	1591	1658	1659	1626	1633
6170	ZKSCAN2_ENSG00000155592_47873.4	430	530	437	638	22	444	173	467	774	1192	67	831	927	871	1028	963	842	813	943	679
6171	ZKSCAN2_ENSG00000155592_47874.5	817	297	790	924	336	1306	612	984	1361	643	427	1125	2029	1339	1330	1043	903	1289	1352	1375
6172	ZKSCAN2_ENSG00000155592_47875.6	1715	1021	1711	931	1244	2575	2018	1770	2288	2298	1311	2239	3236	2422	2191	1715	3307	1737	2099	2165
6173	ZMYM1_ENSG00000197056_38305.1	1299	312	1163	359	432	1564	926	1013	1469	2456	491	1535	2121	1393	1492	1323	2413	1753	1514	1648
6174	ZMYM1_ENSG00000197056_38306.2	1133	501	1208	561	285	1596	711	1453	1369	2137	481	1662	2553	1692	1617	1431	1727	3108	1555	1720
6175	ZMYM1_ENSG00000197056_38307.3	1385	333	1522	822	427	1791	908	1468	2183	1867	569	2103	2739	2055	2029	1756	2800	2354	1780	1992
6176	ZMYM1_ENSG00000197056_38308.4	544	543	539	448	156	541	410	476	679	569	296	608	917	573	713	620	1183	597	611	739
6177	ZMYM1_ENSG00000197056_38309.5	789	269	672	687	368	970	734	782	1467	1402	467	1256	1654	1026	1093	785	1200	1203	957	1066
6178	ZMYM2_ENSG00000121741_14332.1	524	57	501	606	226	702	487	529	837	1016	238	843	1282	1005	845	851	1936	835	798	943
6179	ZMYM2_ENSG00000121741_14333.2	1308	517	1292	682	705	1877	1311	1244	1961	2273	923	1792	2522	1508	1705	1329	2090	851	1430	1543
6180	ZMYM2_ENSG00000121741_14334.3	1530	557	1597	1038	518	1952	1078	1544	1981	1512	751	2044	2771	1982	2014	1678	3072	2109	1891	1970
6181	ZMYM2_ENSG00000121741_14335.4	762	485	941	469	270	1173	550	938	1726	1831	411	1228	1785	1284	1258	1133	1391	273	1110	1321
6182	ZMYM2_ENSG00000121741_14337.6	703	250	690	286	262	587	564	586	1007	1970	395	789	1225	678	790	641	1636	1263	811	860
6183	ZMYM3_ENSG00000147130_190290.1	1153	640	1211	319	439	1640	1079	1492	1367	1145	778	1592	2639	1724	1601	1355	2073	580	1546	1491
6184	ZMYM3_ENSG00000147130_190291.2	1309	769	1238	629	525	1758	1128	1695	2184	1876	770	2039	2657	1983	1909	1498	2567	1622	1894	1974
6185	ZMYM3_ENSG00000147130_190292.3	499	137	329	567	72	561	248	438	1098	550	136	814	885	792	696	691	272	311	674	781
6186	ZMYM3_ENSG00000147130_190293.4	510	266	478	479	127	640	350	526	577	1024	218	753	1082	753	808	656	925	338	812	781
6187	ZMYM3_ENSG00000147130_190294.5	2442	986	2617	1355	1169	3755	2421	2954	3774	4695	1676	4009	5492	3611	3626	3245	3872	2099	3364	3935
6188	ZMYM3_ENSG00000147130_190295.6	296	291	276	342	79	400	225	359	651	522	145	451	575	311	434	295	391	1154	409	433
6189	ZMYM4_ENSG00000146463_65642.1	1234	651	1486	875	481	2074	1082	1629	2258	1318	714	1813	2707	2111	2013	1773	1510	3611	1868	1972
6190	ZMYM4_ENSG00000146463_65643.2	1103	791	1134	555	251	1217	540	1228	1420	2881	346	1509	2182	1719	1626	1541	1286	1270	1544	1740
6191	ZMYM4_ENSG00000146463_65645.4	829	743	984	263	682	927	1160	1028	1926	1905	726	1181	1650	1071	1130	920	1721	661	1079	1313
6192	ZMYM4_ENSG00000146463_65646.5	779	812	663	597	547	1297	1171	837	988	1045	744	891	1249	1016	1007	778	1362	248	920	989
6193	ZMYM5_ENSG00000132950_86891.1	1002	447	953	792	393	1401	850	1015	1255	2116	558	1417	2148	1551	1260	1135	1481	737	1069	1311
6194	ZMYM5_ENSG00000132950_86892.2	1936	1897	1955	1591	645	3002	1539	2362	2687	2261	898	2965	4100	3265	3103	2601	2803	2725	2787	3052
6195	ZMYM5_ENSG00000132950_86893.3	817	95	786	689	318	836	546	820	927	1792	380	1019	1412	1140	1148	926	939	832	1114	1140
6196	ZMYM5_ENSG00000132950_86894.4	568	480	671	276	90	704	357	674	1102	1356	223	947	1424	1011	1056	892	1367	2158	1101	923
6197	ZMYM5_ENSG00000132950_86895.5	1474	1515	1742	899	858	2215	1702	1708	2958	3129	1040	1812	3034	2120	1981	1808	3194	2588	2164	2072
6198	ZMYM5_ENSG00000132950_86896.6	950	945	1048	169	277	1121	758	962	1403	1086	490	1655	1871	1300	1193	1082	1622	713	1142	1281
6199	ZMYND11_ENSG00000015171_61575.1	747	498	663	260	246	919	630	707	1210	1420	400	1026	1059	889	949	785	1254	1909	815	968
6200	ZMYND11_ENSG00000015171_61576.2	1596	1275	1655	752	657	2338	1159	1896	2862	1944	975	1983	3335	2372	2045	2023	2172	518	2086	2019
6201	ZMYND11_ENSG00000015171_61577.3	424	471	486	284	76	410	198	416	731	775	102	509	840	577	609	554	1103	559	668	602
6202	ZMYND11_ENSG00000015171_61578.4	641	1034	718	177	331	1176	794	920	1277	1010	358	1301	1455	1267	1047	985	1294	741	959	975
6203	ZMYND11_ENSG00000015171_61579.5	725	1104	774	714	141	1089	423	760	710	996	193	1031	1597	1222	1186	1101	1676	1565	1144	1071
6204	ZMYND11_ENSG00000015171_61580.6	1139	462	1032	615	280	1340	750	1111	1353	3479	419	1648	1789	1531	1430	1322	2490	2452	1358	1518
6205	ZMYND8_ENSG00000101040_164681.1	1374	779	1436	420	460	1568	1027	1529	1167	1538	685	1487	2497	1796	1887	1368	2207	577	1794	1598
6206	ZMYND8_ENSG00000101040_164683.3	1487	600	1560	631	501	1376	1143	1283	1572	1265	691	1849	2551	1537	2052	1599	1414	1915	1785	1737
6207	ZMYND8_ENSG00000101040_164684.4	1135	815	1196	865	483	1255	1081	1099	1130	3043	631	1183	1951	1162	1663	1199	1661	1539	1362	1361
6208	ZMYND8_ENSG00000101040_164685.5	1367	565	1365	549	280	1393	876	1592	1558	2733	453	1655	2685	2065	2140	1776	2006	4	1981	1730
6209	ZNF451_ENSG00000112200_180110.1	656	751	697	498	82	629	374	582	681	1428	208	1043	1068	840	938	856	1752	1034	894	1069
6210	ZNF451_ENSG00000112200_180111.2	1396	350	1263	1051	691	2473	1584	1280	2312	2504	1026	1741	1965	1242	1531	1133	2849	3158	1252	1602
6211	ZNF451_ENSG00000112200_180112.3	996	420	1138	1149	202	1622	648	1424	1164	3826	398	1856	2483	1804	1844	1661	2049	1815	1786	1766
6212	ZNF451_ENSG00000112200_180113.4	1790	1254	1975	1324	390	2044	1110	1738	2563	4268	662	2046	3365	2620	2465	2126	1971	1332	2271	2208
6213	ZNF451_ENSG00000112200_180114.5	1148	1294	1152	507	421	1619	910	1342	1896	2626	502	1818	2419	1710	1747	1480	2245	518	1591	1811
6214	ZNF451_ENSG00000112200_180115.6	1210	410	1277	807	549	1576	1245	1401	2340	2581	722	1830	2101	1629	1680	1365	2559	1552	1618	1739
6215	ZNF541_ENSG00000118156_78543.1	708	224	633	388	445	920	820	825	1496	465	601	990	1389	742	896	633	820	638	852	1080
6216	ZNF541_ENSG00000118156_78544.2	767	850	813	151	236	1170	661	863	1419	891	383	1068	1455	1321	1040	1035	1372	1063	1048	1154
6217	ZNF541_ENSG00000118156_78545.3	1079	1255	1219	1717	211	1173	585	1156	1538	1440	365	2015	2144	1622	1976	1504	2112	908	1806	1676
6218	ZNF541_ENSG00000118156_78546.4	842	665	825	300	399	1225	987	986	1043	2316	537	1898	1482	1002	1069	955	1406	639	1069	1294
6219	ZNF541_ENSG00000118156_78548.6	592	648	679	281	217	822	441	640	950	638	302	987	1037	876	877	732	1164	550	800	954
6220	ZNF724P_ENSG00000196081_37384.1	894	1179	863	1257	149	621	435	731	1410	3473	280	1688	1345	971	1263	1006	2256	2892	1331	1775
6221	ZNF724P_ENSG00000196081_37385.2	719	448	589	853	27	295	166	721	912	3550	77	1161	803	456	1054	531	2580	2404	892	983
6222	ZNF724P_ENSG00000196081_37387.4	1121	989	1381	1407	1057	2472	1835	1698	1570	521	1277	1870	2520	1878	1626	1507	1636	1881	1482	1789
6223	ZNF724P_ENSG00000196081_37388.5	653	639	636	344	481	1287	795	758	881	1038	482	834	1506	1124	859	872	715	506	944	1098
6224	ZNF724P_ENSG00000196081_37389.6	859	740	829	809	527	1797	1232	1253	1740	1434	715	1347	1759	1510	1175	1122	1421	2210	1160	1378
6225	ZNF740_ENSG00000139651_50439.1	695	126	807	323	424	1123	632	698	1111	454	430	896	1278	956	830	830	408	971	772	909
6226	ZNF740_ENSG00000139651_50440.2	2022	1822	2185	2379	160	1438	561	1570	2250	7078	270	2593	3235	2660	3682	2935	4962	3479	3356	2868
6227	ZNF740_ENSG00000139651_50441.3	1077	643	1049	611	1163	2266	1734	1523	1825	500	1220	1518	2632	2023	1559	1482	1856	956	1356	1330
6228	ZNF740_ENSG00000139651_50443.5	991	814	1106	1032	266	1102	609	967	1820	2184	424	1665	1867	1250	1517	1111	1883	2648	1467	1639
6229	ZNF740_ENSG00000139651_50444.6	375	191	463	531	91	472	256	460	656	885	177	704	1052	684	519	581	627	758	622	725
6230	ZNF787_ENSG00000142409_96984.2	1022	329	1069	901	247	1140	670	969	2151	2122	473	1644	1893	1453	1435	1231	2396	1484	1417	1549
6231	ZNF787_ENSG00000142409_96985.3	1464	401	1625	392	1496	1960	1854	1523	1965	2151	1239	1745	3066	2066	1714	1502	2423	158	1622	1901
6232	ZNF787_ENSG00000142409_96986.4	1779	1028	2127	550	513	1842	1421	1948	2325	3641	857	2294	3305	2327	2635	2159	3485	2479	2542	2299
6233	ZNF787_ENSG00000142409_96987.5	562	286	592	323	114	569	307	524	751	144	168	697	1067	755	727	715	1060	496	777	813
6234	ZNF787_ENSG00000142409_96988.6	1534	440	1542	820	932	2464	1494	1741	3004	1248	957	1834	2671	2333	1901	1619	2366	2069	1728	1839
6235	ZRANB3_ENSG00000121988_178615.1	312	353	255	77	99	319	263	207	410	256	160	279	567	390	383	231	80	261	320	356
6236	ZRANB3_ENSG00000121988_178617.3	771	289	898	479	243	978	492	867	1210	1648	420	1371	1457	1037	1111	953	1962	187	1023	1056
6237	ZRANB3_ENSG00000121988_178618.4	690	283	643	640	164	770	409	757	1216	2002	336	899	1260	829	869	788	825	474	845	959
6238	ZRANB3_ENSG00000121988_178619.5	1612	666	1676	718	806	2801	1647	2264	2062	3272	1163	2438	3844	2885	2341	2154	2104	1670	2209	2290
6239	ZRANB3_ENSG00000121988_178620.6	753	577	719	853	291	1102	814	935	1971	1736	464	1077	1410	1128	1006	950	1238	900	1001	1154
6240	ZSCAN20_ENSG00000121903_171928.1	769	273	806	521	188	976	411	805	1407	469	282	1062	1601	1145	1101	1066	2037	1260	1169	1162
6241	ZSCAN20_ENSG00000121903_171929.2	1135	1021	1119	1079	177	955	471	941	1602	1556	373	1647	1756	1451	1579	1319	2359	2077	1433	1390
6242	ZSCAN20_ENSG00000121903_171930.3	280	221	237	203	30	268	106	287	772	212	48	481	541	483	541	483	958	142	451	418
6243	ZSCAN20_ENSG00000121903_171931.4	497	327	531	62	227	501	468	402	897	1042	302	577	1155	562	659	516	694	122	646	699
6244	ZSCAN20_ENSG00000121903_171932.5	1007	642	981	1033	238	975	612	976	1908	2004	389	1377	1835	1256	1423	1001	2247	2288	1405	1605
6245	ZSCAN20_ENSG00000121903_171933.6	1043	768	1020	558	142	848	496	846	1402	3178	325	1240	1714	1238	1346	1058	2397	967	1387	1254
6246	ZSCAN21_ENSG00000166529_156944.1	784	351	666	323	585	973	1066	907	1899	580	685	927	1384	904	1014	802	1950	1307	879	855
6247	ZSCAN21_ENSG00000166529_156945.2	265	268	226	280	76	364	200	267	440	221	155	418	536	460	395	370	908	259	414	356
6248	ZSCAN21_ENSG00000166529_156946.3	991	798	986	852	223	722	712	748	1106	2088	406	1222	1624	1102	1249	941	2602	1317	1099	1404
6249	ZSCAN21_ENSG00000166529_156947.4	463	154	407	960	116	427	386	427	479	139	200	698	682	541	608	445	1208	155	546	503
6250	ZSCAN21_ENSG00000166529_156948.5	643	238	536	345	148	588	406	615	796	520	228	869	1016	829	695	647	1287	1266	655	826
6251	ZSCAN21_ENSG00000166529_156949.6	1124	892	1102	1337	304	873	710	919	2339	2022	395	1560	1616	959	1200	926	1511	1781	1175	1517
6252	ZW10_ENSG00000086827_89635.1	981	538	946	340	328	1442	727	1020	1680	293	489	1441	1835	1287	1318	1152	1462	859	1205	1207
6253	ZW10_ENSG00000086827_89636.2	947	658	1111	308	630	1355	1067	1220	1275	1646	696	1403	2180	1580	1358	1298	1057	936	1253	1180
6254	ZW10_ENSG00000086827_89637.3	739	923	781	83	133	873	446	717	1131	3322	326	881	1395	963	971	916	1676	1126	1118	971
6255	ZW10_ENSG00000086827_89638.4	755	230	719	205	345	1056	549	878	777	1062	398	949	1552	1077	1022	986	1090	575	920	920
6256	ZW10_ENSG00000086827_89640.6	883	429	799	389	392	1308	760	1018	1314	402	540	1028	1951	1389	1159	1021	1344	1535	1077	1022
6257	ZWILCH_ENSG00000174442_199684.1	459	595	462	295	17	306	214	491	581	1967	41	889	1051	976	1116	954	575	1096	997	900
6258	ZWILCH_ENSG00000174442_199685.2	574	313	751	290	295	831	668	641	855	879	453	824	1197	898	755	661	840	956	776	772
6259	ZWILCH_ENSG00000174442_199686.3	1441	642	1624	864	696	2225	1425	1696	1739	1500	955	2046	3150	2474	2244	2018	2843	2108	2121	2273
6260	ZWILCH_ENSG00000174442_199687.4	961	258	991	555	157	965	531	848	1385	3446	304	1441	1781	1092	1397	1054	2221	523	1360	1323
6261	ZWILCH_ENSG00000174442_199688.5	997	685	934	663	192	1026	508	911	1475	4282	284	1375	1773	1261	1439	1229	2061	1259	1374	1282
6262	ZWILCH_ENSG00000174442_199689.6	442	420	351	63	130	449	256	297	386	1370	199	459	698	435	574	447	1182	132	398	458
6263	ZZZ3_ENSG00000036549_193662.1	767	397	887	493	452	1322	850	972	1119	273	562	1069	1522	1196	914	887	961	2231	987	959
6264	ZZZ3_ENSG00000036549_193664.3	1380	1492	1553	1692	210	1921	822	1487	1798	1546	400	2294	3091	2434	2487	2116	2586	2822	2367	2148
6265	ZZZ3_ENSG00000036549_193665.4	1156	1698	1138	1062	334	1216	878	1107	2320	2277	463	1788	2192	1520	1410	1178	2140	3383	1452	1881
6266	ZZZ3_ENSG00000036549_193666.5	1550	726	1546	1397	424	1939	1239	1672	2720	4881	695	2986	3095	1926	2351	1781	3285	4441	2105	2914
6267	ZZZ3_ENSG00000036549_193667.6	1298	1336	1293	1582	150	1012	527	1014	1862	2556	322	1662	2054	1428	1966	1311	3721	1641	1677	1888
