	sgRNA	CHROM-24h-P300-LIB-R2_S7_R1_001	CHROM-24h-P300-SORT-R2_S8_R1_001	CHROM-48h-P300-LIB-R2_S19_R1_001	CHROM-48h-P300-SORT-R2_S20_R1_001	R1-P300i-24h_S8_R1_001	R1-P300i-48h_S19_R1_001	R1-P300i-LIB-24h_S7_R1_001	R1-P300i-LIB-48h_S17_R1_001
1	*	728994	265814	865269	442627	163971	83506	120499	124179
2	38412_ENSG00000198060_19285.1	1165	261	1224	733	299	149	534	598
3	38412_ENSG00000198060_19286.2	617	69	533	0	19	0	425	344
4	38412_ENSG00000198060_19287.3	927	274	1071	407	708	193	334	570
5	38412_ENSG00000198060_19288.4	1599	222	1781	792	281	81	1120	1069
6	38412_ENSG00000198060_19289.5	1068	499	1289	1107	593	270	778	690
7	38412_ENSG00000198060_19290.6	2042	897	2061	892	2296	765	1083	1009
8	AC003002.4_ENSG00000268133_199914.1	309	1	212	0	0	0	29	131
9	AC003002.4_ENSG00000268133_199915.2	1912	482	2231	1399	1023	371	690	1177
10	AC003002.4_ENSG00000268133_199916.3	2399	411	2523	1362	1252	962	979	1256
11	AC003002.4_ENSG00000268133_199917.4	546	117	491	439	812	0	201	283
12	AC003002.4_ENSG00000268133_199919.6	1368	145	1618	728	197	1147	462	842
13	AC003005.4_ENSG00000268107_84113.5	2365	1116	2527	1884	1655	517	1204	1559
14	AC003005.4_ENSG00000268107_84114.6	506	121	505	177	708	68	66	250
15	AC003005.4_ENSG00000268107_84115.7	1138	236	1122	672	1071	278	575	699
16	AC003005.4_ENSG00000268107_84116.8	1048	269	917	792	1619	0	208	457
17	AC003005.4_ENSG00000268107_84117.9	1437	522	1389	563	956	0	505	770
18	AC003005.4_ENSG00000268107_84118.1	969	287	910	1256	499	0	440	483
19	AC004076.9_ENSG00000268163_52397.1	1220	67	1278	491	1472	391	337	591
20	AC004076.9_ENSG00000268163_52398.2	739	364	865	162	343	139	243	521
21	AC004076.9_ENSG00000268163_52399.3	1922	504	2203	1535	1906	432	1191	1403
22	AC004076.9_ENSG00000268163_52400.4	628	215	677	409	748	300	190	399
23	AC004076.9_ENSG00000268163_52401.5	738	243	795	347	1166	406	171	354
24	AC004076.9_ENSG00000268163_52402.6	857	120	938	628	219	387	509	425
25	ACIN1_ENSG00000100813_113140.1	1846	861	1969	1805	2009	272	1073	1050
26	ACIN1_ENSG00000100813_113141.2	666	161	595	0	539	156	259	301
27	ACIN1_ENSG00000100813_113142.3	462	263	301	557	488	0	45	173
28	ACIN1_ENSG00000100813_113143.4	1808	529	1788	866	2190	718	657	957
29	ACIN1_ENSG00000100813_113144.5	2459	533	2552	1309	1650	796	740	1263
30	ACIN1_ENSG00000100813_113145.6	442	0	364	0	277	76	84	208
31	ACTA1_ENSG00000143632_114150.1	478	115	561	158	456	121	48	183
32	ACTA1_ENSG00000143632_114151.2	513	186	806	131	279	248	298	283
33	ACTA1_ENSG00000143632_114152.3	1383	546	1771	1069	2312	159	891	1008
34	ACTA1_ENSG00000143632_114153.4	1189	511	1270	354	815	428	169	570
35	ACTA1_ENSG00000143632_114154.5	532	356	660	65	0	237	238	372
36	ACTA1_ENSG00000143632_114155.6	961	588	1112	215	889	266	683	634
37	ACTB_ENSG00000075624_96203.1	3148	1427	3881	2805	2966	690	2128	1889
38	ACTB_ENSG00000075624_96204.2	1064	219	1071	206	1531	9	353	516
39	ACTB_ENSG00000075624_96205.3	684	146	875	365	742	265	130	435
40	ACTB_ENSG00000075624_96206.4	236	48	332	746	264	0	40	145
41	ACTB_ENSG00000075624_96207.5	867	422	1127	1044	600	253	539	607
42	ACTB_ENSG00000075624_96208.6	1629	704	1949	1208	970	527	965	1052
43	ACTL6A_ENSG00000136518_82706.1	1136	453	1020	596	1490	566	341	634
44	ACTL6A_ENSG00000136518_82707.2	589	144	696	221	0	707	287	370
45	ACTL6A_ENSG00000136518_82708.3	588	1155	662	1193	1705	1721	207	427
46	ACTL6A_ENSG00000136518_82709.4	736	631	737	145	2054	260	93	441
47	ACTL6A_ENSG00000136518_82710.5	1723	2815	2138	3008	8227	8364	750	1302
48	ACTL6A_ENSG00000136518_82711.6	1217	491	1253	376	278	135	442	659
49	ACTL6B_ENSG00000077080_172749.1	695	368	869	167	0	0	310	466
50	ACTL6B_ENSG00000077080_172750.2	1064	393	1177	1081	1710	386	291	605
51	ACTL6B_ENSG00000077080_172751.3	937	833	737	708	1020	0	304	550
52	ACTL6B_ENSG00000077080_172752.4	156	0	152	138	170	94	16	87
53	ACTL6B_ENSG00000077080_172753.5	744	362	890	493	809	0	744	540
54	ACTL6B_ENSG00000077080_172754.6	441	472	690	524	620	292	176	351
55	ACTR3B_ENSG00000133627_36575.1	869	252	995	624	658	370	479	597
56	ACTR3B_ENSG00000133627_36576.2	97	0	227	0	0	280	136	121
57	ACTR3B_ENSG00000133627_36577.3	1424	685	1508	324	614	246	1107	782
58	ACTR3B_ENSG00000133627_36578.4	1859	849	1631	406	1484	134	528	738
59	ACTR3B_ENSG00000133627_36579.5	704	55	483	361	0	0	192	323
60	ACTR3B_ENSG00000133627_36580.6	1340	782	1143	712	934	822	422	661
61	ACTR5_ENSG00000101442_36856.1	3018	1132	3358	1390	2013	743	1760	1677
62	ACTR5_ENSG00000101442_36857.2	1156	321	1266	975	1199	1	647	640
63	ACTR5_ENSG00000101442_36858.3	2363	836	2317	480	1492	980	936	1275
64	ACTR5_ENSG00000101442_36859.4	772	315	849	320	287	0	350	413
65	ACTR5_ENSG00000101442_36860.5	801	126	1040	341	323	397	338	454
66	ACTR5_ENSG00000101442_36861.6	909	133	956	356	807	347	201	478
67	ACTR6_ENSG00000075089_155344.1	1001	412	1125	820	1078	411	457	708
68	ACTR6_ENSG00000075089_155345.2	1156	670	1467	153	617	480	597	851
69	ACTR6_ENSG00000075089_155346.3	715	131	759	552	879	277	67	394
70	ACTR6_ENSG00000075089_155347.4	1573	546	1851	1555	2030	417	560	957
71	ACTR6_ENSG00000075089_155348.5	1506	1405	1707	820	740	630	426	789
72	ACTR6_ENSG00000075089_155349.6	633	106	560	323	499	345	201	314
73	ACTR8_ENSG00000113812_138586.1	313	0	409	0	357	0	193	178
74	ACTR8_ENSG00000113812_138587.2	1655	661	1970	1636	1777	138	702	1107
75	ACTR8_ENSG00000113812_138588.3	978	279	1098	189	1021	424	223	528
76	ACTR8_ENSG00000113812_138589.4	1298	466	1348	1367	2239	282	308	819
77	ACTR8_ENSG00000113812_138590.5	1220	574	1150	43	620	0	660	641
78	ACTR8_ENSG00000113812_138591.6	527	184	850	1070	933	0	135	498
79	ADA_ENSG00000196839_157014.1	1687	592	1633	495	1128	76	775	883
80	ADA_ENSG00000196839_157015.2	828	482	898	175	584	140	412	444
81	ADA_ENSG00000196839_157016.3	2066	499	1710	704	2135	1312	590	968
82	ADA_ENSG00000196839_157017.4	1319	312	1389	664	578	320	390	666
83	ADA_ENSG00000196839_157018.5	384	107	476	330	0	0	193	281
84	ADA_ENSG00000196839_157019.6	491	232	484	1	1333	0	73	285
85	ADAR_ENSG00000160710_24766.1	1614	599	1568	1021	1721	115	518	847
86	ADAR_ENSG00000160710_24767.2	814	526	831	628	4	144	228	487
87	ADAR_ENSG00000160710_24768.3	1066	156	923	560	1449	21	137	433
88	ADAR_ENSG00000160710_24769.4	862	311	925	1073	181	0	274	509
89	ADAR_ENSG00000160710_24770.5	2173	526	2243	1327	1820	618	1192	1227
90	ADAR_ENSG00000160710_24771.6	1173	658	1526	1357	73	269	658	828
91	ADPRH_ENSG00000144843_85038.1	440	186	433	396	392	0	111	227
92	ADPRH_ENSG00000144843_85039.2	633	279	861	343	277	133	479	429
93	ADPRH_ENSG00000144843_85040.3	877	236	852	400	1422	148	266	554
94	ADPRH_ENSG00000144843_85041.4	828	252	922	480	577	271	242	507
95	ADPRH_ENSG00000144843_85042.5	639	137	802	162	1379	556	717	517
96	ADPRH_ENSG00000144843_85043.6	1967	676	2420	1298	1202	536	643	1081
97	ADPRHL2_ENSG00000116863_190754.1	831	508	651	622	800	309	192	407
98	ADPRHL2_ENSG00000116863_190755.2	539	419	617	196	193	0	403	290
99	ADPRHL2_ENSG00000116863_190756.3	2069	1152	2162	778	1564	438	484	1033
100	ADPRHL2_ENSG00000116863_190757.4	607	452	629	288	426	244	159	264
101	ADPRHL2_ENSG00000116863_190758.5	1619	533	1950	562	639	416	329	858
102	ADPRHL2_ENSG00000116863_190759.6	179	131	284	0	274	0	49	105
103	AEBP2_ENSG00000139154_77563.1	2508	1075	2664	1567	2901	550	721	1430
104	AEBP2_ENSG00000139154_77564.2	1528	651	1275	858	822	344	476	800
105	AEBP2_ENSG00000139154_77565.3	1082	441	1169	633	511	118	272	497
106	AEBP2_ENSG00000139154_77566.4	1097	500	1225	370	627	512	680	706
107	AEBP2_ENSG00000139154_77567.5	485	209	561	157	914	0	49	287
108	AEBP2_ENSG00000139154_77568.6	1850	660	2054	983	811	632	939	1189
109	AFF1_ENSG00000172493_5440.1	1050	369	1129	691	1056	696	130	518
110	AFF1_ENSG00000172493_5441.2	1089	117	1109	21	886	0	310	616
111	AFF1_ENSG00000172493_5442.3	1000	509	1311	549	1	0	343	639
112	AFF1_ENSG00000172493_5443.4	492	75	607	165	781	156	294	328
113	AFF1_ENSG00000172493_5444.5	987	198	1049	527	491	194	396	551
114	AFF1_ENSG00000172493_5445.6	2136	851	2238	1152	1088	436	785	1183
115	AFF2_ENSG00000155966_91983.1	377	164	413	0	360	0	174	224
116	AFF2_ENSG00000155966_91984.2	889	138	939	478	775	0	160	372
117	AFF2_ENSG00000155966_91985.3	899	493	1000	638	767	933	89	489
118	AFF2_ENSG00000155966_91986.4	1751	470	1522	364	804	948	318	772
119	AFF2_ENSG00000155966_91987.5	3806	1530	4432	2427	3811	1433	915	2204
120	AFF2_ENSG00000155966_91988.6	587	385	604	176	240	121	302	411
121	AFF3_ENSG00000144218_6880.1	716	226	595	334	126	0	125	281
122	AFF3_ENSG00000144218_6881.2	1041	629	1000	172	601	146	480	591
123	AFF3_ENSG00000144218_6882.3	1187	333	1183	1044	306	135	579	674
124	AFF3_ENSG00000144218_6883.4	878	417	1080	559	246	274	580	629
125	AFF3_ENSG00000144218_6884.5	1007	407	852	577	133	0	303	522
126	AFF3_ENSG00000144218_6885.6	437	289	338	176	113	0	96	170
127	AFF4_ENSG00000072364_165171.1	2153	615	2285	1046	1505	708	937	1377
128	AFF4_ENSG00000072364_165172.2	1531	495	1523	406	1218	614	382	649
129	AFF4_ENSG00000072364_165173.3	1911	405	1931	1274	504	0	464	1003
130	AFF4_ENSG00000072364_165174.4	1052	264	956	1094	1497	471	420	519
131	AFF4_ENSG00000072364_165175.5	1748	700	1805	399	2136	815	671	912
132	AFF4_ENSG00000072364_165176.6	548	90	513	672	503	254	155	300
133	AICDA_ENSG00000111732_166021.1	630	580	677	0	1019	0	234	298
134	AICDA_ENSG00000111732_166022.2	1537	627	1790	1962	1491	1	590	901
135	AICDA_ENSG00000111732_166023.3	404	23	444	67	508	135	55	210
136	AICDA_ENSG00000111732_166024.4	2382	881	2581	1568	525	1276	526	1260
137	AICDA_ENSG00000111732_166025.5	316	0	313	433	270	255	88	127
138	AICDA_ENSG00000111732_166026.6	683	207	772	0	0	214	232	387
139	AIRE_ENSG00000160224_59930.1	552	367	495	186	1691	229	28	265
140	AIRE_ENSG00000160224_59931.2	1629	825	1688	967	287	388	70	587
141	AIRE_ENSG00000160224_59932.3	1121	280	1103	0	812	521	504	585
142	AIRE_ENSG00000160224_59933.4	523	304	503	205	522	0	177	264
143	AIRE_ENSG00000160224_59934.5	1046	501	1210	721	404	370	626	635
144	AIRE_ENSG00000160224_59935.6	492	162	497	168	250	416	137	288
145	AKAP1_ENSG00000121057_27195.1	505	206	588	528	772	0	214	280
146	AKAP1_ENSG00000121057_27196.2	2031	623	2171	853	567	334	1244	1179
147	AKAP1_ENSG00000121057_27197.3	842	392	865	168	537	664	299	441
148	AKAP1_ENSG00000121057_27198.4	928	178	989	361	392	385	218	430
149	AKAP1_ENSG00000121057_27199.5	1036	292	1091	810	561	257	381	580
150	AKAP1_ENSG00000121057_27200.6	189	100	205	0	215	0	58	112
151	AKAP8_ENSG00000105127_1552.1	755	283	829	404	117	110	199	460
152	AKAP8_ENSG00000105127_1553.2	956	561	862	828	666	96	128	443
153	AKAP8_ENSG00000105127_1554.3	399	0	389	0	283	0	192	185
154	AKAP8_ENSG00000105127_1555.4	877	517	885	363	281	116	356	479
155	AKAP8_ENSG00000105127_1556.5	780	313	907	182	0	114	460	444
156	AKAP8_ENSG00000105127_1557.6	2924	897	2896	1053	1518	376	1405	1516
157	ALKBH2_ENSG00000189046_153533.1	1536	329	1450	400	1680	119	333	729
158	ALKBH2_ENSG00000189046_153534.2	1076	824	1165	907	564	181	444	623
159	ALKBH2_ENSG00000189046_153535.3	2541	808	2862	1475	2436	612	1259	1582
160	ALKBH2_ENSG00000189046_153536.4	389	61	307	390	0	131	141	172
161	ALKBH2_ENSG00000189046_153537.5	62	174	95	0	0	0	7	48
162	ALKBH2_ENSG00000189046_153538.6	2064	779	2379	1623	1804	1194	829	1349
163	ALKBH3_ENSG00000166199_18850.1	1342	359	1313	171	1133	132	476	656
164	ALKBH3_ENSG00000166199_18851.2	529	121	609	166	284	147	184	253
165	ALKBH3_ENSG00000166199_18852.3	940	406	1074	815	796	286	233	584
166	ALKBH3_ENSG00000166199_18853.4	967	233	1277	592	657	154	608	577
167	ALKBH3_ENSG00000166199_18854.5	1531	842	1908	137	1385	259	653	891
168	ALKBH3_ENSG00000166199_18855.6	1198	743	1249	857	615	140	392	665
169	ALKBH8_ENSG00000137760_7080.1	1718	522	1992	1108	1663	257	1105	1185
170	ALKBH8_ENSG00000137760_7081.2	1598	626	1410	1179	1075	141	554	692
171	ALKBH8_ENSG00000137760_7082.3	627	84	732	493	71	561	135	327
172	ALKBH8_ENSG00000137760_7083.4	910	260	834	0	575	0	356	480
173	ALKBH8_ENSG00000137760_7084.5	720	256	1428	1058	1353	255	177	445
174	ALKBH8_ENSG00000137760_7085.6	704	527	1076	460	935	303	480	535
175	ANKRD32_ENSG00000133302_105057.1	716	318	746	0	306	143	372	401
176	ANKRD32_ENSG00000133302_105058.2	1181	275	1165	518	829	138	906	721
177	ANKRD32_ENSG00000133302_105059.3	651	163	617	410	701	341	195	339
178	ANKRD32_ENSG00000133302_105060.4	838	284	1119	0	268	710	607	488
179	ANKRD32_ENSG00000133302_105061.5	2252	872	2331	1863	2534	882	657	1202
180	ANKRD32_ENSG00000133302_105062.6	680	471	923	733	417	132	257	436
181	AP2A1_ENSG00000196961_12665.1	909	137	883	224	252	138	577	523
182	AP2A1_ENSG00000196961_12666.2	1679	373	1782	1852	840	1112	956	1060
183	AP2A1_ENSG00000196961_12667.3	1107	478	1046	97	766	422	197	490
184	AP2A1_ENSG00000196961_12668.4	546	419	615	0	782	0	246	280
185	AP2A1_ENSG00000196961_12669.5	1587	461	1778	1221	1447	112	875	1024
186	AP2A1_ENSG00000196961_12670.6	2019	1092	2154	898	361	836	1634	1270
187	APBB1_ENSG00000166313_10952.1	391	302	300	458	366	209	33	168
188	APBB1_ENSG00000166313_10953.2	441	229	356	0	253	0	145	159
189	APBB1_ENSG00000166313_10954.3	788	342	914	310	821	124	440	564
190	APBB1_ENSG00000166313_10955.4	696	163	1053	1	2337	0	126	453
191	APBB1_ENSG00000166313_10956.5	784	384	886	420	935	165	302	449
192	APBB1_ENSG00000166313_10957.6	2600	926	2816	804	2253	419	326	1352
193	APITD1_ENSG00000175279_34404.1	1679	857	2026	176	775	131	526	866
194	APITD1_ENSG00000175279_34405.2	2002	796	2248	957	2354	121	768	891
195	APITD1_ENSG00000175279_34406.3	639	379	566	1	0	134	211	273
196	APITD1_ENSG00000175279_34407.4	1639	177	1466	1148	1865	140	544	758
197	APITD1_ENSG00000175279_34408.5	1781	605	2041	1325	338	433	887	1093
198	APITD1_ENSG00000175279_34409.6	1042	213	1255	724	425	274	495	524
199	APOBEC2_ENSG00000124701_73783.1	682	129	808	0	476	137	119	323
200	APOBEC2_ENSG00000124701_73784.2	1242	775	1177	563	1553	280	266	579
201	APOBEC2_ENSG00000124701_73785.3	2239	697	2230	1186	1808	898	561	1078
202	APOBEC2_ENSG00000124701_73786.4	1011	455	1062	250	1213	440	137	590
203	APOBEC2_ENSG00000124701_73787.5	908	432	1046	356	833	136	136	410
204	APOBEC2_ENSG00000124701_73788.6	1885	616	1873	1780	708	257	1051	937
205	APOBEC3H_ENSG00000100298_172879.1	279	59	209	158	0	130	90	90
206	APOBEC3H_ENSG00000100298_172880.2	652	99	878	662	632	0	117	313
207	APOBEC3H_ENSG00000100298_172881.3	451	64	348	287	831	136	119	225
208	APOBEC3H_ENSG00000100298_172882.4	790	405	964	268	1079	157	434	584
209	APOBEC3H_ENSG00000100298_172883.5	1563	378	2060	222	456	550	1056	970
210	APOBEC3H_ENSG00000100298_172884.6	1884	551	1973	941	488	944	570	1022
211	APOBEC4_ENSG00000173627_58486.1	958	31	989	805	1686	307	264	532
212	APOBEC4_ENSG00000173627_58487.2	2328	973	2611	878	1563	251	994	1368
213	APOBEC4_ENSG00000173627_58488.3	1028	492	949	573	592	0	265	520
214	APOBEC4_ENSG00000173627_58489.4	1026	76	940	531	612	0	570	542
215	APOBEC4_ENSG00000173627_58490.5	244	0	224	0	0	0	69	127
216	APOBEC4_ENSG00000173627_58491.6	732	206	1097	138	414	688	308	528
217	ARID1A_ENSG00000117713_145565.1	1464	1293	1575	913	2843	140	317	777
218	ARID1A_ENSG00000117713_145566.2	1021	398	980	715	1591	420	261	520
219	ARID1A_ENSG00000117713_145567.3	865	444	668	509	1129	0	226	361
220	ARID1A_ENSG00000117713_145568.4	1149	1043	1374	1011	1232	917	599	800
221	ARID1A_ENSG00000117713_145569.5	945	1062	1313	919	1620	906	355	699
222	ARID1A_ENSG00000117713_145570.6	1416	552	1367	445	2865	396	970	838
223	ARID1B_ENSG00000049618_121653.1	1074	408	1354	1127	244	143	485	653
224	ARID1B_ENSG00000049618_121654.2	1058	719	1439	873	1759	382	496	792
225	ARID1B_ENSG00000049618_121655.3	957	488	1089	2	1066	790	325	424
226	ARID1B_ENSG00000049618_121656.4	1565	509	1601	959	1671	856	765	955
227	ARID1B_ENSG00000049618_121657.5	986	337	1161	595	2293	272	199	503
228	ARID1B_ENSG00000049618_121658.6	1615	718	1722	1692	326	515	651	1090
229	ARID2_ENSG00000189079_14232.1	1812	598	1852	1669	2868	147	1052	1009
230	ARID2_ENSG00000189079_14233.2	851	114	779	447	535	453	355	412
231	ARID2_ENSG00000189079_14234.3	136	77	137	214	608	149	120	99
232	ARID2_ENSG00000189079_14235.4	649	550	824	567	971	532	254	382
233	ARID2_ENSG00000189079_14236.5	1035	513	993	512	328	452	287	564
234	ARID2_ENSG00000189079_14237.6	1593	435	1440	859	1403	74	528	687
235	ARID4A_ENSG00000032219_105787.1	2397	822	2999	462	1204	452	1336	1680
236	ARID4A_ENSG00000032219_105788.2	1023	472	1095	288	1557	154	246	683
237	ARID4A_ENSG00000032219_105789.3	1183	367	1608	713	1554	200	746	845
238	ARID4A_ENSG00000032219_105790.4	1338	747	1410	807	397	696	423	919
239	ARID4A_ENSG00000032219_105791.5	491	322	604	447	355	152	54	292
240	ARID4A_ENSG00000032219_105792.6	1684	572	1772	748	1450	547	1036	1053
241	ARID4B_ENSG00000054267_136991.1	526	194	588	325	492	0	221	302
242	ARID4B_ENSG00000054267_136992.2	3458	1319	3620	1589	2137	523	867	1897
243	ARID4B_ENSG00000054267_136993.3	1356	293	1543	1314	1943	118	588	740
244	ARID4B_ENSG00000054267_136994.4	1461	439	1386	348	3221	0	395	720
245	ARID4B_ENSG00000054267_136995.5	1499	423	1555	386	678	677	619	868
246	ARID4B_ENSG00000054267_136996.6	1807	865	1589	742	990	131	530	967
247	ARIH2_ENSG00000177479_71033.1	806	548	867	170	239	284	214	441
248	ARIH2_ENSG00000177479_71034.2	167	0	177	0	116	0	60	77
249	ARIH2_ENSG00000177479_71035.3	1061	454	1079	624	1264	255	357	617
250	ARIH2_ENSG00000177479_71036.4	841	159	1082	200	272	0	659	656
251	ARIH2_ENSG00000177479_71037.5	308	0	277	0	345	0	176	232
252	ARIH2_ENSG00000177479_71038.6	2293	282	2044	911	1752	392	716	1350
253	ART1_ENSG00000129744_153743.1	1413	550	1941	906	1327	915	1158	881
254	ART1_ENSG00000129744_153744.2	2132	737	1684	359	1068	1358	970	970
255	ART1_ENSG00000129744_153745.3	2356	659	2303	2180	413	1045	1033	1335
256	ART1_ENSG00000129744_153746.4	415	186	504	0	335	155	176	303
257	ART1_ENSG00000129744_153747.5	678	69	803	425	1012	0	248	352
258	ART1_ENSG00000129744_153748.6	1768	910	1729	438	3469	294	483	666
259	AS3MT_ENSG00000214435_26075.1	1291	403	1415	789	1316	153	645	737
260	AS3MT_ENSG00000214435_26076.2	1056	386	1108	0	617	437	203	495
261	AS3MT_ENSG00000214435_26077.3	1269	441	1580	439	534	215	510	698
262	AS3MT_ENSG00000214435_26078.4	261	71	267	158	0	0	107	147
263	AS3MT_ENSG00000214435_26079.5	543	278	606	634	518	270	149	367
264	AS3MT_ENSG00000214435_26080.6	1765	619	1738	1279	249	930	512	840
265	ASAP1_ENSG00000153317_77623.1	1830	722	1765	1035	687	500	861	974
266	ASAP1_ENSG00000153317_77624.2	637	279	1216	200	940	294	401	348
267	ASAP1_ENSG00000153317_77625.3	1665	354	1627	179	889	157	1153	863
268	ASAP1_ENSG00000153317_77626.4	1269	259	1292	366	1140	296	61	423
269	ASAP1_ENSG00000153317_77627.5	1796	269	1701	457	831	600	557	888
270	ASAP1_ENSG00000153317_77628.6	691	30	639	191	135	1	371	348
271	ASCC3_ENSG00000112249_195011.1	564	363	682	715	478	0	319	347
272	ASCC3_ENSG00000112249_195012.2	301	206	314	86	562	0	31	182
273	ASCC3_ENSG00000112249_195013.3	998	212	1474	298	1845	133	478	635
274	ASCC3_ENSG00000112249_195014.4	2128	889	2280	1185	1429	855	939	1215
275	ASCC3_ENSG00000112249_195015.5	809	260	907	678	1895	410	131	494
276	ASCC3_ENSG00000112249_195016.6	1850	880	1882	1006	1238	711	628	953
277	ASCL2_ENSG00000183734_168646.1	842	221	808	107	354	0	268	337
278	ASCL2_ENSG00000183734_168647.2	276	56	390	389	549	0	90	215
279	ASCL2_ENSG00000183734_168648.3	2179	971	2509	1428	1523	730	802	1126
280	ASCL2_ENSG00000183734_168649.4	892	244	886	454	978	719	246	562
281	ASCL2_ENSG00000183734_168650.5	253	95	296	243	587	148	183	107
282	ASCL2_ENSG00000183734_168651.6	1054	191	1083	763	1590	252	133	532
283	ASF1A_ENSG00000111875_187495.1	1638	913	1823	927	977	1314	788	947
284	ASF1A_ENSG00000111875_187496.2	523	111	463	405	512	0	127	265
285	ASF1A_ENSG00000111875_187497.3	496	198	486	113	0	137	32	232
286	ASF1A_ENSG00000111875_187498.4	1497	366	1639	293	1445	126	378	860
287	ASF1A_ENSG00000111875_187499.5	1651	500	2111	623	1662	570	1119	1051
288	ASF1A_ENSG00000111875_187500.6	1254	621	948	0	457	284	97	635
289	ASF1B_ENSG00000105011_147550.1	637	141	620	180	1137	50	284	355
290	ASF1B_ENSG00000105011_147551.2	1069	704	1274	525	308	139	389	650
291	ASF1B_ENSG00000105011_147552.3	503	135	469	160	591	167	138	318
292	ASF1B_ENSG00000105011_147553.4	374	69	421	499	138	0	189	234
293	ASF1B_ENSG00000105011_147554.5	625	124	669	619	266	137	169	304
294	ASF1B_ENSG00000105011_147555.6	2105	470	2014	1512	1843	410	1431	1244
295	ASH1L_ENSG00000116539_192247.1	710	355	603	373	486	0	88	304
296	ASH1L_ENSG00000116539_192248.2	1583	590	1666	889	512	354	799	950
297	ASH1L_ENSG00000116539_192249.3	1210	679	1486	870	833	242	162	632
298	ASH1L_ENSG00000116539_192250.4	1872	724	1852	518	735	326	363	987
299	ASH1L_ENSG00000116539_192251.5	1202	513	1498	521	609	148	285	679
300	ASH1L_ENSG00000116539_192252.6	610	39	570	319	827	148	231	331
301	ASH2L_ENSG00000129691_80220.1	2021	893	1907	1262	614	337	1100	1053
302	ASH2L_ENSG00000129691_80221.2	1124	389	1102	286	948	269	449	628
303	ASH2L_ENSG00000129691_80222.3	1287	604	1248	672	404	156	429	507
304	ASH2L_ENSG00000129691_80223.4	272	0	322	191	0	127	8	77
305	ASH2L_ENSG00000129691_80224.5	844	239	943	1011	105	0	237	509
306	ASH2L_ENSG00000129691_80225.6	1048	520	1208	991	1013	150	597	672
307	ASMT_ENSG00000196433_165681.1	1433	640	1525	755	1017	275	680	815
308	ASMT_ENSG00000196433_165682.2	1287	467	1226	584	1885	287	560	632
309	ASMT_ENSG00000196433_165683.3	2205	1024	2381	1598	1685	519	985	1387
310	ASMT_ENSG00000196433_165684.4	731	465	687	232	1217	115	423	417
311	ASMT_ENSG00000196433_165685.5	1394	399	1588	405	724	491	883	884
312	ASMT_ENSG00000196433_165686.6	2164	332	2414	2259	2998	1004	1091	1319
313	ASXL1_ENSG00000171456_109531.1	1882	631	1826	525	1142	529	575	923
314	ASXL1_ENSG00000171456_109532.2	456	116	585	143	427	0	226	200
315	ASXL1_ENSG00000171456_109533.3	644	458	927	529	315	0	408	497
316	ASXL1_ENSG00000171456_109534.4	2002	646	2224	1791	0	871	851	1177
317	ASXL1_ENSG00000171456_109535.5	2437	962	2576	1609	1686	133	1622	1287
318	ASXL1_ENSG00000171456_109536.6	1857	1053	2063	1387	816	387	716	1042
319	ASXL2_ENSG00000143970_25236.1	1031	302	1030	139	718	660	101	534
320	ASXL2_ENSG00000143970_25237.2	1092	208	1647	1054	423	254	1265	849
321	ASXL2_ENSG00000143970_25238.3	693	116	1020	798	1098	137	247	397
322	ASXL2_ENSG00000143970_25239.4	3043	982	3221	1343	2549	949	947	1808
323	ASXL2_ENSG00000143970_25240.5	427	54	288	504	7	127	62	189
324	ASXL2_ENSG00000143970_25241.6	936	320	954	934	991	277	157	459
325	ASXL3_ENSG00000141431_82546.1	962	391	1044	439	276	384	174	500
326	ASXL3_ENSG00000141431_82547.2	1663	1042	1635	343	3235	575	452	871
327	ASXL3_ENSG00000141431_82548.3	1585	379	1585	264	677	313	758	1008
328	ASXL3_ENSG00000141431_82549.4	2094	309	2135	879	1239	138	866	1100
329	ASXL3_ENSG00000141431_82550.5	1562	342	1648	1371	1629	254	762	969
330	ASXL3_ENSG00000141431_82551.6	803	212	944	234	930	0	674	451
331	ATAD2B_ENSG00000119778_92143.1	544	87	577	772	0	282	110	336
332	ATAD2B_ENSG00000119778_92144.2	1468	626	1516	925	1149	292	589	912
333	ATAD2B_ENSG00000119778_92145.3	2351	1020	2023	576	1047	0	785	1098
334	ATAD2B_ENSG00000119778_92146.4	1842	865	2543	571	680	78	903	1235
335	ATAD2B_ENSG00000119778_92147.5	632	452	790	288	158	235	116	353
336	ATAD2B_ENSG00000119778_92148.6	1049	463	1037	343	792	1010	503	556
337	ATAT1_ENSG00000137343_1756.1	1097	352	1181	979	1354	118	364	560
338	ATAT1_ENSG00000137343_1757.2	588	102	628	431	420	147	420	383
339	ATAT1_ENSG00000137343_1758.3	1233	409	1329	1349	870	284	445	640
340	ATAT1_ENSG00000137343_1759.4	1049	487	1067	118	607	0	400	567
341	ATAT1_ENSG00000137343_1760.5	1311	118	1408	820	1405	418	297	593
342	ATAT1_ENSG00000137343_1761.6	974	313	1138	836	2727	523	334	487
343	ATF2_ENSG00000115966_15532.1	1079	219	1059	173	506	836	228	513
344	ATF2_ENSG00000115966_15533.2	1397	439	1504	379	751	143	776	845
345	ATF2_ENSG00000115966_15534.3	933	153	907	325	561	136	132	460
346	ATF2_ENSG00000115966_15535.4	349	55	251	148	122	0	35	111
347	ATF2_ENSG00000115966_15536.5	1704	671	1866	837	779	559	836	1062
348	ATF2_ENSG00000115966_15537.6	2099	1003	2431	1193	1498	560	1317	1241
349	ATF7IP_ENSG00000171681_157351.1	2081	1548	2090	1704	599	1795	732	1213
350	ATF7IP_ENSG00000171681_157352.2	562	129	569	356	737	35	332	270
351	ATF7IP_ENSG00000171681_157353.3	776	234	871	306	657	154	325	458
352	ATF7IP_ENSG00000171681_157354.4	1085	299	1274	573	1840	1113	170	566
353	ATF7IP_ENSG00000171681_157355.5	877	675	891	319	1150	297	279	563
354	ATF7IP_ENSG00000171681_157356.6	776	305	774	456	1256	0	268	382
355	ATF7IP2_ENSG00000166669_105097.1	488	0	568	233	1779	390	111	345
356	ATF7IP2_ENSG00000166669_105098.2	1919	724	1700	1856	1345	1010	444	913
357	ATF7IP2_ENSG00000166669_105099.3	1015	84	929	368	984	0	354	463
358	ATF7IP2_ENSG00000166669_105100.4	1427	778	1312	517	557	396	726	784
359	ATF7IP2_ENSG00000166669_105101.5	1751	661	2001	1183	1570	376	474	1092
360	ATF7IP2_ENSG00000166669_105102.6	854	158	782	169	275	554	308	448
361	ATM_ENSG00000149311_159353.1	1437	594	1738	444	2205	715	736	979
362	ATM_ENSG00000149311_159354.2	738	388	873	339	594	200	367	382
363	ATM_ENSG00000149311_159355.3	2914	1141	2766	2364	2701	698	490	1435
364	ATM_ENSG00000149311_159356.4	1233	609	1324	0	253	551	473	643
365	ATM_ENSG00000149311_159357.5	2475	1325	2603	1511	1973	276	1184	1338
366	ATM_ENSG00000149311_159358.6	1272	136	1440	546	865	946	80	491
367	ATOH1_ENSG00000172238_175529.1	1118	342	1235	839	291	397	257	611
368	ATOH1_ENSG00000172238_175530.2	570	274	547	783	0	0	271	297
369	ATOH1_ENSG00000172238_175531.3	665	356	795	679	712	135	313	470
370	ATOH1_ENSG00000172238_175532.4	361	39	352	221	123	0	79	249
371	ATOH1_ENSG00000172238_175533.5	1238	344	1176	492	567	296	595	756
372	ATOH1_ENSG00000172238_175534.6	1017	651	1206	777	860	272	585	713
373	ATR_ENSG00000175054_22781.1	298	162	287	0	0	0	22	166
374	ATR_ENSG00000175054_22782.2	1705	199	1664	1133	1220	695	374	924
375	ATR_ENSG00000175054_22783.3	1353	239	1602	947	514	435	666	708
376	ATR_ENSG00000175054_22784.4	1802	123	1770	210	1035	139	629	879
377	ATR_ENSG00000175054_22785.5	1649	772	1882	1263	1387	566	729	1074
378	ATR_ENSG00000175054_22786.6	557	376	678	440	1086	0	215	374
379	ATRX_ENSG00000085224_37594.1	765	132	770	941	1212	455	200	346
380	ATRX_ENSG00000085224_37595.2	1995	736	2519	1463	591	1247	1653	1280
381	ATRX_ENSG00000085224_37596.3	1322	482	1145	677	4176	561	233	736
382	ATRX_ENSG00000085224_37597.4	1290	536	1363	564	1853	1060	365	823
383	ATRX_ENSG00000085224_37598.5	1487	497	1311	779	1276	0	627	828
384	ATRX_ENSG00000085224_37599.6	873	371	1065	895	1147	275	317	543
385	ATXN3L_ENSG00000123594_163580.1	1465	887	1550	534	2281	271	347	797
386	ATXN3L_ENSG00000123594_163581.2	749	151	860	235	608	132	333	452
387	ATXN3L_ENSG00000123594_163582.3	1899	739	1944	354	1560	1003	898	1167
388	ATXN3L_ENSG00000123594_163583.4	2032	639	2030	389	2110	295	540	1057
389	ATXN3L_ENSG00000123594_163584.5	1622	768	1640	1018	683	145	350	806
390	ATXN3L_ENSG00000123594_163585.6	1182	542	1296	737	1452	405	287	657
391	ATXN7_ENSG00000163635_193352.1	3503	1083	3568	1725	1200	458	1745	2024
392	ATXN7_ENSG00000163635_193353.2	1771	458	2188	405	1885	212	847	1105
393	ATXN7_ENSG00000163635_193354.3	885	213	874	797	497	138	415	539
394	ATXN7_ENSG00000163635_193355.4	1233	188	1293	232	1012	139	532	668
395	ATXN7_ENSG00000163635_193356.5	2241	560	2315	1431	1385	487	722	1235
396	ATXN7_ENSG00000163635_193357.6	1446	305	1411	272	1265	423	324	748
397	ATXN7L3_ENSG00000087152_154316.1	653	153	642	0	1061	129	197	342
398	ATXN7L3_ENSG00000087152_154317.2	2210	899	2369	1570	3986	696	414	1322
399	ATXN7L3_ENSG00000087152_154318.3	66	13	84	50	12	4	6	7
400	ATXN7L3_ENSG00000087152_154319.4	1362	550	1403	302	1058	864	365	786
401	ATXN7L3_ENSG00000087152_154320.5	2929	1271	3145	2043	1612	732	1161	1743
402	ATXN7L3_ENSG00000087152_154321.6	1149	421	1239	138	715	138	494	722
403	AURKA_ENSG00000087586_143472.1	1313	699	1480	672	3152	132	972	644
404	AURKA_ENSG00000087586_143473.2	1490	306	1207	444	2336	284	377	539
405	AURKA_ENSG00000087586_143474.3	1043	310	1170	866	534	0	411	653
406	AURKA_ENSG00000087586_143475.4	877	496	763	422	1148	564	162	353
407	AURKA_ENSG00000087586_143476.5	1531	323	1221	852	651	406	246	616
408	AURKA_ENSG00000087586_143477.6	2182	921	2066	670	2066	247	751	1017
409	AURKB_ENSG00000178999_78373.1	650	283	760	352	458	347	234	317
410	AURKB_ENSG00000178999_78374.2	1244	375	1257	838	605	127	521	601
411	AURKB_ENSG00000178999_78375.3	2088	926	1914	1730	2933	799	1186	1131
412	AURKB_ENSG00000178999_78376.4	1880	311	1603	720	1201	147	781	731
413	AURKB_ENSG00000178999_78377.5	864	59	836	569	2029	0	255	287
414	AURKB_ENSG00000178999_78378.6	929	165	925	413	1371	4	461	363
415	BABAM1_ENSG00000105393_18340.1	620	110	550	0	720	295	223	392
416	BABAM1_ENSG00000105393_18341.2	804	118	877	542	275	413	137	354
417	BABAM1_ENSG00000105393_18342.3	2177	619	2185	663	814	843	676	1156
418	BABAM1_ENSG00000105393_18344.5	598	398	517	198	0	0	226	355
419	BABAM1_ENSG00000105393_18345.6	4413	1521	4603	2566	3622	394	2322	2506
420	BAHD1_ENSG00000140320_177871.1	1068	214	1114	0	0	0	361	590
421	BAHD1_ENSG00000140320_177872.2	2164	425	2479	1801	1195	414	1806	1473
422	BAHD1_ENSG00000140320_177873.3	1486	977	1529	537	1100	405	608	784
423	BAHD1_ENSG00000140320_177874.4	246	59	303	205	0	0	83	149
424	BAHD1_ENSG00000140320_177875.5	1565	513	1384	1043	799	0	772	818
425	BAHD1_ENSG00000140320_177876.6	1480	716	1738	890	746	415	891	905
426	BANP_ENSG00000172530_43696.1	1909	719	2388	433	1695	151	1258	1307
427	BANP_ENSG00000172530_43697.2	1121	374	1162	754	777	0	239	602
428	BANP_ENSG00000172530_43698.3	2317	858	2459	854	1660	815	296	1063
429	BANP_ENSG00000172530_43699.4	810	391	899	927	0	0	115	363
430	BANP_ENSG00000172530_43700.5	1506	364	1549	1349	1210	291	689	855
431	BANP_ENSG00000172530_43701.6	935	289	1093	1419	1295	331	618	781
432	BAP1_ENSG00000163930_189759.1	859	229	1066	466	1378	397	310	555
433	BAP1_ENSG00000163930_189760.2	974	257	1059	986	245	527	591	685
434	BAP1_ENSG00000163930_189761.3	2381	1306	2230	746	1904	277	488	1219
435	BAP1_ENSG00000163930_189762.4	454	190	367	691	737	0	52	226
436	BAP1_ENSG00000163930_189763.5	1955	1154	2180	1442	1764	685	879	1268
437	BAP1_ENSG00000163930_189764.6	1517	737	1833	1372	327	760	798	1047
438	BAZ1A_ENSG00000198604_79834.1	1495	390	1701	1193	1944	230	161	688
439	BAZ1A_ENSG00000198604_79835.2	1571	426	1625	169	1114	736	1131	871
440	BAZ1A_ENSG00000198604_79836.3	748	476	842	219	659	270	104	361
441	BAZ1A_ENSG00000198604_79837.4	1011	370	988	0	345	589	561	668
442	BAZ1A_ENSG00000198604_79838.5	1914	661	2069	1115	950	710	809	1170
443	BAZ1A_ENSG00000198604_79839.6	1496	496	1544	433	605	0	925	830
444	BAZ1B_ENSG00000009954_59970.1	1299	449	1496	171	391	107	563	729
445	BAZ1B_ENSG00000009954_59971.2	1631	868	1489	0	1405	323	926	902
446	BAZ1B_ENSG00000009954_59972.3	2937	1121	2973	1169	1762	697	1371	1494
447	BAZ1B_ENSG00000009954_59973.4	1163	221	1189	214	1656	119	593	560
448	BAZ1B_ENSG00000009954_59974.5	2312	954	2443	1555	1054	577	1456	1377
449	BAZ1B_ENSG00000009954_59975.6	695	64	859	477	233	0	434	445
450	BAZ2A_ENSG00000076108_80750.1	1660	626	1475	1454	1667	270	874	977
451	BAZ2A_ENSG00000076108_80751.2	1358	596	1416	1294	993	335	75	607
452	BAZ2A_ENSG00000076108_80752.3	951	152	1283	964	764	126	324	573
453	BAZ2A_ENSG00000076108_80753.4	501	174	478	408	415	0	85	274
454	BAZ2A_ENSG00000076108_80754.5	1662	805	1957	1007	779	271	1210	1038
455	BAZ2A_ENSG00000076108_80755.6	1225	463	1070	442	656	833	532	578
456	BAZ2B_ENSG00000123636_202521.1	1818	604	2082	568	3059	248	1330	1161
457	BAZ2B_ENSG00000123636_202522.2	1037	629	1474	445	580	253	443	678
458	BAZ2B_ENSG00000123636_202523.3	1258	617	1410	337	858	146	228	548
459	BAZ2B_ENSG00000123636_202524.4	913	564	1195	845	629	132	237	612
460	BAZ2B_ENSG00000123636_202525.5	1358	458	1575	591	902	223	608	825
461	BAZ2B_ENSG00000123636_202526.6	1427	191	1440	812	1530	1001	573	722
462	BCL11A_ENSG00000119866_183867.1	411	111	318	0	1	291	16	125
463	BCL11A_ENSG00000119866_183868.2	70	84	99	0	0	0	8	67
464	BCL11A_ENSG00000119866_183869.3	471	267	454	0	1265	0	133	241
465	BCL11A_ENSG00000119866_183870.4	1700	576	1492	1348	1744	0	534	727
466	BCL11A_ENSG00000119866_183871.5	1969	869	2279	1462	2467	421	190	1104
467	BCL11A_ENSG00000119866_183872.6	477	145	471	143	309	0	103	225
468	BCL11B_ENSG00000127152_93231.1	1079	206	1096	528	371	0	180	579
469	BCL11B_ENSG00000127152_93232.2	1891	757	2452	470	820	801	1388	1160
470	BCL11B_ENSG00000127152_93233.3	1281	218	1339	462	1104	199	576	704
471	BCL11B_ENSG00000127152_93234.4	1238	169	1256	779	1578	114	111	461
472	BCL11B_ENSG00000127152_93235.5	2050	935	1953	1219	666	277	1211	1085
473	BCL11B_ENSG00000127152_93236.6	1634	513	1745	1531	1861	830	258	896
474	BCL6_ENSG00000113916_179940.1	538	136	571	185	1502	0	328	322
475	BCL6_ENSG00000113916_179941.2	2476	1017	2827	255	1096	764	1462	1706
476	BCL6_ENSG00000113916_179942.3	1098	367	1205	390	1559	256	69	498
477	BCL6_ENSG00000113916_179943.4	1562	393	1587	662	669	0	502	793
478	BCL6_ENSG00000113916_179944.5	670	232	714	398	413	155	344	392
479	BCL6_ENSG00000113916_179945.6	213	0	200	399	0	0	37	59
480	BCL7A_ENSG00000110987_51819.1	258	111	235	0	0	0	40	150
481	BCL7A_ENSG00000110987_51820.2	1042	343	1222	539	911	271	461	668
482	BCL7A_ENSG00000110987_51821.3	709	365	833	719	1873	266	465	454
483	BCL7A_ENSG00000110987_51822.4	423	62	546	492	680	140	44	243
484	BCL7A_ENSG00000110987_51823.5	2490	1377	3292	1376	2792	135	1167	1524
485	BCL7A_ENSG00000110987_51824.6	1007	209	884	336	809	131	91	382
486	BCL7B_ENSG00000106635_10403.1	1917	908	2105	902	775	239	752	1059
487	BCL7B_ENSG00000106635_10404.2	1256	483	1510	1055	1529	440	910	703
488	BCL7B_ENSG00000106635_10405.3	1416	590	1278	864	2352	704	511	701
489	BCL7B_ENSG00000106635_10406.4	918	412	886	209	0	128	563	454
490	BCL7B_ENSG00000106635_10407.5	591	228	411	415	831	439	312	232
491	BCL7B_ENSG00000106635_10408.6	725	107	734	0	0	563	313	406
492	BCL7C_ENSG00000099385_32303.1	643	338	612	470	766	0	204	303
493	BCL7C_ENSG00000099385_32304.2	1628	760	1674	1269	562	417	684	919
494	BCL7C_ENSG00000099385_32305.3	1512	421	1530	696	1150	266	741	912
495	BCL7C_ENSG00000099385_32306.4	1859	765	1969	920	1395	829	739	1101
496	BCL7C_ENSG00000099385_32307.5	130	0	123	214	0	0	22	67
497	BCL7C_ENSG00000099385_32308.6	604	196	552	447	960	238	221	397
498	BCOR_ENSG00000183337_90115.1	1366	475	1019	1135	711	550	500	685
499	BCOR_ENSG00000183337_90116.2	915	413	1001	622	1216	402	490	523
500	BCOR_ENSG00000183337_90117.3	893	105	879	863	0	293	567	476
501	BCOR_ENSG00000183337_90118.4	397	201	533	42	260	0	118	242
502	BCOR_ENSG00000183337_90119.5	370	61	455	363	0	0	175	382
503	BCOR_ENSG00000183337_90120.6	507	72	537	16	348	86	185	328
504	BCORL1_ENSG00000085185_142134.1	1121	396	1075	750	1879	280	318	620
505	BCORL1_ENSG00000085185_142135.2	1898	1124	2414	1238	1150	845	972	1305
506	BCORL1_ENSG00000085185_142136.3	2151	573	2695	1453	1817	450	1439	1476
507	BCORL1_ENSG00000085185_142137.4	1428	225	1122	771	1559	732	143	611
508	BCORL1_ENSG00000085185_142138.5	2276	1260	2618	688	945	128	1578	1523
509	BCORL1_ENSG00000085185_142139.6	684	195	646	204	240	129	230	344
510	BDP1_ENSG00000145734_134773.1	1629	252	1920	232	541	670	751	1008
511	BDP1_ENSG00000145734_134774.2	903	393	881	745	403	563	468	538
512	BDP1_ENSG00000145734_134775.3	509	64	361	144	0	149	21	116
513	BDP1_ENSG00000145734_134776.4	63	136	142	0	557	0	38	60
514	BDP1_ENSG00000145734_134777.5	1360	577	1235	645	1186	486	868	741
515	BDP1_ENSG00000145734_134778.6	1039	591	1075	205	981	437	88	459
516	BLM_ENSG00000197299_84708.1	500	471	819	1155	1772	100	216	370
517	BLM_ENSG00000197299_84709.2	1454	328	1326	419	561	774	324	760
518	BLM_ENSG00000197299_84710.3	916	113	863	212	107	203	321	525
519	BLM_ENSG00000197299_84711.4	791	315	787	0	728	287	132	314
520	BLM_ENSG00000197299_84712.5	1060	687	1105	328	502	291	243	456
521	BLM_ENSG00000197299_84713.6	402	142	583	145	364	121	182	263
522	BMI1_ENSG00000168283_96384.2	1399	596	1342	727	2472	147	546	837
523	BMI1_ENSG00000168283_96386.4	1019	235	1391	774	588	328	655	723
524	BMI1_ENSG00000168283_96387.5	2364	891	2345	933	3916	728	1412	1575
525	BMI1_ENSG00000168283_96388.6	1117	352	1108	942	1892	317	143	513
526	BMI1_ENSG00000168283_96389.7	822	518	735	216	693	297	199	333
527	BMI1_ENSG00000168283_96390.8	1150	290	1099	459	1491	269	224	625
528	BPTF_ENSG00000171634_135357.1	1515	740	1492	489	1055	272	371	716
529	BPTF_ENSG00000171634_135358.2	1635	646	2028	1407	789	731	869	1084
530	BPTF_ENSG00000171634_135359.3	909	536	1054	706	618	426	440	513
531	BPTF_ENSG00000171634_135360.4	1338	894	1432	739	404	131	528	698
532	BPTF_ENSG00000171634_135361.5	553	237	466	730	500	275	147	251
533	BPTF_ENSG00000171634_135362.6	680	159	786	220	499	0	343	368
534	BRCA1_ENSG00000012048_28763.1	380	178	466	751	1038	286	174	304
535	BRCA1_ENSG00000012048_28764.2	1458	489	1577	797	2161	529	346	751
536	BRCA1_ENSG00000012048_28765.3	1070	370	1056	126	1363	212	303	549
537	BRCA1_ENSG00000012048_28766.4	1099	464	1505	537	622	400	551	697
538	BRCA1_ENSG00000012048_28767.5	1021	461	1175	437	692	244	273	584
539	BRCA1_ENSG00000012048_28768.6	1251	701	1159	724	701	1021	430	730
540	BRCA2_ENSG00000139618_36615.1	1226	527	1183	821	644	115	452	764
541	BRCA2_ENSG00000139618_36616.2	1275	702	1301	62	1219	408	518	873
542	BRCA2_ENSG00000139618_36617.3	496	279	633	144	276	0	234	257
543	BRCA2_ENSG00000139618_36618.4	400	56	411	708	0	157	130	231
544	BRCA2_ENSG00000139618_36619.5	1147	503	1116	392	651	364	520	547
545	BRCA2_ENSG00000139618_36620.6	1998	505	1963	700	662	462	813	1065
546	BRCC3_ENSG00000185515_122719.1	1415	458	1875	591	494	792	818	802
547	BRCC3_ENSG00000185515_122720.2	951	151	890	212	1028	383	482	561
548	BRCC3_ENSG00000185515_122721.3	650	352	782	264	819	121	285	329
549	BRCC3_ENSG00000185515_122722.4	1267	450	1321	349	3064	147	87	669
550	BRCC3_ENSG00000185515_122723.5	1269	412	1216	326	728	139	294	673
551	BRCC3_ENSG00000185515_122724.6	285	112	467	368	22	455	66	160
552	BRD1_ENSG00000100425_114759.1	1493	601	1391	588	2901	674	393	812
553	BRD1_ENSG00000100425_114760.2	1305	343	1628	391	230	127	425	724
554	BRD1_ENSG00000100425_114761.3	1432	754	1774	1589	896	1076	493	882
555	BRD1_ENSG00000100425_114762.4	1210	251	1130	50	747	145	742	689
556	BRD1_ENSG00000100425_114763.5	1114	272	1428	1078	1365	144	647	675
557	BRD1_ENSG00000100425_114764.6	69	54	135	142	0	0	43	54
558	BRD2_ENSG00000204256_187206.1	153	100	200	161	0	0	15	72
559	BRD2_ENSG00000204256_187207.2	878	976	942	188	872	274	551	560
560	BRD2_ENSG00000204256_187208.3	1368	295	1484	1211	1894	544	485	790
561	BRD2_ENSG00000204256_187209.4	437	137	454	530	0	112	297	292
562	BRD2_ENSG00000204256_187210.5	3083	2191	3146	2382	1947	1568	1627	1752
563	BRD2_ENSG00000204256_187211.6	249	19	274	0	0	0	127	178
564	BRD3_ENSG00000169925_50689.1	934	556	870	966	626	263	256	356
565	BRD3_ENSG00000169925_50690.2	623	309	570	0	334	0	179	300
566	BRD3_ENSG00000169925_50691.3	225	145	302	165	0	0	8	119
567	BRD3_ENSG00000169925_50692.4	944	117	942	177	254	70	492	544
568	BRD3_ENSG00000169925_50693.5	1104	179	1495	895	2164	277	683	732
569	BRD3_ENSG00000169925_50694.6	200	0	239	0	0	135	110	184
570	BRD4_ENSG00000141867_71432.1	801	347	812	204	636	114	305	357
571	BRD4_ENSG00000141867_71433.2	3472	1510	3579	1525	2113	731	744	1910
572	BRD4_ENSG00000141867_71434.3	1563	289	1598	512	464	312	608	894
573	BRD4_ENSG00000141867_71435.4	722	13	572	0	0	0	89	326
574	BRD4_ENSG00000141867_71436.5	1698	560	1360	200	534	149	547	814
575	BRD4_ENSG00000141867_71437.6	1171	128	1244	321	0	128	340	661
576	BRD7_ENSG00000166164_86293.1	3760	1120	3822	1687	2751	287	678	1882
577	BRD7_ENSG00000166164_86294.2	1090	596	1313	522	591	0	573	778
578	BRD7_ENSG00000166164_86295.3	2463	691	2693	1766	1673	417	1530	1460
579	BRD7_ENSG00000166164_86296.4	1425	736	1600	895	1171	196	60	539
580	BRD7_ENSG00000166164_86297.5	1235	253	1294	1383	1931	396	452	767
581	BRD7_ENSG00000166164_86298.6	144	208	116	0	345	0	78	87
582	BRD8_ENSG00000112983_123890.1	1123	502	1050	647	536	275	369	518
583	BRD8_ENSG00000112983_123891.2	906	58	770	464	806	393	218	416
584	BRD8_ENSG00000112983_123892.3	1531	909	1523	981	2818	394	217	732
585	BRD8_ENSG00000112983_123893.4	810	485	944	170	728	129	333	448
586	BRD8_ENSG00000112983_123894.5	1627	598	1656	1120	2432	85	324	900
587	BRD8_ENSG00000112983_123895.6	1208	656	1409	487	1012	133	261	610
588	BRD9_ENSG00000028310_53818.1	610	109	596	436	197	0	265	373
589	BRD9_ENSG00000028310_53819.2	1792	637	1923	496	1746	276	641	995
590	BRD9_ENSG00000028310_53820.3	1271	591	1804	428	1788	839	939	793
591	BRD9_ENSG00000028310_53821.4	2093	474	2267	1299	1185	1091	219	1030
592	BRD9_ENSG00000028310_53822.5	1751	801	1988	576	405	217	1067	979
593	BRD9_ENSG00000028310_53823.6	453	180	518	0	120	285	176	249
594	BRDT_ENSG00000137948_202801.1	194	49	179	0	0	0	5	106
595	BRDT_ENSG00000137948_202802.2	379	160	460	262	1054	153	81	216
596	BRDT_ENSG00000137948_202803.3	335	261	296	259	212	0	9	133
597	BRDT_ENSG00000137948_202804.4	487	232	611	25	856	278	258	282
598	BRDT_ENSG00000137948_202805.5	1482	446	1458	329	347	138	631	822
599	BRDT_ENSG00000137948_202806.6	1600	644	1783	1441	1767	717	466	861
600	BRE_ENSG00000158019_101137.1	2224	847	1867	640	1183	764	816	1179
601	BRE_ENSG00000158019_101138.2	1162	299	889	569	762	0	493	536
602	BRE_ENSG00000158019_101139.3	996	507	906	590	459	685	254	472
603	BRE_ENSG00000158019_101140.4	1210	227	1322	182	806	0	675	717
604	BRE_ENSG00000158019_101141.5	622	146	725	0	0	137	244	419
605	BRE_ENSG00000158019_101142.6	1578	340	2058	953	870	743	638	1016
606	BRIP1_ENSG00000136492_93834.1	1507	1018	1529	872	1261	353	1039	1137
607	BRIP1_ENSG00000136492_93835.2	1586	947	1523	840	248	1090	471	977
608	BRIP1_ENSG00000136492_93836.3	1191	180	1002	307	538	0	282	589
609	BRIP1_ENSG00000136492_93837.4	728	179	670	586	993	315	229	410
610	BRIP1_ENSG00000136492_93838.5	3687	817	3758	1395	3051	124	2350	2228
611	BRIP1_ENSG00000136492_93839.6	1609	552	1855	755	334	304	766	873
612	BRPF1_ENSG00000156983_60440.1	840	412	855	717	516	0	277	463
613	BRPF1_ENSG00000156983_60441.2	475	243	445	101	267	224	110	233
614	BRPF1_ENSG00000156983_60442.3	727	437	680	346	754	109	180	287
615	BRPF1_ENSG00000156983_60443.4	956	461	1209	721	906	222	349	627
616	BRPF1_ENSG00000156983_60444.5	926	334	1108	974	676	152	206	420
617	BRPF1_ENSG00000156983_60445.6	1021	286	1051	557	36	155	92	372
618	BRPF3_ENSG00000096070_192146.1	653	195	589	396	0	500	169	393
619	BRPF3_ENSG00000096070_192147.2	1305	366	1360	852	1513	120	264	655
620	BRPF3_ENSG00000096070_192148.3	1255	244	1288	1037	646	832	656	744
621	BRPF3_ENSG00000096070_192149.4	374	360	456	311	542	0	202	249
622	BRPF3_ENSG00000096070_192150.5	1181	426	1116	1273	563	0	521	554
623	BRPF3_ENSG00000096070_192151.6	1720	572	1868	1071	2156	0	795	993
624	BRWD1_ENSG00000185658_203230.1	1006	316	1345	928	1804	284	534	748
625	BRWD1_ENSG00000185658_203231.2	1017	189	1087	0	286	360	693	647
626	BRWD1_ENSG00000185658_203232.3	2800	896	2670	1611	1770	767	945	1452
627	BRWD1_ENSG00000185658_203233.4	592	0	534	649	217	138	126	277
628	BRWD1_ENSG00000185658_203234.5	2282	960	2509	726	3212	1285	1060	1358
629	BRWD1_ENSG00000185658_203235.6	1192	580	1314	589	2312	798	277	630
630	BRWD3_ENSG00000165288_76252.1	1094	106	1145	174	635	125	177	561
631	BRWD3_ENSG00000165288_76253.2	1755	756	1692	1167	1991	162	413	907
632	BRWD3_ENSG00000165288_76254.3	1284	409	1393	1191	747	630	401	847
633	BRWD3_ENSG00000165288_76255.4	1087	305	1097	323	896	335	505	633
634	BRWD3_ENSG00000165288_76256.5	277	65	290	0	778	0	93	156
635	BRWD3_ENSG00000165288_76257.6	287	169	345	265	269	0	77	114
636	BTAF1_ENSG00000095564_182492.1	312	186	281	123	295	73	98	116
637	BTAF1_ENSG00000095564_182493.2	1662	461	1950	783	2015	0	864	1048
638	BTAF1_ENSG00000095564_182494.3	899	477	955	470	491	252	228	503
639	BTAF1_ENSG00000095564_182495.4	2311	617	2510	1061	2160	512	416	1043
640	BTAF1_ENSG00000095564_182496.5	2635	790	2536	1199	1982	701	1044	1468
641	BTAF1_ENSG00000095564_182497.6	2062	464	1980	1002	871	140	1254	1145
642	BUB3_ENSG00000154473_75992.1	2218	302	2217	424	2159	1043	1038	1292
643	BUB3_ENSG00000154473_75993.2	2399	785	2545	955	2380	905	633	1575
644	BUB3_ENSG00000154473_75994.3	1328	592	1683	990	1144	0	1096	770
645	BUB3_ENSG00000154473_75995.4	1311	511	1308	489	962	132	460	580
646	BUB3_ENSG00000154473_75996.5	1062	286	1098	725	74	0	391	492
647	BUB3_ENSG00000154473_75997.6	1260	452	1463	983	784	269	716	750
648	C11orf30_ENSG00000158636_185847.1	1279	345	1188	419	749	0	803	703
649	C11orf30_ENSG00000158636_185848.2	224	303	255	0	0	0	130	154
650	C11orf30_ENSG00000158636_185849.3	795	432	959	615	655	178	359	470
651	C11orf30_ENSG00000158636_185850.4	487	345	505	367	0	326	109	237
652	C11orf30_ENSG00000158636_185851.5	664	185	885	547	410	859	161	432
653	C11orf30_ENSG00000158636_185852.6	853	286	779	364	1030	146	531	516
654	C14orf93_ENSG00000100802_131869.1	1375	113	1267	409	895	205	653	734
655	C14orf93_ENSG00000100802_131870.2	2248	1192	2703	1831	1214	692	1346	1448
656	C14orf93_ENSG00000100802_131871.3	1188	175	1062	492	968	118	391	544
657	C14orf93_ENSG00000100802_131872.4	1144	830	1349	765	805	443	737	705
658	C14orf93_ENSG00000100802_131873.5	804	364	761	635	834	0	104	288
659	C14orf93_ENSG00000100802_131874.6	995	338	1154	676	548	0	471	656
660	C17orf49_ENSG00000258315_195882.2	1222	254	1495	1190	273	619	600	784
661	C17orf49_ENSG00000258315_195888.8	552	109	571	0	728	120	115	253
662	C17orf49_ENSG00000258315_195889.9	956	425	1011	472	0	356	17	353
663	C17orf49_ENSG00000258315_195890.1	1865	953	1936	1231	1658	1154	436	1010
664	C1orf85_ENSG00000198715_31231.1	760	72	951	530	275	0	240	483
665	C1orf85_ENSG00000198715_31232.2	1833	832	1755	1054	1576	399	135	768
666	C1orf85_ENSG00000198715_31233.3	806	179	882	119	338	262	215	441
667	C1orf85_ENSG00000198715_31234.4	1331	506	1199	1292	624	1066	282	660
668	C1orf85_ENSG00000198715_31235.5	634	102	900	186	1021	0	493	449
669	C1orf85_ENSG00000198715_31236.6	1230	312	1348	489	804	245	557	756
670	CALCOCO1_ENSG00000012822_92073.1	1667	1054	1551	371	2811	671	298	779
671	CALCOCO1_ENSG00000012822_92074.2	1857	677	1581	1216	714	632	394	918
672	CALCOCO1_ENSG00000012822_92075.3	572	290	704	42	563	128	322	392
673	CALCOCO1_ENSG00000012822_92076.4	599	179	826	756	278	369	400	425
674	CALCOCO1_ENSG00000012822_92077.5	546	487	710	555	124	0	194	267
675	CALCOCO1_ENSG00000012822_92078.6	1167	401	1190	1146	387	284	480	618
676	CAMK4_ENSG00000152495_130380.1	809	450	1036	421	695	0	430	492
677	CAMK4_ENSG00000152495_130381.2	2105	750	2296	1185	2284	457	1066	1193
678	CAMK4_ENSG00000152495_130382.3	750	165	793	1168	556	140	177	349
679	CAMK4_ENSG00000152495_130383.4	998	351	1121	899	855	269	242	570
680	CAMK4_ENSG00000152495_130384.5	1347	781	1746	661	872	0	588	833
681	CAMK4_ENSG00000152495_130385.6	1236	539	1318	1110	1041	62	424	758
682	CAMKMT_ENSG00000143919_46281.1	852	221	872	595	0	112	198	449
683	CAMKMT_ENSG00000143919_46282.2	451	141	401	0	591	153	32	190
684	CAMKMT_ENSG00000143919_46283.3	1517	504	1626	637	196	330	689	842
685	CAMKMT_ENSG00000143919_46284.4	1684	785	1791	141	1786	895	684	972
686	CAMKMT_ENSG00000143919_46285.5	2098	710	2227	1613	1185	607	1065	1252
687	CAMKMT_ENSG00000143919_46286.6	1536	1421	1318	1563	766	0	672	708
688	CARM1_ENSG00000142453_190320.1	1414	398	1913	507	2431	249	900	949
689	CARM1_ENSG00000142453_190321.2	1243	867	1512	156	141	102	291	733
690	CARM1_ENSG00000142453_190322.3	462	231	522	0	341	126	223	400
691	CARM1_ENSG00000142453_190323.4	1919	666	1965	914	151	455	1166	970
692	CARM1_ENSG00000142453_190324.5	1107	450	989	198	502	129	357	487
693	CARM1_ENSG00000142453_190325.6	833	59	889	0	33	0	150	371
694	CBL_ENSG00000110395_63808.1	376	196	326	208	0	965	7	102
695	CBL_ENSG00000110395_63809.2	2299	1533	2889	415	1897	764	954	1371
696	CBL_ENSG00000110395_63810.3	748	438	825	0	330	0	371	472
697	CBL_ENSG00000110395_63811.4	2022	508	2043	1503	2460	812	1302	1254
698	CBL_ENSG00000110395_63812.5	2293	821	2189	1771	2253	724	499	1149
699	CBL_ENSG00000110395_63813.6	1111	186	1075	571	545	290	342	632
700	CBX2_ENSG00000173894_180260.1	1240	647	1111	649	1489	153	542	665
701	CBX2_ENSG00000173894_180261.2	975	257	998	384	627	257	402	565
702	CBX2_ENSG00000173894_180262.3	103	38	117	0	0	0	27	65
703	CBX2_ENSG00000173894_180263.4	749	194	768	234	1295	262	110	403
704	CBX2_ENSG00000173894_180264.5	731	475	715	484	247	144	131	320
705	CBX2_ENSG00000173894_180265.6	1561	364	1717	1434	1613	406	196	636
706	CBX4_ENSG00000141582_118446.1	459	182	613	628	6	0	240	251
707	CBX4_ENSG00000141582_118447.2	2162	493	2910	2614	2480	690	1491	1561
708	CBX4_ENSG00000141582_118448.3	907	261	935	305	520	0	253	485
709	CBX4_ENSG00000141582_118449.4	1110	266	1471	367	1622	221	492	747
710	CBX4_ENSG00000141582_118450.5	693	458	876	864	1083	379	144	429
711	CBX4_ENSG00000141582_118451.6	1214	277	1039	535	679	130	225	446
712	CBX5_ENSG00000094916_162670.1	1328	472	1553	1690	1102	449	695	837
713	CBX5_ENSG00000094916_162671.2	939	317	1136	375	716	306	384	491
714	CBX5_ENSG00000094916_162672.3	548	251	497	0	463	289	126	241
715	CBX5_ENSG00000094916_162673.4	300	240	289	0	0	0	5	129
716	CBX5_ENSG00000094916_162674.5	664	416	655	666	1052	79	100	357
717	CBX5_ENSG00000094916_162675.6	159	71	102	0	287	0	63	85
718	CBX6_ENSG00000183741_15692.1	1596	624	1883	1034	1534	129	574	932
719	CBX6_ENSG00000183741_15693.2	1417	521	1499	373	1926	144	636	726
720	CBX6_ENSG00000183741_15694.3	771	260	873	540	1456	421	196	358
721	CBX6_ENSG00000183741_15695.4	831	464	803	0	285	112	138	442
722	CBX6_ENSG00000183741_15696.5	424	279	453	301	240	0	130	185
723	CBX6_ENSG00000183741_15697.6	1024	360	1407	843	651	697	582	636
724	CBX7_ENSG00000100307_142623.1	721	631	860	118	2077	0	282	392
725	CBX7_ENSG00000100307_142624.2	1711	395	2036	1089	1184	1141	129	686
726	CBX7_ENSG00000100307_142625.3	1289	722	1402	561	1495	0	381	779
727	CBX7_ENSG00000100307_142626.4	784	0	829	400	404	421	25	321
728	CBX7_ENSG00000100307_142627.5	692	146	806	378	0	0	512	478
729	CBX7_ENSG00000100307_142628.6	1302	592	1477	857	196	682	416	729
730	CBX8_ENSG00000141570_43606.1	511	99	450	235	1077	120	205	299
731	CBX8_ENSG00000141570_43607.2	1114	519	1682	642	1055	501	605	807
732	CBX8_ENSG00000141570_43608.3	567	427	507	757	285	60	234	271
733	CBX8_ENSG00000141570_43609.4	586	239	731	851	764	0	125	328
734	CBX8_ENSG00000141570_43610.5	1179	502	1170	980	6	630	487	690
735	CBX8_ENSG00000141570_43611.6	871	235	975	392	980	510	279	529
736	CCDC101_ENSG00000176476_174449.1	2280	1252	2269	1114	1384	435	900	1419
737	CCDC101_ENSG00000176476_174450.2	912	383	1257	723	583	378	382	585
738	CCDC101_ENSG00000176476_174451.3	829	312	862	370	945	0	113	397
739	CCDC101_ENSG00000176476_174452.4	774	240	1017	272	2152	133	256	513
740	CCDC101_ENSG00000176476_174453.5	1744	675	1763	763	405	263	466	780
741	CCDC101_ENSG00000176476_174454.6	601	241	952	106	1	0	297	421
742	CCDC79_ENSG00000249961_118196.1	2060	527	2170	421	1918	263	974	1340
743	CCDC79_ENSG00000249961_118197.2	2364	1385	2402	1764	1073	238	718	1314
744	CCDC79_ENSG00000249961_118198.3	977	398	951	140	167	384	415	550
745	CCDC79_ENSG00000249961_118199.4	376	61	487	204	15	279	215	407
746	CCDC79_ENSG00000249961_118200.5	680	434	715	469	267	732	367	365
747	CCDC79_ENSG00000249961_118201.6	1460	570	1680	563	534	542	779	827
748	CCNH_ENSG00000134480_151161.1	650	257	693	112	342	0	111	375
749	CCNH_ENSG00000134480_151162.2	1001	428	1024	1383	1069	0	241	547
750	CCNH_ENSG00000134480_151163.3	861	252	965	270	1251	254	309	490
751	CCNH_ENSG00000134480_151164.4	390	0	377	0	397	0	95	162
752	CCNH_ENSG00000134480_151165.5	1661	1194	1845	422	1423	556	723	1003
753	CCNH_ENSG00000134480_151166.6	1027	136	1175	689	479	413	375	510
754	CCNK_ENSG00000090061_110267.1	747	532	982	1092	1307	281	302	532
755	CCNK_ENSG00000090061_110268.2	2814	677	3056	2992	2034	1383	581	1616
756	CCNK_ENSG00000090061_110269.3	2482	1083	2832	2437	2839	830	1255	1821
757	CCNK_ENSG00000090061_110270.4	683	223	779	842	648	287	284	423
758	CCNK_ENSG00000090061_110271.5	2584	1095	3113	2703	2675	536	812	1495
759	CCNK_ENSG00000090061_110272.6	1235	365	1229	1321	936	662	555	741
760	CCNT1_ENSG00000129315_84878.1	1550	710	1348	693	413	330	421	815
761	CCNT1_ENSG00000129315_84879.2	933	466	1343	395	605	275	780	700
762	CCNT1_ENSG00000129315_84880.3	733	582	892	423	28	0	316	505
763	CCNT1_ENSG00000129315_84881.4	2710	1031	2811	1669	3390	885	331	1379
764	CCNT1_ENSG00000129315_84882.5	929	291	1069	665	767	152	259	494
765	CCNT1_ENSG00000129315_84883.6	361	76	303	0	275	362	119	172
766	CCNT2_ENSG00000082258_9839.1	1697	548	1988	790	1975	0	525	952
767	CCNT2_ENSG00000082258_9840.2	382	133	396	166	737	289	152	307
768	CCNT2_ENSG00000082258_9841.3	1792	1084	2007	896	3506	391	885	1261
769	CCNT2_ENSG00000082258_9842.4	1105	385	978	510	499	0	258	546
770	CCNT2_ENSG00000082258_9843.5	1813	725	1933	614	1031	429	823	1002
771	CCNT2_ENSG00000082258_9844.6	1915	527	2076	902	2002	1070	519	1216
772	CDA_ENSG00000158825_52059.1	1542	423	1801	1359	1802	698	670	905
773	CDA_ENSG00000158825_52060.2	1491	406	1796	1046	2676	557	757	962
774	CDA_ENSG00000158825_52061.3	1814	606	1942	610	959	119	517	931
775	CDA_ENSG00000158825_52062.4	1196	586	1092	410	1859	277	607	624
776	CDA_ENSG00000158825_52063.5	676	143	615	600	245	263	374	384
777	CDA_ENSG00000158825_52064.6	1978	754	2052	1125	1988	142	995	997
778	CDC34_ENSG00000099804_34284.1	1998	601	1913	761	839	155	1061	944
779	CDC34_ENSG00000099804_34285.2	490	149	480	189	551	256	163	252
780	CDC34_ENSG00000099804_34286.3	1329	482	1376	851	927	141	285	709
781	CDC34_ENSG00000099804_34287.4	872	0	682	612	1046	398	215	326
782	CDC34_ENSG00000099804_34288.5	841	0	863	700	731	121	331	436
783	CDC34_ENSG00000099804_34289.6	466	162	419	159	0	276	234	292
784	CDC5L_ENSG00000096401_185045.1	982	574	969	1458	828	389	224	461
785	CDC5L_ENSG00000096401_185046.2	906	500	913	710	2603	682	199	452
786	CDC5L_ENSG00000096401_185047.3	1803	531	1996	1032	172	743	800	1158
787	CDC5L_ENSG00000096401_185048.4	1688	631	1636	1636	1504	352	326	863
788	CDC5L_ENSG00000096401_185049.5	1902	767	1891	812	1368	1123	197	928
789	CDC5L_ENSG00000096401_185050.6	902	483	716	775	269	0	286	318
790	CDC6_ENSG00000094804_8957.1	292	60	438	389	1758	272	133	196
791	CDC6_ENSG00000094804_8958.2	1441	649	1659	895	1824	385	484	778
792	CDC6_ENSG00000094804_8959.3	993	229	838	1040	502	117	380	574
793	CDC6_ENSG00000094804_8960.4	935	271	875	305	615	690	186	384
794	CDC6_ENSG00000094804_8961.5	1317	400	1372	1253	1014	413	154	533
795	CDC6_ENSG00000094804_8962.6	1301	346	1197	425	1296	789	369	421
796	CDC73_ENSG00000134371_15022.1	920	392	908	245	567	0	513	575
797	CDC73_ENSG00000134371_15023.2	206	0	248	499	0	269	100	143
798	CDC73_ENSG00000134371_15024.3	530	0	520	341	969	165	107	202
799	CDC73_ENSG00000134371_15025.4	1378	319	1607	2085	3950	1714	479	879
800	CDC73_ENSG00000134371_15026.5	1183	952	1494	1252	2990	990	653	834
801	CDC73_ENSG00000134371_15027.6	654	147	674	1055	330	264	180	475
802	CDCA2_ENSG00000184661_56091.1	1157	417	1072	1485	1228	521	604	606
803	CDCA2_ENSG00000184661_56092.2	2735	1217	3192	1497	1963	1199	1780	1845
804	CDCA2_ENSG00000184661_56093.3	1145	266	1041	246	418	464	350	557
805	CDCA2_ENSG00000184661_56094.4	1142	647	1277	897	621	311	238	600
806	CDCA2_ENSG00000184661_56095.5	234	113	428	210	722	0	84	188
807	CDCA2_ENSG00000184661_56096.6	3165	544	3318	1399	2772	1126	1129	1735
808	CDCA7L_ENSG00000164649_99295.1	707	380	873	532	299	522	124	375
809	CDCA7L_ENSG00000164649_99296.2	764	574	675	213	670	470	231	393
810	CDCA7L_ENSG00000164649_99297.3	1423	430	1370	513	260	0	293	677
811	CDCA7L_ENSG00000164649_99298.4	711	325	722	363	227	161	318	447
812	CDCA7L_ENSG00000164649_99299.5	1053	247	1080	859	1415	157	117	543
813	CDCA7L_ENSG00000164649_99300.6	1896	652	1997	804	2205	705	362	799
814	CDK12_ENSG00000167258_52940.1	1287	300	1424	633	536	1002	575	775
815	CDK12_ENSG00000167258_52941.2	2238	435	2512	1059	1577	548	1643	1396
816	CDK12_ENSG00000167258_52942.3	1186	386	1150	668	1399	940	615	704
817	CDK12_ENSG00000167258_52943.4	1407	1335	1692	677	696	259	837	904
818	CDK12_ENSG00000167258_52944.5	2341	1581	3171	1830	2560	1260	909	1692
819	CDK12_ENSG00000167258_52945.6	722	277	774	79	309	296	523	391
820	CDK13_ENSG00000065883_18220.1	1480	785	1779	1189	610	131	547	805
821	CDK13_ENSG00000065883_18221.2	1370	266	1436	394	1854	461	615	742
822	CDK13_ENSG00000065883_18222.3	24	73	68	216	0	0	3	24
823	CDK13_ENSG00000065883_18223.4	1163	384	1370	474	826	143	403	686
824	CDK13_ENSG00000065883_18224.5	881	352	685	309	537	307	86	361
825	CDK13_ENSG00000065883_18225.6	1864	933	2299	1631	3290	644	220	913
826	CDK17_ENSG00000059758_141404.1	1092	328	1279	920	0	858	473	689
827	CDK17_ENSG00000059758_141405.2	765	365	965	811	0	0	511	566
828	CDK17_ENSG00000059758_141406.3	709	212	912	153	1341	150	351	550
829	CDK17_ENSG00000059758_141407.4	1708	728	2109	1229	2243	725	825	965
830	CDK17_ENSG00000059758_141408.5	2535	724	3008	1853	2306	139	1119	1564
831	CDK17_ENSG00000059758_141409.6	1881	699	2127	855	1444	1182	923	1054
832	CDK2AP1_ENSG00000111328_200789.1	625	248	682	315	317	0	228	315
833	CDK2AP1_ENSG00000111328_200790.2	886	316	981	472	265	377	272	414
834	CDK2AP1_ENSG00000111328_200791.3	2327	985	2500	1715	3116	1017	1176	1314
835	CDK2AP1_ENSG00000111328_200792.4	2370	435	2621	2172	1192	706	900	1272
836	CDK2AP1_ENSG00000111328_200793.5	1542	555	1681	956	1127	681	432	860
837	CDK2AP1_ENSG00000111328_200794.6	1519	498	1650	493	683	629	732	824
838	CDK5_ENSG00000164885_149774.1	336	219	374	367	240	135	129	214
839	CDK5_ENSG00000164885_149775.2	518	296	429	107	250	0	61	215
840	CDK5_ENSG00000164885_149776.3	914	367	928	357	1901	0	433	525
841	CDK5_ENSG00000164885_149777.4	549	202	523	4	524	0	160	303
842	CDK5_ENSG00000164885_149778.5	650	445	591	133	520	281	58	358
843	CDK5_ENSG00000164885_149779.6	1596	685	1881	1147	814	0	428	988
844	CDK7_ENSG00000134058_107005.1	538	376	526	497	0	0	235	290
845	CDK7_ENSG00000134058_107006.2	1522	540	1730	823	1494	0	685	848
846	CDK7_ENSG00000134058_107007.3	315	120	378	342	0	0	81	195
847	CDK7_ENSG00000134058_107008.4	884	586	919	164	504	388	420	534
848	CDK7_ENSG00000134058_107009.5	548	254	540	336	219	122	31	298
849	CDK7_ENSG00000134058_107010.6	1119	375	1044	187	949	150	475	520
850	CDK8_ENSG00000132964_98478.1	1660	570	1859	902	1183	1518	725	1257
851	CDK8_ENSG00000132964_98479.2	1518	572	1677	1414	302	251	405	869
852	CDK8_ENSG00000132964_98480.3	501	115	513	1062	278	0	76	259
853	CDK8_ENSG00000132964_98481.4	705	227	1010	961	825	262	406	542
854	CDK8_ENSG00000132964_98482.5	2993	1278	3228	1552	1747	1028	1113	1711
855	CDK8_ENSG00000132964_98483.6	865	275	1098	426	2222	263	403	561
856	CDK9_ENSG00000136807_155186.1	584	444	889	192	1133	892	421	517
857	CDK9_ENSG00000136807_155187.2	714	63	785	315	124	140	181	405
858	CDK9_ENSG00000136807_155188.3	664	361	520	547	1532	1	161	261
859	CDK9_ENSG00000136807_155189.4	961	82	871	317	671	0	330	510
860	CDK9_ENSG00000136807_155190.5	2142	880	2136	1334	1462	990	711	1161
861	CDK9_ENSG00000136807_155191.6	1053	330	1397	460	164	535	247	655
862	CDYL_ENSG00000153046_11751.1	1073	277	1165	1117	849	587	447	581
863	CDYL_ENSG00000153046_11752.2	1430	522	1428	1021	591	157	735	820
864	CDYL_ENSG00000153046_11753.3	2403	426	2334	728	2018	254	674	1132
865	CDYL_ENSG00000153046_11754.4	1204	370	975	1131	193	268	92	546
866	CDYL_ENSG00000153046_11755.5	920	615	1066	401	532	392	210	514
867	CDYL_ENSG00000153046_11756.6	2205	352	2364	684	1814	818	747	1313
868	CDYL2_ENSG00000166446_179365.1	1001	37	1012	359	2422	409	225	545
869	CDYL2_ENSG00000166446_179366.2	1242	586	1607	1479	0	153	708	808
870	CDYL2_ENSG00000166446_179367.3	796	532	1234	393	653	392	531	553
871	CDYL2_ENSG00000166446_179368.4	1231	449	1536	1099	882	577	559	715
872	CDYL2_ENSG00000166446_179369.5	1137	294	764	351	2102	637	357	518
873	CDYL2_ENSG00000166446_179370.6	875	64	911	760	395	0	292	395
874	CECR2_ENSG00000099954_105817.1	1298	263	1056	1061	446	256	361	664
875	CECR2_ENSG00000099954_105818.2	467	220	558	0	291	0	33	171
876	CECR2_ENSG00000099954_105819.3	1183	491	1178	210	635	207	401	584
877	CECR2_ENSG00000099954_105820.4	707	41	751	514	912	0	202	270
878	CECR2_ENSG00000099954_105821.5	3370	944	3303	1386	2945	800	1760	1702
879	CECR2_ENSG00000099954_105822.6	1793	1314	2094	1645	643	284	471	1214
880	CECR6_ENSG00000183307_183152.1	954	208	1002	979	1058	0	265	476
881	CECR6_ENSG00000183307_183153.2	1498	223	1922	462	1117	472	985	904
882	CECR6_ENSG00000183307_183154.3	1564	430	1656	1048	809	0	234	719
883	CECR6_ENSG00000183307_183155.4	665	226	600	203	346	0	204	266
884	CECR6_ENSG00000183307_183156.5	517	129	470	0	560	0	72	207
885	CECR6_ENSG00000183307_183157.6	831	345	793	848	2007	0	121	341
886	CENPA_ENSG00000115163_130093.1	441	66	479	396	0	138	48	226
887	CENPA_ENSG00000115163_130094.2	872	387	799	418	569	61	316	468
888	CENPA_ENSG00000115163_130095.3	1902	592	2174	1267	1299	308	704	1122
889	CENPA_ENSG00000115163_130096.4	737	54	951	357	284	271	51	319
890	CENPA_ENSG00000115163_130097.5	772	184	528	173	0	276	20	214
891	CENPA_ENSG00000115163_130098.6	680	686	641	781	847	0	535	368
892	CENPB_ENSG00000125817_82996.1	1520	453	1694	526	1331	649	611	838
893	CENPB_ENSG00000125817_82997.2	578	308	541	0	554	336	298	304
894	CENPB_ENSG00000125817_82998.3	2047	934	2139	1821	2677	862	1112	1075
895	CENPB_ENSG00000125817_82999.4	1007	500	1073	0	1065	237	356	518
896	CENPB_ENSG00000125817_83000.5	1156	128	1247	804	468	385	105	557
897	CENPB_ENSG00000125817_83001.6	718	221	862	582	961	208	101	302
898	CENPC_ENSG00000145241_198040.1	870	431	994	861	113	154	134	544
899	CENPC_ENSG00000145241_198041.2	3544	1403	3525	1025	2631	1629	2206	2190
900	CENPC_ENSG00000145241_198042.3	1997	486	2137	662	3741	412	718	1108
901	CENPC_ENSG00000145241_198043.4	1412	550	1209	509	735	529	147	578
902	CENPC_ENSG00000145241_198044.5	923	295	964	402	283	0	497	575
903	CENPC_ENSG00000145241_198045.6	884	261	731	549	843	83	354	454
904	CENPE_ENSG00000138778_202761.1	1779	557	1441	974	1148	409	521	693
905	CENPE_ENSG00000138778_202762.2	1032	492	1246	1	485	138	419	402
906	CENPE_ENSG00000138778_202763.3	1568	395	1844	188	2615	489	641	997
907	CENPE_ENSG00000138778_202764.4	1597	563	1207	353	1200	283	658	489
908	CENPE_ENSG00000138778_202765.5	1234	383	1270	1460	2635	302	565	689
909	CENPE_ENSG00000138778_202766.6	1209	553	1138	586	1436	196	428	663
910	CENPF_ENSG00000117724_32923.1	1586	432	1814	1031	449	700	906	972
911	CENPF_ENSG00000117724_32924.2	1741	509	1760	822	2252	150	728	891
912	CENPF_ENSG00000117724_32925.3	1074	349	1265	180	477	105	654	630
913	CENPF_ENSG00000117724_32926.4	1137	286	1370	851	568	259	345	535
914	CENPF_ENSG00000117724_32927.5	538	133	580	228	52	0	260	361
915	CENPF_ENSG00000117724_32928.6	1648	501	1775	471	278	573	801	808
916	CENPH_ENSG00000153044_11731.1	884	167	922	446	1946	140	405	469
917	CENPH_ENSG00000153044_11732.2	6784	1704	7417	3447	5840	1816	4208	3785
918	CENPH_ENSG00000153044_11733.3	1185	508	1299	781	726	0	359	617
919	CENPH_ENSG00000153044_11734.4	440	129	700	514	410	264	102	265
920	CENPH_ENSG00000153044_11736.6	955	645	1140	675	712	669	170	587
921	CENPI_ENSG00000102384_114110.1	2594	751	2808	1240	1170	499	1626	1465
922	CENPI_ENSG00000102384_114111.2	2193	556	2161	876	2120	951	886	1138
923	CENPI_ENSG00000102384_114112.3	1947	797	2117	547	578	398	811	1201
924	CENPI_ENSG00000102384_114113.4	2025	731	2057	1043	1505	483	784	1145
925	CENPI_ENSG00000102384_114114.5	1771	467	1672	867	1177	849	397	1122
926	CENPI_ENSG00000102384_114115.6	1379	554	1288	595	831	265	454	743
927	CENPJ_ENSG00000151849_83316.1	1421	480	1391	721	482	686	39	391
928	CENPJ_ENSG00000151849_83317.2	1234	398	1284	463	379	259	384	636
929	CENPJ_ENSG00000151849_83318.3	1140	617	1017	828	733	146	106	523
930	CENPJ_ENSG00000151849_83319.4	3334	1551	3718	2300	3339	1568	993	1896
931	CENPJ_ENSG00000151849_83320.5	811	357	983	278	621	137	257	544
932	CENPJ_ENSG00000151849_83321.6	1036	269	1038	0	476	223	369	507
933	CENPK_ENSG00000123219_146462.1	694	248	882	290	279	0	376	510
934	CENPK_ENSG00000123219_146463.2	1352	303	1554	87	883	323	794	857
935	CENPK_ENSG00000123219_146464.3	914	269	846	690	328	284	203	433
936	CENPK_ENSG00000123219_146465.4	1566	198	1596	1247	761	698	467	883
937	CENPK_ENSG00000123219_146466.5	1066	339	1164	619	1073	564	209	664
938	CENPK_ENSG00000123219_146467.6	1064	264	1056	871	0	262	408	600
939	CENPL_ENSG00000120334_38274.1	934	530	1062	498	325	418	568	530
940	CENPL_ENSG00000120334_38275.2	525	276	424	469	1725	370	83	259
941	CENPL_ENSG00000120334_38276.3	634	130	813	365	1277	308	305	446
942	CENPL_ENSG00000120334_38277.4	2410	918	2427	550	1117	935	891	1300
943	CENPL_ENSG00000120334_38278.5	1730	134	1940	1689	1342	591	643	1119
944	CENPL_ENSG00000120334_38279.6	1334	762	1409	527	623	224	203	548
945	CENPM_ENSG00000100162_142983.1	2554	1095	2714	1438	1275	792	1162	1392
946	CENPM_ENSG00000100162_142984.2	2019	490	2252	1239	852	331	786	1198
947	CENPM_ENSG00000100162_142985.3	2056	902	2233	1125	1207	241	672	1141
948	CENPM_ENSG00000100162_142986.4	672	24	513	231	635	0	116	242
949	CENPM_ENSG00000100162_142987.5	1994	677	2137	988	816	129	805	1088
950	CENPM_ENSG00000100162_142988.6	424	206	538	578	234	0	104	344
951	CENPN_ENSG00000166451_65492.1	1096	408	1258	745	780	288	663	685
952	CENPN_ENSG00000166451_65493.2	1329	448	1259	1033	1300	0	392	669
953	CENPN_ENSG00000166451_65494.3	1879	578	1730	1786	2113	675	142	843
954	CENPN_ENSG00000166451_65495.4	182	0	212	0	0	0	108	109
955	CENPN_ENSG00000166451_65496.5	811	296	820	146	850	0	359	473
956	CENPN_ENSG00000166451_65497.6	1499	540	1387	328	549	800	150	733
957	CENPO_ENSG00000138092_37424.1	1007	149	742	362	1533	306	153	422
958	CENPO_ENSG00000138092_37425.2	1169	298	1012	723	268	415	279	606
959	CENPO_ENSG00000138092_37426.3	583	348	450	305	747	254	111	209
960	CENPO_ENSG00000138092_37427.4	943	508	846	723	1151	298	384	437
961	CENPO_ENSG00000138092_37428.5	612	302	553	195	289	427	209	282
962	CENPO_ENSG00000138092_37429.6	614	231	438	366	268	284	106	269
963	CENPP_ENSG00000188312_166071.1	2055	613	2510	962	549	935	1084	1255
964	CENPP_ENSG00000188312_166072.2	816	301	1166	580	1766	237	452	616
965	CENPP_ENSG00000188312_166073.3	1898	176	1657	920	1424	268	791	928
966	CENPP_ENSG00000188312_166074.4	1394	334	1278	735	1045	119	418	688
967	CENPP_ENSG00000188312_166075.5	611	307	806	297	0	271	217	405
968	CENPP_ENSG00000188312_166076.6	1253	506	851	341	1292	457	254	495
969	CENPQ_ENSG00000031691_185543.1	1098	223	1340	673	314	116	426	762
970	CENPQ_ENSG00000031691_185544.2	1618	698	1595	393	2024	284	517	887
971	CENPQ_ENSG00000031691_185545.3	1179	400	984	338	636	290	165	441
972	CENPQ_ENSG00000031691_185546.4	1278	490	1472	396	1476	145	256	687
973	CENPQ_ENSG00000031691_185547.5	2663	899	2830	1653	2178	380	311	1196
974	CENPQ_ENSG00000031691_185548.6	855	378	822	622	565	423	192	425
975	CENPT_ENSG00000102901_49452.1	402	0	550	436	0	0	198	246
976	CENPT_ENSG00000102901_49453.2	1625	824	1699	961	1275	1012	201	753
977	CENPT_ENSG00000102901_49454.3	2011	900	1846	885	2405	197	313	794
978	CENPT_ENSG00000102901_49455.4	1062	362	1001	686	924	267	299	516
979	CENPT_ENSG00000102901_49456.5	147	0	61	0	0	149	17	27
980	CENPT_ENSG00000102901_49457.6	1532	525	1519	747	300	547	618	760
981	CENPV_ENSG00000166582_199196.1	575	334	580	314	475	0	28	209
982	CENPV_ENSG00000166582_199197.2	1803	594	1880	961	846	578	320	870
983	CENPV_ENSG00000166582_199198.3	754	417	824	374	650	365	350	455
984	CENPV_ENSG00000166582_199199.4	342	0	595	220	133	0	34	167
985	CENPV_ENSG00000166582_199200.5	1918	363	2066	1634	1048	251	950	1107
986	CENPV_ENSG00000166582_199201.6	961	318	1095	472	625	534	177	441
987	CENPW_ENSG00000203760_45103.1	970	549	1015	212	1671	415	262	475
988	CENPW_ENSG00000203760_45104.2	1302	669	1377	481	543	417	493	778
989	CENPW_ENSG00000203760_45105.3	1808	147	1767	773	984	764	1007	981
990	CENPW_ENSG00000203760_45106.4	116	190	97	0	0	0	86	78
991	CENPW_ENSG00000203760_45107.5	616	123	628	945	297	0	173	329
992	CHAF1A_ENSG00000167670_121194.1	1574	374	1315	1197	492	598	207	614
993	CHAF1A_ENSG00000167670_121195.2	3168	1523	3313	728	2809	1690	2339	2092
994	CHAF1A_ENSG00000167670_121196.3	1199	701	1050	600	2	120	87	525
995	CHAF1A_ENSG00000167670_121197.4	841	212	895	826	3599	654	450	383
996	CHAF1A_ENSG00000167670_121198.5	638	204	610	474	1618	272	220	360
997	CHAF1A_ENSG00000167670_121199.6	1201	391	1273	129	239	273	609	825
998	CHAF1B_ENSG00000159259_199544.1	739	630	782	507	575	0	135	354
999	CHAF1B_ENSG00000159259_199545.2	638	28	751	783	858	138	371	384
1000	CHAF1B_ENSG00000159259_199546.3	1321	434	1344	1838	1027	416	624	825
1001	CHAF1B_ENSG00000159259_199547.4	1618	625	1345	9039	773	510	110	687
1002	CHAF1B_ENSG00000159259_199548.5	821	119	513	715	1488	296	214	365
1003	CHAF1B_ENSG00000159259_199549.6	844	360	935	685	1645	376	163	454
1004	CHD1_ENSG00000153922_23158.1	1558	349	1680	1434	1581	491	998	1021
1005	CHD1_ENSG00000153922_23159.2	1867	496	1630	790	1083	171	682	990
1006	CHD1_ENSG00000153922_23160.3	1621	379	1547	1136	20	296	569	794
1007	CHD1_ENSG00000153922_23161.4	3062	675	3315	1112	2171	695	1694	1801
1008	CHD1_ENSG00000153922_23162.5	1280	118	1147	681	458	136	587	624
1009	CHD1_ENSG00000153922_23163.6	783	347	757	0	7	423	202	393
1010	CHD1L_ENSG00000131778_197790.1	1057	209	1054	1052	676	84	110	406
1011	CHD1L_ENSG00000131778_197791.2	821	196	1046	275	232	294	574	685
1012	CHD1L_ENSG00000131778_197792.3	1585	535	1521	1116	2008	144	462	770
1013	CHD1L_ENSG00000131778_197793.4	1534	390	1923	1292	2359	611	813	1024
1014	CHD1L_ENSG00000131778_197794.5	1245	509	1337	164	286	678	433	668
1015	CHD1L_ENSG00000131778_197795.6	880	369	902	652	391	314	315	516
1016	CHD2_ENSG00000173575_123285.1	846	75	725	772	396	584	146	388
1017	CHD2_ENSG00000173575_123286.2	1969	526	2055	1021	1290	445	1034	1335
1018	CHD2_ENSG00000173575_123287.3	563	153	597	212	353	67	252	451
1019	CHD2_ENSG00000173575_123288.4	1916	609	2071	1311	539	400	1012	1103
1020	CHD2_ENSG00000173575_123289.5	2732	930	2742	759	2581	998	1087	1408
1021	CHD2_ENSG00000173575_123290.6	1247	471	1215	913	619	353	247	622
1022	CHD3_ENSG00000170004_94114.1	486	0	718	0	196	0	370	331
1023	CHD3_ENSG00000170004_94115.2	1876	389	2101	1372	1610	1015	139	933
1024	CHD3_ENSG00000170004_94116.3	1491	282	1370	928	1873	402	377	879
1025	CHD3_ENSG00000170004_94117.4	510	113	499	906	339	124	447	331
1026	CHD3_ENSG00000170004_94118.5	1251	619	1358	135	1045	230	305	785
1027	CHD3_ENSG00000170004_94119.6	606	313	651	328	683	0	101	370
1028	CHD4_ENSG00000111642_28423.1	1467	549	1247	387	1734	258	528	654
1029	CHD4_ENSG00000111642_28424.2	1638	387	1529	1552	250	268	263	829
1030	CHD4_ENSG00000111642_28425.3	722	318	799	146	436	131	87	315
1031	CHD4_ENSG00000111642_28426.4	1375	675	1310	961	1407	261	206	695
1032	CHD4_ENSG00000111642_28427.5	1183	502	1308	911	753	0	445	694
1033	CHD4_ENSG00000111642_28428.6	1746	1257	2210	1378	2997	276	895	1212
1034	CHD5_ENSG00000116254_172527.1	1590	403	1256	390	0	0	837	679
1035	CHD5_ENSG00000116254_172528.2	1343	413	1429	693	1833	155	548	849
1036	CHD5_ENSG00000116254_172529.3	1718	948	1946	1111	1392	222	629	995
1037	CHD5_ENSG00000116254_172530.4	2606	636	2133	1700	2703	624	565	1115
1038	CHD5_ENSG00000116254_172531.5	898	487	1131	354	435	62	228	527
1039	CHD5_ENSG00000116254_172532.6	1144	486	1205	1485	786	122	344	594
1040	CHD6_ENSG00000124177_52189.1	1228	603	1390	881	800	260	606	757
1041	CHD6_ENSG00000124177_52190.2	2010	530	2189	1076	2473	548	1130	1115
1042	CHD6_ENSG00000124177_52191.3	463	74	584	169	206	0	179	315
1043	CHD6_ENSG00000124177_52192.4	3511	1382	3543	1890	3809	1250	1185	1817
1044	CHD6_ENSG00000124177_52193.5	335	231	401	322	228	153	36	137
1045	CHD6_ENSG00000124177_52194.6	908	374	1164	343	562	583	446	573
1046	CHD7_ENSG00000171316_78153.1	162	48	233	0	0	0	57	130
1047	CHD7_ENSG00000171316_78154.2	2120	726	2078	719	1187	128	674	1035
1048	CHD7_ENSG00000171316_78155.3	760	93	693	153	307	5	343	336
1049	CHD7_ENSG00000171316_78156.4	1451	644	1581	2042	342	536	299	788
1050	CHD7_ENSG00000171316_78157.5	981	521	992	287	1087	710	473	549
1051	CHD7_ENSG00000171316_78158.6	1565	572	1481	1121	332	210	960	865
1052	CHD8_ENSG00000100888_161810.1	1438	816	1406	531	616	514	526	866
1053	CHD8_ENSG00000100888_161811.2	2962	541	3641	1010	2745	281	2796	1978
1054	CHD8_ENSG00000100888_161812.3	1048	413	1118	971	1314	473	145	557
1055	CHD8_ENSG00000100888_161813.4	1185	520	1264	745	2228	381	399	662
1056	CHD8_ENSG00000100888_161814.5	1175	374	1410	798	1095	138	853	756
1057	CHD8_ENSG00000100888_161815.6	1291	372	1075	746	1270	716	415	686
1058	CHD9_ENSG00000177200_99655.1	1294	766	1438	757	860	411	392	799
1059	CHD9_ENSG00000177200_99656.2	1162	339	1117	818	614	130	444	632
1060	CHD9_ENSG00000177200_99657.3	1266	295	1222	189	1707	272	370	706
1061	CHD9_ENSG00000177200_99658.4	1386	554	1390	280	266	270	408	736
1062	CHD9_ENSG00000177200_99659.5	776	391	804	162	0	75	225	448
1063	CHD9_ENSG00000177200_99660.6	2591	792	2740	1553	2668	559	1017	1458
1064	CHMP1A_ENSG00000131165_46111.1	2213	1039	2352	1930	1759	552	547	1263
1065	CHMP1A_ENSG00000131165_46112.2	819	317	848	614	552	285	197	390
1066	CHMP1A_ENSG00000131165_46113.3	1666	948	1538	1157	2442	265	658	1022
1067	CHMP1A_ENSG00000131165_46114.4	1805	403	1426	744	902	464	866	923
1068	CHMP1A_ENSG00000131165_46115.5	1122	175	936	1041	704	0	338	588
1069	CHMP1A_ENSG00000131165_46116.6	824	321	891	575	1848	0	237	464
1070	CHMP2A_ENSG00000130724_87101.1	652	101	542	221	0	153	121	324
1071	CHMP2A_ENSG00000130724_87102.2	1535	281	1888	2100	1131	437	538	1008
1072	CHMP2A_ENSG00000130724_87103.3	889	266	745	952	1198	391	42	375
1073	CHMP2A_ENSG00000130724_87104.4	3266	1521	3329	1130	1445	1400	1582	2063
1074	CHMP2A_ENSG00000130724_87105.5	288	28	303	211	166	150	151	207
1075	CHMP2A_ENSG00000130724_87106.6	807	382	926	710	1969	136	388	485
1076	CHMP2B_ENSG00000083937_77673.1	1239	305	1459	1123	2024	566	462	850
1077	CHMP2B_ENSG00000083937_77674.2	1733	387	1771	994	938	389	1009	1178
1078	CHMP2B_ENSG00000083937_77675.3	323	60	380	137	260	301	173	179
1079	CHMP2B_ENSG00000083937_77676.4	1552	468	1499	1771	2302	579	491	925
1080	CHMP2B_ENSG00000083937_77677.5	1589	677	1723	1733	2187	161	629	951
1081	CHMP2B_ENSG00000083937_77678.6	393	64	364	1	303	136	111	226
1082	CHMP3_ENSG00000115561_86571.1	1212	172	1379	734	2570	432	720	763
1083	CHMP3_ENSG00000115561_86572.2	690	182	977	642	942	291	307	510
1084	CHMP3_ENSG00000115561_86573.3	847	149	858	504	1037	0	216	428
1085	CHMP3_ENSG00000115561_86574.4	213	166	288	12	564	0	31	105
1086	CHMP3_ENSG00000115561_86575.5	1504	782	1803	1248	1894	512	557	1001
1087	CHMP3_ENSG00000115561_86576.6	1992	299	2113	1089	2518	338	975	1274
1088	CHMP4B_ENSG00000101421_15984.1	692	759	721	562	795	137	156	422
1089	CHMP4B_ENSG00000101421_15985.2	2037	834	2052	1421	1599	1237	486	999
1090	CHMP4B_ENSG00000101421_15986.3	962	441	1100	375	1274	567	183	514
1091	CHMP4B_ENSG00000101421_15987.4	1226	325	1374	572	641	579	310	551
1092	CHMP4B_ENSG00000101421_15988.5	588	427	767	452	1858	729	239	368
1093	CHMP4B_ENSG00000101421_15989.6	1021	403	1274	995	852	545	292	659
1094	CHMP4C_ENSG00000164695_16474.1	408	189	879	613	288	0	102	239
1095	CHMP4C_ENSG00000164695_16475.2	543	84	492	484	506	363	36	268
1096	CHMP4C_ENSG00000164695_16476.3	2977	887	3432	1881	1540	852	1762	1783
1097	CHMP4C_ENSG00000164695_16477.4	1656	369	1793	456	1721	240	888	1009
1098	CHMP4C_ENSG00000164695_16478.5	1625	639	1545	1162	2144	345	165	780
1099	CHMP4C_ENSG00000164695_16479.6	2198	847	2559	1425	1421	868	1009	1193
1100	CHMP5_ENSG00000086065_124224.1	1725	974	1924	1210	2631	1649	568	980
1101	CHMP5_ENSG00000086065_124225.2	302	309	271	68	755	0	161	186
1102	CHMP5_ENSG00000086065_124226.3	1117	356	1196	1507	1260	1090	520	651
1103	CHMP5_ENSG00000086065_124227.4	1342	945	1221	723	3011	1412	400	711
1104	CHMP5_ENSG00000086065_124228.5	1495	676	1788	1571	4593	1889	490	1008
1105	CHMP5_ENSG00000086065_124229.6	904	465	976	632	551	808	185	452
1106	CHMP6_ENSG00000176108_166491.1	507	263	509	229	525	8	243	272
1107	CHMP6_ENSG00000176108_166492.2	2157	746	2614	1580	270	422	900	1102
1108	CHMP6_ENSG00000176108_166493.3	1368	84	1467	573	627	378	618	746
1109	CHMP6_ENSG00000176108_166494.4	1652	369	1813	950	1783	261	440	860
1110	CHMP6_ENSG00000176108_166495.5	1168	451	1394	658	1506	372	457	745
1111	CHMP6_ENSG00000176108_166496.6	2363	1167	2230	1433	2419	306	722	1056
1112	CHMP7_ENSG00000147457_178235.1	1740	460	1717	287	2355	150	696	895
1113	CHMP7_ENSG00000147457_178236.2	1247	241	1475	574	285	257	261	682
1114	CHMP7_ENSG00000147457_178237.3	464	132	545	168	150	128	328	315
1115	CHMP7_ENSG00000147457_178238.4	548	69	642	177	282	156	127	306
1116	CHMP7_ENSG00000147457_178239.5	737	265	856	623	1328	396	59	299
1117	CHMP7_ENSG00000147457_178240.6	1264	282	1370	820	1091	351	502	657
1118	CHRAC1_ENSG00000104472_87121.1	685	261	764	428	531	0	287	358
1119	CHRAC1_ENSG00000104472_87122.2	319	152	254	0	454	0	106	161
1120	CHRAC1_ENSG00000104472_87123.3	287	80	322	0	400	0	54	183
1121	CHRAC1_ENSG00000104472_87124.4	466	245	555	366	312	141	109	250
1122	CHRAC1_ENSG00000104472_87125.5	1711	371	1970	1415	2154	0	966	1058
1123	CHRAC1_ENSG00000104472_87126.6	1483	275	1632	655	1591	0	761	903
1124	CHUK_ENSG00000213341_30037.1	1388	321	1392	1119	386	112	677	785
1125	CHUK_ENSG00000213341_30038.2	1090	352	1038	562	1937	0	201	447
1126	CHUK_ENSG00000213341_30039.3	1153	691	1519	1680	261	451	337	779
1127	CHUK_ENSG00000213341_30040.4	1243	418	1539	613	947	461	632	767
1128	CHUK_ENSG00000213341_30041.5	649	309	600	108	888	127	130	360
1129	CHUK_ENSG00000213341_30042.6	972	568	941	860	0	144	213	562
1130	CLOCK_ENSG00000134852_165501.1	1100	274	975	222	798	119	419	578
1131	CLOCK_ENSG00000134852_165502.2	2081	387	2200	928	1542	1091	642	1161
1132	CLOCK_ENSG00000134852_165503.3	456	0	518	88	0	525	144	240
1133	CLOCK_ENSG00000134852_165504.4	545	30	591	0	657	282	87	234
1134	CLOCK_ENSG00000134852_165505.5	1056	363	1027	675	1048	0	349	629
1135	CLOCK_ENSG00000134852_165506.6	1011	238	927	670	633	0	294	540
1136	COMMD3-BMI1_ENSG00000269897_150943.1	514	174	586	586	165	145	86	283
1137	COMMD3-BMI1_ENSG00000269897_150944.2	773	167	837	0	0	164	191	454
1138	COMMD3-BMI1_ENSG00000269897_150945.3	594	353	564	396	0	250	107	296
1139	COMMD3-BMI1_ENSG00000269897_150946.4	1420	760	1303	807	1719	153	258	726
1140	COMMD3-BMI1_ENSG00000269897_150947.5	1428	485	1690	1142	1122	684	570	853
1141	COMMD3-BMI1_ENSG00000269897_150948.6	954	194	916	402	814	560	266	506
1142	COQ3_ENSG00000132423_181805.1	1054	248	1040	257	1026	292	381	591
1143	COQ3_ENSG00000132423_181806.2	974	179	776	116	1202	267	86	368
1144	COQ3_ENSG00000132423_181807.3	1331	371	1556	1236	946	386	571	790
1145	COQ3_ENSG00000132423_181808.4	900	525	739	196	454	159	320	602
1146	COQ3_ENSG00000132423_181809.5	240	0	308	462	255	112	32	142
1147	COQ3_ENSG00000132423_181810.6	812	366	750	444	384	699	467	544
1148	COQ5_ENSG00000110871_132618.1	438	122	401	153	0	123	111	177
1149	COQ5_ENSG00000110871_132619.2	1408	423	1741	172	1756	235	633	780
1150	COQ5_ENSG00000110871_132620.3	2057	717	2174	1548	1805	124	572	1112
1151	COQ5_ENSG00000110871_132621.4	1661	681	1706	533	1238	315	414	787
1152	COQ5_ENSG00000110871_132622.5	305	183	361	275	1036	0	44	179
1153	COQ5_ENSG00000110871_132623.6	524	56	491	303	0	0	150	385
1154	CRAMP1L_ENSG00000007545_91638.1	1272	74	1632	867	411	0	443	671
1155	CRAMP1L_ENSG00000007545_91639.2	402	58	446	383	0	280	139	216
1156	CRAMP1L_ENSG00000007545_91641.4	397	44	442	0	834	259	98	226
1157	CRAMP1L_ENSG00000007545_91642.5	1368	446	1597	1218	509	145	401	808
1158	CRAMP1L_ENSG00000007545_91644.7	2229	302	2129	795	565	927	891	963
1159	CRAMP1L_ENSG00000007545_91646.9	881	330	1087	573	1537	825	192	486
1160	CREBBP_ENSG00000005339_155106.1	396	39	563	1	512	0	8	187
1161	CREBBP_ENSG00000005339_155107.2	2403	440	2225	674	385	558	817	1132
1162	CREBBP_ENSG00000005339_155108.3	911	64	749	0	907	0	129	388
1163	CREBBP_ENSG00000005339_155109.4	1414	386	1458	625	374	372	1019	812
1164	CREBBP_ENSG00000005339_155110.5	1064	277	998	1084	673	0	293	452
1165	CREBBP_ENSG00000005339_155111.6	2144	826	2334	1991	3448	581	1179	1303
1166	CSF2RA_ENSG00000198223_94244.1	1209	86	1205	562	1382	0	441	760
1167	CSF2RA_ENSG00000198223_94245.2	1594	1429	1739	657	1154	266	836	919
1168	CSF2RA_ENSG00000198223_94246.3	1249	428	1181	631	355	0	357	639
1169	CSF2RA_ENSG00000198223_94247.4	1201	531	1053	749	382	302	272	551
1170	CSF2RA_ENSG00000198223_94248.5	1696	453	1692	1338	1362	241	422	807
1171	CSF2RA_ENSG00000198223_94249.6	1547	344	1560	245	1461	410	379	769
1172	CSNK2A1_ENSG00000101266_183062.1	23	11	36	10	4	2	5	8
1173	CSNK2A1_ENSG00000101266_183063.2	2010	1202	2300	1066	1904	871	637	1240
1174	CSNK2A1_ENSG00000101266_183064.3	1279	958	1316	652	1106	525	667	836
1175	CSNK2A1_ENSG00000101266_183065.4	695	251	666	0	1070	0	504	351
1176	CSNK2A1_ENSG00000101266_183066.5	530	290	547	120	157	448	235	320
1177	CSNK2A1_ENSG00000101266_183067.6	515	321	758	622	501	161	284	360
1178	CSNK2A3_ENSG00000254598_76262.1	754	347	732	0	531	0	195	341
1179	CSNK2A3_ENSG00000254598_76263.2	869	498	832	515	497	397	47	312
1180	CSNK2A3_ENSG00000254598_76264.3	1517	492	1573	332	211	551	777	989
1181	CSNK2A3_ENSG00000254598_76265.4	1523	358	1646	1382	1213	688	738	909
1182	CSNK2A3_ENSG00000254598_76266.5	534	26	623	480	0	1	163	350
1183	CSNK2A3_ENSG00000254598_76267.6	518	58	456	106	241	153	56	244
1184	CSNK2B_ENSG00000204435_197160.1	1024	340	1054	487	1198	919	122	611
1185	CSNK2B_ENSG00000204435_197161.2	237	0	195	150	249	152	72	75
1186	CSNK2B_ENSG00000204435_197162.3	1150	599	1457	404	293	279	409	699
1187	CSNK2B_ENSG00000204435_197163.4	1582	765	1792	1128	1849	381	868	1086
1188	CSNK2B_ENSG00000204435_197164.5	1191	242	1283	91	1411	448	420	659
1189	CSNK2B_ENSG00000204435_197165.6	308	306	418	200	569	285	238	224
1190	CSTL1_ENSG00000125823_90435.1	1296	271	1606	1109	1265	415	484	904
1191	CSTL1_ENSG00000125823_90436.2	798	237	722	0	873	402	160	414
1192	CSTL1_ENSG00000125823_90437.3	1693	135	1980	1294	1999	267	970	956
1193	CSTL1_ENSG00000125823_90438.4	1738	341	1953	725	1489	289	979	1102
1194	CSTL1_ENSG00000125823_90439.5	1375	921	1618	855	1422	0	1038	903
1195	CSTL1_ENSG00000125823_90440.6	1100	380	975	662	1634	444	168	611
1196	CTCF_ENSG00000102974_125332.1	1351	326	1537	123	420	0	469	766
1197	CTCF_ENSG00000102974_125333.2	1792	917	2122	924	1083	832	791	978
1198	CTCF_ENSG00000102974_125334.3	2165	710	1568	731	1103	995	562	918
1199	CTCF_ENSG00000102974_125335.4	1355	609	1428	180	1484	0	835	730
1200	CTCF_ENSG00000102974_125336.5	1170	329	1236	418	1521	129	500	733
1201	CTCF_ENSG00000102974_125337.6	1498	973	1584	221	621	0	579	931
1202	CTD-2545M3.6_ENSG00000142539_32543.1	1519	295	1985	742	863	500	945	1130
1203	CTD-2545M3.6_ENSG00000142539_32544.2	2644	1039	2545	375	3101	285	963	1379
1204	CTD-2545M3.6_ENSG00000142539_32545.3	1236	473	945	343	1284	513	708	690
1205	CTD-2545M3.6_ENSG00000142539_32546.4	438	175	448	152	0	0	258	266
1206	CTD-2545M3.6_ENSG00000142539_32547.5	1368	428	1270	193	1448	229	537	757
1207	CTD-2545M3.6_ENSG00000142539_32548.6	1235	637	1319	474	728	420	648	709
1208	CTD-3222D19.2_ENSG00000141979_144478.1	944	299	952	419	780	0	477	515
1209	CTD-3222D19.2_ENSG00000141979_144479.2	2005	1001	1767	706	679	766	233	783
1210	CTD-3222D19.2_ENSG00000141979_144480.3	755	247	875	411	892	0	274	422
1211	CTD-3222D19.2_ENSG00000141979_144481.4	840	297	923	723	578	0	254	479
1212	CTD-3222D19.2_ENSG00000141979_144482.5	85	0	59	172	271	0	10	53
1213	CTD-3222D19.2_ENSG00000141979_144483.6	673	238	851	613	361	0	291	352
1214	CTR9_ENSG00000198730_38124.1	474	119	615	629	1258	144	236	302
1215	CTR9_ENSG00000198730_38125.2	1643	766	1669	1175	2122	293	639	928
1216	CTR9_ENSG00000198730_38126.3	513	176	534	1126	269	151	91	337
1217	CTR9_ENSG00000198730_38127.4	1027	354	1088	1173	1408	484	597	610
1218	CTR9_ENSG00000198730_38128.5	1249	683	1432	567	1820	304	695	732
1219	CTR9_ENSG00000198730_38129.6	1029	475	1007	350	2455	278	714	631
1220	CUX1_ENSG00000257923_2956.1	607	138	506	184	421	0	245	296
1221	CUX1_ENSG00000257923_2957.2	2386	449	2483	912	2548	870	1096	1292
1222	CUX1_ENSG00000257923_2958.3	950	301	1005	67	1491	417	359	563
1223	CUX1_ENSG00000257923_2959.4	1658	598	1802	665	1744	0	644	915
1224	CUX1_ENSG00000257923_2960.5	2416	791	2345	630	1112	755	563	1117
1225	CUX1_ENSG00000257923_2961.6	813	230	925	242	398	161	407	486
1226	CXXC1_ENSG00000154832_164304.1	1020	235	1031	618	1236	0	626	602
1227	CXXC1_ENSG00000154832_164305.2	359	0	319	0	0	141	106	128
1228	CXXC1_ENSG00000154832_164306.3	660	181	547	506	272	0	319	327
1229	CXXC1_ENSG00000154832_164307.4	1099	378	1000	459	0	507	406	540
1230	CXXC1_ENSG00000154832_164308.5	617	162	638	444	950	287	260	313
1231	CXXC1_ENSG00000154832_164309.6	1262	576	1302	607	268	142	775	716
1232	CXXC4_ENSG00000168772_162510.1	843	540	956	0	0	399	100	401
1233	CXXC4_ENSG00000168772_162511.2	1036	333	1288	429	977	231	670	755
1234	CXXC4_ENSG00000168772_162512.3	2213	805	2661	1276	1721	146	223	1040
1235	CXXC4_ENSG00000168772_162513.4	849	189	663	619	419	334	180	337
1236	CXXC4_ENSG00000168772_162514.5	564	85	539	195	1013	0	123	257
1237	CXXC4_ENSG00000168772_162515.6	2151	471	2263	605	2604	598	812	1192
1238	CXXC5_ENSG00000171604_47479.1	1721	700	2086	863	1155	2	452	985
1239	CXXC5_ENSG00000171604_47480.2	1861	611	2118	1292	271	211	880	1040
1240	CXXC5_ENSG00000171604_47481.3	926	494	889	266	360	239	150	475
1241	CXXC5_ENSG00000171604_47482.4	1329	536	1299	670	661	552	400	722
1242	CXXC5_ENSG00000171604_47483.5	1484	481	1503	457	885	144	226	628
1243	CXXC5_ENSG00000171604_47484.6	278	210	285	0	0	0	19	117
1244	DAPK3_ENSG00000167657_114140.1	1454	469	1432	396	535	295	1035	910
1245	DAPK3_ENSG00000167657_114141.2	1515	374	1657	803	1281	347	688	898
1246	DAPK3_ENSG00000167657_114142.3	1214	902	1197	104	0	347	375	636
1247	DAPK3_ENSG00000167657_114143.4	1812	289	1593	968	366	251	815	890
1248	DAPK3_ENSG00000167657_114144.5	1574	821	1588	443	783	709	120	645
1249	DAPK3_ENSG00000167657_114145.6	388	330	491	198	0	0	228	352
1250	DAXX_ENSG00000204209_72973.1	868	268	1000	279	195	1	794	634
1251	DAXX_ENSG00000204209_72974.2	1124	187	1253	489	258	148	245	603
1252	DAXX_ENSG00000204209_72975.3	1364	281	1345	544	2837	270	499	753
1253	DAXX_ENSG00000204209_72976.4	1050	363	1065	352	658	157	425	614
1254	DAXX_ENSG00000204209_72977.5	853	170	920	315	1716	421	139	446
1255	DAXX_ENSG00000204209_72978.6	305	0	335	0	129	0	113	191
1256	DCTD_ENSG00000129187_101915.1	1415	180	1475	1028	428	268	716	802
1257	DCTD_ENSG00000129187_101916.2	2228	696	2126	1179	1143	680	559	1206
1258	DCTD_ENSG00000129187_101917.3	860	503	834	197	85	0	314	462
1259	DCTD_ENSG00000129187_101918.4	2457	1138	2516	481	3104	664	1576	1490
1260	DCTD_ENSG00000129187_101919.5	505	376	592	0	473	0	143	356
1261	DCTD_ENSG00000129187_101920.6	1178	176	1660	765	340	0	448	690
1262	DDB1_ENSG00000167986_167051.1	726	528	887	166	292	117	298	425
1263	DDB1_ENSG00000167986_167052.2	417	346	380	330	0	0	294	216
1264	DDB1_ENSG00000167986_167053.3	910	258	1171	511	1348	0	484	603
1265	DDB1_ENSG00000167986_167054.4	860	830	927	395	1076	108	278	571
1266	DDB1_ENSG00000167986_167055.5	750	221	804	562	561	12	226	443
1267	DDB1_ENSG00000167986_167056.6	1503	547	1743	244	2393	460	437	745
1268	DDX1_ENSG00000079785_16890.1	683	366	709	163	281	144	317	437
1269	DDX1_ENSG00000079785_16891.2	1005	470	1132	458	912	0	474	644
1270	DDX1_ENSG00000079785_16892.3	593	233	516	125	750	156	133	269
1271	DDX1_ENSG00000079785_16893.4	3108	523	3041	1063	1699	143	1430	1579
1272	DDX1_ENSG00000079785_16894.5	2125	936	2511	722	2500	957	478	1189
1273	DDX1_ENSG00000079785_16895.6	1776	551	1846	748	1438	264	959	1055
1274	DDX10_ENSG00000178105_157681.1	861	372	670	406	940	440	83	404
1275	DDX10_ENSG00000178105_157682.2	1796	371	2032	451	2677	850	964	1124
1276	DDX10_ENSG00000178105_157683.3	618	191	767	142	455	0	408	466
1277	DDX10_ENSG00000178105_157684.4	884	359	947	530	1702	265	160	485
1278	DDX10_ENSG00000178105_157685.5	1697	780	1523	1012	1417	0	270	955
1279	DDX10_ENSG00000178105_157686.6	2615	813	2906	1578	1152	639	1010	1343
1280	DDX11_ENSG00000013573_145505.1	1387	392	1086	378	323	124	531	618
1281	DDX11_ENSG00000013573_145506.2	1278	556	1455	354	1516	127	643	805
1282	DDX11_ENSG00000013573_145507.3	678	243	638	431	2315	0	285	350
1283	DDX11_ENSG00000013573_145508.4	1984	302	2107	1297	736	141	1015	1094
1284	DDX11_ENSG00000013573_145509.5	3203	965	3066	696	2892	898	432	1629
1285	DDX11_ENSG00000013573_145510.6	930	245	920	1391	568	156	257	468
1286	DDX17_ENSG00000100201_95233.1	764	266	735	533	533	283	119	463
1287	DDX17_ENSG00000100201_95234.2	1046	406	1173	1238	125	359	261	621
1288	DDX17_ENSG00000100201_95235.3	531	112	668	0	1195	147	70	324
1289	DDX17_ENSG00000100201_95236.4	739	407	552	237	284	1	243	382
1290	DDX17_ENSG00000100201_95237.5	2165	930	2177	2016	1331	539	361	1194
1291	DDX17_ENSG00000100201_95238.6	522	0	508	0	544	74	137	298
1292	DDX18_ENSG00000088205_68293.1	1238	405	858	712	671	581	576	561
1293	DDX18_ENSG00000088205_68294.2	1551	1146	1882	969	522	470	90	584
1294	DDX18_ENSG00000088205_68295.3	611	119	590	337	409	124	153	352
1295	DDX18_ENSG00000088205_68296.4	788	60	867	706	1159	186	254	391
1296	DDX18_ENSG00000088205_68297.5	1762	458	1478	408	285	610	946	884
1297	DDX18_ENSG00000088205_68298.6	1509	449	1702	762	1249	546	839	932
1298	DDX19A_ENSG00000168872_184453.1	684	272	832	203	488	425	204	356
1299	DDX19A_ENSG00000168872_184454.2	1232	569	1376	534	2973	390	486	782
1300	DDX19A_ENSG00000168872_184455.3	595	489	542	0	675	3	278	299
1301	DDX19A_ENSG00000168872_184456.4	778	211	749	893	1091	116	255	373
1302	DDX19A_ENSG00000168872_184457.5	1358	274	1546	902	143	404	812	845
1303	DDX19A_ENSG00000168872_184458.6	694	167	993	684	253	0	444	507
1304	DDX19B_ENSG00000157349_131849.1	207	177	287	0	234	0	26	97
1305	DDX19B_ENSG00000157349_131850.2	890	694	815	1014	1733	282	335	515
1306	DDX19B_ENSG00000157349_131851.3	629	381	836	606	132	109	202	384
1307	DDX19B_ENSG00000157349_131852.4	359	57	315	374	2	0	167	203
1308	DDX19B_ENSG00000157349_131853.5	491	673	398	215	0	236	251	231
1309	DDX19B_ENSG00000157349_131854.6	639	218	692	479	0	0	203	325
1310	DDX20_ENSG00000064703_21.1	1235	988	1243	545	1944	421	189	639
1311	DDX20_ENSG00000064703_22.2	765	409	954	608	72	104	391	481
1312	DDX20_ENSG00000064703_23.3	2433	591	2624	1265	2779	391	964	1173
1313	DDX20_ENSG00000064703_24.4	440	109	390	280	982	0	35	211
1314	DDX20_ENSG00000064703_25.5	250	63	359	99	0	132	100	144
1315	DDX20_ENSG00000064703_26.6	194	69	285	0	638	255	79	93
1316	DDX21_ENSG00000165732_97033.1	322	101	425	555	0	0	55	174
1317	DDX21_ENSG00000165732_97034.2	1712	358	1499	215	1953	350	584	818
1318	DDX21_ENSG00000165732_97035.3	177	43	214	142	253	143	77	94
1319	DDX21_ENSG00000165732_97036.4	1677	621	1561	636	868	485	294	825
1320	DDX21_ENSG00000165732_97037.5	824	518	818	1101	772	0	227	494
1321	DDX21_ENSG00000165732_97038.6	3228	1769	3421	1484	3345	244	1356	1844
1322	DDX23_ENSG00000174243_131362.1	1567	543	1648	649	2098	430	422	664
1323	DDX23_ENSG00000174243_131363.2	2546	1564	2648	1731	2299	354	783	1378
1324	DDX23_ENSG00000174243_131364.3	2130	509	2130	1302	2373	961	1337	1302
1325	DDX23_ENSG00000174243_131365.4	1357	445	1428	1467	1331	711	101	546
1326	DDX23_ENSG00000174243_131366.5	909	687	818	244	1264	0	294	489
1327	DDX23_ENSG00000174243_131367.6	725	0	628	139	504	0	392	361
1328	DDX24_ENSG00000089737_44380.1	826	344	868	505	797	274	220	448
1329	DDX24_ENSG00000089737_44381.2	1266	270	1122	643	194	717	475	723
1330	DDX24_ENSG00000089737_44382.3	1018	188	1019	429	992	0	295	538
1331	DDX24_ENSG00000089737_44383.4	1002	172	1063	356	1317	296	264	502
1332	DDX24_ENSG00000089737_44384.5	212	0	202	0	0	0	49	123
1333	DDX24_ENSG00000089737_44385.6	823	446	818	273	821	735	314	453
1334	DDX25_ENSG00000109832_74511.1	561	116	495	158	559	0	106	257
1335	DDX25_ENSG00000109832_74512.2	1185	907	1559	823	2171	534	665	901
1336	DDX25_ENSG00000109832_74513.3	1778	573	1942	778	837	133	265	756
1337	DDX25_ENSG00000109832_74514.4	596	133	737	488	732	581	247	358
1338	DDX25_ENSG00000109832_74515.5	2538	1251	2720	1062	2027	419	322	1396
1339	DDX25_ENSG00000109832_74516.6	824	259	716	328	262	119	52	278
1340	DDX27_ENSG00000124228_92603.1	656	168	614	282	10	0	259	366
1341	DDX27_ENSG00000124228_92604.2	1346	429	1225	530	491	649	512	695
1342	DDX27_ENSG00000124228_92605.3	897	412	1071	441	457	0	568	467
1343	DDX27_ENSG00000124228_92606.4	1999	1214	2356	716	2380	741	777	1151
1344	DDX27_ENSG00000124228_92607.5	637	564	553	0	644	0	130	256
1345	DDX27_ENSG00000124228_92608.6	270	120	303	125	4	0	17	119
1346	DDX28_ENSG00000182810_40723.1	1536	543	1617	384	0	683	522	791
1347	DDX28_ENSG00000182810_40724.2	865	398	1105	0	1589	279	460	580
1348	DDX28_ENSG00000182810_40725.3	3550	1491	3678	1677	2023	559	1667	1808
1349	DDX28_ENSG00000182810_40726.4	1122	529	1295	701	1572	305	398	579
1350	DDX28_ENSG00000182810_40727.5	1075	475	1076	409	0	0	909	518
1351	DDX28_ENSG00000182810_40728.6	1176	312	1112	105	1440	316	137	530
1352	DDX31_ENSG00000125485_171688.1	1579	546	1595	804	558	687	444	861
1353	DDX31_ENSG00000125485_171689.2	576	70	571	436	0	159	162	325
1354	DDX31_ENSG00000125485_171690.3	851	111	795	208	341	134	243	405
1355	DDX31_ENSG00000125485_171691.4	1054	259	1083	450	1393	151	532	611
1356	DDX31_ENSG00000125485_171692.5	612	386	588	223	881	151	165	284
1357	DDX31_ENSG00000125485_171693.6	1206	418	1223	2	625	1	513	665
1358	DDX39A_ENSG00000123136_195711.1	553	470	581	571	596	0	70	232
1359	DDX39A_ENSG00000123136_195712.2	1708	868	1999	1219	2296	432	161	797
1360	DDX39A_ENSG00000123136_195713.3	254	2	253	440	0	134	90	125
1361	DDX39A_ENSG00000123136_195714.4	1134	479	1191	317	2252	957	468	729
1362	DDX39A_ENSG00000123136_195715.5	1639	680	1965	535	777	553	1081	1017
1363	DDX39A_ENSG00000123136_195716.6	1626	612	2083	2243	634	694	724	1108
1364	DDX39B_ENSG00000198563_87761.1	636	255	590	292	1929	281	272	295
1365	DDX39B_ENSG00000198563_87762.2	576	294	602	138	244	208	229	343
1366	DDX39B_ENSG00000198563_87763.3	1083	584	1171	905	414	155	341	568
1367	DDX39B_ENSG00000198563_87764.4	2049	281	1575	940	2449	388	300	743
1368	DDX39B_ENSG00000198563_87765.5	2178	715	2373	1172	1695	148	1277	1377
1369	DDX39B_ENSG00000198563_87766.6	986	116	1111	301	825	142	530	455
1370	DDX3X_ENSG00000215301_151033.1	40	19	43	14	11	8	1	7
1371	DDX3X_ENSG00000215301_151034.2	589	113	692	538	246	0	226	358
1372	DDX3X_ENSG00000215301_151035.3	1506	599	1553	60	1150	0	605	865
1373	DDX3X_ENSG00000215301_151036.4	440	145	555	312	0	145	123	249
1374	DDX3X_ENSG00000215301_151037.5	3729	1126	4195	2228	2414	792	2417	2267
1375	DDX3X_ENSG00000215301_151038.6	683	156	771	1	502	334	59	372
1376	DDX3Y_ENSG00000067048_160683.1	28	8	24	13	4	0	1	4
1377	DDX3Y_ENSG00000067048_160684.2	868	596	839	752	1083	414	182	457
1378	DDX3Y_ENSG00000067048_160685.3	396	313	428	334	338	122	93	192
1379	DDX3Y_ENSG00000067048_160686.4	764	294	936	495	379	138	351	416
1380	DDX3Y_ENSG00000067048_160687.5	795	281	806	560	929	434	265	364
1381	DDX3Y_ENSG00000067048_160688.6	1554	704	1626	1290	1868	921	202	732
1382	DDX4_ENSG00000152670_10613.1	1009	313	1090	0	802	265	333	566
1383	DDX4_ENSG00000152670_10614.2	1150	287	1251	446	235	698	280	717
1384	DDX4_ENSG00000152670_10615.3	2408	1119	2857	813	934	1121	674	1453
1385	DDX4_ENSG00000152670_10616.4	816	242	946	601	689	140	327	446
1386	DDX4_ENSG00000152670_10617.5	1431	307	1549	693	930	668	72	751
1387	DDX4_ENSG00000152670_10618.6	1620	640	1424	637	168	780	619	813
1388	DDX41_ENSG00000183258_108151.1	1935	677	1971	925	2850	907	928	1022
1389	DDX41_ENSG00000183258_108152.2	806	126	777	589	561	124	334	405
1390	DDX41_ENSG00000183258_108153.3	659	363	793	678	596	249	162	409
1391	DDX41_ENSG00000183258_108154.4	51	0	104	135	0	110	61	23
1392	DDX41_ENSG00000183258_108155.5	542	411	698	161	641	510	385	340
1393	DDX41_ENSG00000183258_108156.6	836	311	836	409	310	310	288	545
1394	DDX42_ENSG00000198231_78053.1	810	297	1011	302	1008	0	218	383
1395	DDX42_ENSG00000198231_78054.2	1049	178	1190	1457	1416	273	446	636
1396	DDX42_ENSG00000198231_78055.3	872	379	976	347	0	230	440	487
1397	DDX42_ENSG00000198231_78056.4	436	404	419	154	0	137	178	226
1398	DDX42_ENSG00000198231_78057.5	1362	1004	1339	720	844	305	498	719
1399	DDX42_ENSG00000198231_78058.6	1269	556	1610	1156	2776	996	379	936
1400	DDX46_ENSG00000145833_146760.1	891	1127	873	701	1011	117	216	397
1401	DDX46_ENSG00000145833_146761.2	1057	285	1052	716	1191	160	667	591
1402	DDX46_ENSG00000145833_146762.3	919	303	878	715	8	202	209	476
1403	DDX46_ENSG00000145833_146763.4	1394	460	1505	659	517	894	716	927
1404	DDX46_ENSG00000145833_146764.5	701	169	789	647	1389	341	153	404
1405	DDX46_ENSG00000145833_146765.6	775	481	776	129	671	247	149	372
1406	DDX47_ENSG00000213782_113390.1	114	129	212	0	0	0	58	38
1407	DDX47_ENSG00000213782_113391.2	1106	510	1383	283	1583	1117	546	730
1408	DDX47_ENSG00000213782_113392.3	1252	351	1548	970	1887	526	575	764
1409	DDX47_ENSG00000213782_113393.4	1565	682	1571	584	536	346	363	826
1410	DDX47_ENSG00000213782_113394.5	247	183	209	183	0	130	78	151
1411	DDX47_ENSG00000213782_113395.6	809	246	790	160	592	111	406	481
1412	DDX49_ENSG00000105671_92991.1	1203	193	1210	1	1161	853	565	642
1413	DDX49_ENSG00000105671_92992.2	473	109	437	0	128	235	67	232
1414	DDX49_ENSG00000105671_92993.3	1012	412	942	366	902	233	298	540
1415	DDX49_ENSG00000105671_92994.4	718	129	688	591	290	0	286	383
1416	DDX49_ENSG00000105671_92995.5	1642	243	1801	203	1247	608	706	774
1417	DDX49_ENSG00000105671_92996.6	1000	396	1181	243	350	430	481	506
1418	DDX5_ENSG00000108654_4366.1	2679	921	2918	1924	779	843	1693	1883
1419	DDX5_ENSG00000108654_4367.2	2998	1346	3294	1888	5030	1063	468	1459
1420	DDX5_ENSG00000108654_4368.3	1249	628	1504	1492	2351	1790	303	697
1421	DDX5_ENSG00000108654_4369.4	2544	1706	2713	2215	4359	2112	1401	1682
1422	DDX5_ENSG00000108654_4370.5	406	398	629	783	325	276	179	321
1423	DDX5_ENSG00000108654_4371.6	1646	536	1774	0	480	280	903	942
1424	DDX51_ENSG00000185163_113603.1	1079	630	1221	964	1012	0	415	598
1425	DDX51_ENSG00000185163_113604.2	2724	1266	3221	844	3015	858	1186	1517
1426	DDX51_ENSG00000185163_113605.3	860	420	913	1190	209	115	228	396
1427	DDX51_ENSG00000185163_113606.4	266	188	409	75	0	0	79	169
1428	DDX51_ENSG00000185163_113607.5	320	57	254	0	527	108	52	181
1429	DDX51_ENSG00000185163_113608.6	2362	914	2677	1960	2126	320	1480	1335
1430	DDX54_ENSG00000123064_107304.1	816	156	869	210	647	254	343	415
1431	DDX54_ENSG00000123064_107305.2	1429	517	1355	263	741	276	132	512
1432	DDX54_ENSG00000123064_107306.3	832	405	967	295	513	125	484	571
1433	DDX54_ENSG00000123064_107307.4	1645	660	1462	651	809	938	479	849
1434	DDX54_ENSG00000123064_107308.5	1090	130	1332	648	534	0	240	592
1435	DDX54_ENSG00000123064_107309.6	1149	377	1483	733	942	156	413	719
1436	DDX55_ENSG00000111364_10139.1	1030	355	805	141	214	133	615	444
1437	DDX55_ENSG00000111364_10140.2	1454	506	1553	837	460	358	696	881
1438	DDX55_ENSG00000111364_10141.3	1448	553	1862	151	1592	269	723	968
1439	DDX55_ENSG00000111364_10142.4	2532	620	2692	1407	1262	589	600	1240
1440	DDX55_ENSG00000111364_10143.5	517	196	532	0	978	0	116	208
1441	DDX55_ENSG00000111364_10144.6	1679	380	1305	774	910	405	615	753
1442	DDX56_ENSG00000136271_197930.1	1263	636	1434	346	1154	0	467	782
1443	DDX56_ENSG00000136271_197931.2	1672	727	1914	685	749	924	421	788
1444	DDX56_ENSG00000136271_197932.3	908	611	892	200	1941	0	172	457
1445	DDX56_ENSG00000136271_197933.4	1730	175	1791	861	986	161	691	953
1446	DDX56_ENSG00000136271_197934.5	327	135	314	256	0	125	25	124
1447	DDX56_ENSG00000136271_197935.6	1215	504	1060	703	1829	644	369	673
1448	DDX58_ENSG00000107201_191089.1	1758	627	1485	743	957	670	579	833
1449	DDX58_ENSG00000107201_191090.2	762	33	849	732	0	296	153	450
1450	DDX58_ENSG00000107201_191091.3	1697	294	1746	380	1393	522	444	871
1451	DDX58_ENSG00000107201_191092.4	1483	353	1752	704	862	922	1177	973
1452	DDX58_ENSG00000107201_191093.5	2294	1489	2251	1806	1374	2553	902	1252
1453	DDX58_ENSG00000107201_191094.6	675	603	739	786	2098	599	161	410
1454	DDX59_ENSG00000118197_64832.1	1196	452	1369	889	332	452	518	640
1455	DDX59_ENSG00000118197_64833.2	2837	820	3101	1049	3664	652	1019	1667
1456	DDX59_ENSG00000118197_64834.3	2707	998	2691	698	2799	317	916	1405
1457	DDX59_ENSG00000118197_64835.4	1941	635	1801	384	2101	349	880	875
1458	DDX59_ENSG00000118197_64836.5	1867	584	1754	1166	2665	452	373	1025
1459	DDX59_ENSG00000118197_64837.6	1791	862	1653	1284	2135	249	51	581
1460	DDX6_ENSG00000110367_123970.1	1282	539	1196	378	267	296	585	666
1461	DDX6_ENSG00000110367_123971.2	1549	730	1457	1197	2648	390	286	731
1462	DDX6_ENSG00000110367_123972.3	1548	392	1511	571	943	411	702	857
1463	DDX6_ENSG00000110367_123973.4	2642	1153	2929	2265	4852	1069	867	1364
1464	DDX6_ENSG00000110367_123974.5	1581	921	1167	734	1754	298	420	599
1465	DDX6_ENSG00000110367_123975.6	1543	831	1388	1308	1744	1001	575	716
1466	DDX60_ENSG00000137628_90864.1	1077	73	1249	543	348	711	255	661
1467	DDX60_ENSG00000137628_90865.2	1706	834	1868	1076	571	146	678	977
1468	DDX60_ENSG00000137628_90866.3	750	197	955	443	1115	0	374	538
1469	DDX60_ENSG00000137628_90867.4	982	320	992	1173	279	1265	279	516
1470	DDX60_ENSG00000137628_90868.5	1556	381	1507	1051	1140	138	707	826
1471	DDX60_ENSG00000137628_90869.6	599	377	809	0	948	138	250	343
1472	DHX15_ENSG00000109606_151911.1	1434	1749	1352	599	1821	402	240	721
1473	DHX15_ENSG00000109606_151912.2	283	136	382	150	277	0	182	191
1474	DHX15_ENSG00000109606_151913.3	1114	566	1146	437	643	616	536	662
1475	DHX15_ENSG00000109606_151914.4	955	265	986	1386	932	164	483	593
1476	DHX15_ENSG00000109606_151915.5	951	307	1042	949	817	981	391	592
1477	DHX15_ENSG00000109606_151916.6	2374	1195	2540	1125	1608	549	1386	1540
1478	DHX16_ENSG00000204560_49730.1	1251	722	1506	519	1315	244	200	550
1479	DHX16_ENSG00000204560_49731.2	2191	445	2116	1061	1569	401	385	968
1480	DHX16_ENSG00000204560_49732.3	794	125	573	968	229	631	260	318
1481	DHX16_ENSG00000204560_49733.4	131	0	89	199	351	0	26	35
1482	DHX16_ENSG00000204560_49734.5	832	202	805	835	605	0	243	346
1483	DHX16_ENSG00000204560_49735.6	576	189	530	184	271	0	226	270
1484	DHX29_ENSG00000067248_94672.1	875	484	929	302	539	65	193	408
1485	DHX29_ENSG00000067248_94673.2	225	102	250	130	361	0	49	110
1486	DHX29_ENSG00000067248_94674.3	1142	595	1105	495	0	272	279	541
1487	DHX29_ENSG00000067248_94675.4	552	44	511	0	285	287	139	280
1488	DHX29_ENSG00000067248_94676.5	2104	742	2412	734	2186	578	624	1313
1489	DHX29_ENSG00000067248_94677.6	1016	159	1032	1028	645	0	478	467
1490	DHX30_ENSG00000132153_144738.1	2062	776	2575	1063	2481	128	1520	1243
1491	DHX30_ENSG00000132153_144739.2	1278	171	1610	615	311	795	666	837
1492	DHX30_ENSG00000132153_144740.3	651	234	729	288	0	0	365	381
1493	DHX30_ENSG00000132153_144741.4	383	231	457	117	317	0	100	149
1494	DHX30_ENSG00000132153_144742.5	1140	454	1109	687	1628	546	191	598
1495	DHX30_ENSG00000132153_144743.6	479	138	632	0	524	111	189	208
1496	DHX32_ENSG00000089876_7624.1	1057	687	1140	230	2516	0	159	578
1497	DHX32_ENSG00000089876_7625.2	1052	524	1223	310	749	150	273	686
1498	DHX32_ENSG00000089876_7626.3	1958	722	2011	1310	1609	430	455	1076
1499	DHX32_ENSG00000089876_7627.4	1127	389	1343	406	569	534	528	765
1500	DHX32_ENSG00000089876_7628.5	1300	426	1345	191	803	156	545	711
1501	DHX32_ENSG00000089876_7629.6	1404	591	1545	1271	595	351	941	838
1502	DHX33_ENSG00000005100_48181.1	634	51	682	496	0	263	295	372
1503	DHX33_ENSG00000005100_48182.2	476	190	507	637	537	382	111	226
1504	DHX33_ENSG00000005100_48183.3	1224	181	1324	315	0	386	444	688
1505	DHX33_ENSG00000005100_48184.4	261	55	172	0	0	0	29	122
1506	DHX33_ENSG00000005100_48185.5	1413	365	1437	494	2597	272	182	683
1507	DHX33_ENSG00000005100_48186.6	2457	226	2572	2033	2547	156	1490	1412
1508	DHX34_ENSG00000134815_181515.1	1111	119	910	869	832	0	317	438
1509	DHX34_ENSG00000134815_181516.2	1091	487	1240	530	794	445	834	747
1510	DHX34_ENSG00000134815_181517.3	931	415	1074	373	766	0	332	527
1511	DHX34_ENSG00000134815_181518.4	845	284	1225	593	2937	403	350	581
1512	DHX34_ENSG00000134815_181519.5	1063	188	1094	331	252	293	301	464
1513	DHX34_ENSG00000134815_181520.6	1054	305	1014	1416	1227	297	174	494
1514	DHX35_ENSG00000101452_134343.1	510	136	558	665	340	377	135	289
1515	DHX35_ENSG00000101452_134344.2	1223	326	1407	1268	576	446	121	427
1516	DHX35_ENSG00000101452_134345.3	856	647	906	403	761	382	138	487
1517	DHX35_ENSG00000101452_134346.4	1438	571	1551	1170	1341	114	170	744
1518	DHX35_ENSG00000101452_134347.5	672	345	739	432	1066	289	267	374
1519	DHX35_ENSG00000101452_134348.6	565	319	670	171	510	380	203	267
1520	DHX36_ENSG00000174953_154834.1	1964	700	2137	1174	727	814	809	1208
1521	DHX36_ENSG00000174953_154835.2	2128	1425	2501	890	3340	938	970	1381
1522	DHX36_ENSG00000174953_154836.3	775	352	627	499	814	125	372	341
1523	DHX36_ENSG00000174953_154837.4	564	279	617	713	511	0	215	360
1524	DHX36_ENSG00000174953_154838.5	718	259	748	367	689	412	238	447
1525	DHX36_ENSG00000174953_154839.6	716	180	572	436	0	139	80	264
1526	DHX37_ENSG00000150990_144558.1	934	500	1196	1058	662	412	520	611
1527	DHX37_ENSG00000150990_144559.2	891	646	1130	141	386	0	618	492
1528	DHX37_ENSG00000150990_144560.3	903	300	1059	200	222	207	406	500
1529	DHX37_ENSG00000150990_144561.4	1100	447	1038	72	694	292	232	488
1530	DHX37_ENSG00000150990_144562.5	897	166	1035	487	527	148	209	423
1531	DHX37_ENSG00000150990_144563.6	1198	362	1117	1262	738	451	262	804
1532	DHX38_ENSG00000140829_88835.1	1834	780	2073	864	1469	130	1435	1045
1533	DHX38_ENSG00000140829_88836.2	1471	405	1422	1061	1198	0	768	811
1534	DHX38_ENSG00000140829_88837.3	3296	1086	3582	2221	3216	557	1469	1737
1535	DHX38_ENSG00000140829_88838.4	2961	423	3008	1169	1173	1395	1326	1752
1536	DHX38_ENSG00000140829_88839.5	990	192	941	1	257	122	481	584
1537	DHX38_ENSG00000140829_88840.6	2220	695	2254	737	1684	1109	548	1090
1538	DHX40_ENSG00000108406_106387.1	770	383	878	600	1692	216	53	365
1539	DHX40_ENSG00000108406_106388.2	850	336	836	574	884	231	163	355
1540	DHX40_ENSG00000108406_106389.3	1337	499	1258	203	986	132	474	660
1541	DHX40_ENSG00000108406_106390.4	687	305	759	627	0	133	154	402
1542	DHX40_ENSG00000108406_106391.5	1373	252	1395	272	1036	199	377	660
1543	DHX40_ENSG00000108406_106392.6	1129	483	1350	407	971	284	326	528
1544	DHX57_ENSG00000163214_53460.1	1522	526	1741	614	419	544	938	867
1545	DHX57_ENSG00000163214_53461.2	1303	455	1771	822	332	1144	352	864
1546	DHX57_ENSG00000163214_53462.3	2015	957	2402	752	1537	860	902	1092
1547	DHX57_ENSG00000163214_53463.4	377	116	244	0	234	135	67	183
1548	DHX57_ENSG00000163214_53464.5	2191	903	2370	1830	2768	426	844	1265
1549	DHX57_ENSG00000163214_53465.6	1180	666	1220	936	447	207	587	697
1550	DHX58_ENSG00000108771_20547.1	1008	241	1178	0	0	255	592	642
1551	DHX58_ENSG00000108771_20548.2	537	311	751	445	538	157	413	434
1552	DHX58_ENSG00000108771_20549.3	1632	654	1666	1104	1092	251	455	797
1553	DHX58_ENSG00000108771_20550.4	849	316	1017	819	936	431	34	359
1554	DHX58_ENSG00000108771_20551.5	687	234	672	540	965	142	274	430
1555	DHX58_ENSG00000108771_20552.6	187	246	193	140	234	131	70	122
1556	DHX8_ENSG00000067596_113643.1	560	63	535	0	863	658	296	350
1557	DHX8_ENSG00000067596_113644.2	1800	652	1781	1692	2102	1216	643	854
1558	DHX8_ENSG00000067596_113645.3	892	828	856	898	45	608	120	403
1559	DHX8_ENSG00000067596_113646.4	1258	619	1345	615	1229	754	474	754
1560	DHX8_ENSG00000067596_113647.5	575	342	608	268	1583	337	61	223
1561	DHX8_ENSG00000067596_113648.6	556	232	493	71	660	410	169	293
1562	DHX9_ENSG00000135829_21684.1	1387	633	1331	666	1421	230	294	784
1563	DHX9_ENSG00000135829_21685.2	603	206	577	683	2	0	196	348
1564	DHX9_ENSG00000135829_21686.3	622	151	600	535	475	116	126	301
1565	DHX9_ENSG00000135829_21687.4	1273	643	1563	746	1576	0	510	771
1566	DHX9_ENSG00000135829_21688.5	896	139	851	798	714	253	379	438
1567	DHX9_ENSG00000135829_21689.6	3157	535	2928	1785	2602	802	398	1505
1568	DIDO1_ENSG00000101191_183552.1	892	515	1082	1302	1890	0	280	583
1569	DIDO1_ENSG00000101191_183553.2	1035	449	953	774	765	561	587	538
1570	DIDO1_ENSG00000101191_183554.3	853	228	942	296	1057	352	326	426
1571	DIDO1_ENSG00000101191_183555.4	1327	459	1124	357	1307	363	522	656
1572	DIDO1_ENSG00000101191_183556.5	1002	221	1156	709	0	154	354	580
1573	DIDO1_ENSG00000101191_183557.6	942	552	1056	611	774	301	454	606
1574	DMAP1_ENSG00000178028_38184.1	829	683	981	658	240	306	183	443
1575	DMAP1_ENSG00000178028_38185.2	1088	1258	1009	1634	1133	537	392	595
1576	DMAP1_ENSG00000178028_38186.3	982	847	1156	769	1125	1531	459	536
1577	DMAP1_ENSG00000178028_38187.4	1425	790	1701	1283	1885	826	830	797
1578	DMAP1_ENSG00000178028_38188.5	446	309	482	299	941	393	50	239
1579	DMAP1_ENSG00000178028_38189.6	2970	559	3014	1260	2486	953	1515	1604
1580	DMTF1_ENSG00000135164_71552.1	1879	900	2107	1030	1494	495	691	1053
1581	DMTF1_ENSG00000135164_71553.2	966	588	1019	784	670	128	175	507
1582	DMTF1_ENSG00000135164_71554.3	1383	342	1556	1600	423	135	735	882
1583	DMTF1_ENSG00000135164_71555.4	827	242	768	851	1120	275	338	404
1584	DMTF1_ENSG00000135164_71556.5	958	239	988	845	1215	136	264	403
1585	DMTF1_ENSG00000135164_71557.6	493	181	582	431	0	144	90	279
1586	DNA2_ENSG00000138346_1502.1	1594	516	1871	820	2147	270	917	938
1587	DNA2_ENSG00000138346_1503.2	327	0	399	245	247	0	193	189
1588	DNA2_ENSG00000138346_1504.3	1225	378	1823	979	711	246	742	926
1589	DNA2_ENSG00000138346_1505.4	2612	861	2306	2102	1113	0	881	1012
1590	DNA2_ENSG00000138346_1506.5	704	158	871	511	253	230	182	451
1591	DNA2_ENSG00000138346_1507.6	696	304	816	240	1216	5	53	343
1592	DNAJC1_ENSG00000136770_11971.1	585	0	799	253	255	0	113	324
1593	DNAJC1_ENSG00000136770_11972.2	2406	555	2240	1226	1624	865	687	1071
1594	DNAJC1_ENSG00000136770_11973.3	456	1	424	289	316	0	65	238
1595	DNAJC1_ENSG00000136770_11974.4	645	403	805	812	711	60	104	280
1596	DNAJC1_ENSG00000136770_11975.5	1199	417	1445	360	1898	73	516	750
1597	DNAJC1_ENSG00000136770_11976.6	723	379	925	659	961	430	271	441
1598	DNAJC2_ENSG00000105821_89425.1	566	180	610	334	1081	0	271	322
1599	DNAJC2_ENSG00000105821_89426.2	1197	238	1119	776	981	0	387	621
1600	DNAJC2_ENSG00000105821_89427.3	1832	607	2181	1380	1931	1122	638	1108
1601	DNAJC2_ENSG00000105821_89428.4	1657	256	1500	769	882	0	856	827
1602	DNAJC2_ENSG00000105821_89429.5	417	167	395	344	0	168	24	184
1603	DNAJC2_ENSG00000105821_89430.6	8	0	37	0	0	0	3	9
1604	DNMT1_ENSG00000130816_123235.1	777	238	836	420	274	0	204	325
1605	DNMT1_ENSG00000130816_123236.2	662	37	751	825	143	144	246	421
1606	DNMT1_ENSG00000130816_123237.3	706	0	810	665	1500	171	292	464
1607	DNMT1_ENSG00000130816_123238.4	830	487	825	0	0	452	259	521
1608	DNMT1_ENSG00000130816_123239.5	1454	517	1589	592	1245	821	836	876
1609	DNMT1_ENSG00000130816_123240.6	226	205	254	236	356	0	163	151
1610	DNMT3A_ENSG00000119772_114909.1	1158	283	1352	999	1142	0	973	757
1611	DNMT3A_ENSG00000119772_114910.2	751	354	793	561	5	0	200	367
1612	DNMT3A_ENSG00000119772_114911.3	661	163	766	0	16	245	396	315
1613	DNMT3A_ENSG00000119772_114912.4	235	186	295	0	143	0	118	141
1614	DNMT3A_ENSG00000119772_114913.5	1158	218	1447	349	594	142	279	523
1615	DNMT3A_ENSG00000119772_114914.6	617	265	849	798	684	114	226	386
1616	DNMT3B_ENSG00000088305_22454.1	454	166	414	285	0	260	70	256
1617	DNMT3B_ENSG00000088305_22455.2	1728	352	1704	609	970	142	442	963
1618	DNMT3B_ENSG00000088305_22456.3	932	487	921	191	1025	397	389	463
1619	DNMT3B_ENSG00000088305_22457.4	488	381	364	407	0	382	52	198
1620	DNMT3B_ENSG00000088305_22458.5	798	726	967	416	791	0	684	538
1621	DNMT3B_ENSG00000088305_22459.6	863	253	1082	412	335	121	485	575
1622	DOT1L_ENSG00000104885_48491.1	296	25	332	0	827	0	33	181
1623	DOT1L_ENSG00000104885_48492.2	194	0	259	0	502	70	42	113
1624	DOT1L_ENSG00000104885_48493.3	753	274	1226	771	569	215	406	563
1625	DOT1L_ENSG00000104885_48494.4	2816	608	2977	1791	1295	1271	925	1384
1626	DOT1L_ENSG00000104885_48495.5	915	306	1038	416	598	0	527	529
1627	DOT1L_ENSG00000104885_48496.6	2446	924	2626	892	571	646	952	1247
1628	DPF1_ENSG00000011332_51665.1	237	156	260	0	255	0	101	148
1629	DPF1_ENSG00000011332_51666.2	1927	524	1793	275	3281	467	230	770
1630	DPF1_ENSG00000011332_51667.3	378	221	385	163	0	0	164	152
1631	DPF1_ENSG00000011332_51668.4	398	113	407	0	545	0	80	168
1632	DPF1_ENSG00000011332_51669.5	957	262	1143	1	799	252	479	653
1633	DPF1_ENSG00000011332_51670.6	431	183	516	320	502	0	258	240
1634	DPF2_ENSG00000133884_51455.1	695	336	887	494	1056	260	278	514
1635	DPF2_ENSG00000133884_51456.2	1336	208	1327	737	1041	384	354	726
1636	DPF2_ENSG00000133884_51457.3	1344	264	1517	583	1109	332	436	909
1637	DPF2_ENSG00000133884_51458.4	2770	1238	3040	1207	2349	796	1200	1565
1638	DPF2_ENSG00000133884_51459.5	461	123	495	664	215	160	85	284
1639	DPF2_ENSG00000133884_51460.6	230	0	337	279	94	170	43	139
1640	DPF3_ENSG00000205683_162700.1	776	206	856	224	958	0	483	526
1641	DPF3_ENSG00000205683_162701.2	561	152	504	137	439	136	145	337
1642	DPF3_ENSG00000205683_162702.3	542	646	558	715	400	142	217	339
1643	DPF3_ENSG00000205683_162703.4	473	138	404	156	536	0	238	279
1644	DPF3_ENSG00000205683_162704.5	314	198	441	220	566	0	100	214
1645	DPF3_ENSG00000205683_162705.6	1016	373	1193	1273	463	306	502	578
1646	DPY30_ENSG00000162961_171438.1	1140	541	1099	856	560	138	309	500
1647	DPY30_ENSG00000162961_171439.2	2089	387	2163	690	1471	255	596	1091
1648	DPY30_ENSG00000162961_171440.3	1693	686	2003	651	1610	960	184	905
1649	DPY30_ENSG00000162961_171441.4	740	182	720	340	663	0	162	298
1650	DPY30_ENSG00000162961_171442.5	1914	833	2268	1651	1860	744	875	1105
1651	DPY30_ENSG00000162961_171443.6	1060	488	1073	640	1131	0	610	564
1652	DQX1_ENSG00000144045_142963.1	345	226	243	0	300	0	64	127
1653	DQX1_ENSG00000144045_142964.2	565	200	571	321	792	145	16	239
1654	DQX1_ENSG00000144045_142965.3	1578	281	1475	683	1291	768	558	902
1655	DQX1_ENSG00000144045_142966.4	351	54	421	147	553	139	236	255
1656	DQX1_ENSG00000144045_142967.5	1054	259	995	202	458	533	368	514
1657	DQX1_ENSG00000144045_142968.6	845	700	1079	1409	724	309	347	573
1658	DSN1_ENSG00000149636_74701.1	1076	341	1128	385	972	150	54	536
1659	DSN1_ENSG00000149636_74702.2	1027	429	1159	361	464	293	468	707
1660	DSN1_ENSG00000149636_74703.3	2303	925	2654	460	1729	917	1639	1624
1661	DSN1_ENSG00000149636_74704.4	2463	862	2755	1121	1068	420	766	1371
1662	DSN1_ENSG00000149636_74705.5	466	344	548	413	1157	372	92	299
1663	DSN1_ENSG00000149636_74706.6	1266	415	1465	1181	294	660	592	870
1664	DTX3L_ENSG00000163840_188205.1	1992	440	2117	588	1266	533	607	1058
1665	DTX3L_ENSG00000163840_188206.2	1239	465	1679	2632	605	157	259	717
1666	DTX3L_ENSG00000163840_188207.3	930	66	848	571	129	132	208	377
1667	DTX3L_ENSG00000163840_188208.4	1288	339	1278	460	594	541	417	644
1668	DTX3L_ENSG00000163840_188209.5	1106	397	1275	961	773	629	430	710
1669	DTX3L_ENSG00000163840_188210.6	757	52	845	318	597	871	74	249
1670	DZIP3_ENSG00000198919_199874.1	462	107	592	227	439	454	261	316
1671	DZIP3_ENSG00000198919_199875.2	871	405	1131	549	221	139	559	586
1672	DZIP3_ENSG00000198919_199876.3	2852	886	3012	1649	2897	916	967	1746
1673	DZIP3_ENSG00000198919_199877.4	1139	427	1179	665	628	462	476	671
1674	DZIP3_ENSG00000198919_199878.5	1554	289	1697	353	1378	291	616	946
1675	DZIP3_ENSG00000198919_199879.6	1350	624	1316	0	1501	151	401	664
1676	ECE2_ENSG00000145194_1059.1	2433	1021	3005	955	774	299	1397	1399
1677	ECE2_ENSG00000145194_1060.2	391	318	374	174	570	0	124	220
1678	ECE2_ENSG00000145194_1061.3	1799	886	2089	1450	2152	278	584	938
1679	ECE2_ENSG00000145194_1062.4	1304	343	1432	680	2415	147	528	780
1680	ECE2_ENSG00000145194_1063.5	731	90	739	779	187	146	170	400
1681	ECE2_ENSG00000145194_1064.6	376	120	434	112	787	0	114	226
1682	EDF1_ENSG00000107223_194791.1	1109	677	1033	382	1120	128	362	630
1683	EDF1_ENSG00000107223_194792.2	744	389	754	161	233	250	114	440
1684	EDF1_ENSG00000107223_194793.3	1904	1092	2084	168	966	1015	938	1232
1685	EDF1_ENSG00000107223_194794.4	2925	1306	3142	1798	1498	408	1767	1510
1686	EDF1_ENSG00000107223_194795.5	1706	478	2137	507	1225	145	828	983
1687	EDF1_ENSG00000107223_194796.6	1401	243	1156	546	569	0	349	630
1688	EED_ENSG00000074266_61775.1	1229	198	1506	618	782	504	745	711
1689	EED_ENSG00000074266_61776.2	687	327	607	141	1190	390	135	330
1690	EED_ENSG00000074266_61777.3	605	62	540	321	1	105	156	337
1691	EED_ENSG00000074266_61778.4	748	152	644	408	638	123	291	388
1692	EED_ENSG00000074266_61779.5	1564	517	1511	1093	1394	0	771	935
1693	EED_ENSG00000074266_61780.6	774	242	879	155	1278	417	261	484
1694	EHMT1_ENSG00000181090_104987.1	1336	726	1635	894	38	269	948	911
1695	EHMT1_ENSG00000181090_104988.2	746	134	744	516	505	128	243	388
1696	EHMT1_ENSG00000181090_104989.3	1411	284	1663	164	1755	0	1021	778
1697	EHMT1_ENSG00000181090_104990.4	446	53	486	1	544	241	219	286
1698	EHMT1_ENSG00000181090_104991.5	1698	363	1846	908	1291	751	963	989
1699	EHMT1_ENSG00000181090_104992.6	345	0	409	211	660	162	146	231
1700	EHMT2_ENSG00000204371_153353.1	589	395	787	327	244	392	54	300
1701	EHMT2_ENSG00000204371_153354.2	990	523	1059	446	676	260	128	496
1702	EHMT2_ENSG00000204371_153355.3	1687	370	1904	769	1644	782	747	758
1703	EHMT2_ENSG00000204371_153356.4	639	346	841	222	64	80	326	324
1704	EHMT2_ENSG00000204371_153357.5	681	254	919	209	554	0	262	384
1705	EHMT2_ENSG00000204371_153358.6	942	133	1081	491	833	272	342	594
1706	EID1_ENSG00000255302_99875.1	632	94	649	0	1818	397	303	366
1707	EID1_ENSG00000255302_99876.2	1421	566	1440	599	738	285	394	804
1708	EID1_ENSG00000255302_99877.3	1187	371	1451	1123	1457	737	334	717
1709	EID1_ENSG00000255302_99878.4	1018	128	1074	546	952	154	357	762
1710	EID1_ENSG00000255302_99879.5	1110	472	1203	301	770	0	355	570
1711	EID1_ENSG00000255302_99880.6	1914	575	2136	467	2392	435	297	962
1712	EIF4A1_ENSG00000161960_99485.1	1067	619	1158	803	925	0	286	758
1713	EIF4A1_ENSG00000161960_99486.2	916	240	802	258	267	141	354	516
1714	EIF4A1_ENSG00000161960_99487.3	1100	191	971	1134	1281	336	423	463
1715	EIF4A1_ENSG00000161960_99488.4	929	389	868	383	1021	0	252	381
1716	EIF4A1_ENSG00000161960_99489.5	1441	468	1280	1145	381	66	347	684
1717	EIF4A1_ENSG00000161960_99490.6	2126	609	2198	921	2211	405	377	1024
1718	EIF4A2_ENSG00000156976_81918.1	2503	599	2442	1351	1972	0	1261	1357
1719	EIF4A2_ENSG00000156976_81919.2	647	204	720	220	1241	0	183	317
1720	EIF4A2_ENSG00000156976_81920.3	1213	564	1419	664	876	626	262	710
1721	EIF4A2_ENSG00000156976_81921.4	1093	189	984	661	487	255	372	626
1722	EIF4A2_ENSG00000156976_81922.5	2242	1274	2805	938	838	449	1489	1407
1723	EIF4A2_ENSG00000156976_81923.6	71	0	58	0	0	0	11	52
1724	EIF4A3_ENSG00000141543_134073.1	1356	2144	1275	1697	3166	2869	226	355
1725	EIF4A3_ENSG00000141543_134074.2	1093	2342	1255	1200	3536	1326	436	543
1726	EIF4A3_ENSG00000141543_134075.3	1497	3192	1527	2365	7055	6227	376	655
1727	EIF4A3_ENSG00000141543_134076.4	1582	3381	1426	2080	6364	6069	438	635
1728	EIF4A3_ENSG00000141543_134077.5	1020	478	1084	743	1356	270	554	581
1729	EIF4A3_ENSG00000141543_134078.6	797	1739	799	398	3139	2354	218	243
1730	ELL_ENSG00000105656_120039.1	1071	426	1038	145	355	136	199	571
1731	ELL_ENSG00000105656_120040.2	909	302	1057	717	271	97	454	440
1732	ELL_ENSG00000105656_120041.3	1567	749	1764	1222	2287	734	455	920
1733	ELL_ENSG00000105656_120042.4	1002	213	1154	622	377	254	460	529
1734	ELL_ENSG00000105656_120043.5	496	177	561	158	263	132	216	252
1735	ELL_ENSG00000105656_120044.6	909	283	1459	493	558	0	377	529
1736	ELL2_ENSG00000118985_163790.1	553	234	600	640	219	0	285	343
1737	ELL2_ENSG00000118985_163791.2	1080	187	1327	1527	489	139	406	647
1738	ELL2_ENSG00000118985_163792.3	502	156	539	170	0	131	176	259
1739	ELL2_ENSG00000118985_163793.4	368	0	324	151	658	161	132	189
1740	ELL2_ENSG00000118985_163794.5	506	277	439	186	578	149	60	232
1741	ELL2_ENSG00000118985_163795.6	1313	190	1257	203	484	103	318	690
1742	ELL3_ENSG00000128886_183681.1	574	91	473	158	58	9	414	254
1743	ELL3_ENSG00000128886_183682.2	264	283	260	334	0	145	28	143
1744	ELL3_ENSG00000128886_183683.3	1012	121	959	898	569	356	477	533
1745	ELL3_ENSG00000128886_183684.4	1462	402	1447	703	3333	774	244	766
1746	ELL3_ENSG00000128886_183685.5	883	598	975	214	551	130	175	468
1747	ELL3_ENSG00000128886_183686.6	757	361	632	415	98	0	171	394
1748	ELMSAN1_ENSG00000156030_170281.1	1941	480	2336	983	1175	836	930	1121
1749	ELMSAN1_ENSG00000156030_170282.2	282	0	367	0	287	0	131	210
1750	ELMSAN1_ENSG00000156030_170283.3	1252	449	1397	790	376	453	644	734
1751	ELMSAN1_ENSG00000156030_170284.4	1148	175	1230	1210	1799	400	464	667
1752	ELMSAN1_ENSG00000156030_170285.5	877	145	955	128	456	274	318	463
1753	ELMSAN1_ENSG00000156030_170286.6	1419	348	1725	527	739	552	821	1000
1754	ELP2_ENSG00000134759_88587.1	2061	638	1965	524	1228	603	843	1082
1755	ELP2_ENSG00000134759_88588.2	550	417	402	152	282	0	119	240
1756	ELP2_ENSG00000134759_88589.3	773	191	801	254	1268	0	203	423
1757	ELP2_ENSG00000134759_88590.4	1225	191	1394	443	884	773	210	682
1758	ELP2_ENSG00000134759_88591.5	2115	629	2263	1342	2612	121	578	1091
1759	ELP2_ENSG00000134759_88592.6	915	506	1025	335	682	209	243	583
1760	ELP3_ENSG00000134014_188405.1	551	0	434	549	0	0	241	240
1761	ELP3_ENSG00000134014_188406.2	2489	747	2570	1569	1626	294	978	1347
1762	ELP3_ENSG00000134014_188407.3	906	390	1193	574	1668	146	231	560
1763	ELP3_ENSG00000134014_188408.4	1085	296	1298	547	2	0	581	708
1764	ELP3_ENSG00000134014_188409.5	1168	656	1313	255	2034	360	350	720
1765	ELP3_ENSG00000134014_188410.6	664	424	890	705	786	0	269	441
1766	ELP4_ENSG00000109911_59326.1	2106	603	2326	1010	2444	483	976	1228
1767	ELP4_ENSG00000109911_59327.2	1233	234	1354	406	1121	117	481	616
1768	ELP4_ENSG00000109911_59328.3	538	173	475	0	528	0	212	224
1769	ELP4_ENSG00000109911_59329.4	814	324	997	225	593	364	369	516
1770	ELP4_ENSG00000109911_59330.5	1200	328	1194	650	1052	141	360	710
1771	ELP4_ENSG00000109911_59331.6	798	289	928	556	595	128	178	371
1772	EMG1_ENSG00000126749_58946.1	1573	469	1503	1011	819	692	425	798
1773	EMG1_ENSG00000126749_58947.2	838	176	867	321	153	0	162	421
1774	EMG1_ENSG00000126749_58948.3	336	0	256	0	463	0	159	192
1775	EMG1_ENSG00000126749_58949.4	348	47	522	184	446	286	96	184
1776	EMG1_ENSG00000126749_58950.5	538	212	586	448	837	226	117	380
1777	EMG1_ENSG00000126749_58951.6	1534	696	1658	633	1716	581	766	831
1778	ENY2_ENSG00000120533_16524.1	931	416	929	342	396	129	367	456
1779	ENY2_ENSG00000120533_16525.2	662	243	724	481	757	409	222	382
1780	ENY2_ENSG00000120533_16526.3	519	154	656	227	0	0	292	399
1781	ENY2_ENSG00000120533_16527.4	1334	529	1266	1284	629	1116	416	716
1782	ENY2_ENSG00000120533_16528.5	593	624	693	435	563	120	123	372
1783	ENY2_ENSG00000120533_16529.6	2393	1296	2310	1388	2843	1094	336	1191
1784	EP300_ENSG00000100393_58056.1	3726	312	2866	624	830	600	1774	1305
1785	EP300_ENSG00000100393_58057.2	2077	462	2262	599	1175	257	619	1155
1786	EP300_ENSG00000100393_58058.3	408	65	418	0	0	0	140	224
1787	EP300_ENSG00000100393_58059.4	2114	999	2032	953	2544	767	289	963
1788	EP300_ENSG00000100393_58060.5	181	0	285	0	0	0	112	132
1789	EP300_ENSG00000100393_58061.6	1901	154	1964	494	283	124	653	852
1790	EP400_ENSG00000183495_134053.1	1503	366	1467	689	200	133	332	872
1791	EP400_ENSG00000183495_134054.2	2153	1116	2740	781	2686	955	1180	1179
1792	EP400_ENSG00000183495_134055.3	910	812	1017	1890	1241	1103	398	601
1793	EP400_ENSG00000183495_134056.4	3348	1737	3280	1077	4123	1878	2000	1579
1794	EP400_ENSG00000183495_134057.5	1283	942	1196	707	726	451	438	679
1795	EP400_ENSG00000183495_134058.6	1572	825	1715	845	1701	1029	311	815
1796	EPC1_ENSG00000120616_79754.1	643	221	547	217	1294	516	51	255
1797	EPC1_ENSG00000120616_79755.2	1908	932	1760	1444	1156	532	243	899
1798	EPC1_ENSG00000120616_79756.3	851	210	891	539	1019	144	219	474
1799	EPC1_ENSG00000120616_79757.4	1243	575	1496	579	1080	133	537	872
1800	EPC1_ENSG00000120616_79758.5	1960	934	2003	1271	1537	433	1030	1134
1801	EPC1_ENSG00000120616_79759.6	1388	536	1633	299	1032	1652	727	847
1802	EPC2_ENSG00000135999_178925.1	1527	462	1792	684	2191	0	823	860
1803	EPC2_ENSG00000135999_178926.2	566	136	617	162	599	686	111	255
1804	EPC2_ENSG00000135999_178927.3	561	240	625	294	270	0	274	363
1805	EPC2_ENSG00000135999_178928.4	773	333	640	399	327	620	227	375
1806	EPC2_ENSG00000135999_178929.5	1621	645	1611	1472	907	777	89	557
1807	EPC2_ENSG00000135999_178930.6	885	782	873	835	1503	123	363	590
1808	ERCC2_ENSG00000104884_94692.1	640	114	624	234	290	0	178	410
1809	ERCC2_ENSG00000104884_94693.2	524	345	426	269	660	0	119	255
1810	ERCC2_ENSG00000104884_94694.3	748	322	814	521	248	525	149	402
1811	ERCC2_ENSG00000104884_94695.4	1344	405	1358	1027	553	0	462	796
1812	ERCC2_ENSG00000104884_94696.5	1382	787	1369	558	791	139	414	660
1813	ERCC2_ENSG00000104884_94697.6	1110	139	1316	504	543	0	678	675
1814	ERCC3_ENSG00000163161_77753.1	2317	857	2689	999	2105	829	1217	1460
1815	ERCC3_ENSG00000163161_77754.2	2151	470	2271	158	936	897	1079	1255
1816	ERCC3_ENSG00000163161_77755.3	568	309	546	205	573	272	62	297
1817	ERCC3_ENSG00000163161_77756.4	1827	325	2123	968	499	287	1311	1196
1818	ERCC3_ENSG00000163161_77757.5	405	0	299	0	209	0	33	219
1819	ERCC5_ENSG00000134899_111248.1	694	142	707	117	269	381	53	299
1820	ERCC5_ENSG00000134899_111249.2	2296	1341	2567	810	1946	129	522	1181
1821	ERCC5_ENSG00000134899_111250.3	1563	711	1545	553	813	137	436	843
1822	ERCC5_ENSG00000134899_111251.4	256	223	408	133	135	0	156	189
1823	ERCC5_ENSG00000134899_111252.5	636	183	459	0	467	147	197	372
1824	ERCC5_ENSG00000134899_111253.6	753	193	819	376	265	0	183	468
1825	ERCC6_ENSG00000225830_36806.2	1784	589	1798	1205	1361	570	1037	1242
1826	ERCC6_ENSG00000225830_36809.5	1928	1101	2009	1281	1631	382	509	912
1827	ERCC6_ENSG00000225830_36812.8	1745	845	2136	1731	1478	619	1222	1044
1828	ERCC6_ENSG00000225830_36813.9	868	214	1025	335	1482	305	250	476
1829	ERCC6_ENSG00000225830_36814.1	1378	296	1281	484	553	239	501	589
1830	ERCC6L_ENSG00000186871_175229.1	363	271	237	799	0	0	70	186
1831	ERCC6L_ENSG00000186871_175230.2	3318	825	3564	1602	1743	1163	1831	1951
1832	ERCC6L_ENSG00000186871_175231.3	529	164	572	0	979	496	149	296
1833	ERCC6L_ENSG00000186871_175232.4	547	263	655	600	1416	465	231	430
1834	ERCC6L_ENSG00000186871_175233.5	268	0	397	120	0	560	200	170
1835	ERCC6L_ENSG00000186871_175234.6	890	366	1055	321	742	400	67	406
1836	ERCC6L2_ENSG00000182150_164661.1	196	0	246	0	269	430	100	132
1837	ERCC6L2_ENSG00000182150_164662.2	933	171	882	151	270	125	189	405
1838	ERCC6L2_ENSG00000182150_164663.3	59	66	32	0	143	0	19	63
1839	ERCC6L2_ENSG00000182150_164664.4	547	226	725	997	273	291	127	365
1840	ERCC6L2_ENSG00000182150_164665.5	791	118	623	407	758	142	124	320
1841	ERCC6L2_ENSG00000182150_164666.6	1074	202	1224	590	521	115	484	646
1842	ERG_ENSG00000157554_97463.1	1557	786	1611	426	421	646	684	772
1843	ERG_ENSG00000157554_97464.2	1571	500	1720	532	762	522	707	959
1844	ERG_ENSG00000157554_97465.3	1004	598	930	182	492	0	362	589
1845	ERG_ENSG00000157554_97466.4	768	159	688	1408	329	116	311	489
1846	ERG_ENSG00000157554_97467.5	2043	434	2222	884	1226	0	1411	1198
1847	ERG_ENSG00000157554_97468.6	1885	815	2196	1143	782	141	1423	1238
1848	ERI1_ENSG00000104626_119699.1	586	314	714	240	229	239	19	269
1849	ERI1_ENSG00000104626_119700.2	2371	502	2588	1591	1887	241	599	1202
1850	ERI1_ENSG00000104626_119701.3	525	0	427	74	255	239	112	251
1851	ERI1_ENSG00000104626_119702.4	2530	1112	2450	953	1377	284	1105	1375
1852	ERI1_ENSG00000104626_119703.5	1284	432	1081	789	1048	736	195	607
1853	ERI1_ENSG00000104626_119704.6	1317	837	1475	997	480	442	216	704
1854	ESCO1_ENSG00000141446_182732.1	1000	477	1246	519	1490	392	259	564
1855	ESCO1_ENSG00000141446_182733.2	2117	1225	2238	1137	2497	914	360	1120
1856	ESCO1_ENSG00000141446_182734.3	580	326	698	1	1095	0	374	311
1857	ESCO1_ENSG00000141446_182735.4	805	469	794	802	555	382	126	360
1858	ESCO1_ENSG00000141446_182736.5	1316	487	1504	599	1636	533	731	808
1859	ESCO1_ENSG00000141446_182737.6	702	268	711	787	245	382	249	416
1860	ESCO2_ENSG00000171320_178115.1	1495	574	1651	550	1064	727	523	733
1861	ESCO2_ENSG00000171320_178116.2	1283	544	1496	795	464	667	470	739
1862	ESCO2_ENSG00000171320_178117.3	1448	850	1450	323	933	1035	778	820
1863	ESCO2_ENSG00000171320_178118.4	822	456	783	549	668	273	440	544
1864	ESCO2_ENSG00000171320_178119.5	1948	893	2279	1050	1715	289	683	1180
1865	ESCO2_ENSG00000171320_178120.6	822	121	769	1	144	123	365	426
1866	EYA1_ENSG00000104313_170561.1	221	228	319	0	0	147	133	122
1867	EYA1_ENSG00000104313_170562.2	543	198	822	209	512	148	324	425
1868	EYA1_ENSG00000104313_170563.3	366	93	378	0	546	0	53	173
1869	EYA1_ENSG00000104313_170564.4	1836	417	1916	907	1146	884	980	1085
1870	EYA1_ENSG00000104313_170565.5	1871	968	1759	814	1358	657	985	966
1871	EYA1_ENSG00000104313_170566.6	1829	515	1923	569	1009	275	1078	1053
1872	EYA2_ENSG00000064655_158476.1	1130	481	1370	447	449	5	983	831
1873	EYA2_ENSG00000064655_158477.2	743	325	687	523	841	522	142	399
1874	EYA2_ENSG00000064655_158478.3	1011	307	1098	465	1081	91	431	652
1875	EYA2_ENSG00000064655_158479.4	571	0	622	382	830	0	347	405
1876	EYA2_ENSG00000064655_158480.5	531	331	651	150	79	285	225	241
1877	EYA2_ENSG00000064655_158481.6	1863	949	2165	583	650	244	553	1184
1878	EZH1_ENSG00000108799_29193.1	707	157	831	285	492	0	262	445
1879	EZH1_ENSG00000108799_29194.2	1730	572	1846	1515	810	401	515	1019
1880	EZH1_ENSG00000108799_29195.3	2200	848	2044	2055	2291	495	677	1110
1881	EZH1_ENSG00000108799_29196.4	416	67	187	0	0	0	71	135
1882	EZH1_ENSG00000108799_29197.5	891	62	1020	1072	1066	0	374	591
1883	EZH1_ENSG00000108799_29198.6	318	265	506	212	704	151	54	209
1884	EZH2_ENSG00000106462_13842.1	1517	688	1304	677	992	143	544	693
1885	EZH2_ENSG00000106462_13843.2	947	100	1069	276	260	290	185	549
1886	EZH2_ENSG00000106462_13844.3	2496	803	2338	785	784	590	1311	1250
1887	EZH2_ENSG00000106462_13845.4	726	0	778	362	271	0	101	385
1888	EZH2_ENSG00000106462_13846.5	143	0	165	0	0	135	5	89
1889	EZH2_ENSG00000106462_13847.6	2074	423	1785	929	1024	686	818	1110
1890	FABP1_ENSG00000163586_115801.1	845	634	970	618	943	380	197	495
1891	FABP1_ENSG00000163586_115802.2	1392	567	1456	1150	1579	600	419	832
1892	FABP1_ENSG00000163586_115803.3	1019	502	1422	1031	748	561	555	640
1893	FABP1_ENSG00000163586_115804.4	549	305	697	0	1362	245	357	405
1894	FABP1_ENSG00000163586_115805.5	1348	376	1499	997	1116	297	354	726
1895	FABP1_ENSG00000163586_115806.6	861	298	975	681	842	160	412	497
1896	FAM175A_ENSG00000163322_104327.1	195	169	293	0	535	0	80	154
1897	FAM175A_ENSG00000163322_104328.2	1659	293	1784	357	1378	505	845	960
1898	FAM175A_ENSG00000163322_104329.3	866	109	884	1242	2076	650	203	561
1899	FAM175A_ENSG00000163322_104330.4	2052	720	1998	917	1502	393	768	972
1900	FAM175A_ENSG00000163322_104331.5	1159	478	1334	973	1987	477	485	675
1901	FAM175A_ENSG00000163322_104332.6	941	334	1102	386	444	140	583	548
1902	FAM175B_ENSG00000165660_11631.1	505	0	498	175	855	387	231	292
1903	FAM175B_ENSG00000165660_11632.2	1303	740	1188	1144	864	154	383	642
1904	FAM175B_ENSG00000165660_11633.3	805	310	1015	595	793	2	526	501
1905	FAM175B_ENSG00000165660_11634.4	2001	744	2464	1004	681	926	955	1244
1906	FAM175B_ENSG00000165660_11635.5	1558	739	1621	646	599	0	763	922
1907	FAM175B_ENSG00000165660_11636.6	271	55	401	237	774	0	94	198
1908	FAM208A_ENSG00000163946_61282.1	1004	751	1015	184	0	274	414	533
1909	FAM208A_ENSG00000163946_61283.2	1772	643	1826	1640	1054	292	1172	1136
1910	FAM208A_ENSG00000163946_61284.3	356	0	269	1015	260	338	0	74
1911	FAM208A_ENSG00000163946_61285.4	461	169	555	447	0	132	279	237
1912	FAM208A_ENSG00000163946_61286.5	818	346	951	730	733	244	162	567
1913	FAM208A_ENSG00000163946_61287.6	484	65	538	582	157	304	363	367
1914	FANCM_ENSG00000187790_133374.1	961	295	912	526	215	0	665	536
1915	FANCM_ENSG00000187790_133375.2	309	0	249	0	410	127	30	125
1916	FANCM_ENSG00000187790_133376.3	704	183	853	916	254	0	190	473
1917	FANCM_ENSG00000187790_133377.4	1341	524	1444	1294	665	155	225	737
1918	FANCM_ENSG00000187790_133378.5	215	58	366	0	0	273	146	218
1919	FANCM_ENSG00000187790_133379.6	725	286	626	270	0	144	153	324
1920	FBXL19_ENSG00000099364_107374.1	2229	861	2219	1908	1952	845	1488	1263
1921	FBXL19_ENSG00000099364_107375.2	992	600	897	595	900	0	89	336
1922	FBXL19_ENSG00000099364_107376.3	1206	578	1157	448	795	133	838	716
1923	FBXL19_ENSG00000099364_107377.4	1261	483	1181	393	1217	142	496	648
1924	FBXL19_ENSG00000099364_107378.5	227	172	214	408	0	135	94	108
1925	FBXL19_ENSG00000099364_107379.6	524	48	378	159	650	0	49	214
1926	FBXO10_ENSG00000147912_101457.1	385	184	463	376	67	0	162	214
1927	FBXO10_ENSG00000147912_101458.2	875	141	734	120	689	751	394	477
1928	FBXO10_ENSG00000147912_101459.3	3268	1082	3261	1539	3260	632	1690	1827
1929	FBXO10_ENSG00000147912_101460.4	1087	478	1018	539	821	1539	707	576
1930	FBXO10_ENSG00000147912_101461.5	482	266	505	547	683	144	144	274
1931	FBXO10_ENSG00000147912_101462.6	989	343	1143	659	1019	788	523	485
1932	FBXO11_ENSG00000138081_142260.1	1449	283	1434	863	1285	715	323	697
1933	FBXO11_ENSG00000138081_142261.2	945	178	892	571	310	130	439	480
1934	FBXO11_ENSG00000138081_142262.3	1589	245	1840	1297	1332	698	1053	949
1935	FBXO11_ENSG00000138081_142263.4	1574	391	1764	290	422	233	726	988
1936	FBXO11_ENSG00000138081_142264.5	1130	743	1137	463	0	498	212	621
1937	FBXO11_ENSG00000138081_142265.6	485	229	665	237	855	0	261	366
1938	FBXO17_ENSG00000269190_192156.1	901	500	1055	476	471	548	490	563
1939	FBXO17_ENSG00000269190_192157.2	246	212	486	0	249	268	69	184
1940	FBXO17_ENSG00000269190_192158.3	1907	854	2403	1104	932	255	755	1299
1941	FBXO17_ENSG00000269190_192159.4	981	353	1233	607	2208	558	298	573
1942	FBXO17_ENSG00000269190_192160.5	1325	422	1474	565	666	267	789	807
1943	FBXO17_ENSG00000269190_192161.6	1063	464	835	524	769	145	596	533
1944	FBXW9_ENSG00000132004_191856.1	1680	513	2196	430	763	121	1035	1031
1945	FBXW9_ENSG00000132004_191857.2	1668	322	1669	317	1981	283	102	597
1946	FBXW9_ENSG00000132004_191858.3	1759	364	2250	1757	916	916	1186	1230
1947	FBXW9_ENSG00000132004_191859.4	615	340	637	151	548	429	58	289
1948	FBXW9_ENSG00000132004_191860.5	583	121	583	542	1024	0	60	268
1949	FBXW9_ENSG00000132004_191861.6	2960	1431	2894	1607	2066	289	2748	1689
1950	FEN1_ENSG00000168496_36165.1	1038	270	970	560	718	74	185	436
1951	FEN1_ENSG00000168496_36166.2	1076	660	1364	686	646	858	466	732
1952	FEN1_ENSG00000168496_36167.3	1950	519	2272	2131	1941	575	711	944
1953	FEN1_ENSG00000168496_36168.4	841	83	709	101	1236	0	155	387
1954	FEN1_ENSG00000168496_36169.5	931	126	953	1167	1580	218	261	512
1955	FEN1_ENSG00000168496_36170.6	750	272	917	302	535	0	245	432
1956	FIZ1_ENSG00000179943_145912.1	281	275	280	335	80	0	5	128
1957	FIZ1_ENSG00000179943_145913.2	456	92	456	276	600	0	87	245
1958	FIZ1_ENSG00000179943_145914.3	222	0	188	515	0	112	95	117
1959	FIZ1_ENSG00000179943_145915.4	1284	510	1378	671	197	0	786	674
1960	FIZ1_ENSG00000179943_145916.5	1473	766	1693	315	1154	119	451	819
1961	FIZ1_ENSG00000179943_145917.6	2315	1136	2927	2226	1903	922	992	1253
1962	FKBP1A_ENSG00000088832_132019.1	1449	438	1449	389	1672	644	337	653
1963	FKBP1A_ENSG00000088832_132020.2	1193	216	1160	200	132	112	346	606
1964	FKBP1A_ENSG00000088832_132021.3	1086	579	1242	1066	853	156	160	557
1965	FKBP1A_ENSG00000088832_132022.4	138	0	241	244	59	150	60	113
1966	FKBP1A_ENSG00000088832_132023.5	839	278	980	365	385	0	199	467
1967	FKBP1C_ENSG00000198225_185413.1	622	174	602	629	427	249	212	330
1968	FKBP1C_ENSG00000198225_185414.2	1955	628	2206	1	1457	429	911	1118
1969	FKBP1C_ENSG00000198225_185415.3	672	151	707	262	151	591	321	422
1970	FKBP1C_ENSG00000198225_185416.4	882	213	974	365	458	108	143	444
1971	FKBP1C_ENSG00000198225_185418.6	860	408	857	518	914	413	286	486
1972	FKBP2_ENSG00000173486_71862.1	838	432	1000	398	9	909	490	551
1973	FKBP2_ENSG00000173486_71863.2	1180	516	1207	1373	1330	0	220	497
1974	FKBP2_ENSG00000173486_71864.3	541	157	502	404	990	125	188	263
1975	FKBP2_ENSG00000173486_71865.4	493	51	451	0	407	0	131	310
1976	FKBP2_ENSG00000173486_71866.5	2705	488	2852	1556	2399	642	1331	1507
1977	FKBP2_ENSG00000173486_71867.6	206	107	91	144	116	0	0	35
1978	FKBP5_ENSG00000096060_60430.1	766	184	910	302	959	133	64	366
1979	FKBP5_ENSG00000096060_60431.2	2234	298	2304	863	2597	382	1573	1269
1980	FKBP5_ENSG00000096060_60432.3	1285	213	1270	649	1171	382	352	586
1981	FKBP5_ENSG00000096060_60433.4	1493	420	1607	150	2035	287	293	821
1982	FKBP5_ENSG00000096060_60434.5	1231	446	1386	597	684	277	737	820
1983	FKBP5_ENSG00000096060_60435.6	1157	130	1145	328	2094	397	337	626
1984	FLYWCH1_ENSG00000059122_91044.1	3341	1316	3595	1873	1528	425	1984	1906
1985	FLYWCH1_ENSG00000059122_91045.2	1690	796	1631	875	267	428	955	830
1986	FLYWCH1_ENSG00000059122_91046.3	693	186	596	178	249	0	75	319
1987	FLYWCH1_ENSG00000059122_91047.4	915	308	1078	187	1166	391	477	596
1988	FLYWCH1_ENSG00000059122_91048.5	1102	708	1119	833	912	135	417	679
1989	FLYWCH1_ENSG00000059122_91049.6	738	273	607	992	45	119	381	385
1990	FMR1_ENSG00000102081_31991.1	374	55	658	0	249	65	223	317
1991	FMR1_ENSG00000102081_31992.2	1107	283	966	351	583	429	219	532
1992	FMR1_ENSG00000102081_31993.3	2377	1018	2917	756	1670	969	1017	1507
1993	FMR1_ENSG00000102081_31994.4	1256	197	1146	203	488	489	254	580
1994	FMR1_ENSG00000102081_31995.5	1222	972	1094	717	263	940	444	640
1995	FMR1_ENSG00000102081_31996.6	853	496	976	418	795	111	438	597
1996	FOXA1_ENSG00000129514_190826.1	1168	772	1528	764	742	143	817	863
1997	FOXA1_ENSG00000129514_190827.2	1375	357	1490	831	502	506	364	803
1998	FOXA1_ENSG00000129514_190828.3	1466	624	1496	196	481	391	563	888
1999	FOXA1_ENSG00000129514_190829.4	2071	698	2323	790	1336	427	1072	1187
2000	FOXA1_ENSG00000129514_190830.5	923	198	1481	165	1088	417	923	653
2001	FOXA1_ENSG00000129514_190831.6	1169	293	1412	742	246	631	177	533
2002	FOXA2_ENSG00000125798_150601.1	1420	493	1308	344	60	134	834	752
2003	FOXA2_ENSG00000125798_150602.2	1570	827	1841	336	899	941	1306	935
2004	FOXA2_ENSG00000125798_150603.3	1783	739	2078	205	1108	413	1277	1052
2005	FOXA2_ENSG00000125798_150604.4	127	0	192	0	0	0	59	77
2006	FOXA2_ENSG00000125798_150605.5	269	397	316	0	261	0	95	159
2007	FOXA2_ENSG00000125798_150606.6	1607	764	1646	1237	1733	275	733	829
2008	FOXA3_ENSG00000170608_157551.1	959	424	888	53	585	546	392	499
2009	FOXA3_ENSG00000170608_157552.2	1261	492	1342	798	719	164	469	792
2010	FOXA3_ENSG00000170608_157553.3	378	316	388	142	223	0	94	184
2011	FOXA3_ENSG00000170608_157554.4	608	134	559	391	241	0	167	305
2012	FOXA3_ENSG00000170608_157555.5	593	288	899	776	358	130	188	351
2013	FOXA3_ENSG00000170608_157556.6	978	405	968	465	180	289	372	512
2014	FOXO1_ENSG00000150907_67833.1	919	589	1034	370	1208	0	361	482
2015	FOXO1_ENSG00000150907_67834.2	1522	294	1583	371	640	156	762	673
2016	FOXO1_ENSG00000150907_67835.3	1501	983	1811	223	2050	788	649	987
2017	FOXO1_ENSG00000150907_67836.4	2547	490	2769	1008	1602	233	877	1367
2018	FOXO1_ENSG00000150907_67837.5	582	70	632	152	357	328	190	320
2019	FOXO1_ENSG00000150907_67838.6	1030	544	1109	633	66	0	498	633
2020	FOXO3_ENSG00000118689_42722.1	441	391	457	326	434	0	99	202
2021	FOXO3_ENSG00000118689_42723.2	292	0	349	0	0	0	87	112
2022	FOXO3_ENSG00000118689_42724.3	2154	665	2217	987	531	752	456	1037
2023	FOXO3_ENSG00000118689_42725.4	1836	724	1816	941	1028	457	90	802
2024	FOXO3_ENSG00000118689_42726.5	480	458	646	0	586	0	178	245
2025	FOXO3_ENSG00000118689_42727.6	453	234	570	0	1	0	132	309
2026	FOXO4_ENSG00000184481_75170.1	791	430	884	1	804	123	329	449
2027	FOXO4_ENSG00000184481_75171.2	653	425	694	359	262	141	73	287
2028	FOXO4_ENSG00000184481_75172.3	650	246	631	50	463	0	187	312
2029	FOXO4_ENSG00000184481_75173.4	241	69	346	0	261	137	102	177
2030	FOXO4_ENSG00000184481_75174.5	478	68	568	460	329	0	282	317
2031	FOXO4_ENSG00000184481_75175.6	1136	111	1644	1192	543	300	166	567
2032	FOXP3_ENSG00000049768_70943.1	2790	765	3109	1604	1654	875	946	1330
2033	FOXP3_ENSG00000049768_70944.2	712	405	1002	245	124	363	297	497
2034	FOXP3_ENSG00000049768_70945.3	497	319	539	369	334	267	95	254
2035	FOXP3_ENSG00000049768_70946.4	303	0	332	0	329	0	105	204
2036	FOXP3_ENSG00000049768_70947.5	2612	1029	2952	2191	3203	1098	1641	1858
2037	FOXP3_ENSG00000049768_70948.6	423	302	437	0	895	0	92	206
2038	FOXP4_ENSG00000137166_14892.1	1112	463	1117	1168	191	144	561	615
2039	FOXP4_ENSG00000137166_14893.2	483	307	635	1034	351	0	129	303
2040	FOXP4_ENSG00000137166_14894.3	3312	1058	3675	2141	2018	512	2018	1911
2041	FOXP4_ENSG00000137166_14895.4	1182	512	1400	148	1148	375	410	751
2042	FOXP4_ENSG00000137166_14896.5	176	0	372	204	0	157	86	143
2043	FOXP4_ENSG00000137166_14897.6	1211	397	1304	270	1438	127	261	516
2044	FSBP_ENSG00000265817_182532.1	1471	363	1268	714	557	284	581	731
2045	FSBP_ENSG00000265817_182533.2	2682	982	2759	741	1770	863	1836	1492
2046	FSBP_ENSG00000265817_182534.3	1197	476	1448	359	122	267	454	598
2047	FSBP_ENSG00000265817_182535.4	1118	413	1105	534	1589	0	290	650
2048	FSBP_ENSG00000265817_182536.5	1033	112	999	370	593	266	322	544
2049	FSBP_ENSG00000265817_182537.6	1066	491	1093	146	670	0	623	746
2050	FTSJ3_ENSG00000108592_65202.1	545	286	489	153	1667	0	269	346
2051	FTSJ3_ENSG00000108592_65203.2	1012	311	1199	1130	494	231	345	624
2052	FTSJ3_ENSG00000108592_65204.3	886	230	791	97	1335	0	282	454
2053	FTSJ3_ENSG00000108592_65205.4	1416	619	1542	1040	1873	689	367	782
2054	FTSJ3_ENSG00000108592_65206.5	1321	665	1222	384	1365	239	196	517
2055	FTSJ3_ENSG00000108592_65207.6	919	248	832	186	1475	134	72	322
2056	FUBP3_ENSG00000107164_102265.1	982	220	997	324	771	120	463	625
2057	FUBP3_ENSG00000107164_102266.2	922	511	891	408	458	159	148	413
2058	FUBP3_ENSG00000107164_102267.3	2163	775	2238	658	1016	678	730	1247
2059	FUBP3_ENSG00000107164_102268.4	962	604	981	1000	745	0	342	610
2060	FUBP3_ENSG00000107164_102269.5	440	2	390	0	0	0	55	219
2061	FUBP3_ENSG00000107164_102270.6	480	157	367	642	0	247	104	227
2062	FUS_ENSG00000089280_154456.1	3418	1571	4088	1501	1964	865	1524	2030
2063	FUS_ENSG00000089280_154457.2	1091	404	1192	325	439	697	353	684
2064	FUS_ENSG00000089280_154458.3	1711	597	1639	1465	1104	499	561	879
2065	FUS_ENSG00000089280_154459.4	1615	245	1917	1212	1049	655	837	971
2066	FUS_ENSG00000089280_154460.5	1523	462	1524	824	642	140	406	809
2067	FUS_ENSG00000089280_154461.6	1220	348	943	371	370	303	20	366
2068	FXR1_ENSG00000114416_52680.1	1123	287	1256	436	1016	552	582	700
2069	FXR1_ENSG00000114416_52681.2	376	0	492	234	294	0	218	261
2070	FXR1_ENSG00000114416_52682.3	2040	952	1943	1048	1977	388	629	1150
2071	FXR1_ENSG00000114416_52683.4	729	322	864	384	286	0	372	464
2072	FXR1_ENSG00000114416_52684.5	1264	335	1367	1204	0	406	413	738
2073	FXR1_ENSG00000114416_52685.6	1428	129	1570	1005	1474	423	770	907
2074	FXR2_ENSG00000129245_41731.1	1045	293	1184	404	872	253	249	577
2075	FXR2_ENSG00000129245_41732.2	1112	582	1357	774	368	688	371	651
2076	FXR2_ENSG00000129245_41733.3	625	412	480	149	649	137	224	292
2077	FXR2_ENSG00000129245_41734.4	1221	435	1247	216	794	137	224	596
2078	FXR2_ENSG00000129245_41735.5	1072	553	1391	426	1428	0	505	803
2079	FXR2_ENSG00000129245_41736.6	1333	698	1615	1487	1309	543	557	863
2080	G2E3_ENSG00000092140_3819.1	1147	240	1200	985	1588	0	659	768
2081	G2E3_ENSG00000092140_3820.2	1888	796	2147	1181	1599	404	852	1255
2082	G2E3_ENSG00000092140_3821.3	1941	547	2021	1472	1893	856	1021	1073
2083	G2E3_ENSG00000092140_3822.4	1119	689	1224	410	715	432	273	595
2084	G2E3_ENSG00000092140_3823.5	1380	738	1315	508	1583	427	352	822
2085	G2E3_ENSG00000092140_3824.6	1556	343	1488	896	1201	290	808	852
2086	GADD45A_ENSG00000116717_42632.1	1842	1099	2331	1328	1462	801	1401	1274
2087	GADD45A_ENSG00000116717_42633.2	1693	236	1572	500	599	261	381	723
2088	GADD45A_ENSG00000116717_42634.3	1055	399	1008	166	1895	0	141	482
2089	GADD45A_ENSG00000116717_42635.4	927	322	953	209	312	0	732	548
2090	GADD45A_ENSG00000116717_42636.5	573	227	672	208	438	140	103	279
2091	GADD45A_ENSG00000116717_42637.6	543	122	658	461	1312	0	323	246
2092	GADD45B_ENSG00000099860_27485.1	876	211	771	0	571	266	204	337
2093	GADD45B_ENSG00000099860_27486.2	874	313	1019	601	744	1	498	521
2094	GADD45B_ENSG00000099860_27487.3	252	43	192	114	0	280	59	143
2095	GADD45B_ENSG00000099860_27488.4	1856	835	1962	1444	2132	519	885	1183
2096	GADD45B_ENSG00000099860_27489.5	1007	582	1232	967	1242	0	421	597
2097	GADD45B_ENSG00000099860_27490.6	1135	719	1113	150	2242	358	177	493
2098	GATAD2A_ENSG00000167491_191329.1	3412	1213	3210	2125	1636	676	1684	1839
2099	GATAD2A_ENSG00000167491_191330.2	1983	309	2134	1020	766	846	841	1105
2100	GATAD2A_ENSG00000167491_191331.3	1480	828	1430	477	2708	663	170	711
2101	GATAD2A_ENSG00000167491_191332.4	1589	767	1687	425	1376	500	575	808
2102	GATAD2A_ENSG00000167491_191333.5	1012	306	1115	123	0	137	312	545
2103	GATAD2A_ENSG00000167491_191334.6	1333	260	1140	536	288	733	446	569
2104	GATAD2B_ENSG00000143614_130350.1	1981	1065	2183	1600	2581	655	425	1141
2105	GATAD2B_ENSG00000143614_130351.2	1582	531	1620	555	1540	310	479	903
2106	GATAD2B_ENSG00000143614_130352.3	894	0	1425	743	600	548	458	671
2107	GATAD2B_ENSG00000143614_130353.4	1772	658	1779	1391	1396	856	608	1010
2108	GATAD2B_ENSG00000143614_130354.5	667	233	891	131	453	119	254	354
2109	GATAD2B_ENSG00000143614_130355.6	2582	852	2490	1255	3071	396	525	1201
2110	GDAP2_ENSG00000196505_91144.1	1051	317	1346	1160	1157	0	130	468
2111	GDAP2_ENSG00000196505_91145.2	1539	669	1708	616	1816	511	749	900
2112	GDAP2_ENSG00000196505_91146.3	1229	265	1038	332	590	0	487	613
2113	GDAP2_ENSG00000196505_91147.4	1064	404	1014	514	1102	134	409	601
2114	GDAP2_ENSG00000196505_91148.5	885	206	950	297	331	129	135	470
2115	GDAP2_ENSG00000196505_91149.6	855	361	731	699	530	127	457	505
2116	GFI1B_ENSG00000165702_190370.1	166	43	205	0	0	0	77	82
2117	GFI1B_ENSG00000165702_190371.2	1631	245	1387	798	1954	149	442	799
2118	GFI1B_ENSG00000165702_190372.3	769	311	724	465	1018	0	119	336
2119	GFI1B_ENSG00000165702_190373.4	1244	223	1258	828	606	0	229	593
2120	GFI1B_ENSG00000165702_190374.5	1063	180	1171	224	1082	298	206	505
2121	GFI1B_ENSG00000165702_190375.6	422	251	464	0	674	128	262	293
2122	GLI1_ENSG00000111087_78433.1	1380	180	1390	907	1718	169	510	758
2123	GLI1_ENSG00000111087_78434.2	290	137	261	127	242	121	70	146
2124	GLI1_ENSG00000111087_78435.3	1157	607	1391	132	702	318	473	613
2125	GLI1_ENSG00000111087_78436.4	1481	618	1745	1028	1293	394	202	844
2126	GLI1_ENSG00000111087_78437.5	571	134	652	568	605	0	120	308
2127	GLI1_ENSG00000111087_78438.6	114	0	148	0	0	0	16	67
2128	GLI3_ENSG00000106571_143632.1	844	404	943	532	166	764	413	567
2129	GLI3_ENSG00000106571_143633.2	1345	202	1143	609	1266	254	650	736
2130	GLI3_ENSG00000106571_143634.3	1002	228	1089	531	1305	0	481	501
2131	GLI3_ENSG00000106571_143635.4	757	275	821	416	1241	394	120	346
2132	GLI3_ENSG00000106571_143636.5	691	134	854	742	265	0	266	417
2133	GLI3_ENSG00000106571_143637.6	1043	443	1011	501	1143	264	421	624
2134	GLYR1_ENSG00000140632_99205.1	239	137	293	273	513	0	72	134
2135	GLYR1_ENSG00000140632_99206.2	707	354	888	470	623	134	305	441
2136	GLYR1_ENSG00000140632_99207.3	1117	403	1148	1143	1272	0	398	691
2137	GLYR1_ENSG00000140632_99208.4	1461	1208	1549	1655	334	520	545	723
2138	GLYR1_ENSG00000140632_99209.5	2281	1080	2497	1343	3136	582	281	1117
2139	GLYR1_ENSG00000140632_99210.6	1150	656	1368	844	510	337	562	760
2140	GON4L_ENSG00000116580_36966.1	1729	601	2187	409	1462	844	1187	1274
2141	GON4L_ENSG00000116580_36967.2	1235	162	1415	454	1406	131	694	803
2142	GON4L_ENSG00000116580_36968.3	1374	467	1619	1209	1453	463	815	855
2143	GON4L_ENSG00000116580_36969.4	857	396	894	531	631	166	256	434
2144	GON4L_ENSG00000116580_36970.5	1672	428	1351	498	391	144	709	818
2145	GON4L_ENSG00000116580_36971.6	1250	537	1001	833	1795	0	671	574
2146	GPS2_ENSG00000132522_118366.1	1553	760	1783	702	740	577	795	978
2147	GPS2_ENSG00000132522_118367.2	381	44	490	323	0	0	17	130
2148	GPS2_ENSG00000132522_118368.3	942	654	1044	273	698	394	468	583
2149	GPS2_ENSG00000132522_118369.4	557	284	452	580	528	179	142	328
2150	GPS2_ENSG00000132522_118370.5	779	503	804	660	1057	145	446	621
2151	GPS2_ENSG00000132522_118371.6	1163	648	1420	347	523	131	421	814
2152	GSG2_ENSG00000177602_131679.1	441	240	474	129	0	0	56	206
2153	GSG2_ENSG00000177602_131680.2	914	98	860	812	852	415	358	343
2154	GSG2_ENSG00000177602_131681.3	368	146	560	0	57	0	65	219
2155	GSG2_ENSG00000177602_131682.4	926	363	800	895	859	241	118	388
2156	GSG2_ENSG00000177602_131683.5	1727	939	1881	1218	1827	644	1173	993
2157	GSG2_ENSG00000177602_131684.6	1939	930	1723	385	2496	148	888	1059
2158	GTF2A1_ENSG00000165417_108521.1	1590	605	1639	1003	2422	477	880	979
2159	GTF2A1_ENSG00000165417_108522.2	1291	363	1450	462	688	0	733	864
2160	GTF2A1_ENSG00000165417_108523.3	1005	208	938	333	8	299	533	571
2161	GTF2A1_ENSG00000165417_108524.4	1167	603	1055	210	1126	0	348	557
2162	GTF2A1_ENSG00000165417_108525.5	329	0	368	220	274	0	105	180
2163	GTF2A1_ENSG00000165417_108526.6	908	162	805	371	420	0	289	413
2164	GTF2A2_ENSG00000140307_106167.1	490	96	588	0	0	861	105	308
2165	GTF2A2_ENSG00000140307_106168.2	289	114	169	0	311	89	116	129
2166	GTF2A2_ENSG00000140307_106169.3	586	200	571	199	531	0	134	310
2167	GTF2A2_ENSG00000140307_106170.4	1296	557	1329	989	1189	426	802	876
2168	GTF2A2_ENSG00000140307_106171.5	433	182	376	461	0	136	182	243
2169	GTF2A2_ENSG00000140307_106172.6	1214	472	1150	450	607	155	472	640
2170	GTF2B_ENSG00000137947_167903.1	1444	122	1395	0	749	130	594	744
2171	GTF2B_ENSG00000137947_167904.2	1414	738	1440	400	1615	981	661	849
2172	GTF2B_ENSG00000137947_167905.3	2152	1103	2124	371	1015	923	400	1044
2173	GTF2B_ENSG00000137947_167906.4	1303	681	1504	1005	1289	451	347	743
2174	GTF2B_ENSG00000137947_167907.5	1653	594	1682	231	1751	479	460	932
2175	GTF2B_ENSG00000137947_167908.6	1309	600	1195	225	824	0	624	779
2176	GTF2E1_ENSG00000153767_191986.1	115	168	199	0	0	0	106	88
2177	GTF2E1_ENSG00000153767_191987.2	711	360	856	184	544	380	461	444
2178	GTF2E1_ENSG00000153767_191988.3	748	472	928	501	1722	91	277	472
2179	GTF2E1_ENSG00000153767_191989.4	1642	550	1824	367	1586	125	787	921
2180	GTF2E1_ENSG00000153767_191990.5	1512	486	1381	674	961	390	528	747
2181	GTF2E1_ENSG00000153767_191991.6	633	211	690	291	798	71	42	241
2182	GTF2E2_ENSG00000197265_31261.1	1529	404	1743	77	703	236	339	766
2183	GTF2E2_ENSG00000197265_31262.2	794	58	1065	651	798	0	586	602
2184	GTF2E2_ENSG00000197265_31263.3	1193	551	1213	758	901	284	179	576
2185	GTF2E2_ENSG00000197265_31264.4	894	662	1029	707	721	488	396	542
2186	GTF2E2_ENSG00000197265_31265.5	822	84	659	228	327	143	239	427
2187	GTF2E2_ENSG00000197265_31266.6	1412	557	1377	226	1444	415	945	902
2188	GTF2F1_ENSG00000125651_82716.1	1573	751	1512	1062	1005	413	348	859
2189	GTF2F1_ENSG00000125651_82717.2	1573	231	1371	524	332	105	582	753
2190	GTF2F1_ENSG00000125651_82718.3	1520	618	1516	835	820	234	427	816
2191	GTF2F1_ENSG00000125651_82719.4	2367	1318	2709	1576	1265	579	721	1356
2192	GTF2F1_ENSG00000125651_82720.5	1421	497	1880	800	538	724	772	874
2193	GTF2F1_ENSG00000125651_82721.6	576	560	614	1	16	287	291	324
2194	GTF2F2_ENSG00000188342_889.1	905	118	852	585	1086	133	222	488
2195	GTF2F2_ENSG00000188342_890.2	1466	204	1742	1028	880	240	688	819
2196	GTF2F2_ENSG00000188342_891.3	414	61	539	178	746	127	96	268
2197	GTF2F2_ENSG00000188342_892.4	1329	710	1357	627	2074	283	691	802
2198	GTF2F2_ENSG00000188342_893.5	313	203	300	0	281	0	182	135
2199	GTF2F2_ENSG00000188342_894.6	946	354	839	819	1127	581	334	509
2200	GTF2H1_ENSG00000110768_35222.1	2049	1000	2423	945	1576	300	1107	1185
2201	GTF2H1_ENSG00000110768_35223.2	1569	785	2073	843	1318	701	459	992
2202	GTF2H1_ENSG00000110768_35224.3	667	61	691	699	255	142	260	390
2203	GTF2H1_ENSG00000110768_35225.4	2004	655	2210	1165	883	432	1050	1341
2204	GTF2H1_ENSG00000110768_35226.5	882	181	906	177	1108	291	149	515
2205	GTF2H1_ENSG00000110768_35227.6	583	184	667	1121	219	274	208	330
2206	GTF2H2_ENSG00000145736_134783.1	1485	232	1362	1715	818	0	758	745
2207	GTF2H2_ENSG00000145736_134784.2	1079	251	1077	374	1425	558	539	639
2208	GTF2H2_ENSG00000145736_134785.3	245	62	472	161	268	137	198	209
2209	GTF2H2_ENSG00000145736_134786.4	910	435	892	585	598	0	575	478
2210	GTF2H2_ENSG00000145736_134787.5	1232	620	1310	673	758	0	422	693
2211	GTF2H2_ENSG00000145736_134788.6	882	257	1003	1135	1411	141	287	502
2212	GTF2H3_ENSG00000111358_100.1	582	339	393	334	853	539	77	235
2213	GTF2H3_ENSG00000111358_91.1	1948	890	2083	1927	1258	1254	1054	1269
2214	GTF2H3_ENSG00000111358_92.2	2352	924	2161	996	2409	217	800	1142
2215	GTF2H3_ENSG00000111358_93.3	915	218	1048	811	307	0	326	540
2216	GTF2H3_ENSG00000111358_94.4	1721	825	2271	858	1099	1213	1272	1156
2217	GTF2H3_ENSG00000111358_95.5	387	21	399	232	0	295	16	133
2218	GTF2H4_ENSG00000213780_113410.1	1806	343	1571	807	2053	236	800	877
2219	GTF2H4_ENSG00000213780_113411.2	560	199	669	163	40	143	118	391
2220	GTF2H4_ENSG00000213780_113412.3	1065	585	1157	535	1616	0	270	537
2221	GTF2H4_ENSG00000213780_113413.4	1133	539	1423	992	837	61	802	627
2222	GTF2H4_ENSG00000213780_113414.5	676	122	678	415	721	0	170	371
2223	GTF2H4_ENSG00000213780_113415.6	1287	304	1180	194	547	234	220	562
2224	GTF2H5_ENSG00000272047_108231.1	1152	387	1079	596	208	416	273	516
2225	GTF2H5_ENSG00000272047_108232.2	2146	640	2200	971	1894	284	744	1163
2226	GTF2H5_ENSG00000272047_108233.3	365	61	299	170	0	0	108	150
2227	GTF2H5_ENSG00000272047_108234.4	1911	825	1951	835	1383	190	466	1069
2228	GTF2H5_ENSG00000272047_108235.5	728	206	843	870	87	0	142	375
2229	GTF2H5_ENSG00000272047_108236.6	1159	750	1260	840	1117	605	409	533
2230	GTF3C4_ENSG00000125484_127980.1	1375	416	1259	782	964	255	317	702
2231	GTF3C4_ENSG00000125484_127981.2	457	77	574	768	565	0	227	314
2232	GTF3C4_ENSG00000125484_127982.3	466	181	480	0	291	281	188	198
2233	GTF3C4_ENSG00000125484_127983.4	835	280	821	291	789	141	154	392
2234	GTF3C4_ENSG00000125484_127984.5	113	0	272	279	0	0	90	132
2235	GTF3C4_ENSG00000125484_127985.6	1295	286	1354	185	784	256	527	719
2236	GTF3C5_ENSG00000148308_53888.1	1853	852	1929	568	1616	303	1339	1148
2237	GTF3C5_ENSG00000148308_53889.2	45	62	87	0	3	133	12	33
2238	GTF3C5_ENSG00000148308_53890.3	1942	685	2225	599	356	159	1432	1274
2239	GTF3C5_ENSG00000148308_53891.4	1125	342	1119	623	541	0	122	506
2240	GTF3C5_ENSG00000148308_53892.5	331	0	341	64	0	98	202	188
2241	GTF3C5_ENSG00000148308_53893.6	2049	256	2194	1295	1551	736	1102	1147
2242	H1F0_ENSG00000189060_117798.1	784	308	1129	977	262	263	484	533
2243	H1F0_ENSG00000189060_117799.2	533	125	469	124	595	122	170	270
2244	H1F0_ENSG00000189060_117800.3	965	190	1079	969	275	139	384	593
2245	H1F0_ENSG00000189060_117801.4	1220	132	1342	1047	276	578	204	521
2246	H1F0_ENSG00000189060_117802.5	1168	1174	1421	855	1287	552	569	861
2247	H1F0_ENSG00000189060_117803.6	1819	667	2106	1512	2199	766	916	1192
2248	H1FOO_ENSG00000178804_103283.1	1195	231	1098	420	641	262	315	585
2249	H1FOO_ENSG00000178804_103284.2	1165	353	1034	337	355	616	242	528
2250	H1FOO_ENSG00000178804_103285.3	1531	478	1749	1016	838	0	566	925
2251	H1FOO_ENSG00000178804_103286.4	1173	456	1088	572	267	513	262	577
2252	H1FOO_ENSG00000178804_103287.5	775	694	823	208	917	124	331	492
2253	H1FOO_ENSG00000178804_103288.6	197	64	195	0	0	0	98	99
2254	H1FX_ENSG00000184897_102453.1	649	481	1041	203	822	0	413	458
2255	H1FX_ENSG00000184897_102454.2	1617	649	1726	962	2127	458	519	967
2256	H1FX_ENSG00000184897_102455.3	2746	956	2954	1032	1478	676	819	1523
2257	H1FX_ENSG00000184897_102456.4	916	813	987	266	138	0	344	512
2258	H1FX_ENSG00000184897_102457.5	716	144	721	154	883	541	186	403
2259	H1FX_ENSG00000184897_102458.6	1357	648	1507	786	1436	0	674	777
2260	H2AFJ_ENSG00000246705_99225.1	1600	576	1618	539	1305	151	603	810
2261	H2AFJ_ENSG00000246705_99226.2	249	126	330	468	90	174	114	199
2262	H2AFJ_ENSG00000246705_99227.3	171	368	284	290	68	151	60	102
2263	H2AFJ_ENSG00000246705_99228.4	606	342	808	205	309	302	101	290
2264	H2AFJ_ENSG00000246705_99229.5	776	153	620	550	598	290	318	329
2265	H2AFJ_ENSG00000246705_99230.6	1278	124	1341	922	1351	254	576	736
2266	H2AFV_ENSG00000105968_71203.2	486	188	398	373	828	0	118	231
2267	H2AFV_ENSG00000105968_71204.3	624	211	751	68	500	166	417	388
2268	H2AFV_ENSG00000105968_71205.4	903	345	873	530	453	284	588	501
2269	H2AFV_ENSG00000105968_71206.5	1890	776	1706	971	457	776	874	911
2270	H2AFV_ENSG00000105968_71207.6	426	64	432	2158	266	147	143	239
2271	H2AFX_ENSG00000188486_75061.1	863	195	796	225	1532	268	309	566
2272	H2AFX_ENSG00000188486_75062.2	622	287	701	0	595	353	226	343
2273	H2AFX_ENSG00000188486_75063.3	669	119	700	0	274	271	170	352
2274	H2AFX_ENSG00000188486_75064.4	1163	311	1144	384	1458	137	332	631
2275	H2AFX_ENSG00000188486_75065.5	1409	306	1899	1181	1715	297	238	738
2276	H2AFX_ENSG00000188486_75066.6	593	105	560	189	1040	71	152	309
2277	H2AFY_ENSG00000113648_28208.1	241	53	272	0	0	163	47	100
2278	H2AFY_ENSG00000113648_28209.2	2187	999	2124	579	1384	705	919	1121
2279	H2AFY_ENSG00000113648_28210.3	400	64	417	335	222	408	77	188
2280	H2AFY_ENSG00000113648_28211.4	1404	439	1603	1258	1154	386	215	647
2281	H2AFY_ENSG00000113648_28212.5	1507	717	1764	446	697	400	570	893
2282	H2AFY_ENSG00000113648_28213.6	1884	471	2149	822	90	1085	1223	1251
2283	H2AFY2_ENSG00000099284_77973.1	1751	750	1755	544	774	433	876	1093
2284	H2AFY2_ENSG00000099284_77974.2	865	236	1006	271	304	1	244	470
2285	H2AFY2_ENSG00000099284_77975.3	1799	543	2333	928	1056	564	1131	1048
2286	H2AFY2_ENSG00000099284_77976.4	1974	709	2282	1739	855	490	1155	1267
2287	H2AFY2_ENSG00000099284_77977.5	1285	600	1549	954	956	312	828	793
2288	H2AFY2_ENSG00000099284_77978.6	1273	212	1295	821	2188	784	376	592
2289	H2AFZ_ENSG00000164032_31171.1	1524	340	1584	430	2511	265	1000	955
2290	H2AFZ_ENSG00000164032_31172.2	583	464	793	623	1085	0	330	465
2291	H2AFZ_ENSG00000164032_31173.3	806	797	1020	653	279	134	691	523
2292	H2AFZ_ENSG00000164032_31174.4	1367	479	1200	1424	1897	586	502	637
2293	H2AFZ_ENSG00000164032_31175.5	239	0	274	0	246	152	36	182
2294	H2AFZ_ENSG00000164032_31176.6	267	200	233	0	266	0	162	116
2295	H2BFM_ENSG00000101812_91923.1	3810	1327	4110	2422	3443	1318	2905	2524
2296	H2BFM_ENSG00000101812_91924.2	2250	685	2400	1142	2930	694	1550	1419
2297	H2BFM_ENSG00000101812_91925.3	2164	559	2012	416	1242	340	641	1087
2298	H2BFM_ENSG00000101812_91926.4	424	52	496	593	635	142	17	81
2299	H2BFM_ENSG00000101812_91927.5	523	293	628	294	570	253	351	384
2300	H2BFM_ENSG00000101812_91928.6	612	44	457	0	516	433	162	297
2301	H2BFWT_ENSG00000123569_31421.1	1689	668	1545	316	1868	374	990	907
2302	H2BFWT_ENSG00000123569_31422.2	625	335	799	206	504	725	76	288
2303	H2BFWT_ENSG00000123569_31423.3	697	63	737	0	1027	411	108	330
2304	H2BFWT_ENSG00000123569_31424.4	861	188	1030	546	458	134	368	596
2305	H2BFWT_ENSG00000123569_31425.5	612	339	698	86	910	0	168	394
2306	H2BFWT_ENSG00000123569_31426.6	1656	667	1525	1452	1187	772	567	786
2307	H3F3B_ENSG00000132475_171968.1	443	251	487	156	257	123	21	135
2308	H3F3B_ENSG00000132475_171969.2	205	238	198	147	0	267	85	146
2309	H3F3B_ENSG00000132475_171970.3	1357	517	1301	1274	654	606	133	620
2310	H3F3B_ENSG00000132475_171971.4	956	755	877	1097	1227	135	138	432
2311	H3F3B_ENSG00000132475_171973.6	1486	705	1676	1337	1465	1183	374	704
2312	HAT1_ENSG00000128708_164089.1	415	50	390	117	963	0	39	199
2313	HAT1_ENSG00000128708_164090.2	687	300	707	754	51	140	275	475
2314	HAT1_ENSG00000128708_164091.3	2197	835	2227	1245	2343	135	518	1092
2315	HAT1_ENSG00000128708_164092.4	2613	1148	2716	1269	1433	241	1006	1614
2316	HAT1_ENSG00000128708_164093.5	440	360	432	212	1233	595	230	257
2317	HAT1_ENSG00000128708_164094.6	1085	369	1035	400	875	0	737	582
2318	HCFC1_ENSG00000172534_43726.1	2246	592	2476	929	2226	417	906	1265
2319	HCFC1_ENSG00000172534_43727.2	2243	1014	2529	652	1193	475	1071	1381
2320	HCFC1_ENSG00000172534_43728.3	1069	251	1070	722	353	404	352	491
2321	HCFC1_ENSG00000172534_43729.4	690	248	884	317	553	210	454	491
2322	HCFC1_ENSG00000172534_43730.5	1544	608	1661	730	1253	257	455	897
2323	HCFC1_ENSG00000172534_43731.6	66	72	97	0	0	0	30	37
2324	HDAC1_ENSG00000116478_138286.1	508	166	523	1	560	107	222	224
2325	HDAC1_ENSG00000116478_138287.2	618	375	590	148	568	0	172	274
2326	HDAC1_ENSG00000116478_138288.3	315	85	339	303	293	111	88	224
2327	HDAC1_ENSG00000116478_138289.4	563	375	536	538	2	140	212	315
2328	HDAC1_ENSG00000116478_138290.5	963	498	909	548	1202	155	191	503
2329	HDAC1_ENSG00000116478_138291.6	607	71	734	156	846	733	446	355
2330	HDAC10_ENSG00000100429_115207.1	769	106	969	169	0	156	277	349
2331	HDAC10_ENSG00000100429_115208.2	388	113	459	217	276	0	72	242
2332	HDAC10_ENSG00000100429_115209.3	756	220	835	316	578	163	448	376
2333	HDAC10_ENSG00000100429_115210.4	254	218	240	342	0	0	59	180
2334	HDAC10_ENSG00000100429_115211.5	1031	707	1107	445	528	127	508	790
2335	HDAC10_ENSG00000100429_115212.6	806	240	1059	482	822	260	362	478
2336	HDAC11_ENSG00000163517_109900.1	1249	735	1794	505	1489	292	763	764
2337	HDAC11_ENSG00000163517_109901.2	413	143	584	393	542	240	191	269
2338	HDAC11_ENSG00000163517_109902.3	1163	487	1290	724	566	351	830	716
2339	HDAC11_ENSG00000163517_109903.4	1368	148	1505	744	965	0	622	704
2340	HDAC11_ENSG00000163517_109904.5	2238	1304	2702	822	3558	759	1174	1354
2341	HDAC11_ENSG00000163517_109905.6	162	72	224	368	241	0	54	81
2342	HDAC2_ENSG00000196591_3689.1	678	204	525	335	376	0	104	240
2343	HDAC2_ENSG00000196591_3690.2	299	149	341	0	998	137	39	194
2344	HDAC2_ENSG00000196591_3691.3	373	66	608	0	502	269	167	245
2345	HDAC2_ENSG00000196591_3692.4	1544	456	2093	74	1123	132	608	952
2346	HDAC2_ENSG00000196591_3693.5	1200	378	1140	543	1147	275	325	554
2347	HDAC2_ENSG00000196591_3694.6	23	7	19	26	0	0	0	3
2348	HDAC3_ENSG00000171720_161760.1	433	183	584	0	711	251	137	254
2349	HDAC3_ENSG00000171720_161761.2	502	199	513	402	480	0	158	350
2350	HDAC3_ENSG00000171720_161762.3	682	377	799	1212	767	111	406	471
2351	HDAC3_ENSG00000171720_161763.4	1544	562	1955	1290	1516	546	1785	1159
2352	HDAC3_ENSG00000171720_161764.5	1557	612	1498	796	2223	1502	575	866
2353	HDAC3_ENSG00000171720_161765.6	1905	1049	2108	1742	1168	780	782	1117
2354	HDAC4_ENSG00000068024_14472.1	1006	466	1001	1001	565	111	230	474
2355	HDAC4_ENSG00000068024_14473.2	1432	632	1686	1267	1113	144	930	983
2356	HDAC4_ENSG00000068024_14474.3	324	112	367	631	1479	134	63	168
2357	HDAC4_ENSG00000068024_14475.4	1543	489	1861	218	992	141	572	863
2358	HDAC4_ENSG00000068024_14476.5	920	206	931	310	1037	502	510	497
2359	HDAC4_ENSG00000068024_14477.6	1433	738	1511	339	574	140	252	616
2360	HDAC5_ENSG00000108840_64028.1	1664	627	1922	1403	2053	560	643	974
2361	HDAC5_ENSG00000108840_64029.2	1943	512	1899	723	839	0	1006	1105
2362	HDAC5_ENSG00000108840_64030.3	494	227	525	288	420	278	172	253
2363	HDAC5_ENSG00000108840_64031.4	428	211	470	136	188	0	182	282
2364	HDAC5_ENSG00000108840_64032.5	863	230	738	161	1021	92	221	340
2365	HDAC5_ENSG00000108840_64033.6	784	252	913	1869	0	129	382	630
2366	HDAC6_ENSG00000094631_189909.1	747	65	919	296	376	276	160	397
2367	HDAC6_ENSG00000094631_189910.2	520	131	360	281	0	252	51	175
2368	HDAC6_ENSG00000094631_189911.3	687	62	682	153	892	126	66	294
2369	HDAC6_ENSG00000094631_189912.4	2234	597	2212	595	3122	266	507	982
2370	HDAC6_ENSG00000094631_189913.5	1427	459	1383	749	1040	285	391	665
2371	HDAC6_ENSG00000094631_189914.6	1611	507	1641	797	682	0	800	755
2372	HDAC7_ENSG00000061273_64158.1	66	0	70	0	0	0	22	30
2373	HDAC7_ENSG00000061273_64159.2	945	163	971	449	831	477	181	410
2374	HDAC7_ENSG00000061273_64160.3	1136	245	1032	661	785	121	214	517
2375	HDAC7_ENSG00000061273_64161.4	88	0	196	0	238	0	12	55
2376	HDAC7_ENSG00000061273_64162.5	240	67	137	0	0	126	50	60
2377	HDAC7_ENSG00000061273_64163.6	1281	680	1241	574	350	162	273	597
2378	HDAC8_ENSG00000147099_60150.1	1111	760	1336	457	226	256	425	576
2379	HDAC8_ENSG00000147099_60151.2	560	373	790	797	1000	290	196	382
2380	HDAC8_ENSG00000147099_60152.3	690	329	749	153	1284	287	205	392
2381	HDAC8_ENSG00000147099_60153.4	790	186	914	995	598	0	316	410
2382	HDAC8_ENSG00000147099_60154.5	2812	1733	3158	4057	2133	494	1840	1622
2383	HDAC8_ENSG00000147099_60155.6	2369	541	2225	1097	706	0	1089	1373
2384	HDAC9_ENSG00000048052_166411.1	592	268	654	0	265	56	265	325
2385	HDAC9_ENSG00000048052_166412.2	2890	1439	3138	1807	1919	1050	1917	1679
2386	HDAC9_ENSG00000048052_166413.3	1694	583	1567	975	593	147	530	771
2387	HDAC9_ENSG00000048052_166414.4	1177	393	1272	190	361	0	343	686
2388	HDAC9_ENSG00000048052_166415.5	856	456	805	502	861	547	407	473
2389	HDAC9_ENSG00000048052_166416.6	1133	229	1309	319	819	504	106	671
2390	HDGF_ENSG00000143321_101705.1	2252	1038	2687	808	712	559	805	1454
2391	HDGF_ENSG00000143321_101706.2	2619	869	2443	1561	1825	371	169	1281
2392	HDGF_ENSG00000143321_101707.3	1072	243	975	1623	974	534	411	502
2393	HDGF_ENSG00000143321_101708.4	1276	440	1442	499	493	142	633	694
2394	HDGF_ENSG00000143321_101709.5	704	553	872	904	264	404	536	519
2395	HDGF_ENSG00000143321_101710.6	835	159	913	545	1885	0	119	458
2396	HDGFL1_ENSG00000112273_137516.1	1014	391	1130	915	614	400	846	646
2397	HDGFL1_ENSG00000112273_137517.2	1250	482	1203	467	820	699	96	590
2398	HDGFL1_ENSG00000112273_137518.3	531	386	634	626	0	0	197	333
2399	HDGFL1_ENSG00000112273_137519.4	1174	617	1151	0	1773	140	152	529
2400	HDGFL1_ENSG00000112273_137520.5	742	125	709	269	0	560	442	369
2401	HDGFL1_ENSG00000112273_137521.6	178	26	223	196	0	0	66	100
2402	HDGFRP2_ENSG00000167674_130859.1	793	70	737	351	0	283	299	353
2403	HDGFRP2_ENSG00000167674_130860.2	231	0	152	196	500	0	49	107
2404	HDGFRP2_ENSG00000167674_130861.3	1307	450	1385	154	1411	932	530	710
2405	HDGFRP2_ENSG00000167674_130862.4	1118	440	1134	761	470	141	993	633
2406	HDGFRP2_ENSG00000167674_130863.5	1395	184	1396	813	555	148	316	698
2407	HDGFRP2_ENSG00000167674_130864.6	532	170	356	145	703	285	129	207
2408	HDGFRP3_ENSG00000166503_22324.1	815	262	876	303	246	144	207	468
2409	HDGFRP3_ENSG00000166503_22325.2	1328	731	1409	768	645	424	629	768
2410	HDGFRP3_ENSG00000166503_22326.3	711	295	873	559	776	143	90	412
2411	HDGFRP3_ENSG00000166503_22327.4	931	448	725	0	827	384	145	390
2412	HDGFRP3_ENSG00000166503_22328.5	1434	244	1446	458	309	674	233	645
2413	HDGFRP3_ENSG00000166503_22329.6	1179	402	1133	296	568	125	281	570
2414	HELLS_ENSG00000119969_12375.1	1139	222	1046	734	574	160	313	473
2415	HELLS_ENSG00000119969_12376.2	383	56	451	133	408	0	105	181
2416	HELLS_ENSG00000119969_12377.3	1166	157	1134	972	878	445	304	673
2417	HELLS_ENSG00000119969_12378.4	1179	321	1105	207	897	9	516	636
2418	HELLS_ENSG00000119969_12379.5	892	89	898	1	289	0	205	472
2419	HELLS_ENSG00000119969_12380.6	1548	958	1541	1205	129	558	633	989
2420	HELQ_ENSG00000163312_14572.1	808	251	658	543	77	0	171	330
2421	HELQ_ENSG00000163312_14573.2	1324	634	1579	688	781	274	653	781
2422	HELQ_ENSG00000163312_14574.3	1035	371	1199	458	1412	381	401	464
2423	HELQ_ENSG00000163312_14575.4	2543	820	2683	1260	2315	749	1591	1643
2424	HELQ_ENSG00000163312_14576.5	2083	467	2340	1730	757	129	1308	1334
2425	HELQ_ENSG00000163312_14577.6	1219	348	1340	680	1669	129	511	824
2426	HEXIM1_ENSG00000186834_159994.1	756	525	814	1026	1362	419	90	398
2427	HEXIM1_ENSG00000186834_159995.2	1964	928	2216	1133	2537	2612	908	1140
2428	HEXIM1_ENSG00000186834_159996.3	1155	563	1102	487	1619	889	443	547
2429	HEXIM1_ENSG00000186834_159997.4	1201	1343	1273	1404	2740	710	431	644
2430	HEXIM1_ENSG00000186834_159998.5	500	155	565	749	978	139	149	222
2431	HEXIM1_ENSG00000186834_159999.6	1333	617	1502	1787	790	553	477	785
2432	HEXIM2_ENSG00000168517_46711.1	965	616	1002	64	1923	105	229	538
2433	HEXIM2_ENSG00000168517_46712.2	298	269	298	352	12	307	75	173
2434	HEXIM2_ENSG00000168517_46713.3	2013	1162	2235	909	4067	706	1218	1116
2435	HEXIM2_ENSG00000168517_46714.4	1116	294	1212	331	2165	480	420	678
2436	HEXIM2_ENSG00000168517_46715.5	1185	393	1173	1086	1223	453	228	568
2437	HEXIM2_ENSG00000168517_46716.6	1508	533	1542	802	3311	794	524	780
2438	HFM1_ENSG00000162669_43053.1	1431	355	1684	918	447	109	736	893
2439	HFM1_ENSG00000162669_43054.2	371	0	385	108	269	324	160	303
2440	HFM1_ENSG00000162669_43055.3	987	539	1173	483	465	289	341	614
2441	HFM1_ENSG00000162669_43056.4	2134	983	2041	777	1287	491	884	1151
2442	HFM1_ENSG00000162669_43057.5	1182	667	1169	427	1857	309	408	619
2443	HFM1_ENSG00000162669_43058.6	1177	349	1371	569	466	561	294	813
2444	HIF1AN_ENSG00000166135_197750.1	405	0	345	0	0	258	50	194
2445	HIF1AN_ENSG00000166135_197751.2	1258	174	1333	276	903	284	313	572
2446	HIF1AN_ENSG00000166135_197752.3	1139	497	1486	803	481	300	269	648
2447	HIF1AN_ENSG00000166135_197753.4	377	58	274	91	0	0	4	97
2448	HIF1AN_ENSG00000166135_197754.5	443	0	509	205	0	397	100	188
2449	HIF1AN_ENSG00000166135_197755.6	1344	293	1630	613	752	271	354	632
2450	HINFP_ENSG00000172273_88060.1	1063	303	1089	168	1427	1276	258	595
2451	HINFP_ENSG00000172273_88061.2	969	401	926	421	854	297	464	486
2452	HINFP_ENSG00000172273_88062.3	1194	385	1494	647	2396	491	405	574
2453	HINFP_ENSG00000172273_88063.4	1544	813	1417	714	2570	250	406	745
2454	HINFP_ENSG00000172273_88064.5	1910	542	1991	850	2523	358	302	799
2455	HINFP_ENSG00000172273_88065.6	883	327	1072	605	590	572	378	493
2456	HIRA_ENSG00000100084_161291.1	258	2	361	264	0	0	135	220
2457	HIRA_ENSG00000100084_161292.2	377	171	411	131	0	0	131	226
2458	HIRA_ENSG00000100084_161293.3	360	0	454	405	449	0	175	169
2459	HIRA_ENSG00000100084_161294.4	1060	292	1080	207	428	150	483	503
2460	HIRA_ENSG00000100084_161295.5	1184	133	1285	309	458	248	673	531
2461	HIRA_ENSG00000100084_161296.6	943	493	978	689	908	573	325	522
2462	HIST1H1C_ENSG00000187837_110727.1	733	468	792	720	413	688	158	317
2463	HIST1H1C_ENSG00000187837_110728.2	1014	578	1129	228	334	110	655	688
2464	HIST1H1C_ENSG00000187837_110729.3	882	627	913	212	263	0	251	378
2465	HIST1H1C_ENSG00000187837_110730.4	408	281	377	0	388	453	65	212
2466	HIST1H1C_ENSG00000187837_110731.5	987	205	1166	710	971	417	325	412
2467	HIST1H1C_ENSG00000187837_110732.6	158	77	128	0	292	0	20	53
2468	HIST1H1D_ENSG00000124575_115831.1	1013	191	798	545	2276	688	575	639
2469	HIST1H1D_ENSG00000124575_115832.2	695	272	574	265	0	0	340	393
2470	HIST1H1D_ENSG00000124575_115833.3	1221	340	1489	812	1048	744	381	680
2471	HIST1H1D_ENSG00000124575_115834.4	868	314	866	1132	1052	139	370	424
2472	HIST1H1D_ENSG00000124575_115835.5	207	66	207	216	0	0	66	109
2473	HIST1H1D_ENSG00000124575_115836.6	1006	233	1047	534	1423	150	274	486
2474	HIST1H1T_ENSG00000187475_175893.1	2100	559	2308	885	1631	552	931	1218
2475	HIST1H1T_ENSG00000187475_175894.2	1840	668	1570	1095	1019	689	360	738
2476	HIST1H1T_ENSG00000187475_175895.3	670	370	984	0	364	658	325	380
2477	HIST1H1T_ENSG00000187475_175896.4	788	300	886	73	0	2	304	468
2478	HIST1H1T_ENSG00000187475_175897.5	1492	496	1709	1026	1204	0	898	838
2479	HIST1H1T_ENSG00000187475_175898.6	326	152	499	207	0	0	127	179
2480	HIST1H2BA_ENSG00000146047_14802.1	601	267	851	1196	359	137	231	393
2481	HIST1H2BA_ENSG00000146047_14803.2	963	287	888	349	694	0	398	603
2482	HIST1H2BA_ENSG00000146047_14804.3	570	335	601	1040	0	0	95	241
2483	HIST1H2BA_ENSG00000146047_14805.4	1422	410	1369	215	0	210	594	652
2484	HIST1H2BA_ENSG00000146047_14806.5	1463	621	1633	562	2085	264	1419	947
2485	HIST1H2BA_ENSG00000146047_14807.6	175	123	140	370	0	0	73	85
2486	HIST1H2BJ_ENSG00000124635_124624.1	1088	171	1031	731	2121	160	87	429
2487	HIST1H2BJ_ENSG00000124635_124625.2	904	154	900	516	101	570	342	406
2488	HIST1H2BJ_ENSG00000124635_124626.3	591	379	459	0	0	0	170	242
2489	HIST1H2BJ_ENSG00000124635_124627.4	565	459	742	0	357	0	122	228
2490	HIST1H2BJ_ENSG00000124635_124628.5	634	258	836	697	66	97	154	382
2491	HIST1H2BJ_ENSG00000124635_124629.6	1788	699	1870	202	1315	202	316	865
2492	HIST1H2BL_ENSG00000185130_3349.1	1158	312	1150	1154	2125	123	318	659
2493	HIST1H2BL_ENSG00000185130_3350.2	1165	571	1313	252	1247	264	339	585
2494	HIST1H2BL_ENSG00000185130_3351.3	664	0	558	412	278	260	174	305
2495	HIST1H2BL_ENSG00000185130_3352.4	656	252	637	340	532	0	156	303
2496	HIST1H2BL_ENSG00000185130_3353.5	482	303	355	230	0	0	148	193
2497	HIST1H2BL_ENSG00000185130_3354.6	601	147	617	155	409	0	263	266
2498	HIST2H2AB_ENSG00000184270_35725.1	1474	903	1705	941	1004	411	1176	1002
2499	HIST2H2AB_ENSG00000184270_35726.2	66	80	115	132	0	0	12	45
2500	HIST2H2AB_ENSG00000184270_35727.3	812	243	715	98	517	128	272	392
2501	HIST2H2AB_ENSG00000184270_35728.4	995	632	1001	178	290	343	302	541
2502	HIST2H2AB_ENSG00000184270_35729.5	1620	500	1682	1483	2056	472	624	879
2503	HIST2H2AB_ENSG00000184270_35730.6	1363	525	1316	1342	2068	160	540	695
2504	HIST2H2BF_ENSG00000203814_87920.1	1454	348	1445	205	1707	0	657	725
2505	HIST2H2BF_ENSG00000203814_87921.2	1337	547	1445	399	850	482	442	719
2506	HIST2H2BF_ENSG00000203814_87922.3	2048	291	2076	727	2035	686	838	1105
2507	HIST2H2BF_ENSG00000203814_87923.4	1106	476	1391	636	1961	0	437	674
2508	HIST2H2BF_ENSG00000203814_87924.5	348	283	386	216	561	108	64	209
2509	HIST2H2BF_ENSG00000203814_87925.6	1186	322	1482	727	1003	272	527	735
2510	HIST2H3D_ENSG00000183598_23512.4	866	188	824	794	550	1084	413	504
2511	HIST2H3D_ENSG00000183598_23513.5	455	372	567	293	0	146	207	265
2512	HIST2H3D_ENSG00000183598_23514.6	1286	622	1099	656	2755	457	254	513
2513	HIST3H2A_ENSG00000181218_25097.2	998	395	1454	425	924	130	327	625
2514	HIST3H2A_ENSG00000181218_25098.3	459	266	449	252	744	0	54	248
2515	HIST3H2A_ENSG00000181218_25099.4	1955	577	1997	918	1030	1276	793	1031
2516	HIST3H2A_ENSG00000181218_25100.5	1759	685	1728	399	915	278	1201	823
2517	HIST3H2A_ENSG00000181218_25101.6	3463	1191	3985	1427	3280	308	1908	2139
2518	HLCS_ENSG00000159267_162070.1	1529	415	1576	387	1333	800	453	835
2519	HLCS_ENSG00000159267_162071.2	1567	578	1590	297	2047	140	559	874
2520	HLCS_ENSG00000159267_162072.3	386	204	470	0	885	129	230	257
2521	HLCS_ENSG00000159267_162073.4	1226	358	1288	876	1278	668	601	819
2522	HLCS_ENSG00000159267_162074.5	699	0	662	728	7	267	98	310
2523	HLCS_ENSG00000159267_162075.6	1192	249	1369	735	265	549	435	779
2524	HLTF_ENSG00000071794_39595.1	1887	578	1950	505	314	298	467	1022
2525	HLTF_ENSG00000071794_39596.2	1173	1125	1281	405	546	334	528	697
2526	HLTF_ENSG00000071794_39597.3	791	412	917	458	576	191	330	512
2527	HLTF_ENSG00000071794_39598.4	898	563	827	642	487	216	503	551
2528	HLTF_ENSG00000071794_39599.5	1033	440	1120	580	948	538	205	537
2529	HLTF_ENSG00000071794_39600.6	1624	789	1396	951	2441	119	538	862
2530	HMG20A_ENSG00000140382_135107.1	684	110	805	106	423	107	95	337
2531	HMG20A_ENSG00000140382_135108.2	1524	665	1655	638	1750	569	929	924
2532	HMG20A_ENSG00000140382_135109.3	1395	764	1592	140	1048	654	842	902
2533	HMG20A_ENSG00000140382_135110.4	1186	182	1142	1021	890	138	663	770
2534	HMG20A_ENSG00000140382_135111.5	801	163	1082	798	1400	122	197	410
2535	HMG20A_ENSG00000140382_135112.6	1139	503	1176	0	1059	823	306	693
2536	HMG20B_ENSG00000064961_114370.1	987	360	927	561	688	429	181	473
2537	HMG20B_ENSG00000064961_114371.2	2094	863	2465	992	429	472	621	1110
2538	HMG20B_ENSG00000064961_114372.3	1676	283	1723	1013	1567	425	1188	999
2539	HMG20B_ENSG00000064961_114373.4	1774	683	1601	724	1129	110	375	851
2540	HMG20B_ENSG00000064961_114374.5	411	55	538	138	282	208	264	333
2541	HMG20B_ENSG00000064961_114375.6	1223	1018	1253	1024	216	837	485	636
2542	HMGN1_ENSG00000205581_149105.2	993	477	1405	738	329	580	485	707
2543	HMGN1_ENSG00000205581_149106.3	450	44	498	0	740	0	27	203
2544	HMGN1_ENSG00000205581_149108.5	697	184	663	572	926	285	237	356
2545	HMGN1_ENSG00000205581_149109.6	423	326	501	284	263	119	65	257
2546	HMGN2_ENSG00000198830_85748.1	498	476	712	395	535	357	224	357
2547	HMGN2_ENSG00000198830_85749.2	673	407	769	547	586	0	165	357
2548	HMGN2_ENSG00000198830_85750.3	1402	366	1413	863	842	663	110	660
2549	HMGN2_ENSG00000198830_85751.4	432	0	383	288	0	0	114	182
2550	HMGN2_ENSG00000198830_85752.5	512	109	385	0	514	0	60	127
2551	HMGN2_ENSG00000198830_85753.6	695	177	492	131	995	0	42	207
2552	HMGN3_ENSG00000118418_3589.1	1835	1076	1877	1590	2053	357	544	975
2553	HMGN3_ENSG00000118418_3590.2	761	225	1005	129	786	0	152	470
2554	HMGN3_ENSG00000118418_3591.3	1378	329	1296	629	1435	423	277	777
2555	HMGN3_ENSG00000118418_3592.4	512	330	465	157	1115	284	211	314
2556	HMGN3_ENSG00000118418_3593.5	344	99	537	397	574	0	195	255
2557	HMGN3_ENSG00000118418_3594.6	653	0	743	441	1	275	204	364
2558	HMGN4_ENSG00000182952_77513.1	1027	286	1123	686	693	146	459	572
2559	HMGN4_ENSG00000182952_77514.2	730	191	778	420	434	0	84	361
2560	HMGN4_ENSG00000182952_77515.3	2089	783	2125	797	1203	470	137	811
2561	HMGN4_ENSG00000182952_77516.4	948	486	1024	335	1352	155	334	556
2562	HMGN4_ENSG00000182952_77517.5	365	139	487	196	270	0	157	216
2563	HMGN4_ENSG00000182952_77518.6	1603	403	1810	991	894	516	749	953
2564	HMGN5_ENSG00000198157_124514.1	2005	3298	2529	1237	2315	519	788	1125
2565	HMGN5_ENSG00000198157_124515.2	858	137	838	228	1659	137	639	513
2566	HMGN5_ENSG00000198157_124516.3	2151	753	2211	318	777	869	735	1094
2567	HMGN5_ENSG00000198157_124517.4	536	86	595	1036	901	145	56	296
2568	HMGN5_ENSG00000198157_124518.5	997	555	862	666	1545	0	285	492
2569	HMGN5_ENSG00000198157_124519.6	1365	700	1681	688	1560	0	293	831
2570	HNRNPA0_ENSG00000177733_103917.1	939	331	1102	366	243	289	312	530
2571	HNRNPA0_ENSG00000177733_103918.2	1008	180	926	586	0	127	174	433
2572	HNRNPA0_ENSG00000177733_103919.3	1831	798	1816	752	1098	651	420	815
2573	HNRNPA0_ENSG00000177733_103920.4	632	249	650	302	352	280	150	352
2574	HNRNPA0_ENSG00000177733_103921.5	1427	781	1736	311	888	137	645	967
2575	HNRNPA0_ENSG00000177733_103922.6	678	209	837	547	347	137	574	465
2576	HNRNPA1L2_ENSG00000139675_57467.2	2451	1562	2606	1671	831	1209	1164	1390
2577	HNRNPA1L2_ENSG00000139675_57468.3	522	160	446	344	253	0	192	260
2578	HNRNPA1L2_ENSG00000139675_57469.4	676	497	779	189	1742	0	342	512
2579	HNRNPA1L2_ENSG00000139675_57470.5	508	193	361	376	359	392	296	336
2580	HNRNPA1L2_ENSG00000139675_57471.6	2608	953	2296	2068	2856	1088	1090	1399
2581	HNRNPA2B1_ENSG00000122566_123580.1	405	56	361	138	490	0	83	173
2582	HNRNPA2B1_ENSG00000122566_123581.2	752	291	881	0	346	0	375	459
2583	HNRNPA2B1_ENSG00000122566_123582.3	1780	418	1579	959	1687	1	469	908
2584	HNRNPA2B1_ENSG00000122566_123583.4	1563	605	1427	830	1623	130	732	884
2585	HNRNPA2B1_ENSG00000122566_123584.5	2215	1202	2653	1276	1479	564	1261	1485
2586	HNRNPA2B1_ENSG00000122566_123585.6	785	364	841	491	79	162	184	437
2587	HOMEZ_ENSG00000215271_148040.1	1401	441	1536	495	349	0	583	895
2588	HOMEZ_ENSG00000215271_148041.2	1662	664	1531	824	1918	534	499	913
2589	HOMEZ_ENSG00000215271_148042.3	642	178	516	0	276	134	304	454
2590	HOMEZ_ENSG00000215271_148043.4	945	468	1003	1081	1898	429	297	496
2591	HOMEZ_ENSG00000215271_148044.5	524	109	519	0	517	744	153	330
2592	HOMEZ_ENSG00000215271_148045.6	2773	525	2720	760	436	780	1105	1367
2593	HOXC10_ENSG00000180818_111728.1	1639	1027	1770	1056	743	137	334	772
2594	HOXC10_ENSG00000180818_111729.2	1413	706	1276	222	2147	149	319	602
2595	HOXC10_ENSG00000180818_111730.3	834	254	728	859	0	0	209	375
2596	HOXC10_ENSG00000180818_111731.4	987	367	1094	1180	369	377	254	546
2597	HOXC10_ENSG00000180818_111732.5	813	416	1010	732	1487	806	417	542
2598	HOXC10_ENSG00000180818_111733.6	1055	630	1370	571	1033	0	451	590
2599	HOXC11_ENSG00000123388_178325.1	818	964	903	780	1026	230	391	537
2600	HOXC11_ENSG00000123388_178326.2	414	256	624	87	317	234	80	212
2601	HOXC11_ENSG00000123388_178327.3	1149	598	1312	576	536	256	610	691
2602	HOXC11_ENSG00000123388_178328.4	437	67	444	614	0	134	73	176
2603	HOXC11_ENSG00000123388_178329.5	1832	116	1976	828	2310	290	543	946
2604	HOXC11_ENSG00000123388_178330.6	632	172	690	0	0	279	92	299
2605	HP1BP3_ENSG00000127483_130610.1	2321	899	3083	1734	2875	711	1272	1414
2606	HP1BP3_ENSG00000127483_130611.2	577	416	862	0	888	0	400	390
2607	HP1BP3_ENSG00000127483_130612.3	1349	553	1336	433	3140	0	420	736
2608	HP1BP3_ENSG00000127483_130613.4	2132	926	2233	350	184	677	1291	1231
2609	HP1BP3_ENSG00000127483_130614.5	840	194	950	443	1216	423	356	406
2610	HP1BP3_ENSG00000127483_130615.6	1021	356	1063	608	1151	141	374	536
2611	HPRT1_ENSG00000165704_190410.1	1157	237	1267	510	1872	678	768	731
2612	HPRT1_ENSG00000165704_190411.2	1315	744	1320	518	832	384	185	640
2613	HPRT1_ENSG00000165704_190412.3	781	33	754	564	282	136	558	511
2614	HPRT1_ENSG00000165704_190413.4	767	98	776	1097	867	0	183	427
2615	HPRT1_ENSG00000165704_190414.5	1788	255	1575	1685	781	1222	439	910
2616	HPRT1_ENSG00000165704_190415.6	422	259	378	303	0	185	41	249
2617	HR_ENSG00000168453_21774.1	1935	803	2218	897	2285	816	288	1061
2618	HR_ENSG00000168453_21775.2	2361	1155	2242	1357	462	538	622	1237
2619	HR_ENSG00000168453_21776.3	2622	1264	2844	1350	1109	298	1550	1667
2620	HR_ENSG00000168453_21777.4	1023	849	1123	446	547	580	241	500
2621	HR_ENSG00000168453_21778.5	708	276	666	0	373	155	104	341
2622	HR_ENSG00000168453_21779.6	1127	446	1032	241	1070	151	429	645
2623	HSPBAP1_ENSG00000169087_24070.1	724	169	709	189	542	530	252	395
2624	HSPBAP1_ENSG00000169087_24071.2	1600	407	1636	619	336	206	775	1034
2625	HSPBAP1_ENSG00000169087_24072.3	1870	569	1914	934	850	560	627	1110
2626	HSPBAP1_ENSG00000169087_24073.4	1519	891	1539	438	702	810	622	785
2627	HSPBAP1_ENSG00000169087_24074.5	749	281	654	593	533	0	189	442
2628	HSPBAP1_ENSG00000169087_24075.6	1356	649	1090	1277	0	0	610	724
2629	HUWE1_ENSG00000086758_38405.1	689	150	831	558	158	0	168	409
2630	HUWE1_ENSG00000086758_38406.2	3293	984	2814	2451	4016	618	525	1510
2631	HUWE1_ENSG00000086758_38407.3	2049	510	1805	1414	1563	406	1167	1039
2632	HUWE1_ENSG00000086758_38408.4	620	256	676	254	554	683	449	374
2633	HUWE1_ENSG00000086758_38409.5	438	311	371	73	263	125	60	166
2634	HUWE1_ENSG00000086758_38410.6	2144	706	2547	1373	861	549	1079	1273
2635	IFIH1_ENSG00000115267_4586.1	538	54	541	642	246	196	118	343
2636	IFIH1_ENSG00000115267_4587.2	502	201	599	138	512	0	108	380
2637	IFIH1_ENSG00000115267_4588.3	708	293	808	589	446	232	92	402
2638	IFIH1_ENSG00000115267_4589.4	1630	1007	1835	535	279	686	1059	941
2639	IFIH1_ENSG00000115267_4590.5	530	104	662	433	0	139	272	323
2640	IFIH1_ENSG00000115267_4591.6	1621	299	1807	1370	555	710	722	927
2641	IGHMBP2_ENSG00000132740_18620.1	344	0	369	0	555	0	85	155
2642	IGHMBP2_ENSG00000132740_18621.2	197	0	203	110	572	0	16	95
2643	IGHMBP2_ENSG00000132740_18622.3	426	102	410	635	1095	0	24	212
2644	IGHMBP2_ENSG00000132740_18623.4	1034	122	1038	923	743	835	295	457
2645	IGHMBP2_ENSG00000132740_18624.5	1400	241	1372	328	688	646	569	761
2646	IGHMBP2_ENSG00000132740_18625.6	2882	579	2154	287	1170	874	1379	1265
2647	IKBKAP_ENSG00000070061_50935.1	628	197	689	422	1383	0	122	277
2648	IKBKAP_ENSG00000070061_50936.2	1852	478	2124	936	914	279	759	1116
2649	IKBKAP_ENSG00000070061_50937.3	1822	736	1742	726	2129	635	313	883
2650	IKBKAP_ENSG00000070061_50938.4	1412	409	1611	593	2113	295	485	783
2651	IKBKAP_ENSG00000070061_50939.5	522	0	368	0	0	293	103	232
2652	IKBKAP_ENSG00000070061_50940.6	641	401	637	239	673	283	181	345
2653	ING1_ENSG00000153487_121613.1	2533	630	2398	623	2735	398	633	1213
2654	ING1_ENSG00000153487_121614.2	516	290	448	159	596	244	256	217
2655	ING1_ENSG00000153487_121615.3	2564	864	2839	1520	1647	1045	1611	1690
2656	ING1_ENSG00000153487_121616.4	1567	434	1653	755	1721	461	467	750
2657	ING1_ENSG00000153487_121617.5	1036	283	1112	503	77	536	539	694
2658	ING1_ENSG00000153487_121618.6	657	81	725	222	0	124	268	351
2659	ING2_ENSG00000168556_61302.1	1473	629	1353	607	1266	154	513	823
2660	ING2_ENSG00000168556_61303.2	639	175	666	365	342	157	172	471
2661	ING2_ENSG00000168556_61304.3	1149	737	1371	1296	1662	523	393	718
2662	ING2_ENSG00000168556_61305.4	1123	357	1234	581	877	248	598	821
2663	ING2_ENSG00000168556_61306.5	1542	426	1579	975	748	105	334	720
2664	ING2_ENSG00000168556_61307.6	1459	198	1510	1223	1761	335	567	840
2665	ING3_ENSG00000071243_57016.1	3529	1532	3733	2323	4189	1511	1535	2124
2666	ING3_ENSG00000071243_57017.2	1250	289	1166	839	666	400	846	704
2667	ING3_ENSG00000071243_57018.3	986	336	1172	353	533	264	44	529
2668	ING3_ENSG00000071243_57019.4	2042	798	2150	947	603	135	778	1236
2669	ING3_ENSG00000071243_57020.5	707	493	807	530	773	356	531	551
2670	ING3_ENSG00000071243_57021.6	1915	642	2187	1040	1439	401	864	1101
2671	ING4_ENSG00000111653_132688.1	441	95	334	0	400	263	144	238
2672	ING4_ENSG00000111653_132689.2	1428	336	1309	609	1190	136	272	765
2673	ING4_ENSG00000111653_132690.3	900	529	1068	364	806	777	248	659
2674	ING4_ENSG00000111653_132691.4	1482	537	1683	1167	2089	585	111	732
2675	ING4_ENSG00000111653_132692.5	1585	242	1605	1413	1299	891	441	913
2676	ING4_ENSG00000111653_132693.6	972	425	1284	317	809	145	362	618
2677	ING5_ENSG00000168395_38805.1	1318	681	1399	0	1183	135	655	910
2678	ING5_ENSG00000168395_38806.2	3156	1017	3952	1383	1022	841	1503	1960
2679	ING5_ENSG00000168395_38807.3	1631	845	1491	735	1392	1378	609	890
2680	ING5_ENSG00000168395_38808.4	1677	647	1771	707	1013	289	1079	981
2681	ING5_ENSG00000168395_38809.5	582	176	640	191	443	807	133	334
2682	ING5_ENSG00000168395_38810.6	1220	931	1401	1527	1396	125	703	837
2683	INMT_ENSG00000241644_197270.1	784	485	792	430	259	389	218	419
2684	INMT_ENSG00000241644_197271.2	1811	536	1906	1187	941	441	1047	1117
2685	INMT_ENSG00000241644_197272.3	896	184	839	0	254	0	313	545
2686	INMT_ENSG00000241644_197273.4	1362	297	1069	305	699	230	194	437
2687	INMT_ENSG00000241644_197274.5	1455	496	1622	700	1112	335	1025	735
2688	INMT_ENSG00000241644_197275.6	422	165	432	579	1365	57	84	261
2689	INMT-FAM188B_ENSG00000254959_70530.8	350	70	330	145	0	318	66	212
2690	INMT-FAM188B_ENSG00000254959_70531.9	1769	625	1731	575	710	215	694	976
2691	INMT-FAM188B_ENSG00000254959_70532.1	1592	376	1835	866	1334	135	1288	860
2692	INO80_ENSG00000128908_53868.1	1390	630	1706	1739	190	1029	386	952
2693	INO80_ENSG00000128908_53869.2	886	258	1066	241	1178	449	516	611
2694	INO80_ENSG00000128908_53870.3	1099	369	1420	481	1142	385	347	567
2695	INO80_ENSG00000128908_53871.4	1014	170	1210	456	957	0	256	598
2696	INO80_ENSG00000128908_53872.5	981	416	1069	119	705	568	222	558
2697	INO80_ENSG00000128908_53873.6	1006	542	1124	504	574	135	326	496
2698	INO80B_ENSG00000115274_107883.1	902	298	1071	281	758	124	353	589
2699	INO80B_ENSG00000115274_107884.2	838	64	914	478	1067	278	105	413
2700	INO80B_ENSG00000115274_107885.3	1851	557	1943	1263	2563	1354	943	1154
2701	INO80B_ENSG00000115274_107886.4	206	0	174	194	37	104	87	167
2702	INO80B_ENSG00000115274_107887.5	1315	229	1285	1019	778	284	776	709
2703	INO80B_ENSG00000115274_107888.6	891	424	853	541	1323	405	312	437
2704	INO80C_ENSG00000153391_48064.4	2270	1061	2126	1010	2539	646	847	1084
2705	INO80C_ENSG00000153391_48065.5	1777	913	2289	1071	913	531	719	1182
2706	INO80C_ENSG00000153391_48066.6	708	364	725	540	550	248	221	320
2707	INO80C_ENSG00000153391_48067.7	1963	655	2030	285	1639	246	968	1059
2708	INO80C_ENSG00000153391_48068.8	1294	203	1129	845	986	392	501	792
2709	INO80C_ENSG00000153391_48069.9	762	386	740	858	1149	0	124	458
2710	INO80D_ENSG00000114933_130263.1	772	687	864	632	568	274	528	448
2711	INO80D_ENSG00000114933_130264.2	1864	241	2251	1651	1217	111	948	1065
2712	INO80D_ENSG00000114933_130265.3	1187	522	1252	982	910	142	397	729
2713	INO80D_ENSG00000114933_130266.4	130	0	151	210	273	0	33	116
2714	INO80D_ENSG00000114933_130267.5	766	464	664	0	0	276	63	338
2715	INO80D_ENSG00000114933_130268.6	892	245	1110	463	147	257	499	617
2716	INO80E_ENSG00000169592_10313.1	1360	649	1601	970	971	602	747	974
2717	INO80E_ENSG00000169592_10314.2	800	359	861	219	1810	0	170	566
2718	INO80E_ENSG00000169592_10315.3	465	110	482	0	543	0	136	230
2719	INO80E_ENSG00000169592_10316.4	1213	259	1377	423	1457	228	374	679
2720	INO80E_ENSG00000169592_10317.5	1358	236	1610	1144	1688	387	390	712
2721	INO80E_ENSG00000169592_10318.6	1527	361	1425	184	518	610	674	765
2722	INTS1_ENSG00000164880_149814.1	1866	1347	1870	1500	1835	667	640	1049
2723	INTS1_ENSG00000164880_149815.2	867	316	1110	153	1058	637	353	493
2724	INTS1_ENSG00000164880_149816.3	563	125	595	398	929	0	236	309
2725	INTS1_ENSG00000164880_149817.4	161	0	253	0	393	135	43	128
2726	INTS1_ENSG00000164880_149818.5	357	206	407	325	327	0	228	232
2727	INTS1_ENSG00000164880_149819.6	1845	606	1840	1886	247	598	465	785
2728	INTS10_ENSG00000104613_100335.1	715	114	806	568	282	301	171	334
2729	INTS10_ENSG00000104613_100336.2	2530	809	2911	1444	2249	797	1614	1475
2730	INTS10_ENSG00000104613_100337.3	1801	890	2114	992	1828	1026	343	880
2731	INTS10_ENSG00000104613_100338.4	1307	565	1700	805	1498	574	798	828
2732	INTS10_ENSG00000104613_100339.5	3132	789	3354	400	1587	421	1713	1559
2733	INTS10_ENSG00000104613_100340.6	1135	197	1010	0	755	249	118	542
2734	INTS12_ENSG00000138785_58246.1	765	472	1098	444	178	286	264	571
2735	INTS12_ENSG00000138785_58247.2	3149	1702	3365	2334	3868	1812	1486	2030
2736	INTS12_ENSG00000138785_58248.3	1400	571	1305	442	0	611	185	658
2737	INTS12_ENSG00000138785_58249.4	1148	315	1147	582	0	0	362	702
2738	INTS12_ENSG00000138785_58250.5	1888	866	2156	560	3791	140	159	1007
2739	INTS12_ENSG00000138785_58251.6	1769	1077	2045	1578	806	241	435	1165
2740	INTS2_ENSG00000108506_141290.1	519	230	513	169	241	0	172	260
2741	INTS2_ENSG00000108506_141291.2	1254	581	1460	1009	391	432	577	911
2742	INTS2_ENSG00000108506_141292.3	2329	1473	2334	447	932	944	693	1218
2743	INTS2_ENSG00000108506_141293.4	1793	491	2017	1923	711	968	623	927
2744	INTS2_ENSG00000108506_141294.5	3522	1113	3748	2169	4166	1610	801	1715
2745	INTS2_ENSG00000108506_141295.6	593	235	664	0	878	0	156	384
2746	INTS3_ENSG00000143624_109181.1	1034	381	903	375	269	394	402	538
2747	INTS3_ENSG00000143624_109182.2	1500	544	1615	346	812	392	772	883
2748	INTS3_ENSG00000143624_109183.3	1214	534	1155	723	787	407	336	645
2749	INTS3_ENSG00000143624_109184.4	1045	123	1079	543	697	0	480	620
2750	INTS3_ENSG00000143624_109185.5	1996	314	1782	719	1440	292	289	736
2751	INTS3_ENSG00000143624_109186.6	2709	786	2802	1998	2187	871	829	1531
2752	INTS4_ENSG00000149262_8570.1	1617	223	1540	467	1113	607	332	649
2753	INTS4_ENSG00000149262_8571.2	982	297	985	354	315	173	363	569
2754	INTS4_ENSG00000149262_8572.3	894	190	923	467	301	0	194	417
2755	INTS4_ENSG00000149262_8573.4	203	159	299	0	660	0	202	159
2756	INTS4_ENSG00000149262_8574.5	2421	850	2234	957	1881	395	926	1289
2757	INTS4_ENSG00000149262_8575.6	665	348	732	155	0	440	234	358
2758	INTS5_ENSG00000185085_110758.1	1077	484	1153	456	861	0	515	597
2759	INTS5_ENSG00000185085_110759.2	1718	323	1822	1013	2898	408	545	945
2760	INTS5_ENSG00000185085_110760.3	541	73	564	0	422	298	293	336
2761	INTS5_ENSG00000185085_110761.4	1596	403	1802	1228	2856	235	1109	1111
2762	INTS5_ENSG00000185085_110762.5	1005	590	830	885	1034	0	89	324
2763	INTS5_ENSG00000185085_110763.6	1748	755	1988	1524	2087	990	915	1196
2764	INTS7_ENSG00000143493_188879.1	2618	1035	2949	944	1546	542	1355	1448
2765	INTS7_ENSG00000143493_188880.2	631	243	579	540	590	0	129	316
2766	INTS7_ENSG00000143493_188881.3	1649	620	2004	1167	308	288	966	1063
2767	INTS7_ENSG00000143493_188882.4	1878	370	1403	679	667	1016	250	890
2768	INTS7_ENSG00000143493_188883.5	3246	843	3381	2862	3182	701	1473	2016
2769	INTS7_ENSG00000143493_188884.6	1276	422	1375	1751	1503	619	235	738
2770	INTS8_ENSG00000164941_26225.1	567	110	748	369	1086	151	453	448
2771	INTS8_ENSG00000164941_26226.2	2329	456	2483	826	2439	1454	286	1141
2772	INTS8_ENSG00000164941_26227.3	853	607	1086	870	1098	584	306	632
2773	INTS8_ENSG00000164941_26228.4	2375	1039	2895	2036	982	690	994	1594
2774	INTS8_ENSG00000164941_26229.5	276	52	385	0	270	237	104	213
2775	INTS8_ENSG00000164941_26230.6	844	123	1048	573	915	270	300	496
2776	INTS9_ENSG00000104299_116413.1	988	579	1465	185	0	435	523	552
2777	INTS9_ENSG00000104299_116414.2	1060	415	1183	0	1743	145	307	597
2778	INTS9_ENSG00000104299_116415.3	836	145	905	502	0	138	307	510
2779	INTS9_ENSG00000104299_116416.4	2478	430	2464	933	2416	496	1194	1440
2780	INTS9_ENSG00000104299_116417.5	2790	814	3555	2126	2466	673	1487	1761
2781	INTS9_ENSG00000104299_116418.6	848	357	822	146	381	124	354	457
2782	IWS1_ENSG00000163166_124992.1	1894	855	2193	1191	673	560	757	1364
2783	IWS1_ENSG00000163166_124993.2	1438	110	1630	326	468	0	729	825
2784	IWS1_ENSG00000163166_124994.3	2723	1198	2743	1052	2687	720	1531	1374
2785	IWS1_ENSG00000163166_124995.4	1247	545	1578	737	454	408	718	878
2786	IWS1_ENSG00000163166_124996.5	1331	646	1390	342	326	76	367	711
2787	IWS1_ENSG00000163166_124997.6	1884	294	2312	1662	533	649	1584	1262
2788	JADE1_ENSG00000077684_178995.1	1105	504	1028	357	855	209	633	614
2789	JADE1_ENSG00000077684_178996.2	1276	334	1490	1473	0	628	296	773
2790	JADE1_ENSG00000077684_178997.3	2152	619	2674	961	1296	285	1713	1482
2791	JADE1_ENSG00000077684_178998.4	1225	545	1540	646	1156	304	186	623
2792	JADE1_ENSG00000077684_178999.5	1070	403	1248	213	1985	426	566	682
2793	JADE1_ENSG00000077684_179000.6	1001	210	1071	371	1032	141	670	601
2794	JADE2_ENSG00000043143_25006.1	1725	524	1704	563	712	379	846	1001
2795	JADE2_ENSG00000043143_25007.2	1273	222	1199	210	1283	298	599	652
2796	JADE2_ENSG00000043143_25008.3	571	261	588	0	1224	132	288	320
2797	JADE2_ENSG00000043143_25009.4	1653	373	1753	1552	259	1017	611	905
2798	JADE2_ENSG00000043143_25010.5	1099	451	1122	1	412	408	265	622
2799	JADE2_ENSG00000043143_25011.6	847	156	869	625	741	0	352	518
2800	JADE3_ENSG00000102221_201729.1	3694	943	3736	975	2552	268	2253	2132
2801	JADE3_ENSG00000102221_201730.2	1070	226	1078	661	1313	0	666	604
2802	JADE3_ENSG00000102221_201731.3	1326	390	1518	1150	696	280	300	710
2803	JADE3_ENSG00000102221_201732.4	800	199	1139	219	694	450	235	511
2804	JADE3_ENSG00000102221_201733.5	198	120	268	0	0	0	25	95
2805	JADE3_ENSG00000102221_201734.6	1539	468	1862	914	1389	931	1149	1037
2806	JAK2_ENSG00000096968_36135.1	1318	469	1351	346	2485	286	328	715
2807	JAK2_ENSG00000096968_36136.2	1364	466	1456	588	353	0	452	892
2808	JAK2_ENSG00000096968_36137.3	853	393	945	0	455	420	439	567
2809	JAK2_ENSG00000096968_36138.4	1537	346	1378	1463	1017	152	616	819
2810	JAK2_ENSG00000096968_36139.5	1323	633	1499	719	761	394	761	707
2811	JAK2_ENSG00000096968_36140.6	1095	51	1002	523	551	127	282	614
2812	JARID2_ENSG00000008083_159804.1	915	213	968	1169	514	277	162	430
2813	JARID2_ENSG00000008083_159805.2	483	110	463	559	307	0	127	305
2814	JARID2_ENSG00000008083_159806.3	420	222	304	254	949	78	84	166
2815	JARID2_ENSG00000008083_159807.4	630	230	811	532	442	0	176	319
2816	JARID2_ENSG00000008083_159808.5	1672	433	1723	1030	1182	282	642	807
2817	JARID2_ENSG00000008083_159809.6	2100	984	2468	1243	1228	411	1278	1231
2818	JMJD1C_ENSG00000171988_45641.1	1119	349	1135	167	715	1939	814	589
2819	JMJD1C_ENSG00000171988_45642.2	984	334	1014	0	1237	129	467	598
2820	JMJD1C_ENSG00000171988_45643.3	1218	560	1205	695	489	402	192	663
2821	JMJD1C_ENSG00000171988_45644.4	1225	496	1395	427	1917	337	205	693
2822	JMJD1C_ENSG00000171988_45645.5	1049	476	1220	402	650	404	261	600
2823	JMJD1C_ENSG00000171988_45646.6	1064	351	1075	841	253	244	288	631
2824	JMJD4_ENSG00000081692_37724.1	1176	581	1291	515	1061	418	265	582
2825	JMJD4_ENSG00000081692_37725.2	989	644	1212	380	524	0	319	526
2826	JMJD4_ENSG00000081692_37726.3	504	586	586	306	302	145	134	276
2827	JMJD4_ENSG00000081692_37727.4	352	110	405	280	512	0	158	152
2828	JMJD4_ENSG00000081692_37728.5	1430	185	1463	291	308	508	254	682
2829	JMJD4_ENSG00000081692_37729.6	3275	486	2801	1336	1993	271	1161	1680
2830	JMJD6_ENSG00000070495_124814.1	1475	757	1290	662	0	189	505	723
2831	JMJD6_ENSG00000070495_124815.2	623	52	829	1048	276	550	572	478
2832	JMJD6_ENSG00000070495_124816.3	492	535	462	273	595	0	40	238
2833	JMJD6_ENSG00000070495_124817.4	323	88	446	0	328	272	62	214
2834	JMJD6_ENSG00000070495_124818.5	1559	432	1677	1137	634	128	576	894
2835	JMJD6_ENSG00000070495_124819.6	1503	510	1738	431	1012	652	650	965
2836	JMJD7_ENSG00000243789_67913.1	745	347	641	898	773	0	282	374
2837	JMJD7_ENSG00000243789_67914.2	530	63	557	183	647	0	161	275
2838	JMJD7_ENSG00000243789_67915.3	1033	716	1141	335	707	0	471	544
2839	JMJD7_ENSG00000243789_67916.4	1841	757	1827	192	1562	210	527	983
2840	JMJD7_ENSG00000243789_67917.5	1499	678	1464	550	611	276	761	818
2841	JMJD7_ENSG00000243789_67918.6	813	597	811	988	1031	526	21	292
2842	JMJD8_ENSG00000161999_24616.1	902	273	1081	657	33	131	232	475
2843	JMJD8_ENSG00000161999_24617.2	1020	394	1004	917	1555	952	446	812
2844	JMJD8_ENSG00000161999_24618.3	1186	226	1250	679	694	537	699	680
2845	JMJD8_ENSG00000161999_24619.4	774	372	834	392	625	0	172	392
2846	JMJD8_ENSG00000161999_24620.5	1496	482	1423	349	950	129	205	768
2847	JMJD8_ENSG00000161999_24621.6	595	200	807	410	161	391	303	427
2848	JUNB_ENSG00000171223_144052.1	653	56	556	0	0	123	189	338
2849	JUNB_ENSG00000171223_144053.2	549	353	721	659	929	0	50	207
2850	JUNB_ENSG00000171223_144054.3	602	60	499	0	525	0	220	259
2851	JUNB_ENSG00000171223_144055.4	1678	584	1435	284	2114	0	198	706
2852	JUNB_ENSG00000171223_144056.5	2029	469	1883	684	2652	302	547	923
2853	JUNB_ENSG00000171223_144057.6	1007	235	1072	210	480	258	418	500
2854	KANSL1_ENSG00000120071_135717.1	1428	286	1803	1521	1736	1375	1117	1136
2855	KANSL1_ENSG00000120071_135718.2	1366	839	1697	1417	3630	1049	213	733
2856	KANSL1_ENSG00000120071_135719.3	1600	1093	1807	1395	1410	706	512	891
2857	KANSL1_ENSG00000120071_135720.4	3038	1979	2838	2172	5498	1532	1340	1804
2858	KANSL1_ENSG00000120071_135721.5	1055	347	1057	542	313	135	211	524
2859	KANSL1_ENSG00000120071_135722.6	2094	997	2161	1927	1104	795	681	1095
2860	KAT2A_ENSG00000108773_36005.1	260	216	400	0	269	136	181	201
2861	KAT2A_ENSG00000108773_36006.2	1350	321	1256	786	680	206	424	575
2862	KAT2A_ENSG00000108773_36007.3	761	299	706	1322	0	0	198	409
2863	KAT2A_ENSG00000108773_36008.4	628	302	756	367	530	805	265	427
2864	KAT2A_ENSG00000108773_36009.5	543	180	683	723	0	0	251	367
2865	KAT2A_ENSG00000108773_36010.6	564	114	595	327	485	0	117	230
2866	KAT2B_ENSG00000114166_85688.1	1376	452	1539	193	668	144	212	812
2867	KAT2B_ENSG00000114166_85689.2	641	286	647	496	324	0	187	345
2868	KAT2B_ENSG00000114166_85690.3	1359	673	1387	604	2036	577	162	593
2869	KAT2B_ENSG00000114166_85691.4	1844	553	1949	1	1019	229	616	972
2870	KAT2B_ENSG00000114166_85692.5	2190	597	2266	1419	2524	416	547	1182
2871	KAT2B_ENSG00000114166_85693.6	673	233	819	560	627	123	241	467
2872	KAT5_ENSG00000172977_40883.1	820	290	723	2473	1263	417	373	380
2873	KAT5_ENSG00000172977_40884.2	961	548	975	1930	1147	1045	473	536
2874	KAT5_ENSG00000172977_40885.3	1192	411	1113	913	829	865	720	613
2875	KAT5_ENSG00000172977_40886.4	1494	1304	1389	1721	3908	1833	218	671
2876	KAT5_ENSG00000172977_40887.5	760	928	832	687	2379	290	280	415
2877	KAT5_ENSG00000172977_40888.6	588	165	595	1	15	0	355	401
2878	KAT6A_ENSG00000083168_152091.1	1297	241	1195	893	2526	881	262	750
2879	KAT6A_ENSG00000083168_152092.2	1598	455	1877	912	1645	686	948	1121
2880	KAT6A_ENSG00000083168_152093.3	1571	470	1667	1058	826	280	623	1059
2881	KAT6A_ENSG00000083168_152094.4	1004	487	1219	359	33	418	455	499
2882	KAT6A_ENSG00000083168_152095.5	446	55	650	506	270	0	313	281
2883	KAT6A_ENSG00000083168_152096.6	926	457	912	298	524	128	277	409
2884	KAT6B_ENSG00000156650_125352.1	814	189	983	654	1200	0	362	501
2885	KAT6B_ENSG00000156650_125353.2	2585	1163	2790	1265	3702	1080	1468	1566
2886	KAT6B_ENSG00000156650_125354.3	1028	75	1125	334	522	142	548	560
2887	KAT6B_ENSG00000156650_125355.4	1392	468	1422	607	1106	265	330	638
2888	KAT6B_ENSG00000156650_125356.5	565	341	624	183	259	0	201	380
2889	KAT6B_ENSG00000156650_125357.6	1617	592	1907	979	1220	125	1025	1010
2890	KAT7_ENSG00000136504_182952.1	828	222	787	430	1438	281	278	437
2891	KAT7_ENSG00000136504_182953.2	1643	683	1781	632	1547	574	604	916
2892	KAT7_ENSG00000136504_182954.3	925	252	1018	370	291	409	194	527
2893	KAT7_ENSG00000136504_182955.4	1875	508	1779	1599	1311	1087	299	969
2894	KAT7_ENSG00000136504_182956.5	1724	1027	2091	827	2096	873	839	1052
2895	KAT7_ENSG00000136504_182957.6	2209	1195	2618	1412	1841	254	1277	1437
2896	KAT8_ENSG00000103510_56401.1	375	401	344	708	247	316	116	180
2897	KAT8_ENSG00000103510_56402.2	1027	233	1311	389	1086	545	535	865
2898	KAT8_ENSG00000103510_56403.3	1066	887	1178	1221	694	1664	632	753
2899	KAT8_ENSG00000103510_56404.4	681	627	761	852	835	134	89	370
2900	KAT8_ENSG00000103510_56405.5	496	64	591	211	472	0	243	358
2901	KAT8_ENSG00000103510_56406.6	782	304	816	786	307	124	263	364
2902	KDM1A_ENSG00000004487_37714.1	1724	509	1665	1033	17	254	421	828
2903	KDM1A_ENSG00000004487_37715.2	904	331	779	184	0	0	75	327
2904	KDM1A_ENSG00000004487_37716.3	832	191	888	2758	1100	413	487	491
2905	KDM1A_ENSG00000004487_37717.4	942	60	1131	908	1062	421	85	417
2906	KDM1A_ENSG00000004487_37718.5	1064	332	1103	537	644	0	155	490
2907	KDM1A_ENSG00000004487_37719.6	1153	121	1383	178	795	132	594	602
2908	KDM1B_ENSG00000165097_9147.1	1102	462	867	1034	244	262	423	519
2909	KDM1B_ENSG00000165097_9148.2	713	340	867	368	253	288	280	388
2910	KDM1B_ENSG00000165097_9149.3	648	37	605	0	1103	163	177	262
2911	KDM1B_ENSG00000165097_9150.4	763	115	1028	745	394	427	343	516
2912	KDM1B_ENSG00000165097_9151.5	755	523	975	680	1871	395	369	479
2913	KDM1B_ENSG00000165097_9152.6	1237	469	1480	615	1463	0	531	734
2914	KDM2A_ENSG00000173120_83116.1	1562	412	1809	1484	2188	528	375	701
2915	KDM2A_ENSG00000173120_83117.2	141	0	241	0	0	264	81	161
2916	KDM2A_ENSG00000173120_83118.3	659	55	820	455	237	0	201	332
2917	KDM2A_ENSG00000173120_83119.4	2859	1027	3041	2141	3145	437	989	1633
2918	KDM2A_ENSG00000173120_83120.5	897	381	893	65	1363	417	507	617
2919	KDM2A_ENSG00000173120_83121.6	1193	802	1644	1462	2186	581	737	850
2920	KDM2B_ENSG00000089094_10573.1	1867	862	2284	334	551	288	999	1215
2921	KDM2B_ENSG00000089094_10574.2	566	0	518	5	0	0	460	370
2922	KDM2B_ENSG00000089094_10575.3	818	60	1006	651	800	0	340	467
2923	KDM2B_ENSG00000089094_10576.4	873	704	980	211	1416	282	85	419
2924	KDM2B_ENSG00000089094_10577.5	1114	190	1371	559	288	135	425	625
2925	KDM2B_ENSG00000089094_10578.6	397	350	330	107	262	118	68	151
2926	KDM3A_ENSG00000115548_93667.1	1073	239	1211	932	709	299	469	558
2927	KDM3A_ENSG00000115548_93668.2	2000	771	1878	1273	845	428	1060	1009
2928	KDM3A_ENSG00000115548_93669.3	1706	528	1809	400	490	559	318	795
2929	KDM3A_ENSG00000115548_93670.4	2465	941	2734	1336	1919	792	1221	1319
2930	KDM3A_ENSG00000115548_93671.5	1606	693	1385	1312	1903	384	346	771
2931	KDM3A_ENSG00000115548_93672.6	697	322	623	687	0	419	131	349
2932	KDM3B_ENSG00000120733_123550.1	821	754	1003	508	705	132	340	567
2933	KDM3B_ENSG00000120733_123551.2	931	419	767	199	2079	349	376	523
2934	KDM3B_ENSG00000120733_123552.3	782	53	983	498	526	745	94	484
2935	KDM3B_ENSG00000120733_123553.4	1268	799	1743	1573	15	594	685	984
2936	KDM3B_ENSG00000120733_123554.5	482	58	567	649	50	233	148	266
2937	KDM3B_ENSG00000120733_123555.6	1075	482	1198	655	618	313	584	484
2938	KDM4A_ENSG00000066135_57526.1	2007	1095	2118	1370	926	824	929	1067
2939	KDM4A_ENSG00000066135_57527.2	182	0	241	404	263	375	83	128
2940	KDM4A_ENSG00000066135_57528.3	1780	844	2068	930	1488	276	670	989
2941	KDM4A_ENSG00000066135_57529.4	1063	582	1059	569	1257	662	148	436
2942	KDM4A_ENSG00000066135_57530.5	690	155	835	283	1418	0	245	400
2943	KDM4A_ENSG00000066135_57531.6	233	0	168	234	0	0	75	97
2944	KDM4B_ENSG00000127663_83356.1	518	60	680	0	293	64	350	362
2945	KDM4B_ENSG00000127663_83357.2	2425	657	2673	1700	473	609	1016	1303
2946	KDM4B_ENSG00000127663_83358.3	1561	392	1484	944	690	129	786	906
2947	KDM4B_ENSG00000127663_83359.4	405	41	332	163	540	142	9	142
2948	KDM4B_ENSG00000127663_83360.5	1696	828	1919	422	1496	275	806	1017
2949	KDM4B_ENSG00000127663_83361.6	1546	237	1397	1114	2411	500	781	744
2950	KDM4C_ENSG00000107077_177961.1	2108	1046	1987	1381	218	852	1207	1132
2951	KDM4C_ENSG00000107077_177962.2	1127	214	1205	900	1602	727	324	703
2952	KDM4C_ENSG00000107077_177963.3	1778	610	1800	1396	1385	177	427	969
2953	KDM4C_ENSG00000107077_177964.4	514	177	642	952	0	0	358	405
2954	KDM4C_ENSG00000107077_177965.5	2199	743	2388	1141	1797	184	1295	1272
2955	KDM4C_ENSG00000107077_177966.6	1595	422	1682	638	387	379	1311	1103
2956	KDM4D_ENSG00000186280_112168.1	1718	742	1678	856	2108	568	953	986
2957	KDM4D_ENSG00000186280_112169.2	303	57	367	130	289	0	66	194
2958	KDM4D_ENSG00000186280_112170.3	1075	181	1054	692	1799	143	93	642
2959	KDM4D_ENSG00000186280_112171.4	916	289	919	531	321	321	114	508
2960	KDM4D_ENSG00000186280_112172.5	1196	234	1010	766	1702	818	286	587
2961	KDM4D_ENSG00000186280_112173.6	1975	656	1988	1354	1534	764	322	962
2962	KDM5A_ENSG00000073614_125722.1	651	259	462	343	1346	479	37	210
2963	KDM5A_ENSG00000073614_125723.2	972	798	1035	199	278	259	368	529
2964	KDM5A_ENSG00000073614_125724.3	2763	1089	2792	891	1093	284	982	1555
2965	KDM5A_ENSG00000073614_125725.4	1054	306	987	771	853	75	325	470
2966	KDM5A_ENSG00000073614_125726.5	952	392	1154	284	637	102	365	491
2967	KDM5A_ENSG00000073614_125727.6	663	287	672	573	0	234	33	316
2968	KDM5B_ENSG00000117139_37584.1	2663	929	2509	1463	3337	284	811	1210
2969	KDM5B_ENSG00000117139_37585.2	2036	1058	2277	1348	1565	1089	443	1131
2970	KDM5B_ENSG00000117139_37586.3	711	54	759	1059	256	576	207	418
2971	KDM5B_ENSG00000117139_37587.4	2461	956	2696	1734	2733	269	1259	1460
2972	KDM5B_ENSG00000117139_37588.5	1106	122	1115	127	276	276	370	540
2973	KDM5B_ENSG00000117139_37589.6	355	191	452	195	605	677	90	182
2974	KDM5C_ENSG00000126012_152900.1	868	43	817	364	591	0	80	438
2975	KDM5C_ENSG00000126012_152901.2	2309	594	2705	1992	1898	929	1065	1548
2976	KDM5C_ENSG00000126012_152902.3	2454	223	2788	1547	1455	941	886	1557
2977	KDM5C_ENSG00000126012_152903.4	3757	1967	4266	1395	1763	1096	1430	2257
2978	KDM5C_ENSG00000126012_152904.5	577	134	745	438	258	120	369	425
2979	KDM5C_ENSG00000126012_152905.6	1938	672	1842	1210	1655	134	449	960
2980	KDM5D_ENSG00000012817_112590.1	1754	585	1648	904	2038	129	533	974
2981	KDM5D_ENSG00000012817_112591.2	2320	511	2691	388	566	650	1007	1453
2982	KDM5D_ENSG00000012817_112592.3	2041	987	2219	220	2943	950	500	984
2983	KDM5D_ENSG00000012817_112593.4	605	231	500	349	0	0	350	300
2984	KDM5D_ENSG00000012817_112594.5	672	134	901	614	0	0	381	472
2985	KDM5D_ENSG00000012817_112595.6	2186	1082	2047	1013	540	221	790	1135
2986	KDM6A_ENSG00000147050_114240.1	2109	408	1976	484	516	642	763	1051
2987	KDM6A_ENSG00000147050_114241.2	1355	1029	1465	1181	638	678	495	767
2988	KDM6A_ENSG00000147050_114242.3	1143	614	1356	857	1754	549	411	721
2989	KDM6A_ENSG00000147050_114243.4	1005	482	1035	340	542	163	298	522
2990	KDM6A_ENSG00000147050_114244.5	460	221	556	636	478	234	116	332
2991	KDM6A_ENSG00000147050_114245.6	1504	131	1656	598	1699	664	824	823
2992	KDM6B_ENSG00000132510_28933.1	1911	502	2347	555	1812	521	1472	1369
2993	KDM6B_ENSG00000132510_28934.2	648	203	637	0	331	0	118	354
2994	KDM6B_ENSG00000132510_28935.3	2137	720	2238	843	742	139	510	947
2995	KDM6B_ENSG00000132510_28936.4	1924	680	1878	1225	834	394	560	1080
2996	KDM6B_ENSG00000132510_28937.5	2483	811	2462	1493	333	1497	1222	1427
2997	KDM6B_ENSG00000132510_28938.6	922	491	840	798	1262	352	221	398
2998	KDM7A_ENSG00000006459_48988.1	2227	1850	2360	994	1579	263	1241	1185
2999	KDM7A_ENSG00000006459_48989.2	824	126	674	521	126	0	106	378
3000	KDM7A_ENSG00000006459_48990.3	403	169	424	0	252	259	81	130
3001	KDM7A_ENSG00000006459_48991.4	823	202	833	768	1359	270	352	493
3002	KDM7A_ENSG00000006459_48992.5	521	69	662	0	228	139	179	219
3003	KDM7A_ENSG00000006459_48993.6	1810	379	1744	1259	1318	435	916	910
3004	KDM8_ENSG00000155666_65855.1	965	212	855	130	606	157	152	461
3005	KDM8_ENSG00000155666_65856.2	1265	330	1307	1492	952	120	180	666
3006	KDM8_ENSG00000155666_65857.3	364	64	472	475	0	245	159	246
3007	KDM8_ENSG00000155666_65858.4	1133	449	1318	622	585	697	715	555
3008	KDM8_ENSG00000155666_65859.5	490	147	425	0	0	245	46	154
3009	KDM8_ENSG00000155666_65860.6	667	195	524	277	759	417	118	337
3010	KEAP1_ENSG00000079999_158066.1	872	218	891	206	0	272	321	543
3011	KEAP1_ENSG00000079999_158067.2	494	83	637	0	118	0	234	348
3012	KEAP1_ENSG00000079999_158068.3	376	27	479	348	533	0	55	145
3013	KEAP1_ENSG00000079999_158069.4	2074	772	2217	1081	1203	588	1178	1414
3014	KEAP1_ENSG00000079999_158070.5	1643	697	2347	1186	977	870	1116	1156
3015	KEAP1_ENSG00000079999_158071.6	373	426	561	0	570	0	148	278
3016	KIAA1045_ENSG00000122733_133813.1	1528	908	1704	1883	1303	1005	865	1002
3017	KIAA1045_ENSG00000122733_133814.2	736	327	1013	188	375	296	308	474
3018	KIAA1045_ENSG00000122733_133815.3	3122	1297	3331	1459	5126	865	975	1638
3019	KIAA1045_ENSG00000122733_133816.4	676	339	763	222	1276	787	243	365
3020	KIAA1045_ENSG00000122733_133817.5	884	484	1090	500	850	1092	233	414
3021	KIAA1045_ENSG00000122733_133818.6	1115	513	995	1345	1098	1435	403	589
3022	KIAA1958_ENSG00000165185_122529.1	2117	1129	2142	1557	1436	607	585	1097
3023	KIAA1958_ENSG00000165185_122530.2	1493	618	1448	959	1151	405	752	840
3024	KIAA1958_ENSG00000165185_122531.3	1567	1060	1809	478	1295	0	523	1034
3025	KIAA1958_ENSG00000165185_122532.4	530	0	482	391	270	65	228	272
3026	KIAA1958_ENSG00000165185_122533.5	596	286	760	190	62	266	393	372
3027	KIAA1958_ENSG00000165185_122534.6	1592	513	1546	960	1507	154	642	729
3028	KIAA2026_ENSG00000183354_137366.1	1898	967	2150	894	295	223	1031	1110
3029	KIAA2026_ENSG00000183354_137367.2	316	197	479	826	261	142	270	302
3030	KIAA2026_ENSG00000183354_137368.3	879	682	1223	547	1492	572	365	561
3031	KIAA2026_ENSG00000183354_137369.4	1818	530	1975	1069	1679	243	572	1066
3032	KIAA2026_ENSG00000183354_137370.5	409	120	388	0	283	273	60	211
3033	KIAA2026_ENSG00000183354_137371.6	1630	70	1506	350	1235	791	241	808
3034	KIF22_ENSG00000079616_48731.1	534	411	585	146	261	690	135	331
3035	KIF22_ENSG00000079616_48732.2	604	142	637	473	0	143	50	223
3036	KIF22_ENSG00000079616_48733.3	2162	803	2267	2284	2899	807	654	1037
3037	KIF22_ENSG00000079616_48735.5	67	0	97	0	0	272	18	42
3038	KIF22_ENSG00000079616_48736.6	1100	269	1266	1046	1114	376	657	659
3039	KLF1_ENSG00000105610_100095.1	1128	443	1188	623	576	0	503	575
3040	KLF1_ENSG00000105610_100096.2	623	329	562	322	279	153	180	338
3041	KLF1_ENSG00000105610_100097.3	1350	544	1289	345	1118	291	196	642
3042	KLF1_ENSG00000105610_100098.4	719	0	873	346	559	306	389	395
3043	KLF1_ENSG00000105610_100099.5	79	52	71	0	346	0	44	57
3044	KLF1_ENSG00000105610_100100.6	573	250	587	169	470	0	150	310
3045	KLHDC3_ENSG00000124702_111498.1	1997	269	2173	577	1278	286	940	1101
3046	KLHDC3_ENSG00000124702_111499.2	450	291	462	154	722	546	97	296
3047	KLHDC3_ENSG00000124702_111500.3	1425	420	1665	353	932	0	769	781
3048	KLHDC3_ENSG00000124702_111501.4	1974	681	2136	715	1278	0	944	1224
3049	KLHDC3_ENSG00000124702_111502.5	465	68	371	181	550	0	92	194
3050	KLHDC3_ENSG00000124702_111503.6	846	118	957	565	678	108	453	388
3051	KMT2A_ENSG00000118058_33300.1	1292	142	1326	484	957	136	551	728
3052	KMT2A_ENSG00000118058_33301.2	512	400	466	239	307	262	114	379
3053	KMT2A_ENSG00000118058_33302.3	405	240	412	64	0	118	108	229
3054	KMT2A_ENSG00000118058_33303.4	1321	365	1386	155	447	120	226	516
3055	KMT2A_ENSG00000118058_33304.5	709	223	858	432	343	0	531	512
3056	KMT2A_ENSG00000118058_33305.6	2140	1210	2056	1647	1195	856	1016	1186
3057	KMT2B_ENSG00000272333_50089.1	329	104	431	560	632	0	77	237
3058	KMT2B_ENSG00000272333_50090.2	1385	534	1422	1020	1069	402	389	740
3059	KMT2B_ENSG00000272333_50091.3	1506	546	1583	1523	1362	424	483	758
3060	KMT2B_ENSG00000272333_50092.4	772	185	739	435	295	0	383	420
3061	KMT2B_ENSG00000272333_50093.5	1938	771	2325	1945	933	715	1404	1016
3062	KMT2B_ENSG00000272333_50094.6	372	96	481	607	9	0	134	256
3063	KMT2C_ENSG00000055609_151141.1	3008	750	3101	1426	1044	193	2174	1813
3064	KMT2C_ENSG00000055609_151142.2	729	131	532	192	0	110	400	353
3065	KMT2C_ENSG00000055609_151143.3	1673	526	1971	1008	786	587	275	919
3066	KMT2C_ENSG00000055609_151144.4	1007	323	933	733	1693	690	65	407
3067	KMT2C_ENSG00000055609_151145.5	1163	432	1249	606	1237	12	816	728
3068	KMT2C_ENSG00000055609_151146.6	2387	876	2583	2667	1489	442	1447	1647
3069	KMT2D_ENSG00000167548_75190.1	1425	974	1609	1952	2646	628	731	795
3070	KMT2D_ENSG00000167548_75191.2	1621	2208	1822	923	3256	852	758	971
3071	KMT2D_ENSG00000167548_75192.3	1018	799	1065	666	898	0	94	570
3072	KMT2D_ENSG00000167548_75193.4	1489	959	1592	1395	1464	498	334	860
3073	KMT2D_ENSG00000167548_75194.5	1147	704	1490	726	1343	450	903	837
3074	KMT2D_ENSG00000167548_75195.6	1834	1253	2216	1175	3275	1012	1275	1203
3075	KMT2E_ENSG00000005483_160603.1	1506	489	1570	875	867	923	408	879
3076	KMT2E_ENSG00000005483_160604.2	942	321	1091	685	1036	561	433	529
3077	KMT2E_ENSG00000005483_160605.3	1268	334	1425	645	1718	0	385	660
3078	KMT2E_ENSG00000005483_160606.4	612	208	774	220	0	0	401	435
3079	KMT2E_ENSG00000005483_160607.5	1076	437	1592	413	486	407	794	690
3080	KMT2E_ENSG00000005483_160608.6	1198	293	1337	908	973	148	630	588
3081	KNTC1_ENSG00000184445_32693.1	591	109	637	167	261	159	327	336
3082	KNTC1_ENSG00000184445_32694.2	700	278	891	195	585	159	556	524
3083	KNTC1_ENSG00000184445_32695.3	1832	948	1944	498	1208	1041	1043	1004
3084	KNTC1_ENSG00000184445_32696.4	1106	82	916	386	1136	0	550	476
3085	KNTC1_ENSG00000184445_32697.5	2107	467	2162	1714	1780	151	1024	1263
3086	KNTC1_ENSG00000184445_32698.6	1823	650	1770	1603	1802	273	463	929
3087	L3MBTL2_ENSG00000100395_9371.1	1173	169	1131	736	573	273	387	534
3088	L3MBTL2_ENSG00000100395_9372.2	715	171	847	354	367	133	208	426
3089	L3MBTL2_ENSG00000100395_9373.3	1781	946	1875	1425	1669	914	731	1136
3090	L3MBTL2_ENSG00000100395_9374.4	1962	661	1922	811	1105	144	781	1025
3091	L3MBTL2_ENSG00000100395_9375.5	1111	236	852	297	525	119	381	500
3092	L3MBTL2_ENSG00000100395_9376.6	1235	155	1152	192	524	404	620	598
3093	L3MBTL3_ENSG00000198945_77082.1	2143	736	2278	2024	827	813	860	1202
3094	L3MBTL3_ENSG00000198945_77083.2	1049	302	1090	297	643	297	553	625
3095	L3MBTL3_ENSG00000198945_77084.3	406	71	585	292	237	148	266	305
3096	L3MBTL3_ENSG00000198945_77085.4	304	111	255	8	0	131	17	101
3097	L3MBTL3_ENSG00000198945_77086.5	1533	705	1490	537	1250	444	529	875
3098	L3MBTL3_ENSG00000198945_77087.6	1034	167	1279	143	819	467	484	704
3099	L3MBTL4_ENSG00000154655_180409.1	719	284	846	636	1725	412	174	457
3100	L3MBTL4_ENSG00000154655_180410.2	1317	167	1336	682	508	0	787	737
3101	L3MBTL4_ENSG00000154655_180411.3	361	0	384	0	688	0	264	233
3102	L3MBTL4_ENSG00000154655_180412.4	1463	399	1202	467	1214	1012	463	749
3103	L3MBTL4_ENSG00000154655_180413.5	705	58	744	534	443	0	273	442
3104	L3MBTL4_ENSG00000154655_180414.6	1656	644	1780	1356	1523	233	474	863
3105	LARP7_ENSG00000174720_199955.1	877	416	796	585	553	210	165	489
3106	LARP7_ENSG00000174720_199956.2	2555	640	2462	1561	501	411	1023	1454
3107	LARP7_ENSG00000174720_199957.3	575	376	436	304	400	392	148	326
3108	LARP7_ENSG00000174720_199958.4	186	251	186	19	35	140	3	84
3109	LARP7_ENSG00000174720_199959.5	1221	400	1433	444	1725	580	260	691
3110	LARP7_ENSG00000174720_199960.6	1145	483	1781	851	1829	0	760	895
3111	LBR_ENSG00000143815_84968.1	932	133	895	38	320	76	525	491
3112	LBR_ENSG00000143815_84969.2	295	0	497	0	266	0	69	175
3113	LBR_ENSG00000143815_84970.3	465	244	351	0	0	129	104	304
3114	LBR_ENSG00000143815_84971.4	1241	594	1584	139	1305	665	534	902
3115	LBR_ENSG00000143815_84972.5	320	58	257	384	310	0	113	111
3116	LBR_ENSG00000143815_84973.6	642	175	576	383	507	170	124	295
3117	LCOR_ENSG00000196233_5340.1	901	210	945	0	1882	561	420	585
3118	LCOR_ENSG00000196233_5341.2	1975	408	2247	1697	1562	1280	538	936
3119	LCOR_ENSG00000196233_5342.3	1972	316	2332	2151	1935	962	954	1211
3120	LCOR_ENSG00000196233_5343.4	1120	273	1225	448	706	451	281	608
3121	LCOR_ENSG00000196233_5344.5	997	724	971	912	1426	145	621	622
3122	LCOR_ENSG00000196233_5345.6	687	238	753	615	627	0	280	445
3123	LCORL_ENSG00000178177_180489.1	381	54	504	0	304	389	68	247
3124	LCORL_ENSG00000178177_180490.2	1542	563	1374	1835	1818	286	401	818
3125	LCORL_ENSG00000178177_180491.3	855	0	860	400	542	156	378	511
3126	LCORL_ENSG00000178177_180492.4	494	198	615	80	996	398	106	215
3127	LCORL_ENSG00000178177_180493.5	1023	668	1202	341	1339	286	563	580
3128	LCORL_ENSG00000178177_180494.6	1991	348	2189	1637	1350	972	701	1199
3129	LEO1_ENSG00000166477_58346.1	739	340	809	638	1067	484	161	441
3130	LEO1_ENSG00000166477_58347.2	1269	286	1296	1568	2505	939	481	697
3131	LEO1_ENSG00000166477_58348.3	269	391	433	0	601	474	213	212
3132	LEO1_ENSG00000166477_58349.4	1276	723	1204	365	1305	410	470	707
3133	LEO1_ENSG00000166477_58350.5	2941	1390	3309	1030	2393	146	1268	1591
3134	LEO1_ENSG00000166477_58351.6	593	183	696	802	333	529	295	393
3135	LMNA_ENSG00000160789_159023.1	1235	275	1441	461	1230	620	410	734
3136	LMNA_ENSG00000160789_159024.2	750	394	983	667	782	0	151	507
3137	LMNA_ENSG00000160789_159025.3	1151	0	1503	644	1058	1039	752	789
3138	LMNA_ENSG00000160789_159026.4	594	247	750	233	271	235	160	311
3139	LMNA_ENSG00000160789_159027.5	805	384	996	747	0	0	441	513
3140	LMNA_ENSG00000160789_159028.6	2194	590	2527	1463	2176	885	928	1326
3141	LMNB1_ENSG00000113368_23449.1	558	495	736	199	487	267	313	383
3142	LMNB1_ENSG00000113368_23450.2	1778	664	2128	1026	1986	1	809	1037
3143	LMNB1_ENSG00000113368_23451.3	891	167	999	1066	126	0	574	570
3144	LMNB1_ENSG00000113368_23452.4	2655	530	2902	478	1588	938	1278	1458
3145	LMNB1_ENSG00000113368_23453.5	1087	523	1290	1058	999	277	206	565
3146	LMNB1_ENSG00000113368_23454.6	909	426	915	223	280	702	308	610
3147	LMNB2_ENSG00000176619_204241.1	1305	320	1583	362	1111	127	885	792
3148	LMNB2_ENSG00000176619_204242.2	918	365	882	1	175	545	297	405
3149	LMNB2_ENSG00000176619_204243.3	2026	436	1888	1323	2078	541	682	1002
3150	LMNB2_ENSG00000176619_204244.4	1223	675	1257	1222	1138	38	356	660
3151	LMNB2_ENSG00000176619_204245.5	1603	455	1670	537	424	0	401	908
3152	LMNB2_ENSG00000176619_204246.6	1452	753	1643	244	588	530	288	882
3153	LNX1_ENSG00000072201_124184.1	1957	385	1990	1115	870	0	1128	1084
3154	LNX1_ENSG00000072201_124185.2	876	250	1128	664	752	461	467	655
3155	LNX1_ENSG00000072201_124186.3	1405	592	1635	779	1168	814	764	798
3156	LNX1_ENSG00000072201_124187.4	841	123	749	557	450	0	305	400
3157	LNX1_ENSG00000072201_124188.5	240	66	339	410	485	137	227	205
3158	LNX1_ENSG00000072201_124189.6	743	478	772	682	137	348	167	348
3159	LRWD1_ENSG00000161036_98488.1	682	53	700	332	1163	365	106	389
3160	LRWD1_ENSG00000161036_98489.2	410	287	430	94	318	562	76	182
3161	LRWD1_ENSG00000161036_98490.3	1254	551	1393	306	1081	143	420	634
3162	LRWD1_ENSG00000161036_98491.4	941	389	922	312	1601	0	302	413
3163	LRWD1_ENSG00000161036_98492.5	1718	429	1921	735	861	1115	438	1026
3164	LRWD1_ENSG00000161036_98493.6	2119	453	1994	608	1321	595	296	971
3165	MACROD1_ENSG00000133315_1725.1	657	0	630	95	555	324	219	312
3166	MACROD1_ENSG00000133315_1726.2	318	255	348	363	136	0	46	146
3167	MACROD1_ENSG00000133315_1727.3	828	513	1035	185	863	53	225	518
3168	MACROD1_ENSG00000133315_1728.4	914	397	1008	1237	1351	134	444	635
3169	MACROD1_ENSG00000133315_1729.5	420	162	469	484	0	0	99	187
3170	MACROD1_ENSG00000133315_1730.6	1980	424	2551	2073	1742	281	1122	1329
3171	MACROD2_ENSG00000172264_152690.1	1709	789	1778	1052	1580	272	438	960
3172	MACROD2_ENSG00000172264_152691.2	668	273	1044	547	510	135	651	626
3173	MACROD2_ENSG00000172264_152692.3	881	185	956	774	0	0	236	472
3174	MACROD2_ENSG00000172264_152693.4	1322	194	1533	657	1009	129	496	764
3175	MACROD2_ENSG00000172264_152694.5	566	464	568	153	487	0	123	299
3176	MACROD2_ENSG00000172264_152695.6	1437	229	1374	1377	1026	784	535	673
3177	MAEL_ENSG00000143194_51285.1	2334	844	2546	1064	1363	818	701	1292
3178	MAEL_ENSG00000143194_51286.2	1319	750	1358	1294	1532	151	743	839
3179	MAEL_ENSG00000143194_51287.3	645	506	737	575	400	0	362	418
3180	MAEL_ENSG00000143194_51288.4	1304	242	1460	775	341	128	519	740
3181	MAEL_ENSG00000143194_51289.5	813	314	711	157	74	123	215	396
3182	MAEL_ENSG00000143194_51290.6	811	907	1048	364	1967	498	460	453
3183	MAP3K12_ENSG00000139625_141544.1	771	130	692	163	565	124	231	382
3184	MAP3K12_ENSG00000139625_141545.2	976	272	1081	199	842	255	613	590
3185	MAP3K12_ENSG00000139625_141546.3	1038	790	1085	535	497	267	438	651
3186	MAP3K12_ENSG00000139625_141547.4	630	245	735	126	1642	136	110	323
3187	MAP3K12_ENSG00000139625_141548.5	1529	718	1675	1745	2217	116	804	916
3188	MAP3K12_ENSG00000139625_141549.6	669	230	769	152	1350	0	257	369
3189	MAU2_ENSG00000129933_78023.1	1113	170	1063	668	824	429	506	585
3190	MAU2_ENSG00000129933_78024.2	1538	645	1678	517	1179	289	400	894
3191	MAU2_ENSG00000129933_78025.3	1379	106	1426	163	885	0	956	782
3192	MAU2_ENSG00000129933_78026.4	1676	1191	2017	767	1972	223	449	946
3193	MAU2_ENSG00000129933_78027.5	964	241	1261	808	1653	415	448	582
3194	MAU2_ENSG00000129933_78028.6	1341	815	1274	778	1320	308	260	604
3195	MAZ_ENSG00000103495_143592.1	1201	301	1555	729	253	134	1010	760
3196	MAZ_ENSG00000103495_143593.2	1426	796	1506	611	1434	552	572	715
3197	MAZ_ENSG00000103495_143594.3	552	76	678	1	247	284	301	355
3198	MAZ_ENSG00000103495_143595.4	2665	862	2480	1198	2871	510	954	1036
3199	MAZ_ENSG00000103495_143596.5	278	124	397	0	0	122	33	135
3200	MAZ_ENSG00000103495_143597.6	659	336	678	356	500	699	122	362
3201	MBD1_ENSG00000141644_160494.1	847	755	1022	219	487	528	434	676
3202	MBD1_ENSG00000141644_160495.2	1343	794	1258	1101	469	247	240	620
3203	MBD1_ENSG00000141644_160496.3	382	302	357	455	532	0	136	151
3204	MBD1_ENSG00000141644_160497.4	984	250	1174	632	0	254	321	558
3205	MBD1_ENSG00000141644_160498.5	1726	449	1770	1693	2369	492	437	838
3206	MBD1_ENSG00000141644_160499.6	1810	252	1860	740	1230	549	479	874
3207	MBD2_ENSG00000134046_130849.1	480	261	537	262	246	681	88	271
3208	MBD2_ENSG00000134046_130850.2	890	160	960	0	231	0	405	423
3209	MBD2_ENSG00000134046_130851.3	231	163	210	0	218	244	16	68
3210	MBD2_ENSG00000134046_130852.4	1488	636	1606	864	554	663	161	619
3211	MBD2_ENSG00000134046_130853.5	1156	374	1309	928	327	470	348	676
3212	MBD2_ENSG00000134046_130854.6	1154	518	1152	343	1167	818	421	776
3213	MBD3_ENSG00000071655_202811.1	2278	264	2493	672	2019	549	1213	1346
3214	MBD3_ENSG00000071655_202812.2	736	188	767	204	0	125	469	353
3215	MBD3_ENSG00000071655_202813.3	854	334	845	80	1420	330	429	372
3216	MBD3_ENSG00000071655_202814.4	2334	838	2285	1046	1656	533	679	1036
3217	MBD3_ENSG00000071655_202815.5	1165	288	1312	738	1093	0	395	620
3218	MBD3_ENSG00000071655_202816.6	1426	268	1706	967	1320	357	466	748
3219	MBD4_ENSG00000129071_37271.1	498	222	551	0	257	0	115	187
3220	MBD4_ENSG00000129071_37272.2	1379	510	1415	657	769	0	347	768
3221	MBD4_ENSG00000129071_37273.3	1212	412	1147	252	812	543	372	645
3222	MBD4_ENSG00000129071_37274.4	1510	292	1629	638	677	395	447	840
3223	MBD4_ENSG00000129071_37275.5	1336	508	1328	377	537	1038	264	634
3224	MBD4_ENSG00000129071_37276.6	1461	478	1529	1069	1030	428	476	771
3225	MBD5_ENSG00000204406_88995.1	802	461	943	2	307	146	392	498
3226	MBD5_ENSG00000204406_88996.2	328	0	435	168	504	0	212	244
3227	MBD5_ENSG00000204406_88997.3	1216	748	1198	584	718	0	450	727
3228	MBD5_ENSG00000204406_88998.4	707	174	861	607	185	146	493	496
3229	MBD5_ENSG00000204406_88999.5	3432	1637	3857	2325	3515	1141	2174	2112
3230	MBD5_ENSG00000204406_89000.6	1857	851	1853	285	1197	513	654	954
3231	MBD6_ENSG00000166987_121354.1	2211	499	2093	1167	720	712	738	1097
3232	MBD6_ENSG00000166987_121355.2	558	118	538	141	262	0	121	301
3233	MBD6_ENSG00000166987_121356.3	1104	231	1195	1033	870	0	513	615
3234	MBD6_ENSG00000166987_121357.4	2279	1079	2438	2934	2030	246	865	1185
3235	MBD6_ENSG00000166987_121358.5	1140	450	1024	831	1511	544	90	481
3236	MBD6_ENSG00000166987_121359.6	696	235	665	287	253	145	59	335
3237	MBTD1_ENSG00000011258_69235.1	292	0	238	217	0	0	57	173
3238	MBTD1_ENSG00000011258_69236.2	1014	442	1165	460	10	221	535	606
3239	MBTD1_ENSG00000011258_69237.3	973	268	1053	395	821	267	455	514
3240	MBTD1_ENSG00000011258_69238.4	651	56	556	0	259	117	255	297
3241	MBTD1_ENSG00000011258_69239.5	720	323	1173	471	1130	0	755	556
3242	MBTD1_ENSG00000011258_69240.6	2039	919	2224	722	2885	496	1249	1337
3243	MCM2_ENSG00000073111_109271.1	2077	540	2270	691	2628	0	1090	1439
3244	MCM2_ENSG00000073111_109272.2	1691	647	1885	1820	1218	422	1468	1178
3245	MCM2_ENSG00000073111_109273.3	377	76	316	220	278	0	79	241
3246	MCM2_ENSG00000073111_109274.4	915	328	997	525	976	227	334	476
3247	MCM2_ENSG00000073111_109275.5	1006	134	1111	221	144	260	562	594
3248	MCM2_ENSG00000073111_109276.6	848	304	836	795	649	0	170	381
3249	MCM3_ENSG00000112118_176804.1	849	343	967	987	7	550	258	551
3250	MCM3_ENSG00000112118_176805.2	723	224	749	368	77	94	378	437
3251	MCM3_ENSG00000112118_176806.3	1602	402	1891	787	2029	984	316	827
3252	MCM3_ENSG00000112118_176807.4	1183	569	1057	353	589	272	195	523
3253	MCM3_ENSG00000112118_176808.5	1435	477	1475	273	1153	270	876	746
3254	MCM3_ENSG00000112118_176809.6	654	118	795	0	1177	144	405	328
3255	MCM4_ENSG00000104738_48171.1	531	152	600	666	774	0	73	224
3256	MCM4_ENSG00000104738_48172.2	1428	662	1404	486	257	406	249	684
3257	MCM4_ENSG00000104738_48173.3	662	239	658	491	428	115	283	323
3258	MCM4_ENSG00000104738_48174.4	861	457	971	0	348	0	317	490
3259	MCM4_ENSG00000104738_48175.5	568	103	511	360	798	0	165	328
3260	MCM4_ENSG00000104738_48176.6	1785	481	1693	1223	2097	425	167	795
3261	MCM5_ENSG00000100297_201549.1	501	294	537	426	600	127	141	229
3262	MCM5_ENSG00000100297_201550.2	1612	693	1939	1554	1154	278	1047	938
3263	MCM5_ENSG00000100297_201551.3	640	194	550	427	941	683	47	328
3264	MCM5_ENSG00000100297_201552.4	1931	973	2065	680	1166	794	1014	1081
3265	MCM5_ENSG00000100297_201553.5	1945	388	2102	975	736	571	955	1206
3266	MCM5_ENSG00000100297_201554.6	492	416	563	308	909	7	175	297
3267	MCM6_ENSG00000076003_188345.1	2169	410	2087	2018	2085	464	979	1176
3268	MCM6_ENSG00000076003_188346.2	2103	814	2202	582	695	570	327	996
3269	MCM6_ENSG00000076003_188347.3	2301	1211	2314	842	1718	912	673	1275
3270	MCM6_ENSG00000076003_188348.4	3347	1134	3275	1575	2753	848	1235	1724
3271	MCM6_ENSG00000076003_188349.5	1297	421	1241	501	2452	264	323	658
3272	MCM6_ENSG00000076003_188350.6	57	2	49	0	0	0	10	30
3273	MCM7_ENSG00000166508_28703.1	619	442	911	0	259	148	216	452
3274	MCM7_ENSG00000166508_28704.2	834	578	1050	112	376	269	426	564
3275	MCM7_ENSG00000166508_28705.3	332	146	362	0	260	0	81	199
3276	MCM7_ENSG00000166508_28706.4	1413	632	1247	773	790	1	704	674
3277	MCM7_ENSG00000166508_28707.5	760	157	703	533	0	153	230	284
3278	MCM7_ENSG00000166508_28708.6	291	53	382	0	383	0	138	190
3279	MCRS1_ENSG00000187778_129365.1	590	491	660	1146	969	527	425	394
3280	MCRS1_ENSG00000187778_129366.2	529	172	752	522	690	0	259	388
3281	MCRS1_ENSG00000187778_129367.3	1955	724	1886	1277	1388	1093	289	1093
3282	MCRS1_ENSG00000187778_129368.4	522	170	588	837	895	804	199	342
3283	MCRS1_ENSG00000187778_129369.5	1605	741	1636	1097	2389	984	354	976
3284	MCRS1_ENSG00000187778_129370.6	1408	730	1710	1468	1004	1355	510	849
3285	MDC1_ENSG00000137337_119599.1	2317	242	2107	1222	1371	281	728	941
3286	MDC1_ENSG00000137337_119600.2	860	187	789	288	941	513	346	383
3287	MDC1_ENSG00000137337_119601.3	1285	370	1288	1299	278	331	510	720
3288	MDC1_ENSG00000137337_119602.4	100	61	145	130	520	125	40	89
3289	MDC1_ENSG00000137337_119603.5	1733	1138	1694	1438	1	434	1102	1044
3290	MDC1_ENSG00000137337_119604.6	394	59	502	223	945	0	147	145
3291	MEAF6_ENSG00000163875_201979.1	632	168	758	649	1274	153	198	421
3292	MEAF6_ENSG00000163875_201980.2	861	511	708	773	1395	486	403	395
3293	MEAF6_ENSG00000163875_201981.3	580	595	426	327	921	105	31	223
3294	MEAF6_ENSG00000163875_201982.4	1513	1110	1795	1054	2404	557	354	809
3295	MEAF6_ENSG00000163875_201983.5	1600	453	1638	1684	1018	256	416	881
3296	MEAF6_ENSG00000163875_201984.6	1389	778	1371	1316	2580	706	156	713
3297	MECOM_ENSG00000085276_127480.1	1084	654	1316	1027	412	148	136	591
3298	MECOM_ENSG00000085276_127481.2	1607	953	1870	1571	919	171	268	960
3299	MECOM_ENSG00000085276_127482.3	998	642	1072	374	914	417	385	716
3300	MECOM_ENSG00000085276_127483.4	237	0	356	198	277	0	170	172
3301	MECOM_ENSG00000085276_127484.5	1434	1147	1709	1308	1058	0	841	924
3302	MECOM_ENSG00000085276_127485.6	1802	665	2263	1228	2573	453	882	1218
3303	MECP2_ENSG00000169057_78293.1	757	201	589	621	541	0	52	293
3304	MECP2_ENSG00000169057_78294.2	1077	317	1325	923	1006	445	343	632
3305	MECP2_ENSG00000169057_78295.3	1034	505	1163	774	548	256	664	740
3306	MECP2_ENSG00000169057_78296.4	1471	450	1514	286	582	110	519	825
3307	MECP2_ENSG00000169057_78297.5	2450	630	2603	638	913	677	1164	1230
3308	MECP2_ENSG00000169057_78298.6	1489	367	1389	1949	1111	191	316	675
3309	MED1_ENSG00000125686_158726.1	213	0	224	0	0	0	53	102
3310	MED1_ENSG00000125686_158727.2	1488	114	1169	784	890	0	371	748
3311	MED1_ENSG00000125686_158728.3	879	177	876	523	981	309	308	481
3312	MED1_ENSG00000125686_158729.4	1248	338	1462	1563	290	406	457	751
3313	MED1_ENSG00000125686_158730.5	1813	492	1529	452	262	418	851	899
3314	MED1_ENSG00000125686_158731.6	528	333	643	306	515	0	139	371
3315	MED11_ENSG00000161920_116140.1	135	65	181	1	0	0	54	66
3316	MED11_ENSG00000161920_116141.2	2570	108	2302	650	214	322	1312	1205
3317	MED11_ENSG00000161920_116142.3	1049	130	796	44	1011	0	30	169
3318	MED11_ENSG00000161920_116143.4	849	81	887	0	0	62	466	382
3319	MED11_ENSG00000161920_116144.5	1392	315	1219	0	520	71	425	541
3320	MED11_ENSG00000161920_116145.6	894	120	805	0	0	0	314	428
3321	MED12_ENSG00000184634_197980.1	1036	325	1140	447	256	135	471	568
3322	MED12_ENSG00000184634_197981.2	1179	238	1294	299	1236	814	203	430
3323	MED12_ENSG00000184634_197982.3	560	55	457	111	573	0	65	219
3324	MED12_ENSG00000184634_197983.4	1691	195	1798	1700	2002	1294	876	1190
3325	MED12_ENSG00000184634_197984.5	1391	147	1028	195	576	0	172	481
3326	MED12_ENSG00000184634_197985.6	992	211	921	505	196	159	385	471
3327	MED13_ENSG00000108510_36385.1	1746	230	1681	430	717	132	457	873
3328	MED13_ENSG00000108510_36386.2	1041	400	1141	162	692	579	168	572
3329	MED13_ENSG00000108510_36387.3	357	114	278	190	243	290	84	123
3330	MED13_ENSG00000108510_36388.4	694	167	902	309	803	0	346	541
3331	MED13_ENSG00000108510_36389.5	1424	395	1491	842	1080	424	421	807
3332	MED13_ENSG00000108510_36390.6	417	297	502	0	306	0	21	127
3333	MED14_ENSG00000180182_141564.1	1298	738	1568	335	0	0	442	719
3334	MED14_ENSG00000180182_141565.2	748	0	733	68	133	145	93	327
3335	MED14_ENSG00000180182_141566.3	2402	250	2340	574	787	153	1361	1033
3336	MED14_ENSG00000180182_141567.4	208	0	201	364	1054	0	45	157
3337	MED14_ENSG00000180182_141568.5	1092	476	981	466	636	126	318	512
3338	MED14_ENSG00000180182_141569.6	666	83	764	166	530	287	284	437
3339	MED15_ENSG00000099917_91808.1	1493	511	1643	845	2660	299	263	857
3340	MED15_ENSG00000099917_91809.2	1691	347	1613	1131	685	1	470	749
3341	MED15_ENSG00000099917_91810.3	654	446	759	177	574	244	241	446
3342	MED15_ENSG00000099917_91811.4	1419	588	1303	664	1943	707	533	669
3343	MED15_ENSG00000099917_91812.5	1257	537	1469	609	1437	124	508	669
3344	MED15_ENSG00000099917_91813.6	759	492	876	372	1415	162	610	556
3345	MED16_ENSG00000175221_13295.1	1409	128	1629	267	746	123	815	843
3346	MED16_ENSG00000175221_13296.2	794	51	861	279	139	142	308	412
3347	MED16_ENSG00000175221_13297.3	1463	744	1969	1327	746	694	486	1059
3348	MED16_ENSG00000175221_13298.4	893	177	963	883	566	300	369	419
3349	MED16_ENSG00000175221_13299.5	720	51	623	0	291	558	370	370
3350	MED16_ENSG00000175221_13300.6	367	282	614	1737	243	550	187	374
3351	MED17_ENSG00000042429_63138.1	837	32	740	0	1115	349	326	331
3352	MED17_ENSG00000042429_63139.2	461	128	598	368	0	0	228	254
3353	MED17_ENSG00000042429_63140.3	624	51	626	0	428	147	126	352
3354	MED17_ENSG00000042429_63141.4	1182	373	1083	240	0	139	349	533
3355	MED17_ENSG00000042429_63142.5	409	215	545	0	319	271	222	225
3356	MED17_ENSG00000042429_63143.6	372	138	380	0	283	0	211	210
3357	MED18_ENSG00000130772_186936.1	1131	456	1160	1053	1082	152	443	731
3358	MED18_ENSG00000130772_186937.2	1289	598	1332	781	0	0	629	632
3359	MED18_ENSG00000130772_186938.3	754	273	885	866	1471	136	326	514
3360	MED18_ENSG00000130772_186939.4	1678	581	1825	827	77	136	1144	934
3361	MED18_ENSG00000130772_186940.5	2967	1110	3275	1624	2352	618	1316	1630
3362	MED18_ENSG00000130772_186941.6	1328	680	1483	1087	1332	471	497	837
3363	MED19_ENSG00000156603_42432.1	1511	382	1485	1120	884	292	570	749
3364	MED19_ENSG00000156603_42433.2	1985	390	2268	205	606	134	676	1089
3365	MED19_ENSG00000156603_42434.3	2015	657	1538	687	1191	134	611	758
3366	MED19_ENSG00000156603_42435.4	1091	173	832	333	576	0	135	373
3367	MED19_ENSG00000156603_42436.5	1215	424	1294	326	137	72	618	645
3368	MED19_ENSG00000156603_42437.6	924	0	950	204	0	0	385	425
3369	MED20_ENSG00000124641_86751.1	1801	295	1766	460	1023	257	877	914
3370	MED20_ENSG00000124641_86752.2	787	446	632	383	0	65	81	280
3371	MED20_ENSG00000124641_86753.3	928	59	811	275	288	0	363	450
3372	MED20_ENSG00000124641_86754.4	2209	539	1762	481	720	161	1133	902
3373	MED20_ENSG00000124641_86755.5	734	178	718	391	240	0	232	333
3374	MED20_ENSG00000124641_86756.6	405	114	352	142	0	75	136	164
3375	MED21_ENSG00000152944_130320.1	1898	143	1729	858	555	550	918	837
3376	MED21_ENSG00000152944_130321.2	598	301	570	331	400	266	42	320
3377	MED21_ENSG00000152944_130322.3	457	55	409	229	0	0	190	199
3378	MED21_ENSG00000152944_130323.4	1261	678	1267	516	481	722	549	695
3379	MED21_ENSG00000152944_130324.5	704	115	741	444	0	0	188	323
3380	MED21_ENSG00000152944_130325.6	916	552	1057	930	861	151	287	513
3381	MED23_ENSG00000112282_5900.1	1550	533	1451	1110	1021	0	229	765
3382	MED23_ENSG00000112282_5901.2	1139	353	1121	188	163	699	336	554
3383	MED23_ENSG00000112282_5902.3	1182	183	1351	395	212	150	500	653
3384	MED23_ENSG00000112282_5903.4	1014	256	990	239	2	262	394	621
3385	MED23_ENSG00000112282_5904.5	1033	170	1224	807	1283	411	368	573
3386	MED23_ENSG00000112282_5905.6	835	46	913	302	729	0	326	523
3387	MED24_ENSG00000008838_56956.1	1229	256	1459	0	0	417	722	594
3388	MED24_ENSG00000008838_56957.2	585	106	925	403	287	118	331	472
3389	MED24_ENSG00000008838_56958.3	2548	221	2259	789	0	310	1563	1208
3390	MED24_ENSG00000008838_56959.4	765	56	745	0	248	0	322	369
3391	MED24_ENSG00000008838_56960.5	1532	339	1499	100	523	210	819	825
3392	MED24_ENSG00000008838_56961.6	651	232	668	405	0	271	273	297
3393	MED25_ENSG00000104973_158026.1	1269	331	1207	402	1047	384	230	593
3394	MED25_ENSG00000104973_158027.2	839	506	682	611	0	106	338	367
3395	MED25_ENSG00000104973_158028.3	1870	419	1690	651	2179	286	1201	909
3396	MED25_ENSG00000104973_158029.4	1291	525	1347	504	1204	374	924	796
3397	MED25_ENSG00000104973_158030.5	919	408	1023	965	523	547	389	590
3398	MED25_ENSG00000104973_158031.6	431	204	432	332	39	518	111	219
3399	MED27_ENSG00000160563_158536.1	1172	73	1160	217	270	133	523	495
3400	MED27_ENSG00000160563_158537.2	1870	855	2220	1202	2190	583	870	1159
3401	MED27_ENSG00000160563_158538.3	185	130	363	0	0	0	98	161
3402	MED27_ENSG00000160563_158539.4	615	159	755	301	1002	235	126	323
3403	MED27_ENSG00000160563_158540.5	1259	140	1019	278	841	0	370	520
3404	MED27_ENSG00000160563_158541.6	2555	753	2255	1531	1872	174	340	1191
3405	MED29_ENSG00000063322_122169.1	1110	524	925	400	274	117	318	573
3406	MED29_ENSG00000063322_122170.2	791	259	766	214	0	136	199	346
3407	MED29_ENSG00000063322_122171.3	1526	474	1766	633	828	280	802	923
3408	MED29_ENSG00000063322_122172.4	773	276	708	15	258	136	340	418
3409	MED29_ENSG00000063322_122173.5	985	266	1032	171	946	0	361	498
3410	MED29_ENSG00000063322_122174.6	1563	773	1898	835	705	201	956	985
3411	MED30_ENSG00000164758_79570.1	595	0	585	195	175	153	117	277
3412	MED30_ENSG00000164758_79571.2	2060	291	2170	762	1650	439	1114	1184
3413	MED30_ENSG00000164758_79573.4	1120	226	1115	212	613	99	153	424
3414	MED30_ENSG00000164758_79574.5	1249	294	1213	0	698	0	797	602
3415	MED30_ENSG00000164758_79575.6	782	211	707	433	500	0	587	430
3416	MED31_ENSG00000108590_65222.1	1992	722	1811	256	1022	243	357	872
3417	MED31_ENSG00000108590_65223.2	2439	390	2353	598	3051	241	1107	1335
3418	MED31_ENSG00000108590_65224.3	1253	347	1675	575	968	732	305	810
3419	MED31_ENSG00000108590_65225.4	331	139	482	439	490	149	104	196
3420	MED31_ENSG00000108590_65226.5	1209	338	1334	439	490	262	354	619
3421	MED31_ENSG00000108590_65227.6	1537	355	1656	704	2360	469	637	1031
3422	MED4_ENSG00000136146_65612.1	1304	475	1411	678	215	400	365	709
3423	MED4_ENSG00000136146_65613.2	1741	500	1851	1449	1645	825	587	877
3424	MED4_ENSG00000136146_65614.3	1829	548	1930	1432	1205	461	235	893
3425	MED4_ENSG00000136146_65615.4	1517	350	1269	68	614	566	301	613
3426	MED4_ENSG00000136146_65616.5	739	112	792	273	4537	0	332	349
3427	MED4_ENSG00000136146_65617.6	427	0	389	103	0	0	80	157
3428	MED6_ENSG00000133997_199380.1	1095	326	1293	586	733	536	383	695
3429	MED6_ENSG00000133997_199381.2	1874	603	1908	231	1692	490	397	783
3430	MED6_ENSG00000133997_199382.3	546	66	525	0	537	0	144	226
3431	MED6_ENSG00000133997_199383.4	2945	937	3190	1318	2064	283	1664	1623
3432	MED6_ENSG00000133997_199384.5	1532	1033	1511	693	1383	0	495	751
3433	MED6_ENSG00000133997_199385.6	136	0	176	407	125	0	86	96
3434	MED8_ENSG00000159479_37854.1	2399	865	2328	1229	2108	574	1147	1011
3435	MED8_ENSG00000159479_37855.2	1070	72	1009	418	1612	0	350	450
3436	MED8_ENSG00000159479_37856.3	1009	331	1017	379	68	515	410	474
3437	MED8_ENSG00000159479_37857.4	1342	326	1332	732	1306	350	733	592
3438	MED8_ENSG00000159479_37858.5	2708	606	2346	907	1349	763	1453	1128
3439	MED8_ENSG00000159479_37859.6	377	94	377	161	589	147	112	184
3440	MED9_ENSG00000141026_11551.1	1005	116	907	486	0	0	211	450
3441	MED9_ENSG00000141026_11552.2	585	107	630	0	0	243	217	303
3442	MED9_ENSG00000141026_11553.3	683	77	640	164	407	142	393	351
3443	MED9_ENSG00000141026_11554.4	2300	452	2510	993	245	351	1493	1400
3444	MED9_ENSG00000141026_11555.5	3140	328	3048	778	968	674	1217	1529
3445	MED9_ENSG00000141026_11556.6	1125	97	938	468	668	116	251	463
3446	MEN1_ENSG00000133895_157131.1	1800	901	1904	1080	1623	241	1059	1002
3447	MEN1_ENSG00000133895_157132.2	863	321	901	0	332	111	287	492
3448	MEN1_ENSG00000133895_157133.3	2678	1267	2380	1116	1773	436	626	1230
3449	MEN1_ENSG00000133895_157134.4	704	118	830	337	574	116	269	401
3450	MEN1_ENSG00000133895_157135.5	634	183	502	402	267	134	153	263
3451	MEN1_ENSG00000133895_157136.6	266	237	255	0	290	0	184	148
3452	MEPCE_ENSG00000146834_135547.1	749	341	1163	586	317	380	50	345
3453	MEPCE_ENSG00000146834_135548.2	414	291	473	518	348	137	173	180
3454	MEPCE_ENSG00000146834_135549.3	804	520	762	1491	637	0	219	374
3455	MEPCE_ENSG00000146834_135550.4	2011	1079	2163	2588	2014	538	1093	1411
3456	MEPCE_ENSG00000146834_135551.5	965	469	1067	1112	1240	693	294	515
3457	MEPCE_ENSG00000146834_135552.6	2232	829	2382	1715	1410	160	1181	1133
3458	METTL11B_ENSG00000203740_116313.1	1151	283	1245	367	1122	657	440	677
3459	METTL11B_ENSG00000203740_116314.2	483	67	452	490	369	0	31	174
3460	METTL11B_ENSG00000203740_116315.3	1510	532	1487	1320	1066	114	175	701
3461	METTL11B_ENSG00000203740_116316.4	1420	391	1646	1844	463	131	257	783
3462	METTL11B_ENSG00000203740_116317.5	1274	480	1248	415	1389	1264	709	699
3463	METTL11B_ENSG00000203740_116318.6	1034	377	1067	128	427	330	89	459
3464	METTL13_ENSG00000010165_83852.1	934	210	958	1314	1397	241	276	496
3465	METTL13_ENSG00000010165_83853.2	497	54	401	101	0	358	158	224
3466	METTL13_ENSG00000010165_83854.3	2165	755	2690	1178	2380	549	1216	1459
3467	METTL13_ENSG00000010165_83855.4	2449	1248	2634	1334	936	523	1104	1289
3468	METTL13_ENSG00000010165_83856.5	1274	614	1451	363	1281	134	818	723
3469	METTL13_ENSG00000010165_83857.6	166	115	197	0	0	0	116	94
3470	METTL20_ENSG00000139160_192296.1	948	546	916	751	138	365	436	518
3471	METTL20_ENSG00000139160_192297.2	900	141	878	575	781	0	357	490
3472	METTL20_ENSG00000139160_192298.3	1392	719	1456	631	476	104	474	695
3473	METTL20_ENSG00000139160_192299.4	732	139	720	583	110	158	126	313
3474	METTL20_ENSG00000139160_192300.5	676	66	620	251	315	410	168	258
3475	METTL20_ENSG00000139160_192301.6	1054	242	1043	498	815	476	416	638
3476	METTL2A_ENSG00000087995_58306.1	104	22	122	91	25	1	12	23
3477	METTL2A_ENSG00000087995_58307.2	66	20	79	340	7	4	8	10
3478	METTL2A_ENSG00000087995_58308.3	1663	775	1817	737	1791	984	453	857
3479	METTL2A_ENSG00000087995_58309.4	1395	434	1597	613	1717	375	605	685
3480	METTL2A_ENSG00000087995_58310.5	1482	396	1261	515	1107	146	683	702
3481	METTL2A_ENSG00000087995_58311.6	1662	413	1690	1045	1075	1071	151	848
3482	METTL2B_ENSG00000165055_119226.1	153	54	157	58	34	13	22	26
3483	METTL2B_ENSG00000165055_119227.2	110	2	85	42	25	4	3	16
3484	METTL2B_ENSG00000165055_119228.3	1116	391	1132	354	1746	457	278	583
3485	METTL2B_ENSG00000165055_119229.4	1946	398	1619	712	2962	868	256	837
3486	METTL2B_ENSG00000165055_119230.5	633	207	698	516	1261	434	354	406
3487	METTL2B_ENSG00000165055_119231.6	706	60	518	452	468	600	141	297
3488	METTL6_ENSG00000206562_164941.1	264	51	249	162	0	1	36	153
3489	METTL6_ENSG00000206562_164942.2	1765	605	1855	1004	1080	689	398	890
3490	METTL6_ENSG00000206562_164943.3	716	354	839	398	907	269	644	506
3491	METTL6_ENSG00000206562_164944.4	753	327	995	842	886	137	417	530
3492	METTL6_ENSG00000206562_164945.5	570	161	625	190	226	626	143	384
3493	METTL6_ENSG00000206562_164946.6	1511	539	1614	1589	646	504	215	832
3494	METTL7A_ENSG00000185432_204470.1	1202	631	1185	751	641	122	284	662
3495	METTL7A_ENSG00000185432_204471.2	1203	461	1147	545	1889	305	54	469
3496	METTL7A_ENSG00000185432_204472.3	1109	359	1086	540	655	951	304	551
3497	METTL7A_ENSG00000185432_204473.4	416	217	377	0	619	0	11	168
3498	METTL7A_ENSG00000185432_204474.5	1380	846	1347	1189	1031	0	267	600
3499	METTL7A_ENSG00000185432_204475.6	586	230	619	493	625	265	40	276
3500	METTL7B_ENSG00000170439_154754.1	1518	919	1237	1043	658	424	415	749
3501	METTL7B_ENSG00000170439_154755.2	871	165	635	418	137	0	46	269
3502	METTL7B_ENSG00000170439_154756.3	584	97	564	207	747	240	400	385
3503	METTL7B_ENSG00000170439_154757.4	920	394	1405	462	413	263	318	542
3504	METTL7B_ENSG00000170439_154758.5	2148	980	2334	2839	2337	434	311	1186
3505	METTL7B_ENSG00000170439_154759.6	561	651	738	658	329	252	161	324
3506	METTL8_ENSG00000123600_63675.1	1581	497	1438	606	845	694	381	822
3507	METTL8_ENSG00000123600_63676.2	1076	117	1017	0	334	283	178	448
3508	METTL8_ENSG00000123600_63677.3	2285	699	1989	669	1888	127	576	1052
3509	METTL8_ENSG00000123600_63678.4	2314	614	2370	1763	2031	809	338	1167
3510	METTL8_ENSG00000123600_63679.5	842	168	805	564	621	148	298	404
3511	METTL8_ENSG00000123600_63680.6	1025	61	1107	546	262	133	286	516
3512	MGEA5_ENSG00000198408_162110.1	461	33	501	0	628	0	59	259
3513	MGEA5_ENSG00000198408_162111.2	1417	138	1172	446	746	289	174	542
3514	MGEA5_ENSG00000198408_162112.3	815	461	650	182	0	133	22	266
3515	MGEA5_ENSG00000198408_162113.4	870	211	916	724	358	0	94	483
3516	MGEA5_ENSG00000198408_162114.5	673	398	554	1	554	0	165	348
3517	MGEA5_ENSG00000198408_162115.6	1255	452	1519	789	383	461	531	643
3518	MGMT_ENSG00000170430_167526.1	288	60	349	0	407	0	154	158
3519	MGMT_ENSG00000170430_167527.2	684	216	637	528	771	122	13	255
3520	MGMT_ENSG00000170430_167528.3	1738	712	1843	1272	4830	1162	999	1151
3521	MGMT_ENSG00000170430_167529.4	881	418	901	185	144	137	462	566
3522	MGMT_ENSG00000170430_167530.5	958	653	1028	360	735	128	72	511
3523	MGMT_ENSG00000170430_167531.6	1049	562	1165	408	2239	0	548	601
3524	MIER1_ENSG00000198160_13872.1	939	420	879	338	628	495	337	408
3525	MIER1_ENSG00000198160_13873.2	1943	599	1979	1016	1364	147	632	1124
3526	MIER1_ENSG00000198160_13874.3	906	354	982	575	1111	452	473	660
3527	MIER1_ENSG00000198160_13875.4	958	505	936	742	489	142	330	591
3528	MIER1_ENSG00000198160_13876.5	1983	272	1779	1073	1749	0	396	1108
3529	MIER1_ENSG00000198160_13877.6	695	176	722	1073	264	253	356	323
3530	MIER2_ENSG00000105556_67683.1	478	113	380	166	714	240	199	257
3531	MIER2_ENSG00000105556_67684.2	379	243	449	742	400	0	224	307
3532	MIER2_ENSG00000105556_67685.3	993	290	1114	761	780	279	229	593
3533	MIER2_ENSG00000105556_67686.4	276	145	226	362	0	139	40	114
3534	MIER2_ENSG00000105556_67687.5	1190	115	1026	1083	740	0	387	546
3535	MIER2_ENSG00000105556_67688.6	521	92	556	0	8	210	102	223
3536	MIER3_ENSG00000155545_201499.1	1363	297	1557	632	909	0	913	976
3537	MIER3_ENSG00000155545_201500.2	1262	551	1335	912	770	142	165	564
3538	MIER3_ENSG00000155545_201501.3	503	62	560	0	1318	0	122	361
3539	MIER3_ENSG00000155545_201502.4	986	397	1128	1	1730	149	167	551
3540	MIER3_ENSG00000155545_201503.5	811	503	961	400	1	269	616	513
3541	MIER3_ENSG00000155545_201504.6	2323	754	2661	810	2854	110	1134	1459
3542	MINA_ENSG00000170854_73713.1	1802	510	2127	1062	2717	486	606	1102
3543	MINA_ENSG00000170854_73714.2	1537	744	1381	374	888	146	726	930
3544	MINA_ENSG00000170854_73715.3	2131	1188	2137	1297	1445	639	415	1202
3545	MINA_ENSG00000170854_73716.4	1144	56	1328	556	1014	283	582	698
3546	MINA_ENSG00000170854_73717.5	753	519	902	134	128	247	80	411
3547	MINA_ENSG00000170854_73718.6	1035	475	966	338	484	510	429	551
3548	MIS12_ENSG00000167842_25675.1	491	325	618	111	523	0	218	321
3549	MIS12_ENSG00000167842_25676.2	2056	1440	2262	978	1049	671	933	1097
3550	MIS12_ENSG00000167842_25677.3	883	719	1097	590	829	447	450	532
3551	MIS12_ENSG00000167842_25678.4	1334	891	1703	1053	2003	151	576	973
3552	MIS12_ENSG00000167842_25679.5	1810	360	1981	1260	1803	461	203	889
3553	MIS12_ENSG00000167842_25680.6	862	328	882	363	150	274	185	461
3554	MIS18A_ENSG00000159055_79610.1	2015	782	1873	611	2706	487	720	1077
3555	MIS18A_ENSG00000159055_79611.2	444	273	298	328	287	0	124	195
3556	MIS18A_ENSG00000159055_79612.3	725	332	858	638	134	0	437	398
3557	MIS18A_ENSG00000159055_79613.4	1351	342	1459	1367	2136	220	643	847
3558	MIS18A_ENSG00000159055_79614.5	2275	98	2231	1062	1628	66	837	1085
3559	MIS18A_ENSG00000159055_79615.6	552	187	679	480	306	0	116	271
3560	MIS18BP1_ENSG00000129534_170531.1	816	515	898	875	490	123	213	475
3561	MIS18BP1_ENSG00000129534_170532.2	2368	1046	2388	1134	1648	400	477	1285
3562	MIS18BP1_ENSG00000129534_170533.3	887	454	972	613	992	701	299	465
3563	MIS18BP1_ENSG00000129534_170534.4	736	87	905	642	538	698	201	383
3564	MIS18BP1_ENSG00000129534_170535.5	812	537	889	169	294	395	350	491
3565	MIS18BP1_ENSG00000129534_170536.6	2613	759	2195	1591	1586	997	1214	1346
3566	MKRN1_ENSG00000133606_66175.1	727	568	875	701	205	293	309	473
3567	MKRN1_ENSG00000133606_66176.2	604	192	606	82	1024	262	105	294
3568	MKRN1_ENSG00000133606_66177.3	1623	708	1434	451	1512	462	479	733
3569	MKRN1_ENSG00000133606_66178.4	256	0	292	417	250	0	91	133
3570	MKRN1_ENSG00000133606_66179.5	743	411	626	340	964	122	229	371
3571	MKRN1_ENSG00000133606_66180.6	1288	357	1261	646	1406	559	314	686
3572	MLH3_ENSG00000119684_111178.1	1890	981	2125	705	1203	566	1298	1308
3573	MLH3_ENSG00000119684_111179.2	807	260	774	327	541	280	321	490
3574	MLH3_ENSG00000119684_111180.3	2445	2863	2508	1002	2170	292	860	1439
3575	MLH3_ENSG00000119684_111181.4	1369	436	1618	1843	717	398	524	760
3576	MLH3_ENSG00000119684_111182.5	1551	293	1675	636	1114	949	807	871
3577	MLH3_ENSG00000119684_111183.6	861	319	771	311	121	0	319	511
3578	MLLT1_ENSG00000130382_44993.1	530	201	526	247	244	0	262	295
3579	MLLT1_ENSG00000130382_44994.2	579	357	787	158	249	0	334	388
3580	MLLT1_ENSG00000130382_44995.3	1110	241	1159	485	426	123	354	580
3581	MLLT1_ENSG00000130382_44996.4	1149	886	1218	1011	1155	947	430	713
3582	MLLT1_ENSG00000130382_44997.5	1201	439	1410	860	682	0	716	548
3583	MLLT1_ENSG00000130382_44998.6	666	49	405	0	0	125	24	181
3584	MLLT10_ENSG00000078403_182202.1	952	399	1172	342	895	331	217	533
3585	MLLT10_ENSG00000078403_182203.2	2146	699	2427	1004	948	445	1175	1190
3586	MLLT10_ENSG00000078403_182204.3	976	195	1059	318	1112	157	434	442
3587	MLLT10_ENSG00000078403_182205.4	950	272	863	0	1514	430	449	467
3588	MLLT10_ENSG00000078403_182206.5	1818	753	1582	1166	2119	164	341	916
3589	MLLT10_ENSG00000078403_182207.6	1920	772	1849	852	1316	696	535	985
3590	MLLT3_ENSG00000171843_113160.1	926	145	1054	195	517	0	160	425
3591	MLLT3_ENSG00000171843_113161.2	2528	855	2864	1312	1797	554	1928	1722
3592	MLLT3_ENSG00000171843_113162.3	647	18	780	289	999	410	334	431
3593	MLLT3_ENSG00000171843_113163.4	2759	683	2941	2782	866	694	2130	1774
3594	MLLT3_ENSG00000171843_113164.5	1050	578	1245	407	1046	564	504	630
3595	MLLT3_ENSG00000171843_113165.6	1723	496	1917	1029	562	433	891	1152
3596	MLLT6_ENSG00000108292_61825.1	568	186	524	210	225	145	201	236
3597	MLLT6_ENSG00000108292_61826.2	1732	613	2210	439	2492	856	1026	1269
3598	MLLT6_ENSG00000108292_61827.3	2221	662	2527	1611	2680	958	1098	1569
3599	MLLT6_ENSG00000108292_61828.4	1388	627	1287	165	2108	133	481	756
3600	MLLT6_ENSG00000108292_61829.5	2078	767	2008	1514	1878	731	898	1130
3601	MLLT6_ENSG00000108292_61830.6	828	276	948	704	48	161	622	472
3602	MLTK_ENSG00000091436_68603.1	2147	419	2481	1844	1995	900	1247	1452
3603	MLTK_ENSG00000091436_68604.2	917	629	1014	573	1131	250	471	570
3604	MLTK_ENSG00000091436_68605.3	747	235	834	366	424	265	285	384
3605	MLTK_ENSG00000091436_68606.4	454	121	403	157	587	131	183	299
3606	MLTK_ENSG00000091436_68607.5	1078	614	1311	394	1435	300	253	574
3607	MLTK_ENSG00000091436_68608.6	989	95	1168	1154	874	133	381	723
3608	MNAT1_ENSG00000020426_26165.1	764	232	806	0	1	138	160	393
3609	MNAT1_ENSG00000020426_26166.2	717	231	773	383	320	288	246	444
3610	MNAT1_ENSG00000020426_26167.3	599	653	688	0	0	0	465	429
3611	MNAT1_ENSG00000020426_26168.4	319	142	376	192	64	272	199	209
3612	MNAT1_ENSG00000020426_26169.5	2957	972	3559	1781	2307	793	1471	1783
3613	MNAT1_ENSG00000020426_26170.6	1114	483	1307	660	519	581	285	695
3614	MORC1_ENSG00000114487_171488.1	2232	553	2377	1369	1061	553	792	1211
3615	MORC1_ENSG00000114487_171489.2	2213	1165	2681	1548	1475	132	1629	1613
3616	MORC1_ENSG00000114487_171490.3	660	260	830	306	255	169	95	322
3617	MORC1_ENSG00000114487_171491.4	1305	606	1344	634	1047	584	110	610
3618	MORC1_ENSG00000114487_171492.5	1511	607	1813	1186	711	128	854	1003
3619	MORC1_ENSG00000114487_171493.6	1950	1374	2095	1224	1217	1026	776	1251
3620	MORC2_ENSG00000133422_160554.1	2773	646	2993	1008	2795	829	1921	1584
3621	MORC2_ENSG00000133422_160555.2	1055	467	1473	334	1675	180	334	686
3622	MORC2_ENSG00000133422_160556.3	1273	558	1231	745	952	424	664	732
3623	MORC2_ENSG00000133422_160557.4	1837	494	1822	299	578	813	1057	1064
3624	MORC2_ENSG00000133422_160558.5	260	155	208	0	140	0	49	92
3625	MORC2_ENSG00000133422_160559.6	470	103	487	185	0	0	89	326
3626	MORC3_ENSG00000159256_199494.1	1192	387	1198	824	1098	260	580	618
3627	MORC3_ENSG00000159256_199495.2	1181	701	1492	414	433	22	507	761
3628	MORC3_ENSG00000159256_199496.3	1695	532	1780	701	608	265	909	996
3629	MORC3_ENSG00000159256_199497.4	700	131	748	384	420	335	259	427
3630	MORC3_ENSG00000159256_199498.5	500	394	548	353	1130	134	72	280
3631	MORC3_ENSG00000159256_199499.6	1050	390	1030	861	1167	140	223	586
3632	MORC4_ENSG00000133131_93171.1	239	79	352	342	0	134	109	189
3633	MORC4_ENSG00000133131_93172.2	1553	544	1681	748	826	234	1015	945
3634	MORC4_ENSG00000133131_93173.3	654	365	949	607	0	572	451	476
3635	MORC4_ENSG00000133131_93174.4	2335	1242	2252	615	1658	565	506	1072
3636	MORC4_ENSG00000133131_93175.5	2176	1106	2251	880	2793	292	322	1113
3637	MORC4_ENSG00000133131_93176.6	1007	401	1301	739	285	154	551	669
3638	MORF4L1_ENSG00000185787_80230.1	448	168	354	0	271	0	160	190
3639	MORF4L1_ENSG00000185787_80231.2	2188	484	2061	998	1084	512	756	1175
3640	MORF4L1_ENSG00000185787_80232.3	1675	288	1610	134	1057	0	351	700
3641	MORF4L1_ENSG00000185787_80233.4	1733	446	1736	540	1255	444	235	795
3642	MORF4L1_ENSG00000185787_80234.5	1703	856	1886	687	1448	667	266	916
3643	MORF4L1_ENSG00000185787_80235.6	681	176	770	161	485	137	316	402
3644	MORF4L2_ENSG00000123562_31391.1	464	196	625	87	214	501	124	273
3645	MORF4L2_ENSG00000123562_31392.2	787	374	964	304	224	550	245	528
3646	MORF4L2_ENSG00000123562_31393.3	1415	463	1781	1129	1216	734	660	953
3647	MORF4L2_ENSG00000123562_31394.4	631	243	707	539	678	714	77	371
3648	MORF4L2_ENSG00000123562_31395.5	1425	544	1759	1548	772	532	439	941
3649	MORF4L2_ENSG00000123562_31396.6	2378	805	2107	1990	2376	844	654	1191
3650	MPHOSPH8_ENSG00000196199_175549.1	1300	803	1405	1008	587	0	597	714
3651	MPHOSPH8_ENSG00000196199_175550.2	1484	544	1384	1309	1158	339	329	716
3652	MPHOSPH8_ENSG00000196199_175551.3	851	595	802	0	345	770	210	495
3653	MPHOSPH8_ENSG00000196199_175552.4	718	195	759	827	830	138	382	466
3654	MPHOSPH8_ENSG00000196199_175553.5	1714	747	1941	987	264	123	1550	1185
3655	MPHOSPH8_ENSG00000196199_175554.6	1093	175	1278	946	590	499	415	603
3656	MPL_ENSG00000117400_194751.1	261	461	349	473	41	150	128	182
3657	MPL_ENSG00000117400_194752.2	1057	580	1193	540	1484	626	214	590
3658	MPL_ENSG00000117400_194753.3	2043	645	2112	1367	2789	674	954	1141
3659	MPL_ENSG00000117400_194754.4	1066	207	1091	356	63	272	68	380
3660	MPL_ENSG00000117400_194755.5	3694	961	3600	2878	2635	1606	2007	2129
3661	MPL_ENSG00000117400_194756.6	648	94	674	130	960	0	246	328
3662	MRE11A_ENSG00000020922_146800.1	1098	481	1562	355	310	918	481	856
3663	MRE11A_ENSG00000020922_146801.2	622	166	585	525	1296	176	173	347
3664	MRE11A_ENSG00000020922_146802.3	1543	224	1294	791	575	516	582	729
3665	MRE11A_ENSG00000020922_146803.4	913	543	1243	1154	291	916	533	665
3666	MRE11A_ENSG00000020922_146804.5	1272	376	1393	868	708	337	476	773
3667	MRE11A_ENSG00000020922_146805.6	2564	512	2578	1260	2192	654	1491	1458
3668	MRGBP_ENSG00000101189_119969.1	325	229	371	112	451	0	111	204
3669	MRGBP_ENSG00000101189_119970.2	894	187	1002	684	463	0	403	451
3670	MRGBP_ENSG00000101189_119971.3	154	0	194	219	337	0	57	75
3671	MRGBP_ENSG00000101189_119972.4	562	251	601	190	202	216	116	328
3672	MRGBP_ENSG00000101189_119973.5	1670	456	1837	783	1118	605	715	952
3673	MRGBP_ENSG00000101189_119974.6	1533	389	1619	1600	1207	215	563	952
3674	MSH6_ENSG00000116062_86661.1	830	161	899	213	245	416	342	542
3675	MSH6_ENSG00000116062_86662.2	2885	992	3126	1397	2039	282	1282	1494
3676	MSH6_ENSG00000116062_86663.3	1158	270	1263	214	330	813	364	502
3677	MSH6_ENSG00000116062_86664.4	1174	261	1001	402	1228	256	175	556
3678	MSH6_ENSG00000116062_86665.5	2374	884	2572	1459	434	284	1208	1296
3679	MSH6_ENSG00000116062_86666.6	1033	428	1208	196	964	292	466	597
3680	MSL2_ENSG00000174579_59076.1	1775	856	1940	1416	1450	520	595	1068
3681	MSL2_ENSG00000174579_59077.2	559	203	506	368	438	147	246	351
3682	MSL2_ENSG00000174579_59078.3	850	353	1148	369	717	315	321	620
3683	MSL2_ENSG00000174579_59079.4	1084	325	1187	969	1860	139	674	708
3684	MSL2_ENSG00000174579_59080.5	1372	729	1373	410	559	157	491	689
3685	MSL2_ENSG00000174579_59081.6	1190	462	988	864	1101	128	547	654
3686	MST1_ENSG00000173531_189739.1	942	432	1067	526	825	761	642	684
3687	MST1_ENSG00000173531_189740.2	733	247	901	399	1227	147	245	412
3688	MST1_ENSG00000173531_189741.3	2820	782	3083	1944	2209	531	918	1536
3689	MST1_ENSG00000173531_189742.4	969	440	1070	319	1118	151	485	511
3690	MST1_ENSG00000173531_189743.5	892	728	1048	843	1020	134	247	496
3691	MST1_ENSG00000173531_189744.6	677	146	545	0	239	0	237	344
3692	MTA1_ENSG00000182979_150833.1	860	506	945	782	2591	0	205	510
3693	MTA1_ENSG00000182979_150834.2	1327	368	1495	649	444	135	694	844
3694	MTA1_ENSG00000182979_150835.3	822	250	657	424	627	0	133	336
3695	MTA1_ENSG00000182979_150836.4	1158	287	1122	158	1004	286	463	659
3696	MTA1_ENSG00000182979_150837.5	1886	777	1992	716	2707	499	542	1080
3697	MTA1_ENSG00000182979_150838.6	1603	563	1912	749	902	506	718	913
3698	MTA2_ENSG00000149480_107394.1	1779	390	1791	1427	842	278	247	835
3699	MTA2_ENSG00000149480_107395.2	1464	550	1473	614	1265	120	530	813
3700	MTA2_ENSG00000149480_107396.3	224	226	228	136	278	353	91	146
3701	MTA2_ENSG00000149480_107397.4	1373	471	1423	386	1176	611	425	771
3702	MTA2_ENSG00000149480_107398.5	2057	1486	2006	1284	1891	742	527	1054
3703	MTA2_ENSG00000149480_107399.6	567	150	726	683	546	0	287	285
3704	MTA3_ENSG00000057935_162970.1	651	242	750	268	846	143	276	408
3705	MTA3_ENSG00000057935_162971.2	1639	526	1546	812	2571	176	342	963
3706	MTA3_ENSG00000057935_162972.3	1067	235	1527	794	1795	262	438	716
3707	MTA3_ENSG00000057935_162973.4	1442	789	1491	650	1514	449	635	915
3708	MTA3_ENSG00000057935_162974.5	1197	318	1084	892	851	146	463	719
3709	MTA3_ENSG00000057935_162975.6	571	126	461	146	281	295	175	227
3710	MTERF_ENSG00000127989_138006.1	416	28	442	0	237	126	106	229
3711	MTERF_ENSG00000127989_138007.2	1226	676	1435	1448	1326	646	275	685
3712	MTERF_ENSG00000127989_138008.3	2076	941	2244	573	960	1469	743	1041
3713	MTERF_ENSG00000127989_138009.4	1107	281	1022	785	484	266	158	509
3714	MTERF_ENSG00000127989_138010.5	615	53	580	424	0	0	235	252
3715	MTERF_ENSG00000127989_138011.6	249	94	272	281	0	0	49	147
3716	MTF1_ENSG00000188786_85648.1	1260	58	1120	212	786	0	723	522
3717	MTF1_ENSG00000188786_85649.2	1203	367	1054	285	398	0	158	519
3718	MTF1_ENSG00000188786_85650.3	2062	1080	2345	1384	3173	154	745	1449
3719	MTF1_ENSG00000188786_85651.4	1438	378	1575	296	750	130	1156	1003
3720	MTF1_ENSG00000188786_85652.5	609	309	596	388	358	273	330	331
3721	MTF1_ENSG00000188786_85653.6	1528	465	1597	968	1443	445	768	866
3722	MTF2_ENSG00000143033_35795.1	288	175	310	354	0	0	128	203
3723	MTF2_ENSG00000143033_35796.2	1764	869	1527	1515	836	594	698	902
3724	MTF2_ENSG00000143033_35797.3	1386	549	1534	1112	892	404	486	784
3725	MTF2_ENSG00000143033_35798.4	676	288	719	142	402	0	244	356
3726	MTF2_ENSG00000143033_35799.5	371	144	403	493	689	408	114	277
3727	MTF2_ENSG00000143033_35800.6	1568	324	1896	558	430	269	1009	1099
3728	MTR_ENSG00000116984_33510.1	354	225	350	0	632	0	73	144
3729	MTR_ENSG00000116984_33511.2	1132	324	1343	450	1545	520	381	608
3730	MTR_ENSG00000116984_33512.3	1380	381	1296	647	1963	255	857	889
3731	MTR_ENSG00000116984_33513.4	3022	1345	2577	320	1589	761	1279	1470
3732	MTR_ENSG00000116984_33514.5	1284	658	1291	280	514	453	631	821
3733	MTR_ENSG00000116984_33515.6	1575	649	1610	949	1299	1594	368	915
3734	MUL1_ENSG00000090432_55608.1	2641	714	2901	349	1902	1295	1379	1709
3735	MUL1_ENSG00000090432_55609.2	853	476	1050	406	263	125	602	510
3736	MUL1_ENSG00000090432_55610.3	337	226	215	421	0	0	48	159
3737	MUL1_ENSG00000090432_55611.4	1121	428	1137	382	732	302	142	612
3738	MUL1_ENSG00000090432_55612.5	1148	231	1201	722	1441	135	149	609
3739	MUL1_ENSG00000090432_55613.6	1842	998	1712	492	773	424	336	835
3740	MUM1_ENSG00000160953_161980.1	1647	780	1702	810	725	302	838	931
3741	MUM1_ENSG00000160953_161981.2	883	436	1012	172	743	241	211	466
3742	MUM1_ENSG00000160953_161982.3	174	0	328	175	476	0	126	184
3743	MUM1_ENSG00000160953_161983.4	1730	380	1870	705	2132	258	330	791
3744	MUM1_ENSG00000160953_161984.5	1000	246	1037	767	0	0	410	569
3745	MUM1_ENSG00000160953_161985.6	1893	408	2243	1504	1834	544	737	1184
3746	MUM1L1_ENSG00000157502_83782.1	1126	170	1260	716	1244	589	604	671
3747	MUM1L1_ENSG00000157502_83783.2	1753	608	1962	721	208	494	1093	916
3748	MUM1L1_ENSG00000157502_83784.3	973	374	1112	565	816	248	309	602
3749	MUM1L1_ENSG00000157502_83785.4	1158	539	1189	307	358	284	178	577
3750	MUM1L1_ENSG00000157502_83786.5	1204	390	1286	426	274	942	487	704
3751	MUM1L1_ENSG00000157502_83787.6	1821	648	1920	1024	1460	690	1015	1259
3752	MYB_ENSG00000118513_166551.1	2362	663	2306	801	1492	429	1134	1088
3753	MYB_ENSG00000118513_166552.2	611	262	694	238	359	154	497	406
3754	MYB_ENSG00000118513_166553.3	756	354	864	218	378	139	271	378
3755	MYB_ENSG00000118513_166554.4	949	662	1060	2745	1109	0	356	586
3756	MYB_ENSG00000118513_166555.5	1109	417	1026	454	306	410	812	754
3757	MYB_ENSG00000118513_166556.6	677	0	881	590	236	292	271	359
3758	MYBL1_ENSG00000185697_142533.1	1134	692	1146	240	612	0	391	608
3759	MYBL1_ENSG00000185697_142534.2	1101	454	879	1060	269	969	263	529
3760	MYBL1_ENSG00000185697_142535.3	847	129	818	534	1418	0	302	421
3761	MYBL1_ENSG00000185697_142536.4	374	136	659	472	20	272	105	295
3762	MYBL1_ENSG00000185697_142537.5	662	48	698	153	312	302	208	406
3763	MYBL1_ENSG00000185697_142538.6	679	166	719	698	616	260	217	390
3764	MYBL2_ENSG00000101057_180429.1	317	0	366	374	0	267	103	217
3765	MYBL2_ENSG00000101057_180430.2	1755	461	1553	411	2681	62	574	751
3766	MYBL2_ENSG00000101057_180431.3	925	325	1028	575	1393	294	266	539
3767	MYBL2_ENSG00000101057_180432.4	941	413	822	1165	122	104	316	494
3768	MYBL2_ENSG00000101057_180433.5	1493	448	1468	1056	1153	293	856	905
3769	MYBL2_ENSG00000101057_180434.6	783	257	798	625	504	0	280	474
3770	MYPOP_ENSG00000176182_197010.1	919	196	961	0	895	277	459	447
3771	MYPOP_ENSG00000176182_197011.2	1001	479	998	235	779	270	385	545
3772	MYPOP_ENSG00000176182_197012.3	1721	730	1611	706	544	161	893	939
3773	MYPOP_ENSG00000176182_197013.4	743	305	897	54	1568	410	257	405
3774	MYPOP_ENSG00000176182_197014.5	1687	611	1616	1342	990	906	372	764
3775	MYPOP_ENSG00000176182_197015.6	467	115	596	207	190	0	144	370
3776	MYSM1_ENSG00000162601_108561.1	783	504	911	351	642	273	169	497
3777	MYSM1_ENSG00000162601_108562.2	868	122	1460	1071	903	153	439	633
3778	MYSM1_ENSG00000162601_108563.3	1134	297	990	697	1096	429	291	580
3779	MYSM1_ENSG00000162601_108564.4	1013	339	881	460	397	259	416	524
3780	MYSM1_ENSG00000162601_108565.5	1594	858	1528	760	723	519	238	719
3781	MYSM1_ENSG00000162601_108566.6	844	343	786	352	1208	392	303	540
3782	NAA10_ENSG00000102030_58286.1	1366	531	1441	500	840	267	421	786
3783	NAA10_ENSG00000102030_58287.2	2039	469	2445	1324	97	487	1306	1258
3784	NAA10_ENSG00000102030_58288.3	683	102	599	562	479	0	311	329
3785	NAA10_ENSG00000102030_58289.4	194	0	324	0	20	0	60	163
3786	NAA10_ENSG00000102030_58290.5	1026	865	1494	768	507	134	850	798
3787	NAA10_ENSG00000102030_58291.6	630	128	741	730	249	143	288	459
3788	NAA15_ENSG00000164134_55951.1	3652	836	4132	3179	2268	1491	1734	1927
3789	NAA15_ENSG00000164134_55952.2	1258	1044	1357	1279	495	619	459	813
3790	NAA15_ENSG00000164134_55953.3	829	256	732	295	1354	0	196	424
3791	NAA15_ENSG00000164134_55954.4	1034	376	1003	1039	847	713	546	675
3792	NAA15_ENSG00000164134_55955.5	570	190	491	635	385	0	52	238
3793	NAA15_ENSG00000164134_55956.6	1243	282	1467	757	534	897	118	611
3794	NAA60_ENSG00000122390_96783.1	1600	643	1806	1269	1465	269	1073	1051
3795	NAA60_ENSG00000122390_96784.2	910	306	784	731	1974	127	179	426
3796	NAA60_ENSG00000122390_96785.3	1018	198	1196	527	850	412	380	597
3797	NAA60_ENSG00000122390_96786.4	516	195	460	99	256	212	540	424
3798	NAA60_ENSG00000122390_96787.5	1435	803	1365	381	543	295	701	709
3799	NAA60_ENSG00000122390_96788.6	470	153	504	390	75	274	180	259
3800	NAP1L1_ENSG00000187109_50429.1	1334	279	1450	1466	728	550	335	662
3801	NAP1L1_ENSG00000187109_50430.2	1422	703	1400	1501	1688	792	843	876
3802	NAP1L1_ENSG00000187109_50431.3	484	146	642	209	529	142	165	318
3803	NAP1L1_ENSG00000187109_50432.4	1515	347	1510	1432	1177	170	614	939
3804	NAP1L1_ENSG00000187109_50433.5	682	356	765	163	1055	248	289	437
3805	NAP1L1_ENSG00000187109_50434.6	2260	939	2709	900	1705	1114	827	1414
3806	NAP1L2_ENSG00000186462_171908.1	668	244	650	1457	505	163	436	379
3807	NAP1L2_ENSG00000186462_171909.2	800	312	728	272	286	0	114	405
3808	NAP1L2_ENSG00000186462_171910.3	1551	973	1930	1200	2083	276	1314	1080
3809	NAP1L2_ENSG00000186462_171911.4	997	291	1145	440	855	149	494	584
3810	NAP1L2_ENSG00000186462_171912.5	2194	1047	2480	1203	1758	416	1288	1440
3811	NAP1L2_ENSG00000186462_171913.6	571	155	722	0	323	133	375	372
3812	NAP1L3_ENSG00000186310_165211.1	1397	617	1608	539	1070	0	307	761
3813	NAP1L3_ENSG00000186310_165212.2	1038	590	740	888	393	153	402	469
3814	NAP1L3_ENSG00000186310_165213.3	978	595	1304	163	17	110	237	614
3815	NAP1L3_ENSG00000186310_165214.4	192	91	193	41	384	0	69	110
3816	NAP1L3_ENSG00000186310_165215.5	608	470	807	668	709	419	117	423
3817	NAP1L3_ENSG00000186310_165216.6	934	374	1223	855	1766	147	334	600
3818	NAT10_ENSG00000135372_178215.1	2545	427	2106	822	2274	298	1112	1323
3819	NAT10_ENSG00000135372_178216.2	728	321	567	0	227	145	149	383
3820	NAT10_ENSG00000135372_178217.3	420	164	492	290	476	288	198	223
3821	NAT10_ENSG00000135372_178218.4	1081	677	1380	408	1464	0	421	775
3822	NAT10_ENSG00000135372_178219.5	1892	629	2165	1512	1986	252	744	1108
3823	NAT10_ENSG00000135372_178220.6	1408	310	1619	1440	1320	132	423	742
3824	NAT6_ENSG00000243477_151671.1	752	208	801	705	587	149	256	411
3825	NAT6_ENSG00000243477_151672.2	246	71	206	181	0	0	175	184
3826	NAT6_ENSG00000243477_151673.3	505	205	564	173	376	0	156	271
3827	NAT6_ENSG00000243477_151674.4	1071	350	1042	140	955	134	213	514
3828	NAT6_ENSG00000243477_151675.5	739	89	719	473	1854	0	283	416
3829	NAT6_ENSG00000243477_151676.6	722	123	728	262	559	286	265	408
3830	NBN_ENSG00000104320_23239.1	635	167	493	181	0	0	44	288
3831	NBN_ENSG00000104320_23240.2	575	166	588	193	548	420	72	272
3832	NBN_ENSG00000104320_23241.3	653	233	685	219	28	116	410	336
3833	NBN_ENSG00000104320_23242.4	1298	341	1324	995	1154	315	401	789
3834	NBN_ENSG00000104320_23243.5	1694	1856	1776	834	1319	400	1053	1049
3835	NBN_ENSG00000104320_23244.6	424	183	391	230	71	403	173	234
3836	NCOA1_ENSG00000084676_302.1	419	195	488	446	317	437	173	239
3837	NCOA1_ENSG00000084676_303.2	367	0	345	0	0	0	84	158
3838	NCOA1_ENSG00000084676_304.3	43	65	114	0	0	0	12	66
3839	NCOA1_ENSG00000084676_305.4	578	126	734	486	603	279	248	338
3840	NCOA1_ENSG00000084676_306.5	1790	398	1818	419	1507	157	935	982
3841	NCOA1_ENSG00000084676_307.6	1402	198	1447	366	546	823	789	817
3842	NCOA3_ENSG00000124151_102713.1	1164	423	1396	423	614	589	529	782
3843	NCOA3_ENSG00000124151_102714.2	1293	368	1270	398	1549	295	312	569
3844	NCOA3_ENSG00000124151_102715.3	126	0	180	155	0	0	36	84
3845	NCOA3_ENSG00000124151_102716.4	1471	648	1648	712	1548	738	450	927
3846	NCOA3_ENSG00000124151_102717.5	1427	722	1504	690	450	800	345	937
3847	NCOA3_ENSG00000124151_102718.6	3245	1304	3414	1165	1291	1484	1712	1847
3848	NCOA6_ENSG00000198646_163800.1	345	238	422	179	393	572	32	169
3849	NCOA6_ENSG00000198646_163801.2	1252	808	1260	174	200	367	326	715
3850	NCOA6_ENSG00000198646_163802.3	707	467	939	440	1309	119	93	353
3851	NCOA6_ENSG00000198646_163803.4	1651	905	1837	990	2018	381	1089	1021
3852	NCOA6_ENSG00000198646_163804.5	1837	1155	2100	2801	1687	524	815	1011
3853	NCOA6_ENSG00000198646_163805.6	1094	235	1266	209	1117	263	479	644
3854	NCOR1_ENSG00000141027_1735.1	320	95	430	573	521	280	112	219
3855	NCOR1_ENSG00000141027_1736.2	1163	453	1254	980	1018	0	683	737
3856	NCOR1_ENSG00000141027_1737.3	179	173	290	0	572	213	124	171
3857	NCOR1_ENSG00000141027_1738.4	3013	779	2660	1273	3416	708	1112	1443
3858	NCOR1_ENSG00000141027_1739.5	1717	581	1995	1230	1363	234	371	922
3859	NCOR1_ENSG00000141027_1740.6	676	231	662	276	854	350	49	289
3860	NCOR2_ENSG00000196498_6060.1	1299	809	1378	2531	793	225	241	656
3861	NCOR2_ENSG00000196498_6061.2	1179	595	1647	1616	1116	281	325	747
3862	NCOR2_ENSG00000196498_6062.3	2182	995	2735	850	1763	563	1085	1439
3863	NCOR2_ENSG00000196498_6063.4	897	375	1081	693	262	615	294	455
3864	NCOR2_ENSG00000196498_6064.5	1377	702	1132	513	987	399	18	248
3865	NCOR2_ENSG00000196498_6065.6	419	358	422	0	0	120	172	208
3866	NDC80_ENSG00000080986_16314.1	1755	681	1833	931	1419	486	567	912
3867	NDC80_ENSG00000080986_16315.2	1048	331	1022	867	1657	135	125	515
3868	NDC80_ENSG00000080986_16316.3	794	515	890	385	1178	401	67	506
3869	NDC80_ENSG00000080986_16317.4	720	109	603	634	625	0	131	405
3870	NDC80_ENSG00000080986_16318.5	1183	373	1151	422	853	507	214	602
3871	NDC80_ENSG00000080986_16319.6	890	196	729	802	1510	293	368	399
3872	NDUFAF5_ENSG00000101247_168286.1	1192	235	1134	730	1388	265	219	549
3873	NDUFAF5_ENSG00000101247_168287.2	1823	494	1567	696	461	470	506	852
3874	NDUFAF5_ENSG00000101247_168288.3	375	186	345	203	316	0	108	204
3875	NDUFAF5_ENSG00000101247_168289.4	1864	737	1846	1244	413	745	437	1078
3876	NDUFAF5_ENSG00000101247_168290.5	1025	160	1097	387	529	437	184	475
3877	NDUFAF5_ENSG00000101247_168291.6	713	263	707	183	550	0	275	401
3878	NEDD4L_ENSG00000049759_177861.1	1972	856	2034	654	1094	690	764	1142
3879	NEDD4L_ENSG00000049759_177862.2	1320	485	1206	252	1707	622	124	699
3880	NEDD4L_ENSG00000049759_177863.3	813	155	727	195	819	0	162	428
3881	NEDD4L_ENSG00000049759_177864.4	765	232	705	424	973	155	278	380
3882	NEDD4L_ENSG00000049759_177865.5	1806	425	1899	673	2598	0	765	949
3883	NEDD4L_ENSG00000049759_177866.6	1035	521	1106	562	650	137	413	574
3884	NEK6_ENSG00000119408_87051.1	1970	639	2344	1412	988	451	815	1090
3885	NEK6_ENSG00000119408_87052.2	1417	449	1723	515	315	252	807	809
3886	NEK6_ENSG00000119408_87053.3	619	187	778	165	247	359	157	361
3887	NEK6_ENSG00000119408_87054.4	1388	748	1723	922	1741	461	1129	939
3888	NEK6_ENSG00000119408_87055.5	1050	191	1166	172	2318	217	471	508
3889	NEK6_ENSG00000119408_87056.6	1430	514	1446	148	1098	244	739	701
3890	NEK9_ENSG00000119638_75649.1	2260	659	2372	1101	1740	1265	364	1085
3891	NEK9_ENSG00000119638_75650.2	472	110	436	1	215	133	94	266
3892	NEK9_ENSG00000119638_75651.3	2159	1036	2218	629	1972	533	536	1238
3893	NEK9_ENSG00000119638_75652.4	1684	900	1878	1051	1329	396	783	942
3894	NEK9_ENSG00000119638_75653.5	3114	993	3820	902	3139	693	825	1695
3895	NEK9_ENSG00000119638_75654.6	1808	462	2110	1378	2528	0	716	1206
3896	NELFA_ENSG00000185049_154396.1	1734	1145	1893	1341	1784	406	535	1084
3897	NELFA_ENSG00000185049_154397.2	1813	808	1682	1116	1060	63	725	1128
3898	NELFA_ENSG00000185049_154398.3	1306	531	1391	566	1111	412	876	787
3899	NELFA_ENSG00000185049_154399.4	414	42	421	232	241	149	262	215
3900	NELFA_ENSG00000185049_154400.5	1756	1142	1739	1067	1784	519	1112	1018
3901	NELFA_ENSG00000185049_154401.6	1677	340	1347	561	1567	141	356	832
3902	NELFB_ENSG00000188986_199156.1	1103	315	1287	845	696	160	471	554
3903	NELFB_ENSG00000188986_199157.2	1587	342	1547	1264	419	259	568	757
3904	NELFB_ENSG00000188986_199158.3	512	339	559	100	510	0	161	260
3905	NELFB_ENSG00000188986_199159.4	1010	368	1096	314	283	139	276	542
3906	NELFB_ENSG00000188986_199160.5	1842	757	1904	1942	1481	577	926	949
3907	NELFB_ENSG00000188986_199161.6	103	0	48	0	0	0	6	9
3908	NELFCD_ENSG00000101158_138995.1	1303	236	1768	854	1722	0	577	788
3909	NELFCD_ENSG00000101158_138996.2	1058	412	1397	784	1086	386	590	795
3910	NELFCD_ENSG00000101158_138997.3	1636	571	1548	953	993	568	357	759
3911	NELFCD_ENSG00000101158_138998.4	1737	725	1741	1187	2455	0	726	913
3912	NELFCD_ENSG00000101158_138999.5	213	60	156	0	506	221	54	120
3913	NELFCD_ENSG00000101158_139000.6	1454	535	1703	1623	1669	1178	825	939
3914	NELFE_ENSG00000204356_145822.1	1537	337	1418	568	1934	443	135	667
3915	NELFE_ENSG00000204356_145823.2	2239	682	2225	794	1074	1220	691	1085
3916	NELFE_ENSG00000204356_145824.3	1127	537	1251	261	1106	550	330	554
3917	NELFE_ENSG00000204356_145825.4	1066	254	1214	0	1945	415	395	602
3918	NELFE_ENSG00000204356_145826.5	758	345	803	697	250	0	276	435
3919	NELFE_ENSG00000204356_145827.6	1115	605	1262	750	1612	67	397	711
3920	NFE2_ENSG00000123405_84868.1	2584	1096	2495	1973	2836	777	721	1468
3921	NFE2_ENSG00000123405_84869.2	540	241	584	0	0	550	225	332
3922	NFE2_ENSG00000123405_84870.3	934	445	949	985	522	0	447	479
3923	NFE2_ENSG00000123405_84871.4	1195	126	1078	1138	677	2	468	609
3924	NFE2_ENSG00000123405_84872.5	3159	1497	3064	928	3896	1720	1516	1760
3925	NFE2_ENSG00000123405_84873.6	1504	916	1664	957	1282	0	465	792
3926	NFRKB_ENSG00000170322_181375.1	1282	923	1537	917	1278	497	397	841
3927	NFRKB_ENSG00000170322_181376.2	1377	465	1373	551	326	661	372	704
3928	NFRKB_ENSG00000170322_181377.3	195	38	193	0	544	0	8	89
3929	NFRKB_ENSG00000170322_181378.4	1880	484	1800	1306	1809	275	623	1075
3930	NFRKB_ENSG00000170322_181379.5	1695	495	1720	174	156	300	545	957
3931	NFRKB_ENSG00000170322_181380.6	969	360	1083	599	270	521	160	483
3932	NFYA_ENSG00000001167_161121.1	418	156	406	183	908	0	189	256
3933	NFYA_ENSG00000001167_161122.2	298	123	329	0	13	0	160	205
3934	NFYA_ENSG00000001167_161123.3	798	211	763	98	359	151	437	420
3935	NFYA_ENSG00000001167_161124.4	1389	772	1380	825	2518	619	640	884
3936	NFYA_ENSG00000001167_161125.5	1848	235	1721	975	852	311	702	900
3937	NFYA_ENSG00000001167_161126.6	1435	329	1669	1756	1976	926	1121	1001
3938	NFYB_ENSG00000120837_64188.1	2328	788	2375	1442	2551	1714	499	1296
3939	NFYB_ENSG00000120837_64189.2	1052	371	1074	1320	1207	460	208	580
3940	NFYB_ENSG00000120837_64190.3	1200	538	1115	1092	898	664	300	628
3941	NFYB_ENSG00000120837_64191.4	1333	385	1484	1143	1748	781	485	799
3942	NFYB_ENSG00000120837_64192.5	1596	974	1918	587	466	284	485	914
3943	NFYB_ENSG00000120837_64193.6	1620	680	1596	774	1347	653	468	728
3944	NFYC_ENSG00000066136_57496.1	2045	657	2305	1592	2494	566	899	1133
3945	NFYC_ENSG00000066136_57497.2	727	258	927	529	2405	450	319	436
3946	NFYC_ENSG00000066136_57498.3	2178	797	2020	1376	2792	198	996	1120
3947	NFYC_ENSG00000066136_57499.4	1773	801	1777	1164	1181	0	381	826
3948	NFYC_ENSG00000066136_57500.5	1140	413	994	0	591	573	195	599
3949	NFYC_ENSG00000066136_57501.6	1040	248	1162	0	580	269	478	600
3950	NNMT_ENSG00000166741_145345.1	924	224	951	1016	460	404	194	481
3951	NNMT_ENSG00000166741_145346.2	2218	1232	2680	666	1832	725	1474	1460
3952	NNMT_ENSG00000166741_145347.3	1462	488	1535	1207	1118	268	319	699
3953	NNMT_ENSG00000166741_145348.4	561	0	685	305	1157	0	291	413
3954	NNMT_ENSG00000166741_145349.5	1288	214	1386	199	1182	0	648	671
3955	NNMT_ENSG00000166741_145350.6	2440	1003	2497	1185	1796	295	1084	1382
3956	NOC2L_ENSG00000188976_140802.1	1288	480	1351	498	1550	298	289	672
3957	NOC2L_ENSG00000188976_140803.2	2319	1256	2180	757	1819	1006	142	978
3958	NOC2L_ENSG00000188976_140804.3	1951	1420	2106	1226	1366	1165	802	1026
3959	NOC2L_ENSG00000188976_140805.4	879	605	841	167	2322	0	495	485
3960	NOC2L_ENSG00000188976_140806.5	116	74	136	0	545	0	68	50
3961	NOC2L_ENSG00000188976_140807.6	678	112	572	0	1413	0	31	255
3962	none_0None_211306.7	2356	1118	3117	1792	1320	417	1677	1470
3963	none_0None_211334.4	819	488	1052	581	309	555	425	535
3964	none_0None_211338.4	1546	1044	1859	288	666	376	489	938
3965	none_0None_211377.8	1577	261	1833	1093	1760	621	540	863
3966	none_0None_211425.1	943	195	1019	480	1143	374	146	413
3967	none_0None_211435.1	1128	419	1130	601	918	336	355	635
3968	none_0None_211502.2	328	102	633	150	299	391	223	330
3969	none_0None_211514.2	1657	1041	1751	314	819	225	1125	1017
3970	none_0None_211517.2	1569	761	1730	574	782	266	603	899
3971	none_0None_211536.2	419	58	617	406	100	0	217	272
3972	none_0None_211575.3	1757	1166	1932	951	1803	508	689	1086
3973	none_0None_211601.3	1008	167	1146	1446	554	218	988	690
3974	none_0None_211606.3	1828	588	2107	2033	1044	0	715	978
3975	none_0None_211626.3	448	62	450	220	160	432	196	237
3976	none_0None_211698.4	413	248	549	127	475	0	61	184
3977	none_0None_211711.4	9	0	1	0	0	0	0	0
3978	none_0None_211750.5	1203	371	1310	410	357	407	295	712
3979	none_0None_211817.5	295	214	262	0	461	257	143	135
3980	none_0None_211840.5	2132	292	2379	1390	1040	634	1107	1302
3981	none_0None_211863.6	168	0	78	0	0	187	14	62
3982	none_0None_211890.6	1877	1049	1972	429	566	1000	1050	1316
3983	none_0None_211912.6	2688	1725	3100	1928	2427	716	1797	1537
3984	none_0None_211916.6	1720	511	2070	1434	931	429	949	953
3985	none_0None_211971.7	403	302	554	232	253	298	185	321
3986	none_0None_211987.7	431	77	427	200	498	283	201	236
3987	none_0None_212069.8	227	65	319	131	469	0	156	129
3988	none_0None_212097.8	1077	382	1295	366	872	696	608	822
3989	none_0None_212114.8	994	430	1112	750	458	673	293	529
3990	none_0None_212140.8	1123	146	1020	440	629	0	784	651
3991	none_0None_212161.9	1408	351	1196	240	1316	656	439	770
3992	none_0None_212202.9	1632	730	1663	1412	403	826	800	990
3993	none_0None_212237.9	1151	804	1050	604	987	872	191	640
3994	none_0None_212268	1334	225	1754	108	1408	228	916	913
3995	none_0None_212357.1	1450	415	1635	947	592	274	980	889
3996	none_0None_212388.1	1006	252	931	318	575	0	462	507
3997	none_0None_212403.1	1999	506	1849	442	555	550	1058	1192
3998	none_0None_212414.1	2612	777	2932	1932	2570	957	1209	1562
3999	none_0None_212421.1	1111	705	1097	981	527	230	164	570
4000	none_0None_212450.1	2502	997	2601	1682	582	363	1336	1377
4001	none_0None_212549.1	971	294	1122	266	71	394	949	609
4002	none_0None_212593.1	754	62	757	512	35	151	232	406
4003	none_0None_212605.1	874	520	899	652	593	306	333	436
4004	none_0None_212695.1	457	0	783	152	0	0	429	356
4005	none_0None_212696.1	1124	446	1016	560	1383	0	713	598
4006	none_0None_212725.1	1251	385	1267	1081	612	1072	856	817
4007	none_0None_212753.1	1792	526	2025	267	2051	153	1193	1072
4008	none_0None_212755.1	781	171	760	232	259	851	373	424
4009	none_0None_212789.1	654	79	637	163	607	0	213	303
4010	none_0None_212806.2	1200	248	1035	664	1339	139	328	646
4011	none_0None_212810.2	1542	620	1947	432	610	723	1229	934
4012	none_0None_212870.2	651	248	629	509	216	253	188	319
4013	none_0None_212943.2	842	227	1023	552	1177	283	334	507
4014	none_0None_213003.2	1818	751	2093	1851	894	1416	1540	1173
4015	none_0None_213021.2	943	1015	1308	891	820	530	532	745
4016	none_0None_213107.2	644	215	661	193	143	0	345	386
4017	none_0None_213151.2	1774	669	1774	1210	929	705	770	972
4018	none_0None_213159.2	1694	327	1544	1452	428	358	1212	988
4019	none_0None_213180.2	958	156	884	161	291	851	297	466
4020	none_0None_213201.2	793	354	797	192	741	442	211	394
4021	none_0None_213222.2	1742	441	1862	970	971	720	929	992
4022	none_0None_213301.2	381	0	381	207	258	152	205	230
4023	none_0None_213344.2	1018	620	1112	994	738	524	175	468
4024	none_0None_213393.2	3538	1644	3639	1194	1765	852	3583	2180
4025	none_0None_213447.2	1765	680	1993	1380	1709	458	787	1053
4026	none_0None_213455.2	781	313	931	140	1752	522	601	493
4027	none_0None_213483.2	661	251	800	15	1394	490	411	487
4028	none_0None_213486.2	862	57	905	311	0	0	331	523
4029	none_0None_213508.2	211	0	375	0	335	0	93	183
4030	none_0None_213555.2	984	347	1091	477	33	89	598	583
4031	none_0None_213558.2	1512	826	1820	556	714	416	1220	995
4032	none_0None_213562.2	1451	255	1394	1041	509	65	952	813
4033	none_0None_213607.2	551	109	480	225	0	142	121	303
4034	none_0None_213632.2	673	342	763	171	682	135	131	360
4035	none_0None_213672.2	1311	259	1702	653	42	507	649	814
4036	none_0None_213704.2	481	41	485	125	656	0	268	325
4037	none_0None_213784.2	944	458	1237	346	290	140	625	589
4038	none_0None_213830.3	266	0	171	0	262	0	97	90
4039	none_0None_213844.3	1737	340	1942	341	654	439	1143	1057
4040	none_0None_213850.3	3270	959	3886	2299	2452	499	2375	2040
4041	none_0None_213863.3	330	56	501	365	75	271	237	239
4042	none_0None_213875.3	896	386	1205	1137	528	706	606	595
4043	none_0None_213939.3	1187	425	1470	383	449	221	134	651
4044	none_0None_213958.3	1043	319	1123	626	702	418	911	640
4045	none_0None_213965.3	1434	1113	2010	1383	1206	587	756	1040
4046	none_0None_213976.3	2538	1010	2810	2038	1240	1042	1936	1617
4047	none_0None_214001.3	2783	1128	3079	467	3323	1765	1613	1612
4048	none_0None_214025.3	1511	471	1751	413	1232	688	373	794
4049	none_0None_214029.3	1490	420	1361	535	2273	282	1013	836
4050	none_0None_214035.3	1724	382	1704	827	781	308	954	1083
4051	none_0None_214041.3	949	446	1669	519	117	250	552	608
4052	none_0None_214198.3	1691	1208	1761	1274	436	409	426	977
4053	none_0None_214225.3	429	303	568	232	1005	0	272	301
4054	none_0None_214234.3	887	130	732	158	1123	251	252	412
4055	none_0None_214241.3	378	73	473	1	256	0	145	257
4056	none_0None_214242.3	1114	311	1169	176	321	117	331	550
4057	none_0None_214284.3	1145	103	1245	1092	390	0	221	448
4058	none_0None_214301.3	166	33	188	0	0	0	129	113
4059	none_0None_214326.3	1267	375	1081	555	658	461	626	705
4060	none_0None_214418.3	884	197	1020	313	1106	551	346	617
4061	none_0None_214451.3	418	184	513	0	17	154	264	279
4062	none_0None_214453.3	365	60	293	207	845	0	27	155
4063	none_0None_214465.3	536	127	538	371	0	0	190	318
4064	none_0None_214548.3	1312	602	898	557	550	285	241	387
4065	none_0None_214583.3	1014	368	844	408	1096	619	501	688
4066	none_0None_214592.3	1216	742	1153	222	735	273	273	692
4067	none_0None_214601.3	809	480	801	391	471	0	226	452
4068	none_0None_214603.3	783	631	1012	670	659	291	618	642
4069	none_0None_214629.3	993	322	1044	153	0	489	355	533
4070	none_0None_214685.3	1302	290	1332	1317	1386	693	524	697
4071	none_0None_214722.3	1843	631	1834	244	1662	271	220	840
4072	none_0None_214788.3	1769	703	1740	679	834	148	390	812
4073	none_0None_214811.4	355	234	511	0	106	9	39	109
4074	none_0None_214820.4	483	270	607	410	0	0	309	279
4075	none_0None_214824.4	228	70	336	307	0	0	158	138
4076	none_0None_214829.4	369	104	280	154	134	397	51	199
4077	none_0None_214956.4	1162	387	1303	889	905	532	210	641
4078	none_0None_214987.4	477	55	663	178	192	0	194	403
4079	none_0None_215008.4	4457	1574	5200	2451	2110	869	3635	2619
4080	none_0None_215019.4	1054	516	1292	935	1746	155	617	561
4081	none_0None_215055.4	1527	690	1570	915	0	380	668	853
4082	none_0None_215080.4	1740	521	2009	1482	1206	297	534	953
4083	none_0None_215096.4	1766	477	2059	1103	856	0	1358	975
4084	none_0None_215102.4	2362	381	2265	906	1405	157	1398	1203
4085	none_0None_215120.4	682	64	786	743	0	138	321	367
4086	none_0None_215133.4	285	70	410	0	0	122	232	208
4087	none_0None_215169.4	2123	376	2681	1472	716	531	1259	1405
4088	none_0None_215182.4	618	229	649	153	233	149	347	373
4089	none_0None_215214.4	1011	95	1080	1	532	0	544	600
4090	none_0None_215227.4	231	71	274	0	0	0	54	104
4091	none_0None_215297.4	2010	862	1873	1207	1110	851	951	1146
4092	none_0None_215336.4	1157	345	1284	979	428	395	538	554
4093	none_0None_215339.4	653	115	859	324	622	0	171	369
4094	none_0None_215389.4	1236	247	1471	342	1012	284	538	662
4095	none_0None_215465.4	2555	236	2907	1213	2027	483	1044	1488
4096	none_0None_215473.4	1073	177	1371	401	0	419	466	610
4097	none_0None_215486.4	1352	793	1502	895	1320	102	191	691
4098	none_0None_215525.4	3068	1198	3131	2091	1932	948	2115	1784
4099	none_0None_215545.4	404	81	429	168	78	0	260	347
4100	none_0None_215556.4	1820	584	1789	1730	1579	603	754	1056
4101	none_0None_215620.4	1143	162	1243	878	689	227	405	718
4102	none_0None_215659.4	759	46	1024	418	391	235	560	576
4103	none_0None_215694.4	1425	231	1935	397	1210	315	1394	1024
4104	none_0None_215735.4	1484	419	1937	632	2376	410	487	1002
4105	none_0None_215780.4	274	255	178	163	0	0	117	98
4106	none_0None_215781.4	509	351	831	382	0	392	94	244
4107	none_0None_215824.5	898	543	821	296	636	140	115	497
4108	none_0None_215847.5	1630	236	1981	585	1433	832	571	935
4109	none_0None_215853.5	1331	194	1468	221	865	1411	848	821
4110	none_0None_215867.5	1200	328	1474	802	322	73	1005	886
4111	none_0None_215924.5	1842	433	1959	965	1343	0	660	933
4112	none_0None_215925.5	1115	472	1619	656	620	293	620	800
4113	none_0None_215978.5	896	406	729	430	58	134	471	412
4114	none_0None_216051.5	266	55	208	84	0	0	25	98
4115	none_0None_216071.5	1468	468	1493	878	1098	351	597	805
4116	none_0None_216107.5	889	201	1152	706	255	292	744	656
4117	none_0None_216118.5	266	0	317	693	872	0	165	186
4118	none_0None_216230.5	532	0	661	0	912	0	470	361
4119	none_0None_216238.5	1691	615	2001	1692	1255	297	570	1047
4120	none_0None_216268.5	1181	387	1187	851	789	656	829	687
4121	none_0None_216310.5	1286	912	1564	327	720	0	1067	841
4122	none_0None_216332.5	2423	871	3034	955	2729	604	1492	1566
4123	none_0None_216341.5	292	320	401	478	1083	0	233	200
4124	none_0None_216394.5	1740	279	2034	843	1768	524	766	987
4125	none_0None_216411.5	2484	743	2280	1952	1596	731	905	1377
4126	none_0None_216420.5	640	475	700	422	255	143	180	395
4127	none_0None_216478.5	449	267	613	215	0	338	200	329
4128	none_0None_216487.5	1266	283	1319	808	68	209	360	689
4129	none_0None_216490.5	1333	942	1423	701	384	269	723	797
4130	none_0None_216551.5	523	81	528	1	1056	0	156	287
4131	none_0None_216604.5	974	664	1117	691	260	143	648	648
4132	none_0None_216605.5	1270	734	1464	241	984	626	1107	851
4133	none_0None_216614.5	628	111	484	450	330	0	101	266
4134	none_0None_216618.5	2435	1021	2713	1987	1718	426	1096	1452
4135	none_0None_216620.5	3185	1255	3192	2066	755	1539	1421	1765
4136	none_0None_216697.5	497	264	756	379	238	313	441	371
4137	none_0None_216713.5	1869	782	1954	1499	1660	815	762	1113
4138	none_0None_216734.5	282	97	331	0	0	127	164	152
4139	none_0None_216754.5	1343	285	1531	168	1494	145	344	625
4140	none_0None_216780.5	1120	339	1218	900	937	789	657	758
4141	none_0None_216803.6	2119	1004	2390	952	1652	1004	1603	1322
4142	none_0None_216824.6	2432	917	2921	1556	920	483	901	1206
4143	none_0None_216860.6	3066	741	3343	2298	1989	707	2529	2014
4144	none_0None_216866.6	1775	456	2294	1002	2123	242	1155	1056
4145	none_0None_216911.6	1897	889	2230	1169	1910	788	1098	1300
4146	none_0None_216914.6	1667	697	1683	0	1084	211	1002	961
4147	none_0None_216917.6	768	155	681	344	32	0	254	361
4148	none_0None_216942.6	1733	755	1850	498	463	336	389	1020
4149	NONO_ENSG00000147140_104127.1	320	128	376	0	0	0	89	211
4150	NONO_ENSG00000147140_104128.2	517	338	772	0	0	0	184	315
4151	NONO_ENSG00000147140_104129.3	1447	954	1624	303	1309	326	563	868
4152	NONO_ENSG00000147140_104130.4	1239	577	1324	332	1086	1017	824	823
4153	NONO_ENSG00000147140_104131.5	1504	608	1479	664	1191	568	817	762
4154	NONO_ENSG00000147140_104132.6	143	0	198	208	32	0	109	97
4155	NR0B2_ENSG00000131910_93081.1	369	111	468	144	302	0	35	185
4156	NR0B2_ENSG00000131910_93082.2	1832	1002	2375	954	1651	453	875	1115
4157	NR0B2_ENSG00000131910_93083.3	601	103	643	2	283	142	128	296
4158	NR0B2_ENSG00000131910_93084.4	1035	531	995	165	329	418	424	544
4159	NR0B2_ENSG00000131910_93085.5	858	516	873	573	467	284	63	450
4160	NR0B2_ENSG00000131910_93086.6	1029	423	1062	314	615	519	354	562
4161	NR2C1_ENSG00000120798_87611.1	981	423	1202	341	797	332	245	636
4162	NR2C1_ENSG00000120798_87612.2	2210	559	2460	1320	2536	977	1286	1320
4163	NR2C1_ENSG00000120798_87613.3	3082	1254	3338	1572	4675	2234	1314	1696
4164	NR2C1_ENSG00000120798_87614.4	926	311	931	636	511	258	473	658
4165	NR2C1_ENSG00000120798_87615.5	1821	621	1995	1355	1602	382	785	1284
4166	NR2C1_ENSG00000120798_87616.6	3198	1364	3544	757	1467	419	1478	1857
4167	NSD1_ENSG00000165671_108081.1	909	217	900	446	31	158	511	471
4168	NSD1_ENSG00000165671_108082.2	361	325	287	162	229	0	75	228
4169	NSD1_ENSG00000165671_108083.3	1143	877	1351	512	633	135	412	752
4170	NSD1_ENSG00000165671_108084.4	84	55	114	0	70	0	59	45
4171	NSD1_ENSG00000165671_108085.5	1524	757	1710	1068	1205	415	971	946
4172	NSD1_ENSG00000165671_108086.6	2049	454	1732	1100	1381	0	657	1178
4173	NSL1_ENSG00000117697_55518.1	1177	275	1196	847	1649	0	672	736
4174	NSL1_ENSG00000117697_55519.2	648	618	970	530	0	269	225	405
4175	NSL1_ENSG00000117697_55520.3	360	58	282	177	152	0	124	182
4176	NSL1_ENSG00000117697_55521.4	1396	582	1379	963	271	0	234	727
4177	NSL1_ENSG00000117697_55522.5	501	115	722	226	0	0	207	336
4178	NSL1_ENSG00000117697_55523.6	593	61	557	1	984	0	109	377
4179	NSMCE2_ENSG00000156831_24110.1	2147	466	1638	157	524	202	604	879
4180	NSMCE2_ENSG00000156831_24111.2	1806	344	1641	1620	1778	286	238	768
4181	NSMCE2_ENSG00000156831_24112.3	682	62	609	662	75	263	231	389
4182	NSMCE2_ENSG00000156831_24113.4	1999	829	1948	910	800	587	724	1131
4183	NSMCE2_ENSG00000156831_24114.5	969	261	1044	416	1537	683	521	585
4184	NSMCE2_ENSG00000156831_24115.6	1033	649	1241	633	1347	79	439	563
4185	NSUN2_ENSG00000037474_60450.1	1396	699	1572	633	1296	436	837	807
4186	NSUN2_ENSG00000037474_60451.2	1452	386	1487	874	1215	413	408	804
4187	NSUN2_ENSG00000037474_60452.3	869	326	1056	313	834	72	573	583
4188	NSUN2_ENSG00000037474_60453.4	1540	209	1250	579	2766	389	364	646
4189	NSUN2_ENSG00000037474_60454.5	1301	506	1399	971	700	123	240	640
4190	NSUN2_ENSG00000037474_60455.6	1019	527	833	511	1206	395	422	503
4191	NSUN3_ENSG00000178694_77402.1	253	336	312	282	0	138	28	124
4192	NSUN3_ENSG00000178694_77403.2	1150	701	1057	948	1013	309	127	517
4193	NSUN3_ENSG00000178694_77404.3	931	242	1019	92	473	720	447	604
4194	NSUN3_ENSG00000178694_77405.4	1287	506	1409	1106	1575	0	310	680
4195	NSUN3_ENSG00000178694_77406.5	1606	522	1573	1465	565	536	283	775
4196	NSUN3_ENSG00000178694_77407.6	1268	186	1442	888	849	565	626	774
4197	NSUN4_ENSG00000117481_40863.1	737	377	802	454	938	0	428	503
4198	NSUN4_ENSG00000117481_40864.2	972	449	1114	763	246	864	398	577
4199	NSUN4_ENSG00000117481_40865.3	1825	387	1752	1987	1268	1089	668	1001
4200	NSUN4_ENSG00000117481_40866.4	1721	625	1747	0	597	507	986	989
4201	NSUN4_ENSG00000117481_40867.5	2203	487	2876	1871	1297	533	519	1322
4202	NSUN4_ENSG00000117481_40868.6	2019	447	2128	937	2086	301	1257	1271
4203	NSUN5_ENSG00000130305_16124.1	1423	917	1420	396	1447	1374	279	693
4204	NSUN5_ENSG00000130305_16125.2	2309	513	2633	2531	1916	130	1126	1560
4205	NSUN5_ENSG00000130305_16126.3	604	109	534	464	283	0	54	228
4206	NSUN5_ENSG00000130305_16127.4	663	407	792	436	433	153	207	341
4207	NSUN5_ENSG00000130305_16128.5	991	440	1027	452	222	283	311	543
4208	NSUN5_ENSG00000130305_16129.6	1762	714	1771	1087	1544	374	648	1006
4209	NSUN6_ENSG00000241058_4239.1	179	100	113	0	0	110	26	64
4210	NSUN6_ENSG00000241058_4240.2	691	418	498	0	1216	138	106	274
4211	NSUN6_ENSG00000241058_4243.5	1185	395	1338	530	774	475	372	665
4212	NSUN6_ENSG00000241058_4244.6	2865	904	3380	1644	2095	1222	1865	1919
4213	NSUN6_ENSG00000241058_4246.8	517	104	783	429	524	0	194	325
4214	NSUN6_ENSG00000241058_4247.9	766	52	781	158	0	273	143	442
4215	NSUN7_ENSG00000179299_18470.1	1129	187	993	467	804	125	401	454
4216	NSUN7_ENSG00000179299_18471.2	1683	567	1794	1026	273	978	715	897
4217	NSUN7_ENSG00000179299_18472.3	1980	452	1747	761	864	147	241	958
4218	NSUN7_ENSG00000179299_18473.4	749	172	803	511	0	419	334	425
4219	NSUN7_ENSG00000179299_18474.5	2711	911	3031	1215	2698	1373	895	1406
4220	NSUN7_ENSG00000179299_18475.6	1253	417	948	767	954	0	49	395
4221	NTMT1_ENSG00000148335_144868.1	622	309	561	386	244	265	303	319
4222	NTMT1_ENSG00000148335_144869.2	787	178	839	121	1321	275	163	384
4223	NTMT1_ENSG00000148335_144870.3	586	69	626	501	1421	134	294	391
4224	NTMT1_ENSG00000148335_144871.4	1097	477	1619	1016	924	282	726	789
4225	NTMT1_ENSG00000148335_144872.5	937	532	1050	0	1388	676	395	666
4226	NTMT1_ENSG00000148335_144873.6	459	207	699	229	376	0	216	369
4227	NUF2_ENSG00000143228_109650.1	1825	659	1635	835	1345	493	640	962
4228	NUF2_ENSG00000143228_109651.2	948	1025	1010	415	629	78	257	534
4229	NUF2_ENSG00000143228_109652.3	505	240	575	115	586	78	161	283
4230	NUF2_ENSG00000143228_109653.4	1711	214	1796	689	4446	680	600	1083
4231	NUF2_ENSG00000143228_109654.5	699	55	703	604	799	0	60	274
4232	NUF2_ENSG00000143228_109655.6	1674	973	1700	724	697	198	486	875
4233	NUFIP1_ENSG00000083635_4079.1	235	63	402	0	600	0	181	178
4234	NUFIP1_ENSG00000083635_4080.2	1294	323	1277	510	1313	274	19	361
4235	NUFIP1_ENSG00000083635_4081.3	835	263	578	225	563	134	178	382
4236	NUFIP1_ENSG00000083635_4082.4	1061	735	1398	197	1084	406	538	917
4237	NUFIP1_ENSG00000083635_4083.5	725	167	785	393	1362	150	514	484
4238	NUFIP1_ENSG00000083635_4084.6	425	129	682	0	70	415	172	291
4239	OARD1_ENSG00000124596_106347.1	1184	443	1142	1066	871	0	339	487
4240	OARD1_ENSG00000124596_106348.2	741	329	778	128	524	873	234	426
4241	OARD1_ENSG00000124596_106349.3	1583	426	1498	891	1863	155	218	851
4242	OARD1_ENSG00000124596_106350.4	1054	774	1381	438	1546	18	414	726
4243	OARD1_ENSG00000124596_106351.5	2114	562	2532	702	590	1047	893	1277
4244	OARD1_ENSG00000124596_106352.6	736	129	913	741	501	0	274	414
4245	OGT_ENSG00000147162_96903.1	994	352	1003	1088	289	307	255	493
4246	OGT_ENSG00000147162_96904.2	319	0	291	395	287	135	97	156
4247	OGT_ENSG00000147162_96905.3	1488	284	1641	879	164	423	863	914
4248	OGT_ENSG00000147162_96906.4	925	419	1051	579	586	503	270	536
4249	OGT_ENSG00000147162_96907.5	640	0	865	0	367	258	352	491
4250	OGT_ENSG00000147162_96908.6	1358	406	1304	633	1004	286	540	714
4251	OIP5_ENSG00000104147_57056.1	744	121	756	517	768	155	171	355
4252	OIP5_ENSG00000104147_57057.2	1155	766	1245	337	763	117	215	577
4253	OIP5_ENSG00000104147_57058.3	403	27	497	230	0	125	194	244
4254	OIP5_ENSG00000104147_57059.4	1488	359	1765	204	924	0	1160	864
4255	OIP5_ENSG00000104147_57060.5	401	151	351	1	1130	0	116	181
4256	OIP5_ENSG00000104147_57061.6	769	245	570	1189	0	383	286	331
4257	ORC1_ENSG00000085840_81005.1	310	149	274	151	742	0	30	90
4258	ORC1_ENSG00000085840_81006.2	1275	427	1166	452	309	422	423	688
4259	ORC1_ENSG00000085840_81007.3	1198	515	1102	412	453	300	408	635
4260	ORC1_ENSG00000085840_81008.4	2307	777	2152	944	1102	979	791	1242
4261	ORC1_ENSG00000085840_81009.5	501	178	531	0	1074	560	208	289
4262	ORC1_ENSG00000085840_81010.6	1386	349	1724	506	1241	1	760	814
4263	ORC2_ENSG00000115942_198460.1	514	234	582	0	894	533	242	308
4264	ORC2_ENSG00000115942_198461.2	1964	720	2137	681	2256	1060	712	1042
4265	ORC2_ENSG00000115942_198462.3	794	389	695	713	1110	291	132	394
4266	ORC2_ENSG00000115942_198463.4	758	344	678	1336	383	251	152	401
4267	ORC2_ENSG00000115942_198464.5	2831	1825	3297	1143	1756	993	1198	1631
4268	ORC2_ENSG00000115942_198465.6	1801	1009	1783	1757	2081	610	661	1104
4269	PADI1_ENSG00000142623_174939.1	1259	747	1289	1288	420	278	409	721
4270	PADI1_ENSG00000142623_174940.2	1802	718	2103	564	1944	411	371	927
4271	PADI1_ENSG00000142623_174941.3	796	307	769	540	0	139	394	411
4272	PADI1_ENSG00000142623_174942.4	1467	542	1522	561	1120	589	568	810
4273	PADI1_ENSG00000142623_174943.5	2275	766	2570	1599	2677	821	1079	1351
4274	PADI1_ENSG00000142623_174944.6	645	114	633	221	571	260	90	297
4275	PADI2_ENSG00000117115_30557.1	970	353	1009	1609	283	281	551	528
4276	PADI2_ENSG00000117115_30558.2	1715	918	1884	276	751	626	524	1046
4277	PADI2_ENSG00000117115_30559.3	2016	554	1978	574	2561	536	638	909
4278	PADI2_ENSG00000117115_30560.4	1417	276	1488	865	559	146	222	723
4279	PADI2_ENSG00000117115_30561.5	1212	524	1391	93	1075	307	745	732
4280	PADI2_ENSG00000117115_30562.6	457	218	434	155	0	665	31	174
4281	PADI3_ENSG00000142619_94852.1	421	41	357	538	13	0	101	237
4282	PADI3_ENSG00000142619_94853.2	811	169	844	203	368	0	393	629
4283	PADI3_ENSG00000142619_94854.3	1654	553	1951	729	1042	376	903	919
4284	PADI3_ENSG00000142619_94855.4	1266	581	1520	412	836	612	618	735
4285	PADI3_ENSG00000142619_94856.5	3238	1260	3385	1652	1085	565	1616	1966
4286	PADI3_ENSG00000142619_94857.6	2274	456	2130	2089	1319	156	941	1164
4287	PADI4_ENSG00000159339_26565.1	576	270	696	540	303	0	606	441
4288	PADI4_ENSG00000159339_26566.2	425	168	496	0	355	0	105	211
4289	PADI4_ENSG00000159339_26567.3	905	551	1063	326	912	162	466	533
4290	PADI4_ENSG00000159339_26568.4	1601	544	1916	1228	1402	131	903	1183
4291	PADI4_ENSG00000159339_26569.5	821	151	569	0	369	306	297	359
4292	PADI4_ENSG00000159339_26570.6	1460	596	1621	933	1485	824	237	888
4293	PAF1_ENSG00000006712_44653.1	366	352	403	227	1020	125	95	199
4294	PAF1_ENSG00000006712_44654.2	2718	628	2262	1156	3217	822	860	1376
4295	PAF1_ENSG00000006712_44655.3	1070	404	1134	551	1356	562	355	595
4296	PAF1_ENSG00000006712_44656.4	808	342	768	439	1212	373	200	501
4297	PAF1_ENSG00000006712_44657.5	614	193	761	386	734	298	653	416
4298	PAF1_ENSG00000006712_44658.6	694	558	781	762	140	257	368	447
4299	PAG1_ENSG00000076641_12425.1	1053	429	941	0	1719	145	283	521
4300	PAG1_ENSG00000076641_12426.2	817	167	952	205	1389	130	543	578
4301	PAG1_ENSG00000076641_12427.3	310	57	362	328	159	148	46	184
4302	PAG1_ENSG00000076641_12428.4	3156	1164	3553	1673	2560	654	1817	1869
4303	PAG1_ENSG00000076641_12429.5	459	239	402	145	263	258	102	197
4304	PAG1_ENSG00000076641_12430.6	1100	410	980	942	695	444	281	518
4305	PAK2_ENSG00000180370_183282.1	1465	752	1489	823	569	1226	1032	966
4306	PAK2_ENSG00000180370_183283.2	2009	1288	2183	1239	1713	930	894	1344
4307	PAK2_ENSG00000180370_183284.3	1114	296	1321	868	1035	243	573	778
4308	PAK2_ENSG00000180370_183285.4	541	146	617	609	299	146	274	256
4309	PAK2_ENSG00000180370_183286.5	939	371	1078	338	266	0	435	422
4310	PAK2_ENSG00000180370_183287.6	1694	693	1742	1166	906	633	565	912
4311	PARG_ENSG00000227345_65785.1	1142	444	1064	228	1397	234	314	543
4312	PARG_ENSG00000227345_65786.2	827	319	848	562	266	423	572	506
4313	PARG_ENSG00000227345_65787.3	1741	589	2130	913	2158	297	1156	1187
4314	PARG_ENSG00000227345_65788.4	1725	912	2045	1145	747	275	649	1064
4315	PARG_ENSG00000227345_65789.5	1648	1136	1662	797	2033	285	788	1000
4316	PARG_ENSG00000227345_65790.6	2272	587	2616	430	1709	674	754	1124
4317	PARP1_ENSG00000143799_110180.1	1591	551	1712	390	1105	556	574	935
4318	PARP1_ENSG00000143799_110181.2	1396	341	1335	1184	1669	0	509	656
4319	PARP1_ENSG00000143799_110182.3	563	184	733	654	1240	437	72	298
4320	PARP1_ENSG00000143799_110183.4	975	153	980	580	0	232	350	656
4321	PARP1_ENSG00000143799_110184.5	578	262	488	0	822	0	361	317
4322	PARP1_ENSG00000143799_110185.6	1052	635	1212	110	135	708	512	485
4323	PARP10_ENSG00000178685_183092.1	1770	661	1902	1009	1551	0	570	911
4324	PARP10_ENSG00000178685_183093.2	1445	445	1623	725	864	496	192	702
4325	PARP10_ENSG00000178685_183094.3	1150	280	1375	1022	499	142	405	585
4326	PARP10_ENSG00000178685_183095.4	332	58	329	0	0	338	107	172
4327	PARP10_ENSG00000178685_183096.5	326	206	347	109	256	0	82	174
4328	PARP10_ENSG00000178685_183097.6	1436	547	1376	1050	663	0	634	762
4329	PARP11_ENSG00000111224_18790.1	339	187	365	1	0	0	138	225
4330	PARP11_ENSG00000111224_18791.2	1813	1076	1980	1559	678	554	602	1295
4331	PARP11_ENSG00000111224_18792.3	1455	475	1495	183	1821	544	879	949
4332	PARP11_ENSG00000111224_18793.4	1750	680	1654	947	1192	292	400	859
4333	PARP11_ENSG00000111224_18794.5	408	220	485	357	328	114	156	300
4334	PARP11_ENSG00000111224_18795.6	1014	598	1001	762	683	80	350	517
4335	PARP12_ENSG00000059378_195211.1	1361	612	1395	924	1206	849	197	602
4336	PARP12_ENSG00000059378_195212.2	993	479	886	235	318	268	314	519
4337	PARP12_ENSG00000059378_195213.3	385	220	458	315	252	279	115	249
4338	PARP12_ENSG00000059378_195214.4	1667	0	1748	355	1266	1	1219	854
4339	PARP12_ENSG00000059378_195215.5	802	473	768	0	533	137	377	369
4340	PARP12_ENSG00000059378_195216.6	568	162	636	165	378	0	568	465
4341	PARP14_ENSG00000173193_15562.1	1585	731	1862	358	1215	218	894	960
4342	PARP14_ENSG00000173193_15563.2	664	49	876	215	863	137	95	353
4343	PARP14_ENSG00000173193_15564.3	1123	340	1194	418	2823	409	227	611
4344	PARP14_ENSG00000173193_15565.4	866	200	896	215	1359	141	335	491
4345	PARP14_ENSG00000173193_15566.5	1023	245	1026	468	651	1192	127	447
4346	PARP14_ENSG00000173193_15567.6	702	263	656	650	0	0	296	374
4347	PARP16_ENSG00000138617_29777.1	1125	119	1163	514	1749	167	446	497
4348	PARP16_ENSG00000138617_29778.2	2049	657	2330	1211	312	1153	602	1142
4349	PARP16_ENSG00000138617_29779.3	1617	653	1990	756	1864	454	718	928
4350	PARP16_ENSG00000138617_29780.4	1170	756	1251	151	428	281	506	555
4351	PARP16_ENSG00000138617_29781.5	640	59	671	895	300	0	205	390
4352	PARP16_ENSG00000138617_29782.6	755	310	994	242	1133	273	219	496
4353	PARP2_ENSG00000129484_71342.1	1407	443	1427	827	1167	385	386	817
4354	PARP2_ENSG00000129484_71343.2	969	439	781	165	785	630	265	492
4355	PARP2_ENSG00000129484_71344.3	1348	438	1030	218	669	226	345	626
4356	PARP2_ENSG00000129484_71345.4	2202	949	2368	2197	1168	687	861	1301
4357	PARP2_ENSG00000129484_71346.5	1062	193	865	747	894	472	310	695
4358	PARP2_ENSG00000129484_71347.6	1796	714	1812	684	664	398	896	1166
4359	PARP3_ENSG00000041880_176595.1	672	332	710	405	267	113	106	335
4360	PARP3_ENSG00000041880_176596.2	294	53	502	49	156	25	31	143
4361	PARP3_ENSG00000041880_176597.3	1250	261	1375	987	0	124	587	722
4362	PARP3_ENSG00000041880_176598.4	1955	428	1940	769	1610	521	1134	1072
4363	PARP3_ENSG00000041880_176599.5	503	297	482	223	426	0	190	270
4364	PARP3_ENSG00000041880_176600.6	1094	863	1398	388	693	0	342	610
4365	PARP4_ENSG00000102699_190876.1	440	0	445	134	59	278	99	192
4366	PARP4_ENSG00000102699_190877.2	1153	421	1520	773	606	163	500	667
4367	PARP4_ENSG00000102699_190878.3	1634	315	1839	1086	1046	387	1002	968
4368	PARP4_ENSG00000102699_190879.4	1862	652	2040	1431	691	1065	797	1075
4369	PARP4_ENSG00000102699_190880.5	1336	648	1503	447	537	143	538	768
4370	PARP4_ENSG00000102699_190881.6	528	313	656	112	503	455	220	331
4371	PARP6_ENSG00000137817_37076.1	1102	189	1296	835	328	293	738	677
4372	PARP6_ENSG00000137817_37077.2	1008	245	1214	387	1521	119	673	608
4373	PARP6_ENSG00000137817_37078.3	1396	161	1634	1569	453	157	184	673
4374	PARP6_ENSG00000137817_37079.4	596	417	852	758	643	247	354	411
4375	PARP6_ENSG00000137817_37080.5	1016	358	1002	1134	776	643	395	544
4376	PARP6_ENSG00000137817_37081.6	1823	774	1645	999	1837	372	474	908
4377	PARP8_ENSG00000151883_122149.1	1682	622	1793	220	1321	369	738	849
4378	PARP8_ENSG00000151883_122150.2	559	216	529	316	387	148	183	309
4379	PARP8_ENSG00000151883_122151.3	368	56	593	233	0	125	121	248
4380	PARP8_ENSG00000151883_122152.4	633	103	748	517	279	0	215	358
4381	PARP8_ENSG00000151883_122153.5	790	229	832	511	928	769	114	397
4382	PARP8_ENSG00000151883_122154.6	1733	600	1813	868	1355	629	738	1094
4383	PARP9_ENSG00000138496_167923.1	1491	409	1666	793	809	141	252	718
4384	PARP9_ENSG00000138496_167924.2	1265	188	1314	532	285	359	450	685
4385	PARP9_ENSG00000138496_167925.3	1457	300	1650	239	458	216	778	1011
4386	PARP9_ENSG00000138496_167926.4	3118	1419	3143	1186	4738	770	916	1490
4387	PARP9_ENSG00000138496_167927.5	611	414	850	510	767	266	223	350
4388	PARP9_ENSG00000138496_167928.6	828	113	899	812	1030	459	323	453
4389	PAX5_ENSG00000196092_134853.1	1277	430	1284	1369	1350	568	513	886
4390	PAX5_ENSG00000196092_134854.2	2029	1468	2027	1522	2630	1618	867	1079
4391	PAX5_ENSG00000196092_134855.3	1182	537	1137	450	1202	481	855	807
4392	PAX5_ENSG00000196092_134856.4	852	501	809	329	1051	264	182	418
4393	PAX5_ENSG00000196092_134857.5	1238	459	1269	1540	1522	711	405	601
4394	PAX5_ENSG00000196092_134858.6	1125	268	1320	675	1478	1146	476	545
4395	PAX6_ENSG00000007372_131809.1	1129	520	1447	1507	2141	0	471	734
4396	PAX6_ENSG00000007372_131810.2	567	124	542	960	16	262	113	266
4397	PAX6_ENSG00000007372_131811.3	593	28	615	748	619	137	37	214
4398	PAX6_ENSG00000007372_131812.4	394	320	429	154	1	0	161	227
4399	PAX6_ENSG00000007372_131813.5	13	0	20	214	0	0	4	7
4400	PAX6_ENSG00000007372_131814.6	267	0	255	148	140	57	89	172
4401	PAX9_ENSG00000198807_64872.1	960	202	1200	343	1556	483	209	501
4402	PAX9_ENSG00000198807_64873.2	1091	470	1479	596	363	357	292	622
4403	PAX9_ENSG00000198807_64874.3	723	0	605	604	966	251	250	438
4404	PAX9_ENSG00000198807_64875.4	317	160	421	212	0	0	118	178
4405	PAX9_ENSG00000198807_64876.5	291	0	304	163	17	0	102	125
4406	PAX9_ENSG00000198807_64877.6	1337	353	1228	935	552	0	693	659
4407	PAXIP1_ENSG00000157212_5380.1	490	397	575	1529	37	546	193	310
4408	PAXIP1_ENSG00000157212_5381.2	1997	496	2094	808	1728	360	306	1002
4409	PAXIP1_ENSG00000157212_5382.3	1139	231	1343	1228	877	224	719	678
4410	PAXIP1_ENSG00000157212_5383.4	961	505	1210	367	1624	125	253	570
4411	PAXIP1_ENSG00000157212_5384.5	1522	495	1522	576	947	102	131	703
4412	PAXIP1_ENSG00000157212_5385.6	1286	541	1376	1122	4	612	475	866
4413	PBRM1_ENSG00000163939_189699.1	883	339	780	404	399	0	202	441
4414	PBRM1_ENSG00000163939_189700.2	907	501	816	294	364	0	175	498
4415	PBRM1_ENSG00000163939_189701.3	852	425	1143	787	1354	0	393	662
4416	PBRM1_ENSG00000163939_189702.4	967	304	864	320	1155	207	179	460
4417	PBRM1_ENSG00000163939_189703.5	583	220	570	199	782	493	212	265
4418	PBRM1_ENSG00000163939_189704.6	450	328	476	615	3	0	115	238
4419	PBX1_ENSG00000185630_57636.1	819	71	736	142	770	0	410	420
4420	PBX1_ENSG00000185630_57637.2	1456	589	1624	1141	797	0	687	849
4421	PBX1_ENSG00000185630_57638.3	456	0	571	0	235	0	145	286
4422	PBX1_ENSG00000185630_57639.4	1584	525	1850	1795	533	402	960	1157
4423	PBX1_ENSG00000185630_57640.5	473	267	542	343	600	145	115	266
4424	PBX1_ENSG00000185630_57641.6	1448	396	1513	1268	1263	261	324	754
4425	PCGF1_ENSG00000115289_171131.1	982	279	1266	511	358	0	757	598
4426	PCGF1_ENSG00000115289_171132.2	1807	495	1685	1309	929	139	587	1132
4427	PCGF1_ENSG00000115289_171133.3	1718	316	1940	709	979	488	661	1053
4428	PCGF1_ENSG00000115289_171134.4	522	322	573	243	408	145	224	367
4429	PCGF1_ENSG00000115289_171135.5	1349	616	1120	338	799	238	206	577
4430	PCGF1_ENSG00000115289_171136.6	813	261	829	239	949	89	280	428
4431	PCGF5_ENSG00000180628_21594.1	1991	851	2230	1131	1173	556	752	1173
4432	PCGF5_ENSG00000180628_21595.2	2770	1287	2759	807	2557	1364	1317	1455
4433	PCGF5_ENSG00000180628_21596.3	463	324	603	1	309	138	193	288
4434	PCGF5_ENSG00000180628_21597.4	1232	475	1632	415	798	168	622	802
4435	PCGF5_ENSG00000180628_21598.5	1824	496	1624	842	0	154	464	823
4436	PCGF5_ENSG00000180628_21599.6	865	450	901	587	944	323	385	506
4437	PCGF6_ENSG00000156374_7164.1	2302	823	2723	1445	1061	407	1969	1451
4438	PCGF6_ENSG00000156374_7165.2	879	293	857	0	526	152	310	421
4439	PCGF6_ENSG00000156374_7166.3	245	225	205	169	71	0	17	74
4440	PCGF6_ENSG00000156374_7167.4	1674	142	1896	317	1460	0	310	783
4441	PCGF6_ENSG00000156374_7168.5	175	0	447	253	296	0	72	93
4442	PCGF6_ENSG00000156374_7169.6	777	261	522	136	1356	256	254	348
4443	PCMT1_ENSG00000120265_80390.1	785	179	700	318	607	274	275	288
4444	PCMT1_ENSG00000120265_80391.2	3043	1241	3373	3373	2147	759	469	1537
4445	PCMT1_ENSG00000120265_80392.3	945	662	1256	505	1322	567	623	583
4446	PCMT1_ENSG00000120265_80393.4	1720	762	1586	821	749	154	533	1019
4447	PCMT1_ENSG00000120265_80394.5	889	334	1045	548	2344	330	276	477
4448	PCMT1_ENSG00000120265_80395.6	2200	653	2251	527	858	635	1082	1286
4449	PCNA_ENSG00000132646_64378.1	1579	1014	1591	517	1073	668	969	836
4450	PCNA_ENSG00000132646_64379.2	525	1	734	0	822	232	188	250
4451	PCNA_ENSG00000132646_64380.3	687	284	637	192	748	278	325	358
4452	PCNA_ENSG00000132646_64381.4	2612	453	2472	1735	1215	557	1245	1308
4453	PCNA_ENSG00000132646_64382.5	568	165	433	0	930	133	83	200
4454	PCNA_ENSG00000132646_64383.6	946	282	1111	160	1261	260	412	544
4455	PHC1_ENSG00000111752_60330.1	428	112	518	162	440	160	180	268
4456	PHC1_ENSG00000111752_60331.2	927	459	877	496	1148	295	101	484
4457	PHC1_ENSG00000111752_60332.3	1397	417	1494	1165	2556	201	474	706
4458	PHC1_ENSG00000111752_60333.4	1833	556	1949	1666	1504	300	617	1102
4459	PHC1_ENSG00000111752_60334.5	1080	489	1212	203	1210	139	626	685
4460	PHC1_ENSG00000111752_60335.6	1338	415	1548	0	2113	246	600	732
4461	PHC2_ENSG00000134686_162490.1	226	63	235	209	0	0	63	147
4462	PHC2_ENSG00000134686_162491.2	627	277	832	525	353	0	80	377
4463	PHC2_ENSG00000134686_162492.3	310	50	447	223	1008	0	146	265
4464	PHC2_ENSG00000134686_162493.4	1336	398	1443	954	1236	678	554	766
4465	PHC2_ENSG00000134686_162494.5	512	416	563	309	274	154	60	243
4466	PHC2_ENSG00000134686_162495.6	1011	272	1022	847	797	0	225	450
4467	PHC3_ENSG00000173889_73193.1	427	110	511	0	279	667	104	248
4468	PHC3_ENSG00000173889_73194.2	681	69	906	417	1180	467	340	416
4469	PHC3_ENSG00000173889_73195.3	1129	524	1338	175	1041	144	604	794
4470	PHC3_ENSG00000173889_73196.4	761	316	716	207	257	434	159	368
4471	PHC3_ENSG00000173889_73197.5	1297	428	1274	760	927	285	758	725
4472	PHC3_ENSG00000173889_73198.6	1070	122	1134	585	995	270	463	542
4473	PHF1_ENSG00000112511_126682.1	2078	454	2287	980	736	164	1221	1158
4474	PHF1_ENSG00000112511_126683.2	2290	392	2403	1328	2480	715	930	1317
4475	PHF1_ENSG00000112511_126684.3	716	211	694	335	958	0	331	423
4476	PHF1_ENSG00000112511_126685.4	1825	1116	1706	765	923	289	584	858
4477	PHF1_ENSG00000112511_126686.5	514	68	595	410	0	0	456	343
4478	PHF1_ENSG00000112511_126687.6	327	135	313	0	629	0	29	155
4479	PHF10_ENSG00000130024_165261.1	742	294	839	595	1032	148	267	399
4480	PHF10_ENSG00000130024_165262.2	1237	388	1455	1462	1507	363	277	766
4481	PHF10_ENSG00000130024_165263.3	1887	864	1850	474	1168	0	1002	1011
4482	PHF10_ENSG00000130024_165264.4	72	70	59	0	0	0	55	48
4483	PHF10_ENSG00000130024_165265.5	588	212	567	0	251	249	107	404
4484	PHF10_ENSG00000130024_165266.6	1267	119	1023	1987	1200	567	360	621
4485	PHF11_ENSG00000136147_65602.1	558	329	547	177	239	0	32	228
4486	PHF11_ENSG00000136147_65603.2	1011	243	1507	195	1925	148	487	719
4487	PHF11_ENSG00000136147_65604.3	596	432	836	137	327	13	380	395
4488	PHF11_ENSG00000136147_65605.4	917	196	1027	434	671	403	305	643
4489	PHF11_ENSG00000136147_65606.5	1250	633	1822	979	1261	108	560	771
4490	PHF11_ENSG00000136147_65607.6	2370	1138	2338	1464	2691	708	946	1254
4491	PHF12_ENSG00000109118_99755.1	924	452	947	0	0	444	546	564
4492	PHF12_ENSG00000109118_99756.2	1956	897	2066	566	1073	540	1017	1028
4493	PHF12_ENSG00000109118_99757.3	2821	1377	2717	1122	2139	884	1724	1647
4494	PHF12_ENSG00000109118_99758.4	937	120	1032	501	929	135	648	552
4495	PHF12_ENSG00000109118_99759.5	617	69	677	0	39	557	385	384
4496	PHF12_ENSG00000109118_99760.6	868	666	946	196	36	268	309	514
4497	PHF13_ENSG00000116273_2306.1	519	155	384	679	1642	128	134	208
4498	PHF13_ENSG00000116273_2307.2	1149	106	1209	610	321	84	643	696
4499	PHF13_ENSG00000116273_2308.3	1004	301	1006	384	1806	0	212	457
4500	PHF13_ENSG00000116273_2309.4	1028	475	1250	920	1140	439	490	647
4501	PHF13_ENSG00000116273_2310.5	962	532	917	822	405	502	112	437
4502	PHF13_ENSG00000116273_2311.6	1472	294	1366	472	683	513	620	723
4503	PHF14_ENSG00000106443_163999.1	1268	926	1395	802	1708	724	476	727
4504	PHF14_ENSG00000106443_164000.2	1433	158	1202	414	0	285	599	677
4505	PHF14_ENSG00000106443_164001.3	1602	544	1767	269	1194	587	767	1127
4506	PHF14_ENSG00000106443_164002.4	1893	748	1886	1428	506	1090	432	1128
4507	PHF14_ENSG00000106443_164003.5	1201	336	1302	568	1938	148	794	686
4508	PHF14_ENSG00000106443_164004.6	1438	773	1638	576	396	281	775	906
4509	PHF19_ENSG00000119403_86961.1	692	543	676	423	1205	0	46	255
4510	PHF19_ENSG00000119403_86962.2	1753	695	1462	1111	1432	242	549	777
4511	PHF19_ENSG00000119403_86963.3	519	432	838	228	409	133	212	365
4512	PHF19_ENSG00000119403_86964.4	1184	510	1088	1306	694	439	429	716
4513	PHF19_ENSG00000119403_86965.5	855	141	658	117	848	0	171	407
4514	PHF19_ENSG00000119403_86966.6	1367	862	1339	278	269	286	180	679
4515	PHF2_ENSG00000197724_120125.1	1743	425	2113	921	417	424	1148	1260
4516	PHF2_ENSG00000197724_120126.2	1501	154	1408	1075	1096	0	551	669
4517	PHF2_ENSG00000197724_120127.3	1979	418	2057	1589	1563	572	584	895
4518	PHF2_ENSG00000197724_120128.4	1719	637	1793	941	1115	725	1323	1005
4519	PHF2_ENSG00000197724_120129.5	526	143	761	582	810	145	280	326
4520	PHF2_ENSG00000197724_120130.6	688	122	824	642	113	0	261	421
4521	PHF20_ENSG00000025293_89605.1	895	229	1119	783	1468	130	596	690
4522	PHF20_ENSG00000025293_89606.2	922	110	1032	427	261	362	68	440
4523	PHF20_ENSG00000025293_89607.3	2077	1104	2196	1254	3072	1263	1144	1265
4524	PHF20_ENSG00000025293_89608.4	653	347	844	0	1092	0	179	359
4525	PHF20_ENSG00000025293_89609.5	1631	699	1664	773	866	599	815	910
4526	PHF20_ENSG00000025293_89610.6	2016	502	2092	1252	3644	365	336	1115
4527	PHF20L1_ENSG00000129292_154113.1	1737	339	1780	1049	1397	706	566	903
4528	PHF20L1_ENSG00000129292_154114.2	1827	594	1684	1261	589	1206	296	935
4529	PHF20L1_ENSG00000129292_154115.3	664	264	645	0	517	536	399	377
4530	PHF20L1_ENSG00000129292_154116.4	1020	331	1149	1203	1539	780	290	613
4531	PHF20L1_ENSG00000129292_154117.5	1343	505	1192	1175	1108	847	101	693
4532	PHF20L1_ENSG00000129292_154118.6	1461	574	1764	927	1652	143	486	987
4533	PHF21A_ENSG00000135365_78203.1	505	25	415	93	431	0	34	221
4534	PHF21A_ENSG00000135365_78204.2	1242	486	1277	419	726	440	251	573
4535	PHF21A_ENSG00000135365_78205.3	1050	499	1191	169	1385	548	985	789
4536	PHF21A_ENSG00000135365_78206.4	1133	826	1402	866	1113	143	663	830
4537	PHF21A_ENSG00000135365_78207.5	1494	744	1803	1466	3061	363	532	838
4538	PHF21A_ENSG00000135365_78208.6	1114	167	1087	678	825	201	421	650
4539	PHF21B_ENSG00000056487_179135.1	1549	770	1658	654	249	546	673	888
4540	PHF21B_ENSG00000056487_179136.2	1425	603	1492	718	1442	690	570	857
4541	PHF21B_ENSG00000056487_179137.3	1405	532	1340	1278	1859	567	577	736
4542	PHF21B_ENSG00000056487_179138.4	1609	527	1987	1358	142	429	890	949
4543	PHF21B_ENSG00000056487_179139.5	151	0	177	0	87	0	51	88
4544	PHF21B_ENSG00000056487_179140.6	605	319	683	298	301	118	267	395
4545	PHF23_ENSG00000040633_141142.1	2181	208	2328	1190	932	1128	498	1188
4546	PHF23_ENSG00000040633_141143.2	373	221	561	344	170	302	124	269
4547	PHF23_ENSG00000040633_141144.3	347	293	413	500	711	137	111	192
4548	PHF23_ENSG00000040633_141145.4	995	304	1274	551	643	135	345	642
4549	PHF23_ENSG00000040633_141146.5	709	398	883	872	1054	420	19	310
4550	PHF23_ENSG00000040633_141147.6	570	118	660	575	391	134	220	316
4551	PHF3_ENSG00000118482_78633.1	819	220	884	590	1428	860	211	478
4552	PHF3_ENSG00000118482_78634.2	2089	975	2059	472	1599	543	497	1082
4553	PHF3_ENSG00000118482_78635.3	811	195	750	473	457	140	130	360
4554	PHF3_ENSG00000118482_78636.4	823	100	909	466	313	143	388	494
4555	PHF3_ENSG00000118482_78637.5	2412	1156	2628	1623	730	686	978	1382
4556	PHF3_ENSG00000118482_78638.6	1027	411	1030	371	606	318	365	496
4557	PHF5A_ENSG00000100410_181204.1	1096	898	971	646	1257	983	442	526
4558	PHF5A_ENSG00000100410_181206.3	380	193	472	204	1218	468	166	230
4559	PHF5A_ENSG00000100410_181207.4	1292	1068	1225	910	1777	1624	377	550
4560	PHF5A_ENSG00000100410_181208.5	640	310	742	167	256	302	127	335
4561	PHF5A_ENSG00000100410_181209.6	2070	761	1847	1138	2462	1029	618	972
4562	PHF6_ENSG00000156531_172158.1	1419	665	1539	438	786	1075	112	678
4563	PHF6_ENSG00000156531_172159.2	1187	340	1099	1117	831	421	446	638
4564	PHF6_ENSG00000156531_172160.3	1933	555	2167	900	2869	665	821	1250
4565	PHF6_ENSG00000156531_172161.4	850	357	952	219	428	126	523	496
4566	PHF6_ENSG00000156531_172162.5	1314	280	1581	720	1115	265	295	676
4567	PHF6_ENSG00000156531_172163.6	1242	406	1280	274	992	131	415	722
4568	PHF7_ENSG00000010318_94304.1	1257	920	1327	137	323	449	318	722
4569	PHF7_ENSG00000010318_94305.2	2014	709	2217	1251	1466	0	1014	1382
4570	PHF7_ENSG00000010318_94306.3	871	564	839	599	1862	140	182	424
4571	PHF7_ENSG00000010318_94307.4	1307	440	1419	714	673	0	560	756
4572	PHF7_ENSG00000010318_94308.5	668	582	1050	872	848	0	244	550
4573	PHF7_ENSG00000010318_94309.6	623	474	881	1110	1179	399	217	425
4574	PHF8_ENSG00000172943_179675.1	2327	1121	2137	714	1596	344	950	1173
4575	PHF8_ENSG00000172943_179676.2	258	0	238	448	0	0	66	67
4576	PHF8_ENSG00000172943_179677.3	1438	940	1767	649	1442	555	833	897
4577	PHF8_ENSG00000172943_179678.4	1293	318	1032	204	871	258	266	498
4578	PHF8_ENSG00000172943_179679.5	1396	381	1279	229	419	234	369	646
4579	PHF8_ENSG00000172943_179680.6	869	508	871	739	1689	786	300	511
4580	PHIP_ENSG00000146247_22434.1	542	70	643	377	519	127	124	270
4581	PHIP_ENSG00000146247_22435.2	2722	983	3398	2028	2172	430	1263	1898
4582	PHIP_ENSG00000146247_22436.3	876	353	920	451	2106	244	449	578
4583	PHIP_ENSG00000146247_22437.4	328	238	483	0	0	433	124	263
4584	PHIP_ENSG00000146247_22438.5	1922	1016	2186	552	2467	448	543	1171
4585	PHIP_ENSG00000146247_22439.6	2346	570	2405	971	1035	1123	1098	1293
4586	PHRF1_ENSG00000070047_58006.1	1849	574	2295	497	2048	820	1013	1126
4587	PHRF1_ENSG00000070047_58007.2	879	688	721	663	918	135	173	414
4588	PHRF1_ENSG00000070047_58008.3	2302	1054	2588	1582	751	1772	1721	1473
4589	PHRF1_ENSG00000070047_58009.4	1371	339	1199	709	408	303	521	612
4590	PHRF1_ENSG00000070047_58010.5	308	40	485	707	370	0	23	184
4591	PHRF1_ENSG00000070047_58011.6	718	153	758	317	576	0	106	314
4592	PIAS1_ENSG00000033800_155694.1	1124	137	1223	346	1166	418	587	722
4593	PIAS1_ENSG00000033800_155695.2	329	140	635	225	633	300	298	267
4594	PIAS1_ENSG00000033800_155696.3	1441	349	1431	403	1855	95	239	728
4595	PIAS1_ENSG00000033800_155697.4	791	245	1067	556	1965	60	201	545
4596	PIAS1_ENSG00000033800_155698.5	1036	291	1282	168	691	133	723	674
4597	PIAS1_ENSG00000033800_155699.6	639	189	642	403	522	286	392	445
4598	PIAS2_ENSG00000078043_93191.1	650	142	894	359	1863	154	456	491
4599	PIAS2_ENSG00000078043_93192.2	1411	562	1733	133	2028	228	1002	980
4600	PIAS2_ENSG00000078043_93193.3	1096	448	1190	1257	502	620	126	491
4601	PIAS2_ENSG00000078043_93194.4	614	197	742	189	485	444	65	280
4602	PIAS2_ENSG00000078043_93195.5	1496	496	1607	955	431	0	568	857
4603	PIAS2_ENSG00000078043_93196.6	1065	283	1152	803	504	517	584	796
4604	PIAS3_ENSG00000131788_60646.1	857	709	921	1214	615	138	259	582
4605	PIAS3_ENSG00000131788_60647.2	1113	275	1410	583	306	62	563	720
4606	PIAS3_ENSG00000131788_60648.3	597	66	617	200	211	0	387	365
4607	PIAS3_ENSG00000131788_60649.4	456	163	477	129	1	281	59	209
4608	PIAS3_ENSG00000131788_60650.5	880	192	1125	309	609	132	382	674
4609	PIAS3_ENSG00000131788_60651.6	2914	976	3198	722	1827	912	1499	1764
4610	PIAS4_ENSG00000105229_141152.1	2731	479	2982	1412	443	905	998	1591
4611	PIAS4_ENSG00000105229_141153.2	999	199	800	197	509	460	222	435
4612	PIAS4_ENSG00000105229_141154.3	863	314	874	155	247	0	503	494
4613	PIAS4_ENSG00000105229_141155.4	1734	275	1631	578	926	412	586	799
4614	PIAS4_ENSG00000105229_141156.5	1474	449	1594	747	897	674	394	789
4615	PIAS4_ENSG00000105229_141157.6	252	68	267	0	585	146	218	188
4616	PKN1_ENSG00000123143_68163.1	3666	1670	3711	1394	4531	631	1434	1995
4617	PKN1_ENSG00000123143_68164.2	1108	201	1018	378	1832	281	138	423
4618	PKN1_ENSG00000123143_68165.3	235	68	219	215	70	0	70	112
4619	PKN1_ENSG00000123143_68166.4	1563	810	1595	869	961	277	285	755
4620	PKN1_ENSG00000123143_68167.5	1767	748	1975	628	199	799	504	959
4621	PKN1_ENSG00000123143_68168.6	1053	432	907	761	1732	607	67	392
4622	PKNOX1_ENSG00000160199_146960.1	1764	533	1975	1028	1583	683	576	964
4623	PKNOX1_ENSG00000160199_146961.2	1683	1052	1860	1508	1270	1507	510	1008
4624	PKNOX1_ENSG00000160199_146962.3	1513	498	1652	482	1304	642	778	1061
4625	PKNOX1_ENSG00000160199_146963.4	1509	372	1760	305	43	292	792	829
4626	PKNOX1_ENSG00000160199_146964.5	1906	331	2021	1040	1010	177	709	936
4627	PKNOX1_ENSG00000160199_146965.6	971	331	951	177	1984	0	168	475
4628	PNMT_ENSG00000141744_141884.1	343	61	464	345	0	0	7	86
4629	PNMT_ENSG00000141744_141885.2	807	59	1023	884	1091	366	453	601
4630	PNMT_ENSG00000141744_141886.3	630	158	691	885	244	227	143	266
4631	PNMT_ENSG00000141744_141887.4	1693	923	2036	715	2426	286	344	888
4632	PNMT_ENSG00000141744_141888.5	960	246	899	210	978	544	640	597
4633	PNMT_ENSG00000141744_141889.6	946	336	856	0	399	679	418	484
4634	POGZ_ENSG00000143442_102933.1	1482	326	1449	1020	1574	428	645	798
4635	POGZ_ENSG00000143442_102934.2	771	224	959	297	0	162	328	532
4636	POGZ_ENSG00000143442_102935.3	650	247	669	282	276	138	106	348
4637	POGZ_ENSG00000143442_102936.4	1580	690	1540	720	748	379	718	1071
4638	POGZ_ENSG00000143442_102937.5	729	575	1051	0	553	548	438	450
4639	POGZ_ENSG00000143442_102938.6	1465	212	1803	369	886	862	787	950
4640	POLE3_ENSG00000148229_183757.1	893	62	710	322	645	0	289	423
4641	POLE3_ENSG00000148229_183758.2	597	532	1017	391	645	0	544	616
4642	POLE3_ENSG00000148229_183759.3	1294	1016	1514	727	1490	412	388	789
4643	POLE3_ENSG00000148229_183760.4	1437	706	1773	666	1294	420	591	804
4644	POLE3_ENSG00000148229_183761.5	581	346	531	195	0	0	191	270
4645	POLE3_ENSG00000148229_183762.6	629	398	777	194	1387	258	221	431
4646	POLQ_ENSG00000051341_194911.1	1687	323	1911	722	1956	118	340	885
4647	POLQ_ENSG00000051341_194912.2	2036	710	2359	1139	1782	1088	978	1337
4648	POLQ_ENSG00000051341_194913.3	978	418	974	800	969	142	312	509
4649	POLQ_ENSG00000051341_194914.4	2116	728	2318	977	1258	568	980	1150
4650	POLQ_ENSG00000051341_194915.5	891	356	787	520	131	284	432	466
4651	POLQ_ENSG00000051341_194916.6	1716	334	1978	695	1047	555	886	1041
4652	POLR1B_ENSG00000125630_154804.1	1115	694	1242	516	531	298	173	570
4653	POLR1B_ENSG00000125630_154805.2	648	364	706	952	0	0	75	330
4654	POLR1B_ENSG00000125630_154806.3	857	440	756	162	0	0	332	372
4655	POLR1B_ENSG00000125630_154807.4	362	0	478	209	264	143	108	187
4656	POLR1B_ENSG00000125630_154808.5	1901	770	1794	507	2441	768	203	1113
4657	POLR1B_ENSG00000125630_154809.6	509	25	625	0	248	132	93	290
4658	POLR2A_ENSG00000181222_34294.1	823	500	742	617	0	279	229	292
4659	POLR2A_ENSG00000181222_34295.2	891	0	641	0	628	0	176	350
4660	POLR2A_ENSG00000181222_34296.3	642	143	598	1	372	0	107	243
4661	POLR2A_ENSG00000181222_34297.4	1770	418	1685	385	729	5	522	547
4662	POLR2A_ENSG00000181222_34298.5	700	252	656	202	657	0	43	198
4663	POLR2A_ENSG00000181222_34299.6	1818	396	2122	1110	1264	233	366	890
4664	POLR2B_ENSG00000047315_201619.1	2149	747	2315	1773	2562	163	528	1217
4665	POLR2B_ENSG00000047315_201620.2	311	192	260	164	0	0	87	157
4666	POLR2B_ENSG00000047315_201621.3	1208	186	1053	209	1253	233	327	591
4667	POLR2B_ENSG00000047315_201622.4	767	67	746	156	367	0	305	348
4668	POLR2B_ENSG00000047315_201623.5	1962	758	1992	2101	1284	0	1202	1219
4669	POLR2B_ENSG00000047315_201624.6	1214	270	1288	1018	901	563	554	689
4670	POLR2C_ENSG00000102978_125302.1	181	219	233	1	0	0	71	101
4671	POLR2C_ENSG00000102978_125303.2	2355	1018	2731	283	2303	367	843	1295
4672	POLR2C_ENSG00000102978_125304.3	1942	878	2129	439	1773	1269	965	1252
4673	POLR2C_ENSG00000102978_125305.4	1487	483	1448	940	508	407	241	639
4674	POLR2C_ENSG00000102978_125306.5	1583	220	1903	234	261	424	692	844
4675	POLR2C_ENSG00000102978_125307.6	1084	530	1363	937	943	273	982	704
4676	POLR2D_ENSG00000144231_48071.1	1029	480	976	452	536	136	426	501
4677	POLR2D_ENSG00000144231_48072.2	340	237	322	0	250	0	95	149
4678	POLR2D_ENSG00000144231_48073.3	535	150	451	155	569	0	263	233
4679	POLR2D_ENSG00000144231_48074.4	328	0	487	243	1391	293	128	175
4680	POLR2D_ENSG00000144231_48075.5	1008	293	866	136	117	125	373	511
4681	POLR2D_ENSG00000144231_48076.6	950	614	902	696	0	383	284	530
4682	POLR2E_ENSG00000099817_131699.1	235	65	159	0	0	409	175	131
4683	POLR2E_ENSG00000099817_131700.2	1174	184	1101	103	499	96	388	621
4684	POLR2E_ENSG00000099817_131701.3	536	352	621	252	653	137	59	287
4685	POLR2E_ENSG00000099817_131702.4	694	358	637	448	792	0	223	319
4686	POLR2E_ENSG00000099817_131703.5	498	234	619	222	146	404	333	327
4687	POLR2E_ENSG00000099817_131704.6	787	251	922	900	776	231	113	389
4688	POLR2F_ENSG00000100142_135707.1	688	172	869	802	144	282	396	504
4689	POLR2F_ENSG00000100142_135708.2	1555	224	1466	325	534	0	940	967
4690	POLR2F_ENSG00000100142_135709.3	1191	228	1385	383	288	155	707	783
4691	POLR2F_ENSG00000100142_135710.4	1117	321	1084	503	642	427	198	471
4692	POLR2F_ENSG00000100142_135711.5	1262	386	1271	375	569	274	685	694
4693	POLR2F_ENSG00000100142_135712.6	1977	539	1917	722	516	73	1053	1136
4694	POLR2G_ENSG00000168002_89025.1	1044	300	1205	679	638	133	537	690
4695	POLR2G_ENSG00000168002_89026.2	382	45	312	234	269	0	94	171
4696	POLR2G_ENSG00000168002_89027.3	1833	606	1553	645	272	265	872	962
4697	POLR2G_ENSG00000168002_89028.4	1083	518	1272	192	940	642	362	634
4698	POLR2G_ENSG00000168002_89029.5	2284	403	1827	214	1995	87	668	960
4699	POLR2G_ENSG00000168002_89030.6	424	47	351	0	348	0	99	169
4700	POLR2H_ENSG00000163882_151013.1	524	406	524	136	192	141	220	210
4701	POLR2H_ENSG00000163882_151014.2	1987	313	1792	227	833	428	1033	952
4702	POLR2H_ENSG00000163882_151015.3	1259	73	1148	196	1437	0	783	551
4703	POLR2H_ENSG00000163882_151016.4	881	223	1089	191	766	132	51	389
4704	POLR2H_ENSG00000163882_151017.5	633	58	568	0	519	0	360	353
4705	POLR2H_ENSG00000163882_151018.6	572	208	619	323	234	463	305	346
4706	POLR2J_ENSG00000005075_112820.1	493	200	607	808	1789	266	116	322
4707	POLR2J_ENSG00000005075_112822.3	1410	514	1172	891	561	279	362	727
4708	POLR2J_ENSG00000005075_112823.4	1617	469	2079	766	1668	662	546	1004
4709	POLR2J_ENSG00000005075_112824.5	1242	254	1205	839	0	395	196	622
4710	POLR2J_ENSG00000005075_112825.6	695	252	571	229	589	128	118	272
4711	POLR2J2_ENSG00000228049_52728.9	694	165	586	213	242	134	94	314
4712	POLR2J2_ENSG00000228049_52729.1	945	66	968	511	1608	1030	384	509
4713	POLR2J2_ENSG00000267645_193072.1	755	314	857	353	740	0	254	397
4714	POLR2J2_ENSG00000267645_193073.2	1215	442	1283	225	999	140	677	669
4715	POLR2J2_ENSG00000267645_193074.3	1549	629	1738	472	1539	600	466	847
4716	POLR2J2_ENSG00000267645_193075.4	285	96	172	0	0	0	84	133
4717	POLR2J2_ENSG00000267645_193076.5	629	219	940	427	556	141	607	546
4718	POLR2J2_ENSG00000267645_193077.6	291	59	380	0	348	0	183	237
4719	POLR2J3_ENSG00000168255_189809.1	1926	223	2151	932	713	284	1793	1349
4720	POLR2J3_ENSG00000168255_189810.2	335	207	325	0	290	0	39	199
4721	POLR2J3_ENSG00000168255_189811.3	2139	516	2647	469	1162	527	1045	1416
4722	POLR2J3_ENSG00000168255_189812.4	2702	1236	2788	1513	1305	395	1375	1673
4723	POLR2J3_ENSG00000168255_189813.5	1171	213	1331	929	1851	1211	724	649
4724	POLR2J3_ENSG00000168255_189814.6	394	0	408	377	691	0	12	129
4725	POLR2K_ENSG00000147669_182116.2	613	143	521	413	0	0	343	220
4726	POLR2K_ENSG00000147669_182117.3	816	141	905	405	0	117	98	455
4727	POLR2K_ENSG00000147669_182118.4	673	356	936	1045	994	293	162	500
4728	POLR2K_ENSG00000147669_182119.5	671	198	559	211	2685	0	52	306
4729	POLR2L_ENSG00000177700_729.1	1000	122	967	0	479	109	612	536
4730	POLR2L_ENSG00000177700_731.3	1493	306	1576	1	1787	537	1033	845
4731	POLR2L_ENSG00000177700_732.4	2030	406	2276	1377	1744	633	396	1160
4732	POLR2L_ENSG00000177700_733.5	1533	65	1381	477	1208	137	805	698
4733	POLR2L_ENSG00000177700_734.6	508	71	505	0	287	0	200	262
4734	POP7_ENSG00000172336_130470.1	416	173	548	393	265	0	238	350
4735	POP7_ENSG00000172336_130471.2	2176	1157	2612	943	1365	392	1246	1291
4736	POP7_ENSG00000172336_130472.3	1240	430	1400	1062	663	688	391	873
4737	POP7_ENSG00000172336_130473.4	325	93	318	483	26	127	6	108
4738	POP7_ENSG00000172336_130474.5	2162	898	2254	1498	2100	369	906	1035
4739	POP7_ENSG00000172336_130475.6	465	198	458	212	156	281	58	194
4740	PPARGC1A_ENSG00000109819_82276.1	770	234	930	547	1521	268	393	629
4741	PPARGC1A_ENSG00000109819_82277.2	797	329	741	816	897	285	419	485
4742	PPARGC1A_ENSG00000109819_82278.3	675	203	841	634	511	0	127	459
4743	PPARGC1A_ENSG00000109819_82279.4	1323	238	1280	637	1860	434	584	602
4744	PPARGC1A_ENSG00000109819_82280.5	3826	861	3874	1386	3102	1318	2220	2108
4745	PPARGC1A_ENSG00000109819_82281.6	827	458	773	160	853	139	456	478
4746	PPHLN1_ENSG00000134283_136489.1	1490	813	1858	811	1783	427	512	929
4747	PPHLN1_ENSG00000134283_136490.2	2541	754	3057	2409	1414	459	671	1433
4748	PPHLN1_ENSG00000134283_136491.3	1041	191	1056	557	536	133	366	615
4749	PPHLN1_ENSG00000134283_136492.4	305	110	542	0	543	0	203	277
4750	PPHLN1_ENSG00000134283_136493.5	3159	1353	3272	1053	4267	1288	1256	1662
4751	PPHLN1_ENSG00000134283_136494.6	4059	1176	4467	3086	3303	1623	1595	2342
4752	PPIB_ENSG00000166794_131332.1	592	277	904	171	264	133	441	419
4753	PPIB_ENSG00000166794_131333.2	819	438	970	413	586	129	54	302
4754	PPIB_ENSG00000166794_131334.3	622	96	680	698	421	0	307	435
4755	PPIB_ENSG00000166794_131335.4	606	249	641	1	13	0	106	428
4756	PPIB_ENSG00000166794_131336.5	1323	422	1485	1903	1315	53	447	754
4757	PPIB_ENSG00000166794_131337.6	392	187	613	27	258	249	200	332
4758	PPP4C_ENSG00000149923_112560.1	1342	277	1284	325	846	251	409	683
4759	PPP4C_ENSG00000149923_112561.2	670	166	690	202	909	143	313	456
4760	PPP4C_ENSG00000149923_112562.3	644	286	723	334	10	149	438	504
4761	PPP4C_ENSG00000149923_112563.4	1010	494	1069	386	306	0	300	540
4762	PPP4C_ENSG00000149923_112564.5	1039	384	1011	365	0	261	450	559
4763	PPP4C_ENSG00000149923_112565.6	267	127	239	404	78	141	225	118
4764	PPP5C_ENSG00000011485_123650.1	1082	563	1370	771	528	246	267	561
4765	PPP5C_ENSG00000011485_123651.2	930	370	1062	216	535	0	269	496
4766	PPP5C_ENSG00000011485_123652.3	362	61	422	118	0	347	98	196
4767	PPP5C_ENSG00000011485_123653.4	532	243	585	0	245	103	85	309
4768	PPP5C_ENSG00000011485_123654.5	1879	889	2103	1157	1461	257	574	1084
4769	PPP5C_ENSG00000011485_123655.6	1745	647	1733	462	1035	699	568	916
4770	PPP5D1_ENSG00000230510_171358.1	1712	639	1928	679	1269	366	923	1198
4771	PPP5D1_ENSG00000230510_171359.2	2373	730	2166	1080	1315	398	899	1098
4772	PPP5D1_ENSG00000230510_171360.3	1900	707	2309	629	1822	881	1324	1092
4773	PPP5D1_ENSG00000230510_171361.4	3288	1604	3670	1764	1726	1176	1642	1805
4774	PPP5D1_ENSG00000230510_171362.5	2476	549	2372	1791	1048	379	622	1255
4775	PPP5D1_ENSG00000230510_171363.6	941	274	988	306	1249	0	294	639
4776	PRDM1_ENSG00000057657_144688.1	1119	576	1164	164	1056	552	343	566
4777	PRDM1_ENSG00000057657_144689.2	1098	1121	1153	645	823	303	330	607
4778	PRDM1_ENSG00000057657_144690.3	1946	842	2138	406	768	394	605	966
4779	PRDM1_ENSG00000057657_144691.4	1407	665	1520	1001	1558	262	590	862
4780	PRDM1_ENSG00000057657_144692.5	727	334	829	188	1113	135	63	410
4781	PRDM1_ENSG00000057657_144693.6	688	67	845	329	1579	538	257	403
4782	PRDM10_ENSG00000170325_119999.1	900	667	1111	1482	857	0	371	540
4783	PRDM10_ENSG00000170325_120000.2	668	324	547	178	257	121	138	343
4784	PRDM10_ENSG00000170325_120001.3	224	0	326	0	77	0	109	132
4785	PRDM10_ENSG00000170325_120002.4	2334	968	2496	2469	1940	237	1398	1283
4786	PRDM10_ENSG00000170325_120003.5	1538	272	1451	754	311	264	597	714
4787	PRDM10_ENSG00000170325_120004.6	817	144	944	355	372	356	439	515
4788	PRDM11_ENSG00000019485_185253.1	1305	768	1252	303	122	136	567	666
4789	PRDM11_ENSG00000019485_185254.2	1577	1067	1950	1618	763	679	321	943
4790	PRDM11_ENSG00000019485_185255.3	182	0	127	161	0	0	22	104
4791	PRDM11_ENSG00000019485_185256.4	2394	735	2622	1256	1176	236	799	1309
4792	PRDM11_ENSG00000019485_185257.5	523	275	510	484	0	137	258	259
4793	PRDM11_ENSG00000019485_185258.6	1740	776	1665	1211	600	284	928	868
4794	PRDM12_ENSG00000130711_196250.1	414	61	381	0	508	0	29	122
4795	PRDM12_ENSG00000130711_196251.2	971	565	1121	1193	182	0	797	586
4796	PRDM12_ENSG00000130711_196252.3	1715	489	1577	885	986	429	872	999
4797	PRDM12_ENSG00000130711_196253.4	2095	868	2353	1210	1082	419	839	1369
4798	PRDM12_ENSG00000130711_196254.5	186	154	308	93	0	268	105	164
4799	PRDM12_ENSG00000130711_196255.6	1498	784	1494	746	870	0	607	878
4800	PRDM13_ENSG00000112238_84309.1	372	239	629	239	750	140	128	283
4801	PRDM13_ENSG00000112238_84310.2	645	455	867	267	534	0	360	469
4802	PRDM13_ENSG00000112238_84311.3	933	87	990	129	275	299	544	677
4803	PRDM13_ENSG00000112238_84312.4	365	236	467	191	277	0	91	174
4804	PRDM13_ENSG00000112238_84313.5	1224	356	1109	0	672	146	229	510
4805	PRDM13_ENSG00000112238_84314.6	1130	483	1575	231	769	697	1181	1199
4806	PRDM14_ENSG00000147596_151591.1	350	60	444	236	197	0	57	138
4807	PRDM14_ENSG00000147596_151592.2	617	216	630	643	231	0	84	366
4808	PRDM14_ENSG00000147596_151593.3	618	133	673	810	0	0	97	346
4809	PRDM14_ENSG00000147596_151594.4	454	241	393	127	353	135	183	260
4810	PRDM14_ENSG00000147596_151595.5	820	305	827	458	287	134	41	343
4811	PRDM14_ENSG00000147596_151596.6	1064	311	1096	530	598	0	242	596
4812	PRDM15_ENSG00000141956_137226.1	2024	859	2343	717	762	242	676	1111
4813	PRDM15_ENSG00000141956_137227.2	1252	758	1169	226	1216	0	779	736
4814	PRDM15_ENSG00000141956_137228.3	473	188	394	0	224	0	154	244
4815	PRDM15_ENSG00000141956_137229.4	1066	191	1045	975	197	198	595	588
4816	PRDM15_ENSG00000141956_137230.5	1267	941	1483	608	994	442	831	889
4817	PRDM15_ENSG00000141956_137231.6	134	127	152	135	470	149	39	84
4818	PRDM16_ENSG00000142611_160184.1	988	63	1112	368	551	213	526	635
4819	PRDM16_ENSG00000142611_160185.2	199	187	253	488	0	0	23	95
4820	PRDM16_ENSG00000142611_160186.3	334	122	266	349	459	144	132	148
4821	PRDM16_ENSG00000142611_160187.4	1430	311	1222	1480	2135	411	590	732
4822	PRDM16_ENSG00000142611_160188.5	1684	642	1609	557	580	438	684	912
4823	PRDM16_ENSG00000142611_160189.6	585	507	759	788	1055	131	436	352
4824	PRDM2_ENSG00000116731_66195.1	1440	758	1970	976	2487	148	1169	975
4825	PRDM2_ENSG00000116731_66196.2	307	95	293	438	134	0	48	152
4826	PRDM2_ENSG00000116731_66197.3	1673	553	1871	1488	1113	273	839	855
4827	PRDM2_ENSG00000116731_66198.4	1096	875	938	530	2383	277	514	529
4828	PRDM2_ENSG00000116731_66199.5	2020	286	2237	459	1137	297	331	702
4829	PRDM2_ENSG00000116731_66200.6	2027	634	2342	1136	2614	592	780	1114
4830	PRDM4_ENSG00000110851_148375.1	1730	259	1461	772	1017	0	628	967
4831	PRDM4_ENSG00000110851_148376.2	1600	693	1963	318	371	494	1121	1002
4832	PRDM4_ENSG00000110851_148377.3	1322	838	1352	522	2086	421	461	836
4833	PRDM4_ENSG00000110851_148378.4	885	420	978	367	1025	139	364	539
4834	PRDM4_ENSG00000110851_148379.5	312	382	401	698	28	403	33	199
4835	PRDM4_ENSG00000110851_148380.6	1054	378	1133	0	1009	311	580	643
4836	PRDM5_ENSG00000138738_101437.1	1087	385	1489	746	1386	302	223	612
4837	PRDM5_ENSG00000138738_101438.2	840	265	1090	745	275	281	451	558
4838	PRDM5_ENSG00000138738_101439.3	867	289	1019	1005	844	0	370	455
4839	PRDM5_ENSG00000138738_101440.4	1210	431	1391	782	1105	831	240	708
4840	PRDM5_ENSG00000138738_101441.5	2128	636	2044	762	1078	525	669	1060
4841	PRDM5_ENSG00000138738_101442.6	1481	704	1455	1385	1211	126	607	869
4842	PRDM6_ENSG00000061455_58326.1	1141	206	835	795	450	0	266	393
4843	PRDM6_ENSG00000061455_58327.2	1329	483	1262	713	360	542	109	627
4844	PRDM6_ENSG00000061455_58328.3	228	123	263	0	707	147	0	51
4845	PRDM6_ENSG00000061455_58329.4	1517	582	1723	1069	1642	1696	362	907
4846	PRDM6_ENSG00000061455_58330.5	1186	486	1304	403	245	544	150	468
4847	PRDM6_ENSG00000061455_58331.6	1362	432	1613	482	547	123	533	722
4848	PRDM7_ENSG00000126856_80520.1	475	355	499	116	905	81	73	181
4849	PRDM7_ENSG00000126856_80521.2	1946	722	1926	972	2031	391	1041	1135
4850	PRDM7_ENSG00000126856_80522.3	1044	337	1123	189	521	147	154	484
4851	PRDM7_ENSG00000126856_80523.4	492	290	498	0	1	0	150	249
4852	PRDM7_ENSG00000126856_80524.5	1101	118	989	927	1198	0	227	492
4853	PRDM7_ENSG00000126856_80525.6	838	281	966	530	523	294	429	581
4854	PRDM8_ENSG00000152784_125272.1	2853	1494	3843	1313	1935	620	2202	2057
4855	PRDM8_ENSG00000152784_125273.2	752	365	926	394	42	115	395	501
4856	PRDM8_ENSG00000152784_125274.3	1029	316	1073	447	1429	149	619	610
4857	PRDM8_ENSG00000152784_125275.4	252	96	336	217	283	298	62	154
4858	PRDM8_ENSG00000152784_125276.5	680	71	798	747	960	132	400	493
4859	PRDM8_ENSG00000152784_125277.6	1060	0	1268	366	1681	118	402	660
4860	PRKAA1_ENSG00000132356_79380.1	2198	271	2454	1245	1987	465	961	1166
4861	PRKAA1_ENSG00000132356_79381.2	1124	131	1148	1	440	211	543	546
4862	PRKAA1_ENSG00000132356_79382.3	1644	553	1706	1022	307	281	590	856
4863	PRKAA1_ENSG00000132356_79383.4	466	377	649	308	927	38	227	332
4864	PRKAA1_ENSG00000132356_79384.5	918	557	989	797	753	123	278	462
4865	PRKAA1_ENSG00000132356_79385.6	1464	828	1495	1759	720	280	726	956
4866	PRKAA2_ENSG00000162409_29499.1	1502	564	1604	364	940	152	978	857
4867	PRKAA2_ENSG00000162409_29500.2	2189	741	2324	1645	1395	256	1364	1428
4868	PRKAA2_ENSG00000162409_29501.3	1152	583	1150	966	0	1017	569	778
4869	PRKAA2_ENSG00000162409_29502.4	292	117	283	211	544	0	81	127
4870	PRKAA2_ENSG00000162409_29503.5	2472	1012	3111	1404	971	1072	1548	1603
4871	PRKAA2_ENSG00000162409_29504.6	1068	456	976	949	1154	120	321	521
4872	PRKCB_ENSG00000166501_22304.1	176	52	209	0	269	135	76	74
4873	PRKCB_ENSG00000166501_22305.2	2490	732	2554	1102	767	1142	1195	1344
4874	PRKCB_ENSG00000166501_22306.3	1795	595	1757	429	1889	265	1197	1002
4875	PRKCB_ENSG00000166501_22307.4	442	121	384	4	650	0	93	209
4876	PRKCB_ENSG00000166501_22308.5	1769	1096	1735	1215	1022	410	635	1061
4877	PRKCB_ENSG00000166501_22309.6	1955	661	2245	1173	1623	1115	809	1131
4878	PRKCD_ENSG00000163932_134353.1	1342	498	1521	0	1298	798	730	876
4879	PRKCD_ENSG00000163932_134354.2	385	252	390	1	577	0	238	201
4880	PRKCD_ENSG00000163932_134355.3	1617	1091	1799	1164	799	241	962	944
4881	PRKCD_ENSG00000163932_134356.4	1136	624	1357	662	480	0	682	868
4882	PRKCD_ENSG00000163932_134357.5	1911	575	1577	1240	2003	456	1118	1085
4883	PRKCD_ENSG00000163932_134358.6	1080	468	1046	557	1513	591	481	530
4884	PRKDC_ENSG00000253729_181465.1	1184	674	978	459	667	140	724	586
4885	PRKDC_ENSG00000253729_181466.2	552	253	466	0	0	416	154	282
4886	PRKDC_ENSG00000253729_181467.3	554	519	534	190	755	150	141	316
4887	PRKDC_ENSG00000253729_181468.4	1762	932	2209	473	2112	585	1380	1105
4888	PRKDC_ENSG00000253729_181469.5	1133	509	1269	658	1379	129	324	781
4889	PRKDC_ENSG00000253729_181470.6	650	304	811	754	279	438	279	405
4890	PRMT1_ENSG00000126457_36405.1	1082	304	1289	514	1680	1013	607	619
4891	PRMT1_ENSG00000126457_36406.2	2962	1112	2853	1744	1297	1194	1544	1577
4892	PRMT1_ENSG00000126457_36407.3	1029	642	1136	1169	282	148	743	692
4893	PRMT1_ENSG00000126457_36408.4	761	288	631	310	536	78	85	292
4894	PRMT1_ENSG00000126457_36409.5	987	471	1179	133	462	308	215	531
4895	PRMT1_ENSG00000126457_36410.6	706	374	761	509	302	579	457	409
4896	PRMT10_ENSG00000164169_176994.1	791	618	891	314	64	684	291	395
4897	PRMT10_ENSG00000164169_176995.2	1030	312	975	217	518	255	310	476
4898	PRMT10_ENSG00000164169_176996.3	506	131	453	219	317	0	276	315
4899	PRMT10_ENSG00000164169_176997.4	765	545	685	487	1029	0	317	497
4900	PRMT10_ENSG00000164169_176998.5	1093	178	1302	202	809	212	662	608
4901	PRMT10_ENSG00000164169_176999.6	895	599	936	805	0	267	408	564
4902	PRMT2_ENSG00000160310_9959.1	1457	396	1700	995	1351	141	476	870
4903	PRMT2_ENSG00000160310_9960.2	545	174	491	395	0	380	218	332
4904	PRMT2_ENSG00000160310_9961.3	1096	296	1023	158	1557	207	455	536
4905	PRMT2_ENSG00000160310_9962.4	868	156	692	627	1034	573	264	449
4906	PRMT2_ENSG00000160310_9963.5	200	70	178	0	0	0	65	80
4907	PRMT2_ENSG00000160310_9964.6	727	63	583	210	1815	193	177	337
4908	PRMT3_ENSG00000185238_73503.1	351	0	551	456	0	0	304	284
4909	PRMT3_ENSG00000185238_73504.2	1879	446	2166	414	408	552	1560	1294
4910	PRMT3_ENSG00000185238_73505.3	1018	361	1174	216	236	644	477	683
4911	PRMT3_ENSG00000185238_73506.4	2855	771	2960	2488	2746	965	1460	1619
4912	PRMT3_ENSG00000185238_73507.5	2417	922	2328	1546	1708	578	1207	1464
4913	PRMT3_ENSG00000185238_73508.6	509	201	588	160	576	0	279	344
4914	PRMT5_ENSG00000100462_65815.1	1390	716	1424	1040	2041	0	606	841
4915	PRMT5_ENSG00000100462_65816.2	2331	673	2440	1179	2903	1110	1184	1607
4916	PRMT5_ENSG00000100462_65817.3	342	98	394	142	0	0	71	195
4917	PRMT5_ENSG00000100462_65818.4	1840	578	2010	1053	2573	701	417	1010
4918	PRMT5_ENSG00000100462_65819.5	1509	707	1648	1648	1725	161	734	903
4919	PRMT5_ENSG00000100462_65820.6	2423	806	2465	1478	3582	613	1590	1668
4920	PRMT6_ENSG00000198890_1806.1	132	0	116	0	268	0	25	44
4921	PRMT6_ENSG00000198890_1807.2	346	114	340	531	382	143	116	157
4922	PRMT6_ENSG00000198890_1808.3	186	0	330	442	267	0	142	116
4923	PRMT6_ENSG00000198890_1809.4	1503	440	1666	667	543	1123	753	848
4924	PRMT6_ENSG00000198890_1810.5	760	492	734	111	110	0	290	464
4925	PRMT6_ENSG00000198890_1811.6	876	112	939	401	967	99	201	479
4926	PRMT7_ENSG00000132600_79016.1	328	245	327	223	41	0	41	146
4927	PRMT7_ENSG00000132600_79017.2	1337	310	1268	706	1280	1223	635	874
4928	PRMT7_ENSG00000132600_79018.3	2219	524	2718	1307	2557	230	856	1380
4929	PRMT7_ENSG00000132600_79019.4	1969	962	2475	1205	1602	1	988	1266
4930	PRMT7_ENSG00000132600_79020.5	2134	630	2068	1151	2373	254	159	896
4931	PRMT7_ENSG00000132600_79021.6	2518	936	2918	719	2375	509	1983	1534
4932	PRMT8_ENSG00000111218_46391.1	909	223	949	399	304	272	465	458
4933	PRMT8_ENSG00000111218_46392.2	917	354	1167	656	1719	127	488	689
4934	PRMT8_ENSG00000111218_46393.3	625	113	841	0	447	145	448	498
4935	PRMT8_ENSG00000111218_46394.4	1167	629	1194	230	175	541	363	634
4936	PRMT8_ENSG00000111218_46395.5	1364	983	1416	313	742	160	568	840
4937	PRMT8_ENSG00000111218_46396.6	530	586	567	753	924	264	151	275
4938	PSIP1_ENSG00000164985_199350.1	1811	797	1986	1070	1541	398	914	1072
4939	PSIP1_ENSG00000164985_199351.2	980	456	1341	1139	559	279	565	708
4940	PSIP1_ENSG00000164985_199352.3	1584	638	1372	809	2101	491	113	726
4941	PSIP1_ENSG00000164985_199353.4	1008	349	910	677	1629	1088	41	420
4942	PSIP1_ENSG00000164985_199354.5	863	349	789	419	1134	0	222	496
4943	PSIP1_ENSG00000164985_199355.6	1833	704	1722	1046	1935	497	150	861
4944	PWWP2B_ENSG00000171813_67803.1	2087	789	2159	1146	1415	557	969	1257
4945	PWWP2B_ENSG00000171813_67804.2	325	182	368	0	587	151	160	210
4946	PWWP2B_ENSG00000171813_67805.3	1580	814	1871	1567	463	559	815	901
4947	PWWP2B_ENSG00000171813_67806.4	2287	298	2165	813	1836	273	441	1113
4948	PWWP2B_ENSG00000171813_67807.5	1822	552	2010	274	830	129	1019	976
4949	PWWP2B_ENSG00000171813_67808.6	1694	466	1833	557	696	0	901	950
4950	PYGO1_ENSG00000171016_196490.1	2419	890	2420	1858	1790	797	692	1270
4951	PYGO1_ENSG00000171016_196491.2	548	171	476	76	0	405	108	213
4952	PYGO1_ENSG00000171016_196492.3	732	348	911	412	853	269	389	458
4953	PYGO1_ENSG00000171016_196493.4	1672	227	1777	456	972	147	767	1003
4954	PYGO1_ENSG00000171016_196494.5	462	261	352	0	268	147	176	145
4955	PYGO1_ENSG00000171016_196495.6	1676	494	1758	709	2326	139	1138	942
4956	PYGO2_ENSG00000163348_126132.1	1457	583	2004	1202	1676	778	1120	1049
4957	PYGO2_ENSG00000163348_126133.2	1811	830	1902	758	2197	138	330	975
4958	PYGO2_ENSG00000163348_126134.3	754	52	780	395	0	0	426	553
4959	PYGO2_ENSG00000163348_126135.4	1581	486	1587	691	1220	292	597	940
4960	PYGO2_ENSG00000163348_126136.5	2069	817	2349	601	1545	277	577	1376
4961	PYGO2_ENSG00000163348_126137.6	1148	414	1251	607	756	404	386	641
4962	RAD18_ENSG00000070950_22424.1	553	300	730	633	276	0	186	333
4963	RAD18_ENSG00000070950_22425.2	516	222	447	143	390	392	117	363
4964	RAD18_ENSG00000070950_22426.3	1140	556	1030	634	1953	627	162	555
4965	RAD18_ENSG00000070950_22427.4	799	241	897	754	997	118	274	515
4966	RAD18_ENSG00000070950_22428.5	2166	522	2223	1790	1837	154	408	1065
4967	RAD18_ENSG00000070950_22429.6	1623	371	1893	606	1918	141	565	984
4968	RAD51_ENSG00000051180_43431.1	431	333	498	192	980	0	106	171
4969	RAD51_ENSG00000051180_43432.2	2564	891	2842	900	2139	788	839	1347
4970	RAD51_ENSG00000051180_43433.3	1564	526	1681	935	2413	269	496	744
4971	RAD51_ENSG00000051180_43434.4	717	157	736	0	518	0	29	352
4972	RAD51_ENSG00000051180_43435.5	1775	1235	2104	1105	4585	652	1420	1246
4973	RAD51_ENSG00000051180_43436.6	1461	679	1546	1140	1833	280	485	893
4974	RAD54B_ENSG00000197275_12301.1	1702	876	1777	365	576	552	1007	1094
4975	RAD54B_ENSG00000197275_12302.2	1249	544	1254	185	828	272	396	647
4976	RAD54B_ENSG00000197275_12303.3	960	248	1235	371	1504	134	432	668
4977	RAD54B_ENSG00000197275_12304.4	1630	617	1359	809	1073	300	582	812
4978	RAD54B_ENSG00000197275_12305.5	959	724	1458	1510	928	539	538	689
4979	RAD54B_ENSG00000197275_12306.6	1198	516	1171	591	1523	420	149	639
4980	RAD54L_ENSG00000085999_37544.1	2116	896	2424	1702	3195	778	678	1379
4981	RAD54L_ENSG00000085999_37545.2	454	454	419	457	576	420	103	273
4982	RAD54L_ENSG00000085999_37546.3	1476	893	1646	459	1221	422	136	697
4983	RAD54L_ENSG00000085999_37547.4	1809	791	2004	949	2464	789	445	1059
4984	RAD54L_ENSG00000085999_37548.5	1570	518	1840	669	1362	169	783	972
4985	RAD54L_ENSG00000085999_37549.6	865	361	884	306	302	0	240	393
4986	RAD54L2_ENSG00000164080_150261.1	65	100	47	0	0	0	6	13
4987	RAD54L2_ENSG00000164080_150262.2	387	0	324	141	0	0	57	217
4988	RAD54L2_ENSG00000164080_150263.3	1771	454	1553	708	2234	298	1137	960
4989	RAD54L2_ENSG00000164080_150264.4	1817	509	1808	341	1396	800	638	879
4990	RAD54L2_ENSG00000164080_150265.5	3113	877	3828	1245	4139	1096	1181	1969
4991	RAD54L2_ENSG00000164080_150266.6	623	138	651	626	324	0	359	382
4992	RAG1_ENSG00000166349_100135.1	503	316	584	529	204	117	57	307
4993	RAG1_ENSG00000166349_100136.2	1952	709	1723	1390	423	374	879	1098
4994	RAG1_ENSG00000166349_100137.3	1029	678	954	398	428	297	523	572
4995	RAG1_ENSG00000166349_100138.4	1385	430	1721	171	316	282	485	713
4996	RAG1_ENSG00000166349_100139.5	713	555	868	792	882	197	201	436
4997	RAG1_ENSG00000166349_100140.6	101	0	41	0	0	0	10	13
4998	RAG2_ENSG00000175097_49512.1	1959	280	1449	1207	2105	0	198	790
4999	RAG2_ENSG00000175097_49513.2	490	145	385	462	195	0	5	104
5000	RAG2_ENSG00000175097_49514.3	2937	1078	3077	1895	1340	990	459	1481
5001	RAG2_ENSG00000175097_49515.4	1269	406	1468	775	799	138	404	779
5002	RAG2_ENSG00000175097_49516.5	1384	451	1506	557	1180	133	661	766
5003	RAG2_ENSG00000175097_49517.6	1096	61	890	386	1000	395	286	567
5004	RAI1_ENSG00000108557_22711.1	741	250	1106	157	286	493	410	648
5005	RAI1_ENSG00000108557_22712.2	1717	525	1745	1051	620	1122	356	816
5006	RAI1_ENSG00000108557_22713.3	715	104	719	708	920	266	129	392
5007	RAI1_ENSG00000108557_22714.4	165	0	139	223	596	273	38	90
5008	RAI1_ENSG00000108557_22715.5	1476	685	1990	632	679	908	775	832
5009	RAI1_ENSG00000108557_22716.6	1282	500	1102	902	1131	236	236	709
5010	RASD2_ENSG00000100302_142653.1	2129	850	2105	1979	671	579	931	1035
5011	RASD2_ENSG00000100302_142654.2	928	334	1076	321	263	142	307	634
5012	RASD2_ENSG00000100302_142655.3	793	767	1044	224	981	107	343	425
5013	RASD2_ENSG00000100302_142656.4	803	247	679	926	788	548	134	461
5014	RASD2_ENSG00000100302_142657.5	986	367	1012	564	581	241	80	401
5015	RASD2_ENSG00000100302_142658.6	1348	502	1760	1046	1455	504	154	645
5016	RB1_ENSG00000139687_163250.1	683	276	616	456	981	311	4	344
5017	RB1_ENSG00000139687_163251.2	168	66	187	0	0	0	26	77
5018	RB1_ENSG00000139687_163252.3	548	197	654	186	273	127	340	367
5019	RB1_ENSG00000139687_163253.4	2641	813	2806	2392	3373	695	1804	1521
5020	RB1_ENSG00000139687_163254.5	206	100	225	0	0	137	42	155
5021	RB1_ENSG00000139687_163255.6	108	0	171	0	266	437	70	132
5022	RBBP4_ENSG00000162521_83096.1	657	63	801	358	820	310	444	383
5023	RBBP4_ENSG00000162521_83097.2	2067	351	1980	1087	2073	71	1005	1006
5024	RBBP4_ENSG00000162521_83098.3	875	338	1038	847	1482	0	491	605
5025	RBBP4_ENSG00000162521_83099.4	1312	388	1668	1069	771	538	655	948
5026	RBBP4_ENSG00000162521_83100.5	1378	309	1478	683	1862	409	730	739
5027	RBBP4_ENSG00000162521_83101.6	2235	951	2065	1922	2355	427	703	1000
5028	RBBP5_ENSG00000117222_3329.1	2679	952	3013	582	1922	0	1399	1659
5029	RBBP5_ENSG00000117222_3330.2	2306	984	2408	1584	1889	301	1035	1503
5030	RBBP5_ENSG00000117222_3331.3	551	282	673	450	160	0	294	405
5031	RBBP5_ENSG00000117222_3332.4	1127	193	1103	557	8	293	642	595
5032	RBBP5_ENSG00000117222_3333.5	769	1017	762	713	260	0	247	395
5033	RBBP5_ENSG00000117222_3334.6	2272	853	2127	3000	2615	1340	902	1264
5034	RBBP7_ENSG00000102054_150883.1	1457	560	1412	981	1510	576	429	725
5035	RBBP7_ENSG00000102054_150884.2	1188	330	1335	809	860	143	803	719
5036	RBBP7_ENSG00000102054_150885.3	1415	354	1544	937	660	715	579	826
5037	RBBP7_ENSG00000102054_150886.4	2156	594	2454	1666	2300	1160	1075	1273
5038	RBBP7_ENSG00000102054_150887.5	1649	438	2049	1354	2854	0	1191	1178
5039	RBBP7_ENSG00000102054_150888.6	1347	569	1288	582	207	539	132	586
5040	RBL1_ENSG00000080839_183403.2	255	107	304	315	0	0	87	176
5041	RBL1_ENSG00000080839_183405.4	924	298	988	1823	514	260	335	555
5042	RBL1_ENSG00000080839_183406.5	1789	959	1937	767	455	295	623	903
5043	RBL1_ENSG00000080839_183407.6	2328	1217	2663	1247	2264	571	1103	1229
5044	RBL1_ENSG00000080839_183408.7	537	195	588	191	1343	126	230	320
5045	RBL1_ENSG00000080839_183409.8	522	162	627	1	0	0	159	260
5046	RBL2_ENSG00000103479_85678.1	1169	529	1095	812	1013	146	271	645
5047	RBL2_ENSG00000103479_85679.2	1215	601	1289	803	397	815	222	576
5048	RBL2_ENSG00000103479_85680.3	869	386	1003	342	263	414	293	531
5049	RBL2_ENSG00000103479_85681.4	810	329	774	229	659	322	305	368
5050	RBL2_ENSG00000103479_85682.5	671	74	783	1076	0	773	410	361
5051	RBL2_ENSG00000103479_85683.6	622	1	527	197	0	0	48	305
5052	RC3H1_ENSG00000135870_144958.1	575	268	614	0	879	120	136	398
5053	RC3H1_ENSG00000135870_144959.2	1893	567	2021	1966	842	599	881	942
5054	RC3H1_ENSG00000135870_144960.3	1635	369	1827	998	4116	369	967	938
5055	RC3H1_ENSG00000135870_144961.4	1288	358	1290	654	1855	0	466	641
5056	RC3H1_ENSG00000135870_144962.5	2449	710	2275	584	1311	574	530	1100
5057	RC3H1_ENSG00000135870_144963.6	989	377	1072	469	1020	345	297	521
5058	RCBTB1_ENSG00000136144_65592.1	1271	547	1364	1104	2248	701	322	722
5059	RCBTB1_ENSG00000136144_65593.2	929	510	904	471	0	546	388	553
5060	RCBTB1_ENSG00000136144_65594.3	1497	557	1702	775	1023	1175	376	877
5061	RCBTB1_ENSG00000136144_65595.4	1067	232	1364	618	1088	149	1034	733
5062	RCBTB1_ENSG00000136144_65596.5	416	137	346	217	959	574	176	247
5063	RCBTB1_ENSG00000136144_65597.6	1702	723	1691	746	759	459	396	933
5064	RCOR1_ENSG00000089902_57836.1	139	0	99	0	125	0	23	43
5065	RCOR1_ENSG00000089902_57837.2	329	52	399	143	0	0	174	191
5066	RCOR1_ENSG00000089902_57838.3	992	236	854	207	1573	134	155	435
5067	RCOR1_ENSG00000089902_57839.4	699	189	585	540	918	127	11	287
5068	RCOR1_ENSG00000089902_57840.5	1062	329	1203	567	619	406	621	556
5069	RCOR1_ENSG00000089902_57841.6	2592	695	3096	1328	1927	911	1531	1639
5070	RCOR2_ENSG00000167771_96073.1	1264	289	1329	226	3	139	298	641
5071	RCOR2_ENSG00000167771_96074.2	1317	458	1274	1566	1225	261	343	726
5072	RCOR2_ENSG00000167771_96075.3	1597	332	1533	503	1902	0	757	987
5073	RCOR2_ENSG00000167771_96076.4	1720	634	2174	486	1233	496	876	1206
5074	RCOR2_ENSG00000167771_96077.5	1564	286	1534	1105	2339	429	192	760
5075	RCOR2_ENSG00000167771_96078.6	697	279	587	267	786	0	207	297
5076	RCOR3_ENSG00000117625_200259.1	2820	1780	3013	1587	1990	522	671	1600
5077	RCOR3_ENSG00000117625_200260.2	434	300	385	0	1369	123	98	180
5078	RCOR3_ENSG00000117625_200261.3	432	0	509	534	0	148	299	254
5079	RCOR3_ENSG00000117625_200262.4	577	66	581	0	12	302	164	289
5080	RCOR3_ENSG00000117625_200263.5	718	412	660	775	591	382	271	422
5081	RCOR3_ENSG00000117625_200264.6	848	229	846	1077	862	408	99	449
5082	REC8_ENSG00000100918_112343.1	1576	631	1895	868	240	275	1000	967
5083	REC8_ENSG00000100918_112344.2	2026	318	1864	586	324	280	1168	951
5084	REC8_ENSG00000100918_112345.3	1166	256	1374	696	1095	397	448	794
5085	REC8_ENSG00000100918_112346.4	1107	372	931	676	3292	653	48	383
5086	REC8_ENSG00000100918_112347.5	977	251	1004	756	161	213	334	626
5087	REC8_ENSG00000100918_112348.6	1190	541	1149	1140	1014	135	177	620
5088	RECQL_ENSG00000004700_6160.1	2214	620	2334	1261	1902	600	519	1274
5089	RECQL_ENSG00000004700_6161.2	928	379	1280	307	562	269	150	598
5090	RECQL_ENSG00000004700_6162.3	1708	714	1698	1288	990	231	490	832
5091	RECQL_ENSG00000004700_6163.4	628	261	660	198	147	131	224	318
5092	RECQL_ENSG00000004700_6164.5	1418	438	1533	1505	1317	615	900	924
5093	RECQL_ENSG00000004700_6165.6	1875	795	1768	786	1436	145	462	1128
5094	RECQL4_ENSG00000160957_183472.1	379	146	565	747	752	140	212	252
5095	RECQL4_ENSG00000160957_183473.2	344	61	327	163	1067	0	55	143
5096	RECQL4_ENSG00000160957_183474.3	1665	877	2120	567	2449	0	793	1150
5097	RECQL4_ENSG00000160957_183475.4	919	254	1137	198	346	432	297	469
5098	RECQL4_ENSG00000160957_183476.5	716	199	685	562	782	0	370	501
5099	RECQL4_ENSG00000160957_183477.6	612	136	648	430	21	380	24	241
5100	RECQL5_ENSG00000108469_101087.1	1695	767	1986	1163	1362	403	724	1087
5101	RECQL5_ENSG00000108469_101088.2	1315	658	1232	912	234	0	449	712
5102	RECQL5_ENSG00000108469_101089.3	1958	417	1984	2201	35	906	1150	1164
5103	RECQL5_ENSG00000108469_101090.4	1210	490	1328	826	750	225	783	759
5104	RECQL5_ENSG00000108469_101091.5	700	296	699	532	312	147	157	383
5105	RECQL5_ENSG00000108469_101092.6	1557	139	1919	1071	2117	259	636	1031
5106	RERE_ENSG00000142599_67493.1	801	418	909	594	1089	0	299	540
5107	RERE_ENSG00000142599_67494.2	1048	472	1124	1752	1715	176	56	363
5108	RERE_ENSG00000142599_67495.3	1847	326	1931	3	1931	570	931	909
5109	RERE_ENSG00000142599_67496.4	998	465	1168	564	531	332	419	501
5110	RERE_ENSG00000142599_67497.5	1207	461	1556	516	1019	717	741	809
5111	RERE_ENSG00000142599_67498.6	844	186	1024	258	613	0	508	508
5112	REST_ENSG00000084093_28218.1	1125	1023	1322	1008	1219	0	323	592
5113	REST_ENSG00000084093_28219.2	887	450	894	886	464	0	565	580
5114	REST_ENSG00000084093_28220.3	428	69	528	0	506	135	79	234
5115	REST_ENSG00000084093_28221.4	3261	1249	3262	1325	2712	229	1535	1583
5116	REST_ENSG00000084093_28222.5	1487	531	1393	578	814	409	829	737
5117	REST_ENSG00000084093_28223.6	1703	660	2461	1968	1500	275	1045	1242
5118	RFWD2_ENSG00000143207_98518.1	699	428	847	385	359	0	66	270
5119	RFWD2_ENSG00000143207_98519.2	1459	1104	1795	1049	2331	423	762	939
5120	RFWD2_ENSG00000143207_98520.3	1231	303	1184	286	594	424	474	768
5121	RFWD2_ENSG00000143207_98521.4	1747	480	1951	438	1592	263	668	958
5122	RFWD2_ENSG00000143207_98522.5	687	187	709	334	283	150	190	351
5123	RFWD2_ENSG00000143207_98523.6	1364	523	1603	619	983	408	390	667
5124	RFX4_ENSG00000111783_89135.1	1911	782	1945	734	1428	435	704	978
5125	RFX4_ENSG00000111783_89136.2	1150	301	1365	252	864	138	612	698
5126	RFX4_ENSG00000111783_89137.3	1742	1189	1799	1050	1133	1180	420	907
5127	RFX4_ENSG00000111783_89138.4	673	221	512	218	0	376	224	390
5128	RFX4_ENSG00000111783_89139.5	1202	100	1006	217	142	134	293	429
5129	RFX4_ENSG00000111783_89140.6	1830	702	1847	1472	1663	970	553	1062
5130	RFX5_ENSG00000143390_94144.1	3542	1161	3374	2135	1592	143	805	1719
5131	RFX5_ENSG00000143390_94145.2	778	233	623	305	498	131	185	364
5132	RFX5_ENSG00000143390_94146.3	1094	267	1223	333	1703	281	385	611
5133	RFX5_ENSG00000143390_94147.4	560	227	588	72	538	0	275	318
5134	RFX5_ENSG00000143390_94148.5	2017	649	2045	682	1799	1039	893	1109
5135	RFX5_ENSG00000143390_94149.6	431	0	522	0	593	0	133	242
5136	RFXANK_ENSG00000064490_151701.1	1345	462	1324	1432	1086	0	471	874
5137	RFXANK_ENSG00000064490_151702.2	1447	626	1586	1568	423	532	566	806
5138	RFXANK_ENSG00000064490_151703.3	972	181	1072	1804	256	0	355	468
5139	RFXANK_ENSG00000064490_151704.4	2565	1155	2902	953	1047	409	1023	1337
5140	RFXANK_ENSG00000064490_151705.5	1652	410	1718	355	942	659	1028	962
5141	RFXANK_ENSG00000064490_151706.6	1964	515	2090	1194	1092	989	447	972
5142	RFXAP_ENSG00000133111_22134.1	307	250	230	232	230	0	22	118
5143	RFXAP_ENSG00000133111_22135.2	647	163	716	169	282	292	215	383
5144	RFXAP_ENSG00000133111_22136.3	299	130	278	142	429	0	56	149
5145	RFXAP_ENSG00000133111_22137.4	1205	665	1269	361	536	249	439	746
5146	RFXAP_ENSG00000133111_22138.5	1185	214	1214	243	400	0	370	628
5147	RFXAP_ENSG00000133111_22139.6	1565	140	1744	1311	900	392	320	944
5148	RING1_ENSG00000204227_66035.1	979	795	1185	894	1564	956	467	699
5149	RING1_ENSG00000204227_66036.2	1853	762	1773	874	1895	289	574	953
5150	RING1_ENSG00000204227_66037.3	1118	643	1193	339	388	0	717	700
5151	RING1_ENSG00000204227_66038.4	561	189	736	170	219	832	240	391
5152	RING1_ENSG00000204227_66039.5	2211	720	2210	2129	1825	399	908	1170
5153	RING1_ENSG00000204227_66040.6	516	219	481	438	284	131	88	258
5154	RNASEK-C17orf49_ENSG00000161939_204221.1	645	267	709	391	1665	0	96	285
5155	RNASEK-C17orf49_ENSG00000161939_204222.2	909	317	1170	800	743	0	259	520
5156	RNASEK-C17orf49_ENSG00000161939_204223.3	1664	365	1599	670	3167	733	710	990
5157	RNASEK-C17orf49_ENSG00000161939_204224.4	357	281	359	1	256	457	18	145
5158	RNASEK-C17orf49_ENSG00000161939_204225.5	391	176	530	1323	288	79	172	255
5159	RNASEK-C17orf49_ENSG00000161939_204226.6	831	403	1072	431	340	0	326	527
5160	RNF168_ENSG00000163961_68403.1	910	528	873	378	536	0	389	424
5161	RNF168_ENSG00000163961_68404.2	416	59	309	0	235	0	135	222
5162	RNF168_ENSG00000163961_68405.3	1709	1023	2131	1709	1179	0	888	1048
5163	RNF168_ENSG00000163961_68406.4	698	55	757	337	370	409	190	311
5164	RNF168_ENSG00000163961_68407.5	2970	1560	3135	2027	4041	596	802	1620
5165	RNF168_ENSG00000163961_68408.6	867	277	938	0	252	137	469	460
5166	RNF17_ENSG00000132972_79824.1	1210	375	1579	923	447	86	1066	1029
5167	RNF17_ENSG00000132972_79825.2	2064	483	2317	773	2352	239	876	1208
5168	RNF17_ENSG00000132972_79826.3	1079	219	1283	689	962	128	618	744
5169	RNF17_ENSG00000132972_79827.4	2191	645	2139	836	1120	411	778	1000
5170	RNF17_ENSG00000132972_79828.5	1652	470	1558	546	317	243	1032	801
5171	RNF17_ENSG00000132972_79829.6	1370	419	1443	659	966	282	269	609
5172	RNF2_ENSG00000121481_39945.1	717	529	652	378	0	142	183	381
5173	RNF2_ENSG00000121481_39946.2	1576	1013	1711	330	1449	133	808	882
5174	RNF2_ENSG00000121481_39947.3	1292	593	1585	474	239	149	367	714
5175	RNF2_ENSG00000121481_39948.4	1189	237	1191	611	609	410	312	723
5176	RNF2_ENSG00000121481_39949.5	1151	277	1428	696	1552	126	749	677
5177	RNF2_ENSG00000121481_39950.6	1751	781	1932	1284	1400	152	887	1117
5178	RNF20_ENSG00000155827_78986.1	1206	771	1285	501	202	320	240	708
5179	RNF20_ENSG00000155827_78987.2	1175	711	1461	620	1808	416	450	767
5180	RNF20_ENSG00000155827_78988.3	2312	404	2535	1544	1867	893	1027	1448
5181	RNF20_ENSG00000155827_78989.4	819	203	628	62	482	0	335	353
5182	RNF20_ENSG00000155827_78990.5	2751	1400	3102	1583	1784	1478	891	1516
5183	RNF20_ENSG00000155827_78991.6	2279	755	2334	548	1359	802	1059	1492
5184	RNF217_ENSG00000146373_145075.1	1216	489	1356	438	542	162	879	707
5185	RNF217_ENSG00000146373_145076.2	777	706	1042	1314	383	858	312	404
5186	RNF217_ENSG00000146373_145077.3	577	232	580	872	0	0	179	244
5187	RNF217_ENSG00000146373_145078.4	844	134	745	2	371	238	415	451
5188	RNF217_ENSG00000146373_145079.5	2719	1293	2667	854	2317	612	1868	1715
5189	RNF217_ENSG00000146373_145080.6	1964	1647	2433	1408	2274	0	901	1122
5190	RNF40_ENSG00000103549_35152.1	721	71	821	160	624	115	170	298
5191	RNF40_ENSG00000103549_35153.2	81	0	165	0	254	0	35	83
5192	RNF40_ENSG00000103549_35154.3	737	342	724	150	723	293	339	431
5193	RNF40_ENSG00000103549_35155.4	1842	752	2068	1790	1546	251	249	906
5194	RNF40_ENSG00000103549_35156.5	1533	915	1397	441	281	134	303	645
5195	RNF40_ENSG00000103549_35157.6	1298	261	1392	1152	566	4	312	661
5196	RNF8_ENSG00000112130_62495.1	1754	375	1592	1108	1049	267	175	588
5197	RNF8_ENSG00000112130_62496.2	823	427	1008	653	604	0	757	510
5198	RNF8_ENSG00000112130_62497.3	1062	295	1188	259	618	144	190	562
5199	RNF8_ENSG00000112130_62498.4	2656	1381	2536	1172	2057	366	722	1121
5200	RNF8_ENSG00000112130_62499.5	867	169	715	455	792	0	274	392
5201	RNF8_ENSG00000112130_62500.6	1254	317	1138	562	736	146	359	524
5202	RP1-27O5.3_ENSG00000254553_119146.1	900	588	967	395	2015	133	327	527
5203	RP1-27O5.3_ENSG00000254553_119147.2	753	583	878	935	611	447	339	362
5204	RP1-27O5.3_ENSG00000254553_119148.3	1311	655	1408	606	250	292	297	733
5205	RP1-27O5.3_ENSG00000254553_119149.4	1472	498	1447	661	1340	0	843	625
5206	RP1-27O5.3_ENSG00000254553_119150.5	1601	656	1420	885	636	184	773	928
5207	RP1-27O5.3_ENSG00000254553_119151.6	1724	391	1794	106	1675	846	457	916
5208	RP11-12J10.3_ENSG00000258539_171454.7	860	764	899	0	253	414	113	351
5209	RP11-12J10.3_ENSG00000258539_171456.9	940	362	1054	550	253	124	506	498
5210	RP11-212D19.4_ENSG00000255663_62602.8	720	179	680	296	282	0	88	303
5211	RP11-212D19.4_ENSG00000255663_62603.9	675	118	810	777	153	161	426	439
5212	RP11-212D19.4_ENSG00000255663_62604.1	1135	605	1151	1	1260	0	153	674
5213	RP11-371E8.4_ENSG00000259066_33030.8	993	403	1184	566	1291	295	520	627
5214	RP11-371E8.4_ENSG00000259066_33031.9	1744	860	1714	741	758	667	491	915
5215	RP11-371E8.4_ENSG00000259066_33032.1	796	507	1011	1934	554	366	393	675
5216	RP11-529K1.3_ENSG00000260537_51996.8	1098	217	915	640	1091	155	268	447
5217	RP11-529K1.3_ENSG00000260537_51997.9	319	59	288	0	288	0	53	107
5218	RP11-529K1.3_ENSG00000260537_51998.1	656	0	772	430	597	317	179	402
5219	RP11-603J24.9_ENSG00000257411_94845.4	889	241	1112	230	851	258	352	635
5220	RP11-603J24.9_ENSG00000257411_94846.5	964	243	769	117	1188	255	109	282
5221	RP11-603J24.9_ENSG00000257411_94847.6	446	182	572	312	703	0	256	309
5222	RP11-603J24.9_ENSG00000257411_94849.8	717	183	833	402	693	270	198	403
5223	RP11-603J24.9_ENSG00000257411_94850.9	1555	373	1754	1237	1278	0	603	811
5224	RP11-793H13.10_ENSG00000267281_47679.1	367	136	492	400	533	233	224	259
5225	RPA1_ENSG00000132383_133883.1	1976	378	1853	1235	1918	433	822	881
5226	RPA1_ENSG00000132383_133884.2	713	278	613	227	1596	119	184	384
5227	RPA1_ENSG00000132383_133885.3	1230	242	1232	241	622	260	515	663
5228	RPA1_ENSG00000132383_133886.4	1292	274	1143	1086	1246	423	264	688
5229	RPA1_ENSG00000132383_133887.5	1078	449	1296	649	557	0	547	688
5230	RPA1_ENSG00000132383_133888.6	2330	428	2506	1203	1663	882	1145	1357
5231	RPA3_ENSG00000106399_201789.1	620	287	611	165	412	0	175	277
5232	RPA3_ENSG00000106399_201790.2	1303	519	1345	1165	1880	106	190	716
5233	RPA3_ENSG00000106399_201791.3	768	183	887	368	645	144	380	540
5234	RPA3_ENSG00000106399_201792.4	1942	670	2323	1150	1721	581	1099	1273
5235	RPA3_ENSG00000106399_201793.5	1567	658	2083	2370	1977	345	888	1008
5236	RPA3_ENSG00000106399_201794.6	724	151	848	504	607	154	203	509
5237	RPH3A_ENSG00000089169_106502.1	1253	202	1235	928	118	140	529	663
5238	RPH3A_ENSG00000089169_106503.2	1707	733	2064	508	1827	276	852	1049
5239	RPH3A_ENSG00000089169_106504.3	1325	446	1376	683	0	614	791	669
5240	RPH3A_ENSG00000089169_106505.4	452	334	583	0	961	470	210	334
5241	RPH3A_ENSG00000089169_106506.5	501	435	490	144	184	0	156	248
5242	RPH3A_ENSG00000089169_106507.6	986	466	1237	961	1154	569	675	622
5243	RPP25_ENSG00000178718_70843.1	1621	194	1685	973	596	366	590	1008
5244	RPP25_ENSG00000178718_70844.2	1757	287	1888	2	2067	0	462	918
5245	RPP25_ENSG00000178718_70845.3	1524	537	1474	1164	1661	592	332	704
5246	RPP25_ENSG00000178718_70846.4	1629	571	1630	1301	670	642	955	946
5247	RPP25_ENSG00000178718_70847.5	798	157	708	308	556	146	114	381
5248	RPP25_ENSG00000178718_70848.6	357	73	268	164	0	0	158	96
5249	RPP25L_ENSG00000164967_188165.1	1270	226	1141	1202	1897	1962	397	715
5250	RPP25L_ENSG00000164967_188166.2	2038	513	2064	1819	1428	121	335	1008
5251	RPP25L_ENSG00000164967_188167.3	745	409	802	396	1143	2102	205	454
5252	RPP25L_ENSG00000164967_188168.4	768	679	924	180	1965	379	176	435
5253	RPP25L_ENSG00000164967_188169.5	951	112	908	151	1128	1227	134	419
5254	RPP25L_ENSG00000164967_188170.6	1948	910	1667	659	1316	902	549	873
5255	RPS19BP1_ENSG00000187051_122379.1	2054	422	1846	1434	937	0	781	1061
5256	RPS19BP1_ENSG00000187051_122380.2	1228	111	1393	635	1072	141	275	598
5257	RPS19BP1_ENSG00000187051_122381.3	1546	396	1757	1067	915	1085	397	1043
5258	RPS19BP1_ENSG00000187051_122382.4	1099	387	1167	1686	263	304	423	610
5259	RPS19BP1_ENSG00000187051_122383.5	1061	364	1106	561	212	156	479	546
5260	RPS19BP1_ENSG00000187051_122384.6	151	62	228	199	0	0	28	91
5261	RPS6KA3_ENSG00000177189_64448.1	811	351	946	333	2202	548	512	532
5262	RPS6KA3_ENSG00000177189_64449.2	2090	825	2107	1637	1209	307	935	1233
5263	RPS6KA3_ENSG00000177189_64450.3	1266	293	1280	1106	1195	389	235	833
5264	RPS6KA3_ENSG00000177189_64451.4	2109	900	2288	1467	1846	1053	484	1011
5265	RPS6KA3_ENSG00000177189_64452.5	637	307	652	444	303	278	279	382
5266	RPS6KA3_ENSG00000177189_64453.6	649	265	604	294	749	0	285	395
5267	RPS6KA4_ENSG00000162302_74891.1	420	175	517	139	351	0	277	290
5268	RPS6KA4_ENSG00000162302_74892.2	1607	602	1735	1066	1371	307	1286	990
5269	RPS6KA4_ENSG00000162302_74893.3	2201	1083	2233	482	1725	292	454	914
5270	RPS6KA4_ENSG00000162302_74894.4	840	198	1244	296	1014	0	629	567
5271	RPS6KA4_ENSG00000162302_74895.5	486	69	462	0	47	0	126	280
5272	RPS6KA4_ENSG00000162302_74896.6	523	383	611	0	0	0	135	319
5273	RPS6KA5_ENSG00000100784_40926.1	869	55	1059	477	809	104	457	526
5274	RPS6KA5_ENSG00000100784_40927.2	2272	870	2094	1059	1402	0	728	1137
5275	RPS6KA5_ENSG00000100784_40928.3	544	52	473	501	0	0	88	171
5276	RPS6KA5_ENSG00000100784_40929.4	1796	118	1191	675	913	417	404	702
5277	RPS6KA5_ENSG00000100784_40930.5	795	517	958	367	930	0	572	578
5278	RPS6KA5_ENSG00000100784_40931.6	825	198	940	538	821	133	501	529
5279	RSF1_ENSG00000048649_3569.1	1528	258	1597	1155	335	149	541	709
5280	RSF1_ENSG00000048649_3570.2	756	47	706	0	679	124	203	304
5281	RSF1_ENSG00000048649_3571.3	304	120	310	209	477	127	170	251
5282	RSF1_ENSG00000048649_3572.4	1186	474	1034	877	804	0	317	515
5283	RSF1_ENSG00000048649_3573.5	713	220	853	1335	341	377	347	441
5284	RSF1_ENSG00000048649_3574.6	2449	593	2432	1608	2885	991	977	1431
5285	RTEL1_ENSG00000258366_108771.1	500	399	662	345	139	138	165	275
5286	RTEL1_ENSG00000258366_108772.2	1188	384	1579	337	301	267	696	809
5287	RTEL1_ENSG00000258366_108773.3	1042	133	1096	164	532	327	373	542
5288	RTEL1_ENSG00000258366_108774.4	1146	446	1252	243	984	258	551	693
5289	RTEL1_ENSG00000258366_108775.5	531	198	598	178	290	147	239	257
5290	RTEL1_ENSG00000258366_108776.6	814	266	839	279	507	0	132	479
5291	RTF1_ENSG00000137815_37056.1	1141	479	1261	409	1183	401	318	669
5292	RTF1_ENSG00000137815_37057.2	776	375	589	282	892	113	55	236
5293	RTF1_ENSG00000137815_37058.3	620	358	605	1059	0	153	57	282
5294	RTF1_ENSG00000137815_37059.4	244	61	263	292	0	0	28	106
5295	RTF1_ENSG00000137815_37060.5	1463	764	1338	136	1239	121	511	605
5296	RTF1_ENSG00000137815_37061.6	389	178	399	0	0	324	75	179
5297	RUNX1_ENSG00000159216_85708.1	1152	598	1296	816	698	667	462	689
5298	RUNX1_ENSG00000159216_85709.2	1235	210	1255	800	1320	140	505	523
5299	RUNX1_ENSG00000159216_85710.3	2818	1362	3020	1387	1241	1030	1856	1572
5300	RUNX1_ENSG00000159216_85711.4	643	218	598	114	464	0	147	329
5301	RUNX1_ENSG00000159216_85712.5	1209	519	1097	830	433	590	664	736
5302	RUNX1_ENSG00000159216_85713.6	904	381	767	750	627	79	117	379
5303	RUVBL1_ENSG00000175792_125742.1	1431	330	1289	562	498	305	476	742
5304	RUVBL1_ENSG00000175792_125743.2	343	147	353	1	0	319	63	143
5305	RUVBL1_ENSG00000175792_125744.3	1478	353	1258	864	1054	1	949	900
5306	RUVBL1_ENSG00000175792_125745.4	753	542	667	299	741	375	270	296
5307	RUVBL1_ENSG00000175792_125746.5	1176	436	1272	98	529	94	266	568
5308	RUVBL1_ENSG00000175792_125747.6	715	483	803	208	1799	136	144	343
5309	RUVBL2_ENSG00000183207_159313.1	1678	579	1583	494	2027	974	728	883
5310	RUVBL2_ENSG00000183207_159314.2	1307	680	1506	1180	1736	75	249	616
5311	RUVBL2_ENSG00000183207_159315.3	1547	842	1604	1127	1264	196	1116	973
5312	RUVBL2_ENSG00000183207_159316.4	981	365	1073	786	1474	127	210	429
5313	RUVBL2_ENSG00000183207_159317.5	1374	773	1350	418	270	521	314	686
5314	RUVBL2_ENSG00000183207_159318.6	1833	784	1904	793	1586	584	975	1080
5315	SAE1_ENSG00000142230_14042.1	2001	593	2103	169	1857	927	1138	1244
5316	SAE1_ENSG00000142230_14043.2	1090	551	1231	346	970	215	344	635
5317	SAE1_ENSG00000142230_14044.3	845	209	990	1152	0	112	301	471
5318	SAE1_ENSG00000142230_14045.4	1293	526	1287	1274	1836	111	339	600
5319	SAE1_ENSG00000142230_14046.5	723	238	726	423	742	541	179	459
5320	SAE1_ENSG00000142230_14047.6	216	27	225	0	585	0	260	132
5321	safe_0Safe_204560.5	1743	621	2082	575	930	1144	581	1096
5322	safe_0Safe_204575.5	798	261	852	615	1189	289	348	546
5323	safe_0Safe_204579.5	1087	552	1281	814	2413	310	261	706
5324	safe_0Safe_204603.5	1045	534	1213	579	455	0	419	566
5325	safe_0Safe_204613.5	1500	251	1322	491	464	134	600	831
5326	safe_0Safe_204633.5	624	510	633	366	251	0	67	348
5327	safe_0Safe_204670.5	912	390	653	575	154	0	373	413
5328	safe_0Safe_204718.5	1439	646	1711	513	1580	201	210	779
5329	safe_0Safe_204751.5	1447	824	1580	917	2418	816	641	812
5330	safe_0Safe_204762.5	1785	390	1698	468	1100	674	323	1030
5331	safe_0Safe_204770.5	947	278	903	161	989	0	85	515
5332	safe_0Safe_204838.5	1814	394	1896	1414	400	519	314	1047
5333	safe_0Safe_204891.5	542	169	635	470	250	130	157	316
5334	safe_0Safe_204904.5	978	362	1177	604	650	259	382	595
5335	safe_0Safe_204933.5	1260	302	1199	723	930	71	449	602
5336	safe_0Safe_204972.5	1340	227	1385	818	1034	617	455	808
5337	safe_0Safe_204997.5	619	531	547	461	0	0	184	321
5338	safe_0Safe_205010.5	552	218	545	507	487	293	284	294
5339	safe_0Safe_205184.5	1716	1067	1820	904	1246	457	190	814
5340	safe_0Safe_205191.5	1165	394	1245	809	865	430	720	727
5341	safe_0Safe_205212.5	959	131	1057	0	636	0	531	544
5342	safe_0Safe_205214.5	466	66	572	0	1590	0	134	318
5343	safe_0Safe_205216.5	2597	987	2667	1890	1708	672	1146	1548
5344	safe_0Safe_205252.5	858	129	832	763	850	0	309	406
5345	safe_0Safe_205259.5	873	399	1042	464	509	680	111	459
5346	safe_0Safe_205267.5	2875	1006	3104	1019	5461	1054	1562	1997
5347	safe_0Safe_205281.5	1936	688	1558	667	995	0	645	797
5348	safe_0Safe_205290.5	934	224	920	747	1682	270	55	394
5349	safe_0Safe_205367.5	1530	708	1458	1217	1510	140	755	860
5350	safe_0Safe_205399.5	3101	665	3177	1108	2403	1184	1009	1717
5351	safe_0Safe_205403.5	2265	1138	2408	1457	1795	688	492	1030
5352	safe_0Safe_205451.5	1505	382	1379	363	583	0	287	790
5353	safe_0Safe_205497.5	1324	312	1413	746	836	294	220	716
5354	safe_0Safe_205542.5	1281	622	1456	1479	1410	156	584	672
5355	safe_0Safe_205569.6	679	320	654	801	239	317	65	351
5356	safe_0Safe_205588.6	605	260	553	347	314	0	209	326
5357	safe_0Safe_205612.6	959	189	1055	418	823	813	604	568
5358	safe_0Safe_205637.6	751	326	595	557	193	266	197	344
5359	safe_0Safe_205641.6	1546	738	1458	1181	1082	674	264	806
5360	safe_0Safe_205677.6	606	173	502	179	621	136	117	255
5361	safe_0Safe_205719.6	1674	425	1718	1471	1483	441	492	977
5362	safe_0Safe_205750.6	790	785	948	408	1255	460	224	474
5363	safe_0Safe_205787.6	486	174	595	167	436	457	222	330
5364	safe_0Safe_205847.6	1172	230	1166	109	884	242	351	572
5365	safe_0Safe_205848.6	989	329	1301	921	657	0	471	625
5366	safe_0Safe_205870.6	567	163	515	288	1130	0	220	279
5367	safe_0Safe_205886.6	1018	169	816	918	1601	721	141	517
5368	safe_0Safe_205948.6	1089	869	1274	710	268	0	362	744
5369	safe_0Safe_205954.6	860	150	882	1093	256	135	100	556
5370	safe_0Safe_205992.6	364	251	434	816	40	160	235	265
5371	safe_0Safe_206008.6	1271	559	1217	546	1234	496	404	710
5372	safe_0Safe_206010.6	1775	458	1514	1101	1191	589	321	1016
5373	safe_0Safe_206029.6	1277	553	1396	1041	966	414	343	760
5374	safe_0Safe_206077.2	1125	718	1091	352	1131	163	399	620
5375	safe_0Safe_206080.2	472	353	472	189	721	131	164	242
5376	safe_0Safe_206114.2	2024	923	2255	1525	3060	897	652	1112
5377	safe_0Safe_206146.2	851	332	976	592	802	0	358	584
5378	safe_0Safe_206190.2	1062	265	1183	869	400	193	456	643
5379	safe_0Safe_206256.2	1103	758	1100	1184	1118	139	588	734
5380	safe_0Safe_206263.2	800	279	863	678	1232	745	368	484
5381	safe_0Safe_206428.2	1293	604	1370	1118	444	293	390	670
5382	safe_0Safe_206437.2	940	566	862	148	1109	467	283	528
5383	safe_0Safe_206457.2	2520	1532	2968	1457	2587	1155	861	1472
5384	safe_0Safe_206465.2	2296	1103	2433	1648	1864	915	845	1297
5385	safe_0Safe_206474.2	1658	648	1629	1285	777	123	786	1126
5386	safe_0Safe_206478.2	1291	811	1132	1200	413	135	398	657
5387	safe_0Safe_206484.2	1194	339	1216	991	423	563	260	753
5388	safe_0Safe_206496.2	1890	739	1652	142	1343	273	563	949
5389	safe_0Safe_206518.2	906	323	875	95	72	70	258	502
5390	safe_0Safe_206648.2	665	104	514	166	186	125	200	314
5391	safe_0Safe_206653.2	1100	217	1047	0	864	369	169	546
5392	safe_0Safe_206665.2	1114	394	1402	491	856	383	833	856
5393	safe_0Safe_206685.2	2248	881	2544	2520	976	424	1098	1268
5394	safe_0Safe_206711.2	398	166	304	240	0	135	37	224
5395	safe_0Safe_206747.2	1132	246	970	1065	0	304	354	627
5396	safe_0Safe_206791.2	550	408	552	284	548	402	114	293
5397	safe_0Safe_206832.1	607	96	626	408	20	93	281	357
5398	safe_0Safe_206929.1	1844	1203	2067	886	1644	568	1134	1164
5399	safe_0Safe_206933.1	1803	675	2234	1274	2530	681	906	1142
5400	safe_0Safe_206946.1	891	233	915	398	829	1018	136	473
5401	safe_0Safe_206954.1	1169	855	1381	440	456	0	532	682
5402	safe_0Safe_206980.1	647	280	440	139	79	0	21	254
5403	safe_0Safe_207065.1	1577	596	1516	867	872	414	463	823
5404	safe_0Safe_207079.1	634	308	766	598	337	134	301	480
5405	safe_0Safe_207118.1	950	188	983	647	1198	0	541	595
5406	safe_0Safe_207153.1	1565	481	1663	1300	2247	679	893	1034
5407	safe_0Safe_207157.1	1049	98	1046	485	0	395	405	643
5408	safe_0Safe_207214.1	829	491	886	0	129	139	414	509
5409	safe_0Safe_207218.1	840	419	868	306	777	416	336	392
5410	safe_0Safe_207294.1	1304	521	1304	582	11	114	827	884
5411	safe_0Safe_207301.8	1129	620	1074	1393	672	94	169	623
5412	safe_0Safe_207302.8	1563	966	1593	1092	1051	563	1003	1051
5413	safe_0Safe_207330.8	810	150	787	449	111	0	220	453
5414	safe_0Safe_207405.9	2412	1238	2396	2132	1610	807	907	1384
5415	safe_0Safe_207443.9	1361	489	1514	1556	432	419	700	814
5416	safe_0Safe_207447.9	1980	646	2153	850	1446	390	1390	1218
5417	safe_0Safe_207468.9	376	248	425	101	0	0	73	246
5418	safe_0Safe_207475.9	939	148	892	201	6	317	186	423
5419	safe_0Safe_207494.9	750	243	802	484	871	0	390	375
5420	safe_0Safe_207496.9	1265	321	1447	1127	1551	825	711	848
5421	safe_0Safe_207531	676	56	748	212	538	498	204	440
5422	safe_0Safe_207544	670	141	876	107	533	0	400	517
5423	safe_0Safe_207554.2	1843	688	1989	533	1945	428	441	1073
5424	safe_0Safe_207620.2	465	185	591	455	0	0	196	321
5425	safe_0Safe_207626.2	1650	608	2043	938	761	0	688	1073
5426	safe_0Safe_207660.2	766	168	838	627	486	303	274	351
5427	safe_0Safe_207678.2	593	209	693	0	591	0	362	456
5428	safe_0Safe_207750.2	789	168	922	687	181	228	629	400
5429	safe_0Safe_207796.2	2593	1095	2593	935	1887	119	1579	1579
5430	safe_0Safe_207833.3	522	825	548	295	252	255	317	315
5431	safe_0Safe_207850.3	3145	1194	3190	944	3527	2201	1849	2015
5432	safe_0Safe_207878.3	640	328	729	442	518	254	177	366
5433	safe_0Safe_207904.3	473	182	533	387	973	121	122	205
5434	safe_0Safe_207934.3	1066	262	955	691	676	0	274	534
5435	safe_0Safe_207985.3	427	58	349	0	0	279	118	209
5436	safe_0Safe_208006.3	883	274	906	385	988	416	339	541
5437	safe_0Safe_208133.3	820	284	974	283	629	416	360	582
5438	safe_0Safe_208144.3	1980	661	2344	811	987	454	868	1173
5439	safe_0Safe_208150.3	2058	643	2575	787	2106	1568	512	1236
5440	safe_0Safe_208185.3	472	163	404	318	311	299	29	217
5441	safe_0Safe_208199.3	1043	379	1348	503	835	283	494	742
5442	safe_0Safe_208211.3	1050	68	1384	153	541	632	569	681
5443	safe_0Safe_208244.3	374	232	381	0	0	128	105	213
5444	safe_0Safe_208255.3	324	269	766	705	295	398	306	245
5445	safe_0Safe_208410.2	974	565	987	488	2234	286	401	454
5446	safe_0Safe_208423.2	793	168	818	438	848	496	363	497
5447	safe_0Safe_208431.2	600	162	667	612	906	165	205	368
5448	safe_0Safe_208475.3	1424	778	1570	734	528	422	802	913
5449	safe_0Safe_208493.3	561	178	605	264	1954	0	162	360
5450	safe_0Safe_208514.3	205	0	227	210	324	0	39	129
5451	safe_0Safe_208522.3	776	830	1039	408	424	0	211	481
5452	safe_0Safe_208568.3	2155	523	2253	738	1541	794	897	1058
5453	safe_0Safe_208610.4	1546	773	1765	746	1704	786	988	906
5454	safe_0Safe_208613.4	750	309	873	290	910	0	364	483
5455	safe_0Safe_208625.4	636	167	624	112	529	337	146	323
5456	safe_0Safe_208643.4	1288	321	1212	708	1408	402	286	598
5457	safe_0Safe_208646.4	1047	304	912	371	745	147	226	528
5458	safe_0Safe_208657.4	828	252	1026	850	3811	119	354	523
5459	safe_0Safe_208726.5	635	166	828	343	584	0	295	455
5460	safe_0Safe_208744.5	1156	370	1181	813	1190	124	363	695
5461	safe_0Safe_208808.6	623	214	698	755	785	0	292	468
5462	safe_0Safe_208813.6	975	313	1036	217	1422	510	471	526
5463	safe_0Safe_208819.6	2106	1441	2236	537	1108	1195	960	1351
5464	safe_0Safe_208826.6	367	139	603	641	6	0	169	203
5465	safe_0Safe_208839.6	924	233	719	254	218	948	271	427
5466	safe_0Safe_208849.6	758	271	642	266	735	84	217	364
5467	safe_0Safe_208861.6	1147	572	1297	1102	330	290	697	740
5468	safe_0Safe_208868.6	563	352	454	222	285	293	135	269
5469	safe_0Safe_208922.7	923	487	864	1	141	529	489	548
5470	safe_0Safe_208923.7	1085	410	1200	844	1394	301	517	654
5471	safe_0Safe_209000.7	1430	1094	1745	799	395	126	394	947
5472	safe_0Safe_209110.4	920	287	825	412	1295	0	289	485
5473	safe_0Safe_209121.4	1181	531	1245	574	1021	496	600	707
5474	safe_0Safe_209123.4	588	180	552	238	74	291	185	353
5475	safe_0Safe_209125.4	672	191	692	833	642	0	135	397
5476	safe_0Safe_209211.4	1237	502	1198	1370	1019	294	384	764
5477	safe_0Safe_209241.4	493	183	597	212	394	137	176	310
5478	safe_0Safe_209275.4	642	326	609	0	11	135	389	321
5479	safe_0Safe_209287.4	1749	453	2033	1225	228	600	1125	1197
5480	safe_0Safe_209337.4	1476	256	1473	200	1196	143	542	699
5481	safe_0Safe_209350.4	847	304	894	101	724	89	116	526
5482	safe_0Safe_209413.4	1432	710	1345	361	670	344	425	716
5483	safe_0Safe_209433.4	2491	852	2634	871	1754	506	1229	1455
5484	safe_0Safe_209449.4	906	712	928	630	433	0	93	383
5485	safe_0Safe_209469.4	1106	500	1127	541	427	502	396	603
5486	safe_0Safe_209486.4	572	155	495	210	257	0	105	225
5487	safe_0Safe_209501.4	644	337	589	325	869	428	113	302
5488	safe_0Safe_209503.4	749	397	1010	979	1560	259	229	486
5489	safe_0Safe_209558.4	806	187	800	581	1569	122	184	418
5490	safe_0Safe_209727.4	4383	2506	4325	2698	2091	1529	2152	2427
5491	safe_0Safe_209860.3	725	211	796	342	317	423	232	458
5492	safe_0Safe_209937.3	505	246	697	557	285	0	303	381
5493	safe_0Safe_209998.3	1268	435	1233	1294	280	284	332	750
5494	safe_0Safe_210030.3	405	203	475	367	156	282	74	222
5495	safe_0Safe_210111.3	1581	349	1907	1266	1831	228	564	1125
5496	safe_0Safe_210118.3	1038	276	1043	622	560	425	451	618
5497	safe_0Safe_210157.3	795	155	967	228	484	395	562	553
5498	safe_0Safe_210168.3	951	370	983	738	266	461	374	503
5499	safe_0Safe_210189.3	3072	660	2725	1374	2095	602	337	1317
5500	safe_0Safe_210195.3	1942	587	2065	889	1453	641	822	1132
5501	safe_0Safe_210212.3	844	227	1100	757	437	546	407	532
5502	safe_0Safe_210215.3	2221	917	2374	770	1912	1338	803	1267
5503	safe_0Safe_210224.3	985	272	976	849	1086	481	524	632
5504	safe_0Safe_210226.3	2285	525	2246	1185	2384	553	276	1275
5505	safe_0Safe_210237.3	574	238	742	280	48	132	288	432
5506	safe_0Safe_210238.3	2393	487	2735	684	1693	579	1067	1436
5507	safe_0Safe_210311.4	939	415	996	510	2058	433	280	570
5508	safe_0Safe_210320.4	544	215	510	276	163	0	7	176
5509	safe_0Safe_210335.4	637	277	819	324	282	355	116	395
5510	safe_0Safe_210405.4	185	56	355	188	530	0	108	183
5511	safe_0Safe_210410.4	2167	617	2123	1423	1776	1254	69	691
5512	safe_0Safe_210418.4	2395	790	2506	1759	1263	362	1093	1360
5513	safe_0Safe_210534.4	1231	712	1332	742	382	275	519	669
5514	safe_0Safe_210577.6	553	336	741	296	395	142	261	406
5515	safe_0Safe_210621.6	1314	217	1340	649	279	136	288	692
5516	safe_0Safe_210630.6	1549	517	1526	1070	789	821	470	795
5517	safe_0Safe_210656.6	211	31	196	0	0	0	122	147
5518	safe_0Safe_210688.6	1484	530	1562	1252	1823	511	116	814
5519	safe_0Safe_210747.6	1107	441	1005	573	176	141	252	552
5520	safe_0Safe_210755.6	1529	665	1718	888	965	280	506	950
5521	safe_0Safe_210798.6	685	224	631	301	2	0	40	354
5522	safe_0Safe_210813.6	522	267	627	717	881	429	51	240
5523	safe_0Safe_210828.6	779	70	837	552	619	282	404	435
5524	safe_0Safe_210845.6	1425	450	1577	1590	1001	392	642	815
5525	safe_0Safe_210870.6	1024	305	1173	16	1015	252	561	686
5526	safe_0Safe_210899.6	1237	488	1543	813	1629	238	725	860
5527	safe_0Safe_210906.6	1014	480	1122	736	426	204	519	774
5528	safe_0Safe_210932.6	1189	544	1241	310	909	86	793	760
5529	safe_0Safe_210957.6	583	164	612	535	143	125	190	273
5530	safe_0Safe_210960.6	982	343	981	481	1184	263	141	611
5531	safe_0Safe_211007.6	1154	292	1133	483	584	135	514	552
5532	safe_0Safe_211036.6	1019	252	1185	577	0	0	435	584
5533	safe_0Safe_211091.7	425	0	507	1	0	81	93	222
5534	safe_0Safe_211097.7	515	396	601	0	851	53	127	305
5535	safe_0Safe_211136.7	1796	459	1609	204	1097	406	617	799
5536	safe_0Safe_211176.7	760	193	788	150	844	588	278	460
5537	safe_0Safe_211185.7	1906	603	1645	842	1510	860	345	1055
5538	safe_0Safe_211198.7	777	230	826	1497	513	289	270	433
5539	safe_0Safe_211201.7	2183	652	2058	909	1719	945	1219	1235
5540	safe_0Safe_211258.7	1492	675	1689	1642	593	106	717	828
5541	safe_0Safe_211261.7	1635	883	1685	517	1156	1012	777	978
5542	safe_0Safe_211279.7	954	233	827	299	404	0	330	431
5543	safe_0Safe_211281.7	1751	1235	2224	425	1189	1065	1000	995
5544	SAP130_ENSG00000136715_195131.1	668	409	657	638	612	158	359	366
5545	SAP130_ENSG00000136715_195132.2	1771	881	1787	1697	1983	1477	345	860
5546	SAP130_ENSG00000136715_195133.3	190	68	123	0	0	0	10	89
5547	SAP130_ENSG00000136715_195134.4	597	80	696	522	103	0	235	332
5548	SAP130_ENSG00000136715_195135.5	312	197	305	0	0	0	52	192
5549	SAP130_ENSG00000136715_195136.6	1069	235	1251	945	993	731	630	657
5550	SAP18_ENSG00000150459_44813.1	943	123	1197	580	642	0	170	528
5551	SAP18_ENSG00000150459_44814.2	3872	1343	4211	2275	2573	1034	1034	1859
5552	SAP18_ENSG00000150459_44815.3	1009	211	1117	637	1129	563	300	571
5553	SAP18_ENSG00000150459_44816.4	1069	445	1036	480	2057	324	383	572
5554	SAP18_ENSG00000150459_44817.5	1258	324	1385	1111	1203	400	80	504
5555	SAP18_ENSG00000150459_44818.6	684	515	560	154	1275	127	106	336
5556	SAP25_ENSG00000205307_83296.1	1113	555	1553	330	594	578	528	713
5557	SAP25_ENSG00000205307_83297.2	558	271	620	0	122	0	145	325
5558	SAP25_ENSG00000205307_83298.3	115	0	195	415	328	0	66	121
5559	SAP25_ENSG00000205307_83299.4	273	116	327	568	243	0	61	100
5560	SAP25_ENSG00000205307_83300.5	645	190	616	155	457	146	146	274
5561	SAP25_ENSG00000205307_83301.6	979	281	1188	1130	833	0	566	719
5562	SAP30_ENSG00000164105_169163.1	211	137	324	0	280	0	252	200
5563	SAP30_ENSG00000164105_169164.2	1700	312	1605	431	1814	1380	340	871
5564	SAP30_ENSG00000164105_169165.3	837	179	1043	1	0	0	522	430
5565	SAP30_ENSG00000164105_169166.4	1036	245	946	123	0	343	67	400
5566	SAP30_ENSG00000164105_169167.5	2062	591	2241	2018	1070	759	492	1073
5567	SAP30_ENSG00000164105_169168.6	724	256	799	415	1189	433	171	501
5568	SAP30L_ENSG00000164576_163710.1	784	0	941	157	403	152	361	391
5569	SAP30L_ENSG00000164576_163711.2	730	178	790	626	491	143	217	423
5570	SAP30L_ENSG00000164576_163712.3	1057	356	1096	0	543	490	555	557
5571	SAP30L_ENSG00000164576_163713.4	1231	195	1081	167	1921	131	437	549
5572	SAP30L_ENSG00000164576_163714.5	682	338	927	530	706	140	404	475
5573	SAP30L_ENSG00000164576_163715.6	362	153	477	215	0	428	66	201
5574	SATB1_ENSG00000182568_168706.1	2064	777	2288	1334	2336	353	568	1162
5575	SATB1_ENSG00000182568_168707.2	1641	606	1847	767	490	481	684	1085
5576	SATB1_ENSG00000182568_168708.3	1663	713	1934	1151	1018	148	770	940
5577	SATB1_ENSG00000182568_168709.4	1251	567	1454	775	610	419	190	709
5578	SATB1_ENSG00000182568_168710.5	1723	656	1687	135	1712	262	516	912
5579	SATB1_ENSG00000182568_168711.6	550	241	590	174	709	0	235	365
5580	SBNO1_ENSG00000139697_64650.1	1279	495	1702	797	1797	277	875	792
5581	SBNO1_ENSG00000139697_64651.2	194	0	171	0	252	0	33	92
5582	SBNO1_ENSG00000139697_64652.3	810	440	837	528	516	251	114	476
5583	SBNO1_ENSG00000139697_64653.4	1116	417	1250	728	1136	0	552	703
5584	SBNO1_ENSG00000139697_64654.5	1101	461	1159	1331	1301	256	553	691
5585	SBNO1_ENSG00000139697_64655.6	1240	834	1387	435	1564	686	324	725
5586	SCMH1_ENSG00000010803_134203.1	345	310	306	411	976	0	90	224
5587	SCMH1_ENSG00000010803_134204.2	910	237	904	225	1155	261	616	569
5588	SCMH1_ENSG00000010803_134205.3	2534	1381	3058	1721	506	693	1263	1396
5589	SCMH1_ENSG00000010803_134206.4	238	354	379	88	0	427	130	191
5590	SCMH1_ENSG00000010803_134207.5	1137	422	1198	326	724	132	508	682
5591	SCMH1_ENSG00000010803_134208.6	1053	340	1270	814	657	130	656	704
5592	SCML2_ENSG00000102098_136357.1	979	1074	1308	861	654	122	131	612
5593	SCML2_ENSG00000102098_136358.2	678	284	759	181	266	0	323	433
5594	SCML2_ENSG00000102098_136359.3	814	187	872	631	234	127	389	538
5595	SCML2_ENSG00000102098_136360.4	1005	489	1162	483	308	373	539	578
5596	SCML2_ENSG00000102098_136361.5	1663	500	1696	659	1927	163	564	950
5597	SCML2_ENSG00000102098_136362.6	1615	861	1610	392	1454	422	534	843
5598	SCML4_ENSG00000146285_36055.1	87	0	106	0	0	0	8	44
5599	SCML4_ENSG00000146285_36056.2	2919	854	2746	1886	3219	1537	928	1488
5600	SCML4_ENSG00000146285_36057.3	1031	618	1071	820	891	143	436	540
5601	SCML4_ENSG00000146285_36058.4	1014	547	1183	652	961	0	499	560
5602	SCML4_ENSG00000146285_36059.5	692	236	745	128	560	593	64	395
5603	SCML4_ENSG00000146285_36060.6	631	240	940	164	600	0	304	406
5604	SENP1_ENSG00000079387_88407.1	1357	648	1526	738	535	1471	473	845
5605	SENP1_ENSG00000079387_88408.2	179	176	416	374	294	305	149	113
5606	SENP1_ENSG00000079387_88409.3	762	322	662	286	359	423	174	367
5607	SENP1_ENSG00000079387_88410.4	504	79	622	0	158	0	80	337
5608	SENP1_ENSG00000079387_88411.5	932	605	658	365	867	589	145	386
5609	SENP1_ENSG00000079387_88412.6	1032	710	1114	340	860	124	332	797
5610	SENP3_ENSG00000161956_10179.1	855	115	607	437	404	710	86	344
5611	SENP3_ENSG00000161956_10180.2	1292	330	1406	988	1027	146	370	739
5612	SENP3_ENSG00000161956_10181.3	910	271	1125	1145	4	959	295	474
5613	SENP3_ENSG00000161956_10182.4	1492	626	1235	813	303	1280	485	620
5614	SENP3_ENSG00000161956_10183.5	235	180	292	0	265	0	18	117
5615	SENP3_ENSG00000161956_10184.6	850	330	1102	978	1048	328	200	454
5616	SENP5_ENSG00000119231_4566.1	2064	1068	2376	974	839	543	1061	1406
5617	SENP5_ENSG00000119231_4567.2	2498	650	2469	1478	1310	570	1054	1419
5618	SENP5_ENSG00000119231_4568.3	532	185	645	350	377	291	87	327
5619	SENP5_ENSG00000119231_4569.4	821	194	934	577	46	0	38	364
5620	SENP5_ENSG00000119231_4570.5	1514	217	1475	200	586	239	880	945
5621	SENP5_ENSG00000119231_4571.6	2128	827	2501	1	3000	146	999	1292
5622	SENP6_ENSG00000112701_115741.1	287	224	426	0	0	148	109	174
5623	SENP6_ENSG00000112701_115742.2	1426	265	1482	1146	1541	375	582	821
5624	SENP6_ENSG00000112701_115743.3	1258	561	1255	652	1710	418	173	665
5625	SENP6_ENSG00000112701_115744.4	700	168	778	279	886	152	275	389
5626	SENP6_ENSG00000112701_115745.5	1759	388	1777	521	208	139	812	1068
5627	SENP6_ENSG00000112701_115746.6	1081	204	1230	299	673	532	630	632
5628	SENP7_ENSG00000138468_19325.1	1216	598	1436	568	1528	395	750	767
5629	SENP7_ENSG00000138468_19326.2	1158	597	1274	528	578	838	509	841
5630	SENP7_ENSG00000138468_19327.3	622	651	708	533	0	0	288	365
5631	SENP7_ENSG00000138468_19328.4	1782	531	2142	1627	2047	522	601	1017
5632	SENP7_ENSG00000138468_19329.5	1185	450	1114	654	1788	245	231	555
5633	SENP7_ENSG00000138468_19330.6	925	252	952	729	825	379	256	546
5634	SENP8_ENSG00000166192_18890.1	1419	677	1857	797	1474	838	786	909
5635	SENP8_ENSG00000166192_18891.2	811	380	875	483	282	108	400	498
5636	SENP8_ENSG00000166192_18892.3	138	44	181	0	2	0	149	122
5637	SENP8_ENSG00000166192_18893.4	537	313	468	1	871	1	251	331
5638	SENP8_ENSG00000166192_18894.5	804	254	689	673	731	144	203	418
5639	SENP8_ENSG00000166192_18895.6	862	912	908	493	2157	174	47	366
5640	SERPINE1_ENSG00000106366_201559.1	501	0	520	553	419	151	184	305
5641	SERPINE1_ENSG00000106366_201560.2	1579	988	1778	1328	1256	813	1103	1088
5642	SERPINE1_ENSG00000106366_201561.3	2119	606	2263	1338	3449	527	814	1367
5643	SERPINE1_ENSG00000106366_201562.4	671	297	539	184	751	277	105	320
5644	SERPINE1_ENSG00000106366_201563.5	2803	865	3014	2462	3545	402	813	1557
5645	SERPINE1_ENSG00000106366_201564.6	676	54	522	299	286	140	346	305
5646	SETD1B_ENSG00000139718_75689.1	1816	713	1534	1311	1153	947	172	661
5647	SETD1B_ENSG00000139718_75690.2	438	158	520	703	266	0	76	176
5648	SETD1B_ENSG00000139718_75691.3	1028	690	1358	714	231	290	187	557
5649	SETD1B_ENSG00000139718_75692.4	1268	462	1480	846	1318	140	704	729
5650	SETD1B_ENSG00000139718_75693.5	327	0	250	0	0	0	37	138
5651	SETD1B_ENSG00000139718_75694.6	2778	1015	3006	638	3142	1135	1908	1517
5652	SETD2_ENSG00000181555_29419.1	1375	880	1516	834	1298	286	814	994
5653	SETD2_ENSG00000181555_29420.2	1153	487	1094	1220	764	240	659	655
5654	SETD2_ENSG00000181555_29421.3	1664	627	1592	1128	4192	369	281	874
5655	SETD2_ENSG00000181555_29422.4	273	57	157	263	331	260	47	150
5656	SETD2_ENSG00000181555_29423.5	1327	515	1241	244	33	151	235	624
5657	SETD2_ENSG00000181555_29424.6	1944	871	2049	1366	2039	144	518	1048
5658	SETD3_ENSG00000183576_133154.1	1210	617	1089	1032	247	133	53	535
5659	SETD3_ENSG00000183576_133155.2	1973	646	2224	1193	1890	580	686	1180
5660	SETD3_ENSG00000183576_133156.3	2308	681	2428	1413	410	261	902	1403
5661	SETD3_ENSG00000183576_133157.4	1708	295	1950	768	1558	1230	616	1185
5662	SETD3_ENSG00000183576_133158.5	855	228	1231	561	612	145	199	523
5663	SETD3_ENSG00000183576_133159.6	2544	1142	2744	1222	2716	1397	636	1547
5664	SETD4_ENSG00000185917_140872.1	368	92	379	0	19	163	67	173
5665	SETD4_ENSG00000185917_140873.2	1109	459	1175	429	1109	289	532	688
5666	SETD4_ENSG00000185917_140874.3	1296	378	1349	1066	1417	0	385	631
5667	SETD4_ENSG00000185917_140875.4	1180	506	1134	900	0	609	449	573
5668	SETD4_ENSG00000185917_140876.5	854	593	883	845	201	246	476	493
5669	SETD4_ENSG00000185917_140877.6	697	385	848	165	1068	2	172	392
5670	SETD5_ENSG00000168137_24566.1	1656	989	1898	877	2969	277	357	967
5671	SETD5_ENSG00000168137_24567.2	2147	320	1887	1430	1992	843	760	1060
5672	SETD5_ENSG00000168137_24568.3	1924	1235	2405	1231	1347	543	878	1168
5673	SETD5_ENSG00000168137_24569.4	949	686	1215	1252	1412	265	482	668
5674	SETD5_ENSG00000168137_24570.5	641	194	763	549	0	426	225	346
5675	SETD5_ENSG00000168137_24571.6	1258	388	1252	362	295	257	551	627
5676	SETD6_ENSG00000103037_70963.1	1316	490	1465	1570	1967	470	1020	713
5677	SETD6_ENSG00000103037_70964.2	1749	563	1665	498	1531	280	811	1094
5678	SETD6_ENSG00000103037_70965.3	521	179	603	222	123	127	173	327
5679	SETD6_ENSG00000103037_70966.4	2277	781	2568	1484	1164	404	1245	1348
5680	SETD6_ENSG00000103037_70967.5	1200	698	1242	505	984	156	424	670
5681	SETD6_ENSG00000103037_70968.6	1270	988	1095	416	688	298	245	654
5682	SETD7_ENSG00000145391_36535.1	983	375	1172	358	540	152	644	595
5683	SETD7_ENSG00000145391_36536.2	269	123	358	0	0	119	43	181
5684	SETD7_ENSG00000145391_36537.3	704	61	559	545	390	115	502	428
5685	SETD7_ENSG00000145391_36538.4	1504	339	1626	1449	1414	430	550	910
5686	SETD7_ENSG00000145391_36539.5	980	293	1202	94	1673	384	223	492
5687	SETD7_ENSG00000145391_36540.6	627	195	631	342	776	0	303	426
5688	SETD8_ENSG00000183955_81095.1	415	24	510	0	291	0	151	225
5689	SETD8_ENSG00000183955_81096.2	1243	600	1188	703	1928	290	560	719
5690	SETD8_ENSG00000183955_81097.3	1609	1241	1812	1320	717	421	487	930
5691	SETD8_ENSG00000183955_81098.4	851	328	795	323	1084	122	178	382
5692	SETD8_ENSG00000183955_81099.5	1328	560	1556	510	915	1456	676	774
5693	SETD8_ENSG00000183955_81100.6	1903	514	1967	622	1764	395	795	937
5694	SETDB1_ENSG00000143379_31691.1	792	172	846	493	1134	0	187	399
5695	SETDB1_ENSG00000143379_31692.2	413	0	375	467	338	139	174	186
5696	SETDB1_ENSG00000143379_31693.3	696	52	838	660	0	0	183	384
5697	SETDB1_ENSG00000143379_31694.4	1663	479	1597	602	793	1182	816	806
5698	SETDB1_ENSG00000143379_31695.5	2352	493	2242	779	1665	250	1246	1173
5699	SETDB1_ENSG00000143379_31696.6	678	248	897	242	1232	555	349	388
5700	SETDB2_ENSG00000136169_57686.1	535	327	578	162	1135	0	254	406
5701	SETDB2_ENSG00000136169_57687.2	869	378	891	694	415	0	426	517
5702	SETDB2_ENSG00000136169_57688.3	2008	748	2254	947	789	563	1014	1215
5703	SETDB2_ENSG00000136169_57689.4	102	34	119	0	609	0	26	124
5704	SETDB2_ENSG00000136169_57690.5	1724	524	1863	1016	534	279	900	1065
5705	SETDB2_ENSG00000136169_57691.6	1254	432	1397	1053	273	632	564	724
5706	SF3B1_ENSG00000115524_71672.1	1987	1125	2062	1574	1590	1153	635	1214
5707	SF3B1_ENSG00000115524_71673.2	860	618	897	1012	4884	1682	305	344
5708	SF3B1_ENSG00000115524_71674.3	1939	1198	2233	1162	783	629	1119	1193
5709	SF3B1_ENSG00000115524_71675.4	1467	545	1526	884	2248	480	933	813
5710	SF3B1_ENSG00000115524_71676.5	2451	1924	2368	3272	4220	8771	893	1252
5711	SF3B1_ENSG00000115524_71677.6	341	466	305	191	1016	706	127	138
5712	SF3B3_ENSG00000189091_63888.1	516	782	405	453	2079	1925	152	207
5713	SF3B3_ENSG00000189091_63889.2	177	69	323	62	0	0	111	140
5714	SF3B3_ENSG00000189091_63890.3	1419	777	1287	1410	3410	3401	602	819
5715	SF3B3_ENSG00000189091_63891.4	2330	2677	2054	2193	8468	11447	1164	1045
5716	SF3B3_ENSG00000189091_63892.5	1340	1490	1012	743	4025	5457	301	502
5717	SF3B3_ENSG00000189091_63893.6	1782	2111	1456	2359	6210	8433	478	735
5718	SFMBT1_ENSG00000163935_200539.1	994	597	1112	1047	1359	0	201	617
5719	SFMBT1_ENSG00000163935_200540.2	329	50	421	261	212	0	87	288
5720	SFMBT1_ENSG00000163935_200541.3	2235	1081	2291	637	635	298	660	1243
5721	SFMBT1_ENSG00000163935_200542.4	781	245	916	941	0	152	380	418
5722	SFMBT1_ENSG00000163935_200543.5	1728	388	1580	1535	951	465	576	909
5723	SFMBT1_ENSG00000163935_200544.6	2027	648	2213	1281	1120	406	919	1214
5724	SFMBT2_ENSG00000198879_199360.1	885	153	966	496	692	0	443	437
5725	SFMBT2_ENSG00000198879_199361.2	823	417	981	551	636	123	413	548
5726	SFMBT2_ENSG00000198879_199362.3	581	292	635	294	281	0	249	263
5727	SFMBT2_ENSG00000198879_199363.4	665	0	474	32	127	392	101	279
5728	SFMBT2_ENSG00000198879_199364.5	673	215	953	295	260	0	318	535
5729	SFMBT2_ENSG00000198879_199365.6	385	193	374	0	0	0	229	138
5730	SHPRH_ENSG00000146414_148865.1	655	272	663	251	260	0	449	347
5731	SHPRH_ENSG00000146414_148866.2	583	161	623	1	287	553	199	342
5732	SHPRH_ENSG00000146414_148867.3	1050	534	1329	568	759	136	502	676
5733	SHPRH_ENSG00000146414_148868.4	1166	293	1411	514	738	0	851	783
5734	SHPRH_ENSG00000146414_148869.5	366	112	367	0	579	0	168	193
5735	SHPRH_ENSG00000146414_148870.6	1163	602	1198	569	2021	135	327	755
5736	SIAH2_ENSG00000181788_32053.1	612	326	608	327	0	0	114	260
5737	SIAH2_ENSG00000181788_32054.2	175	0	260	197	0	0	59	138
5738	SIAH2_ENSG00000181788_32055.3	788	443	1045	283	419	138	553	500
5739	SIAH2_ENSG00000181788_32056.4	1968	829	1936	1121	1356	440	493	1091
5740	SIAH2_ENSG00000181788_32057.5	833	50	1017	15	1091	122	171	461
5741	SIAH2_ENSG00000181788_32058.6	783	150	561	572	265	269	199	327
5742	SIK1_ENSG00000142178_120215.1	821	361	629	1360	836	0	5	219
5743	SIK1_ENSG00000142178_120216.2	2246	828	2703	1566	1482	145	1219	1317
5744	SIK1_ENSG00000142178_120217.3	1139	276	1083	1143	273	0	329	599
5745	SIK1_ENSG00000142178_120218.4	1848	503	1612	945	1593	775	451	1101
5746	SIK1_ENSG00000142178_120219.5	533	132	826	390	1368	0	108	355
5747	SIK1_ENSG00000142178_120220.6	1230	399	1430	641	1352	117	211	622
5748	SIN3A_ENSG00000169375_67103.1	329	0	312	0	0	121	111	176
5749	SIN3A_ENSG00000169375_67104.2	78	0	130	0	0	0	1	46
5750	SIN3A_ENSG00000169375_67105.3	1332	305	1512	438	1109	223	616	810
5751	SIN3A_ENSG00000169375_67106.4	2375	760	2557	1466	563	344	1448	1451
5752	SIN3A_ENSG00000169375_67107.5	1080	442	1222	653	2398	538	334	602
5753	SIN3A_ENSG00000169375_67108.6	1852	723	1980	962	736	593	687	941
5754	SIN3B_ENSG00000127511_141954.1	164	43	162	0	0	0	4	55
5755	SIN3B_ENSG00000127511_141955.2	313	1	291	0	901	134	45	119
5756	SIN3B_ENSG00000127511_141956.3	740	45	870	0	441	297	157	396
5757	SIN3B_ENSG00000127511_141957.4	2972	1052	3213	522	2214	247	1351	1700
5758	SIN3B_ENSG00000127511_141958.5	278	0	343	0	0	138	119	119
5759	SIN3B_ENSG00000127511_141959.6	1517	868	1423	728	1478	432	671	791
5760	SIRT1_ENSG00000096717_32021.1	1308	373	1463	1029	2802	0	517	702
5761	SIRT1_ENSG00000096717_32022.2	1793	704	1741	1206	391	145	687	952
5762	SIRT1_ENSG00000096717_32023.3	1577	236	1640	673	903	107	655	928
5763	SIRT1_ENSG00000096717_32024.4	753	756	905	443	259	416	365	529
5764	SIRT1_ENSG00000096717_32025.5	1889	976	1935	969	730	995	742	1057
5765	SIRT1_ENSG00000096717_32026.6	457	262	518	184	498	72	141	242
5766	SIRT2_ENSG00000068903_17850.1	683	292	649	1135	262	0	161	360
5767	SIRT2_ENSG00000068903_17851.2	1179	185	1442	820	1506	415	415	646
5768	SIRT2_ENSG00000068903_17852.3	1892	761	1831	420	2353	345	778	1082
5769	SIRT2_ENSG00000068903_17853.4	148	0	182	197	0	0	32	106
5770	SIRT2_ENSG00000068903_17854.5	700	131	656	164	766	269	247	344
5771	SIRT2_ENSG00000068903_17855.6	553	189	594	1	376	0	183	300
5772	SIRT3_ENSG00000142082_201669.1	484	207	568	0	0	0	102	232
5773	SIRT3_ENSG00000142082_201670.2	1272	473	1207	768	1201	1117	140	494
5774	SIRT3_ENSG00000142082_201671.3	1102	429	1001	326	888	128	292	442
5775	SIRT3_ENSG00000142082_201672.4	617	281	535	401	799	1	280	362
5776	SIRT3_ENSG00000142082_201673.5	592	122	562	0	266	141	262	347
5777	SIRT3_ENSG00000142082_201674.6	1124	252	1273	1190	61	144	413	602
5778	SIRT4_ENSG00000089163_83482.1	1487	1175	1700	286	1848	283	355	830
5779	SIRT4_ENSG00000089163_83483.2	1020	208	1098	562	0	273	388	454
5780	SIRT4_ENSG00000089163_83484.3	1058	533	1225	400	1072	617	508	830
5781	SIRT4_ENSG00000089163_83485.4	809	554	1128	214	1608	372	399	546
5782	SIRT4_ENSG00000089163_83486.5	393	85	509	686	0	0	179	237
5783	SIRT4_ENSG00000089163_83487.6	1227	188	1342	695	1677	462	583	559
5784	SIRT5_ENSG00000124523_178135.1	1106	547	1082	364	273	304	377	632
5785	SIRT5_ENSG00000124523_178136.2	1965	960	2128	1039	2455	130	480	1198
5786	SIRT5_ENSG00000124523_178137.3	398	140	330	178	0	0	118	203
5787	SIRT5_ENSG00000124523_178138.4	906	199	976	434	587	0	564	486
5788	SIRT5_ENSG00000124523_178139.5	478	135	470	741	664	0	93	225
5789	SIRT5_ENSG00000124523_178140.6	901	127	994	0	1083	263	298	423
5790	SIRT6_ENSG00000077463_118146.1	996	323	959	489	476	128	595	529
5791	SIRT6_ENSG00000077463_118147.2	634	126	685	676	787	0	73	277
5792	SIRT6_ENSG00000077463_118148.3	1639	543	1687	637	1117	381	1097	900
5793	SIRT6_ENSG00000077463_118149.4	632	412	608	304	0	150	231	402
5794	SIRT6_ENSG00000077463_118150.5	940	200	962	506	887	291	564	564
5795	SIRT6_ENSG00000077463_118151.6	1192	371	1366	1416	1023	0	318	616
5796	SIRT7_ENSG00000187531_142371.1	986	172	830	388	260	156	125	447
5797	SIRT7_ENSG00000187531_142372.2	1105	316	1120	524	239	439	246	445
5798	SIRT7_ENSG00000187531_142373.3	1356	398	1377	744	220	389	661	741
5799	SIRT7_ENSG00000187531_142374.4	989	207	955	1323	539	0	78	372
5800	SIRT7_ENSG00000187531_142375.5	2773	661	3277	1653	2915	445	884	1581
5801	SIRT7_ENSG00000187531_142376.6	1016	405	979	679	782	129	229	497
5802	SKA1_ENSG00000154839_130810.1	810	241	820	614	386	145	112	377
5803	SKA1_ENSG00000154839_130811.2	1392	458	1391	1162	1035	436	735	780
5804	SKA1_ENSG00000154839_130812.3	394	0	445	664	0	0	53	190
5805	SKA1_ENSG00000154839_130813.4	635	307	760	284	146	154	315	340
5806	SKA1_ENSG00000154839_130814.5	376	168	455	404	15	276	118	265
5807	SKA1_ENSG00000154839_130815.6	613	48	745	36	0	280	173	274
5808	SKA3_ENSG00000165480_47459.1	947	277	955	508	398	89	16	247
5809	SKA3_ENSG00000165480_47460.2	2330	674	2416	288	1488	616	1387	1220
5810	SKA3_ENSG00000165480_47461.3	1870	731	1820	644	2217	0	639	747
5811	SKA3_ENSG00000165480_47462.4	1483	791	1704	713	832	128	148	926
5812	SKA3_ENSG00000165480_47463.5	823	225	884	341	1833	142	134	528
5813	SKA3_ENSG00000165480_47464.6	445	276	635	139	282	391	266	380
5814	SKIV2L_ENSG00000204351_145792.1	2153	1041	2522	489	1756	491	676	1071
5815	SKIV2L_ENSG00000204351_145793.2	429	182	378	488	356	435	106	181
5816	SKIV2L_ENSG00000204351_145794.3	429	163	451	142	556	0	283	266
5817	SKIV2L_ENSG00000204351_145795.4	450	286	642	0	532	0	91	238
5818	SKIV2L_ENSG00000204351_145796.5	1219	523	1405	924	943	72	474	756
5819	SKIV2L_ENSG00000204351_145797.6	1197	874	1483	549	1546	658	443	722
5820	SKIV2L2_ENSG00000039123_52557.1	711	358	648	208	480	711	76	328
5821	SKIV2L2_ENSG00000039123_52558.2	989	231	1004	461	767	0	345	527
5822	SKIV2L2_ENSG00000039123_52559.3	753	350	996	387	550	140	614	529
5823	SKIV2L2_ENSG00000039123_52560.4	2074	808	2365	382	1644	260	1104	1258
5824	SKIV2L2_ENSG00000039123_52561.5	1209	127	1307	824	727	0	697	687
5825	SKIV2L2_ENSG00000039123_52562.6	1741	264	1900	899	1078	132	706	1004
5826	SLBP_ENSG00000163950_167201.1	1413	751	1394	1360	1805	756	466	813
5827	SLBP_ENSG00000163950_167202.2	725	367	973	446	116	359	363	377
5828	SLBP_ENSG00000163950_167203.3	421	444	459	161	0	134	218	194
5829	SLBP_ENSG00000163950_167204.4	536	385	538	230	1536	134	233	325
5830	SLBP_ENSG00000163950_167205.5	1477	461	1512	1145	2677	267	258	802
5831	SLBP_ENSG00000163950_167206.6	212	134	216	0	174	0	62	105
5832	SLK_ENSG00000065613_113240.1	1823	807	1872	1750	1488	904	435	931
5833	SLK_ENSG00000065613_113241.2	1667	402	1734	734	1345	427	1015	1052
5834	SLK_ENSG00000065613_113242.3	465	314	452	151	580	123	66	207
5835	SLK_ENSG00000065613_113243.4	1005	192	1198	156	576	55	589	572
5836	SLK_ENSG00000065613_113244.5	1545	545	1272	675	2748	596	774	878
5837	SLK_ENSG00000065613_113245.6	1208	568	1178	352	505	0	313	648
5838	SMARCA1_ENSG00000102038_174199.1	1096	543	1410	710	344	276	455	493
5839	SMARCA1_ENSG00000102038_174200.2	1652	605	1738	845	734	694	557	932
5840	SMARCA1_ENSG00000102038_174201.3	643	169	605	210	0	403	263	409
5841	SMARCA1_ENSG00000102038_174202.4	3145	1664	3681	2179	2304	686	903	1936
5842	SMARCA1_ENSG00000102038_174203.5	589	455	709	433	669	135	159	388
5843	SMARCA1_ENSG00000102038_174204.6	793	174	622	371	154	182	167	318
5844	SMARCA2_ENSG00000080503_115821.1	466	325	534	429	560	0	192	266
5845	SMARCA2_ENSG00000080503_115822.2	1474	423	1563	904	913	206	494	790
5846	SMARCA2_ENSG00000080503_115823.3	673	60	689	572	288	886	45	279
5847	SMARCA2_ENSG00000080503_115824.4	1893	650	1835	706	428	404	688	1028
5848	SMARCA2_ENSG00000080503_115825.5	469	217	549	169	269	0	229	266
5849	SMARCA2_ENSG00000080503_115826.6	1729	524	1999	1233	1291	468	1002	1168
5850	SMARCA4_ENSG00000127616_160921.1	508	116	516	165	0	121	68	249
5851	SMARCA4_ENSG00000127616_160922.2	554	311	734	0	260	279	28	238
5852	SMARCA4_ENSG00000127616_160923.3	894	271	1023	775	1257	263	435	555
5853	SMARCA4_ENSG00000127616_160924.4	1195	416	1529	1409	1558	138	598	793
5854	SMARCA4_ENSG00000127616_160925.5	649	227	612	246	221	0	232	315
5855	SMARCA4_ENSG00000127616_160926.6	231	0	320	0	361	121	59	149
5856	SMARCA5_ENSG00000153147_25286.1	1681	880	1740	432	1004	714	513	856
5857	SMARCA5_ENSG00000153147_25287.2	340	200	399	0	35	173	52	189
5858	SMARCA5_ENSG00000153147_25288.3	846	455	980	506	716	245	447	547
5859	SMARCA5_ENSG00000153147_25289.4	172	154	247	0	0	0	39	100
5860	SMARCA5_ENSG00000153147_25290.5	1124	263	1122	123	383	435	601	673
5861	SMARCA5_ENSG00000153147_25291.6	4495	1287	5066	2097	2476	422	3032	2581
5862	SMARCAD1_ENSG00000163104_133364.1	380	0	446	1	252	0	101	229
5863	SMARCAD1_ENSG00000163104_133365.2	1272	307	1332	69	1054	138	497	623
5864	SMARCAD1_ENSG00000163104_133366.3	1828	572	1717	1729	1738	561	478	914
5865	SMARCAD1_ENSG00000163104_133367.4	382	484	385	0	1072	0	190	185
5866	SMARCAD1_ENSG00000163104_133368.5	1313	493	1615	556	506	0	578	827
5867	SMARCAD1_ENSG00000163104_133369.6	2209	903	2447	2379	2286	301	859	1226
5868	SMARCAL1_ENSG00000138375_97473.1	114	63	163	164	111	0	42	90
5869	SMARCAL1_ENSG00000138375_97474.2	922	221	928	819	1871	251	121	439
5870	SMARCAL1_ENSG00000138375_97475.3	1455	660	1363	1502	500	846	328	799
5871	SMARCAL1_ENSG00000138375_97476.4	1232	523	1308	356	908	575	524	782
5872	SMARCAL1_ENSG00000138375_97477.5	788	160	1130	301	540	292	330	571
5873	SMARCAL1_ENSG00000138375_97478.6	272	78	349	186	678	149	74	114
5874	SMARCB1_ENSG00000099956_105797.1	1783	1125	1838	1991	2179	531	1023	1011
5875	SMARCB1_ENSG00000099956_105798.2	539	76	451	268	409	135	242	268
5876	SMARCB1_ENSG00000099956_105799.3	1599	1079	1743	914	2614	1359	448	814
5877	SMARCB1_ENSG00000099956_105800.4	126	0	260	367	249	143	74	91
5878	SMARCB1_ENSG00000099956_105801.5	614	85	501	52	1468	201	50	303
5879	SMARCB1_ENSG00000099956_105802.6	785	520	764	586	2276	853	241	472
5880	SMARCC1_ENSG00000173473_20386.1	1414	670	1350	926	844	0	318	748
5881	SMARCC1_ENSG00000173473_20387.2	918	552	1091	494	529	403	405	466
5882	SMARCC1_ENSG00000173473_20388.3	1580	1079	2078	390	2965	62	808	1075
5883	SMARCC1_ENSG00000173473_20389.4	729	226	760	101	1404	315	197	350
5884	SMARCC1_ENSG00000173473_20390.5	1054	760	1039	2013	1478	116	164	534
5885	SMARCC1_ENSG00000173473_20391.6	397	137	495	0	628	0	59	223
5886	SMARCC2_ENSG00000139613_24256.1	2742	858	3072	919	2540	666	2063	1793
5887	SMARCC2_ENSG00000139613_24257.2	601	363	574	341	494	128	293	356
5888	SMARCC2_ENSG00000139613_24258.3	1214	670	1406	1472	1336	443	161	630
5889	SMARCC2_ENSG00000139613_24259.4	821	186	1041	582	85	541	431	565
5890	SMARCC2_ENSG00000139613_24260.5	1179	546	1370	342	670	0	394	628
5891	SMARCC2_ENSG00000139613_24261.6	1035	228	967	402	1518	172	502	540
5892	SMARCD1_ENSG00000066117_50539.1	805	590	961	769	739	0	160	410
5893	SMARCD1_ENSG00000066117_50540.2	1003	334	967	880	779	577	94	478
5894	SMARCD1_ENSG00000066117_50541.3	1047	593	1261	531	1391	280	341	588
5895	SMARCD1_ENSG00000066117_50542.4	1222	1235	1430	447	1451	382	214	569
5896	SMARCD1_ENSG00000066117_50543.5	694	67	746	218	0	220	339	397
5897	SMARCD1_ENSG00000066117_50544.6	583	130	605	172	615	70	245	312
5898	SMARCD2_ENSG00000108604_114769.1	845	287	890	93	807	0	277	325
5899	SMARCD2_ENSG00000108604_114770.2	232	66	181	0	268	127	21	62
5900	SMARCD2_ENSG00000108604_114771.3	1705	975	1961	718	1157	139	545	912
5901	SMARCD2_ENSG00000108604_114772.4	932	308	905	487	952	156	325	428
5902	SMARCD2_ENSG00000108604_114773.5	629	126	757	463	475	0	334	354
5903	SMARCD2_ENSG00000108604_114774.6	285	0	383	338	251	258	50	187
5904	SMARCD3_ENSG00000082014_3309.1	1283	647	1545	1158	815	653	197	721
5905	SMARCD3_ENSG00000082014_3310.2	359	506	446	132	743	0	44	192
5906	SMARCD3_ENSG00000082014_3311.3	704	414	867	360	1483	261	153	401
5907	SMARCD3_ENSG00000082014_3312.4	1149	268	1312	824	311	63	553	759
5908	SMARCD3_ENSG00000082014_3313.5	1097	481	1354	855	1540	507	719	763
5909	SMARCD3_ENSG00000082014_3314.6	1569	675	1865	486	2328	789	745	950
5910	SMARCE1_ENSG00000073584_165101.1	558	126	456	443	258	291	159	277
5911	SMARCE1_ENSG00000073584_165102.2	2196	275	2314	895	1097	263	698	1207
5912	SMARCE1_ENSG00000073584_165103.3	811	276	1097	953	955	141	154	404
5913	SMARCE1_ENSG00000073584_165104.4	480	238	510	489	769	265	16	218
5914	SMARCE1_ENSG00000073584_165105.5	966	385	1154	503	892	303	175	492
5915	SMARCE1_ENSG00000073584_165106.6	1418	388	1347	1744	1528	609	765	841
5916	SMC1A_ENSG00000072501_166991.1	524	557	569	801	1229	0	92	297
5917	SMC1A_ENSG00000072501_166992.2	359	227	450	108	612	141	94	175
5918	SMC1A_ENSG00000072501_166993.3	286	348	356	202	1226	0	77	141
5919	SMC1A_ENSG00000072501_166994.4	1207	419	858	775	1306	123	285	469
5920	SMC1A_ENSG00000072501_166995.5	763	123	669	683	1765	285	167	363
5921	SMC1A_ENSG00000072501_166996.6	3263	1468	3619	3904	3473	950	2239	2132
5922	SMC1B_ENSG00000077935_48721.1	1088	491	1105	579	783	140	41	601
5923	SMC1B_ENSG00000077935_48722.2	313	231	466	183	377	0	81	196
5924	SMC1B_ENSG00000077935_48723.3	581	242	744	1	280	140	239	298
5925	SMC1B_ENSG00000077935_48724.4	1099	782	1145	915	803	707	148	587
5926	SMC1B_ENSG00000077935_48725.5	2928	1082	3273	1212	3151	1106	1242	1755
5927	SMC1B_ENSG00000077935_48726.6	1336	387	1361	772	1621	0	579	857
5928	SMN1_ENSG00000172062_57436.1	1389	823	1594	133	426	639	514	849
5929	SMN1_ENSG00000172062_57437.2	1382	465	1737	915	750	244	586	769
5930	SMN1_ENSG00000172062_57438.3	1387	746	1190	16	870	548	478	630
5931	SMN1_ENSG00000172062_57439.4	650	163	539	0	36	0	191	347
5932	SMN1_ENSG00000172062_57440.5	1454	654	1677	937	1146	309	577	905
5933	SMN1_ENSG00000172062_57441.6	1435	439	1581	913	1904	216	520	712
5934	SMN2_ENSG00000205571_50864.1	792	233	644	103	317	0	201	374
5935	SMNDC1_ENSG00000119953_115861.1	1152	337	1119	549	446	982	497	498
5936	SMNDC1_ENSG00000119953_115862.2	1748	1167	1804	708	971	547	1015	1013
5937	SMNDC1_ENSG00000119953_115863.3	876	530	869	526	760	0	202	413
5938	SMNDC1_ENSG00000119953_115864.4	1353	414	1302	763	1249	261	233	647
5939	SMNDC1_ENSG00000119953_115865.5	1061	60	1197	374	2140	1048	353	697
5940	SMNDC1_ENSG00000119953_115866.6	658	59	699	388	1346	136	340	442
5941	SMYD1_ENSG00000115593_149005.1	123	60	212	152	0	0	53	103
5942	SMYD1_ENSG00000115593_149006.2	2147	1008	2357	885	1433	461	399	997
5943	SMYD1_ENSG00000115593_149007.3	382	197	530	355	497	263	100	296
5944	SMYD1_ENSG00000115593_149008.4	2372	1251	2218	1468	1808	762	950	1161
5945	SMYD1_ENSG00000115593_149009.5	1206	470	1490	253	932	723	356	610
5946	SMYD1_ENSG00000115593_149010.6	2025	705	2526	1354	2559	144	1171	1241
5947	SMYD2_ENSG00000143499_88417.1	1637	639	2520	648	1128	450	1567	1326
5948	SMYD2_ENSG00000143499_88418.2	687	286	792	592	1291	293	85	435
5949	SMYD2_ENSG00000143499_88419.3	2900	1137	3167	1770	3151	1344	1872	1748
5950	SMYD2_ENSG00000143499_88420.4	811	308	1233	323	732	145	108	445
5951	SMYD2_ENSG00000143499_88421.5	428	111	458	570	14	0	15	181
5952	SMYD2_ENSG00000143499_88422.6	760	286	939	1057	693	0	272	435
5953	SMYD3_ENSG00000185420_55268.1	1054	427	1143	725	518	807	132	468
5954	SMYD3_ENSG00000185420_55269.2	1702	430	1656	1171	1341	0	805	963
5955	SMYD3_ENSG00000185420_55270.3	994	174	1011	874	743	0	712	673
5956	SMYD3_ENSG00000185420_55271.4	2731	685	3031	2764	1372	1504	1162	1661
5957	SMYD3_ENSG00000185420_55272.5	2125	1178	2610	1062	1685	476	1699	1224
5958	SMYD3_ENSG00000185420_55273.6	2979	458	3403	1658	2974	1685	1128	1795
5959	SMYD4_ENSG00000186532_111758.1	2217	698	2160	1229	1869	68	1435	1358
5960	SMYD4_ENSG00000186532_111759.2	2395	628	2303	1707	2551	919	922	1252
5961	SMYD4_ENSG00000186532_111760.3	1454	488	1496	198	664	586	493	796
5962	SMYD4_ENSG00000186532_111761.4	1314	380	1493	217	1408	575	326	686
5963	SMYD4_ENSG00000186532_111762.5	1398	247	1385	643	2546	373	514	762
5964	SMYD4_ENSG00000186532_111763.6	1375	193	1488	1769	1049	0	568	779
5965	SMYD5_ENSG00000135632_41253.1	1272	280	1353	323	1148	526	226	591
5966	SMYD5_ENSG00000135632_41254.2	2965	1316	2605	1792	3686	298	1290	1484
5967	SMYD5_ENSG00000135632_41255.3	1010	297	965	1050	974	449	633	691
5968	SMYD5_ENSG00000135632_41256.4	1615	726	1825	699	1697	378	932	1042
5969	SMYD5_ENSG00000135632_41257.5	1066	477	1040	892	2345	136	449	552
5970	SMYD5_ENSG00000135632_41258.6	2623	871	2896	1842	3036	263	1514	1498
5971	SNAPC4_ENSG00000165684_54619.1	2892	535	3006	884	1714	569	1156	1419
5972	SNAPC4_ENSG00000165684_54620.2	1279	283	1392	168	1464	333	527	709
5973	SNAPC4_ENSG00000165684_54621.3	255	0	275	146	238	83	73	116
5974	SNAPC4_ENSG00000165684_54622.4	1445	439	1456	707	895	406	350	775
5975	SNAPC4_ENSG00000165684_54623.5	1233	490	1430	1041	1893	135	689	894
5976	SNAPC4_ENSG00000165684_54624.6	1014	453	1168	382	958	360	399	570
5977	SND1_ENSG00000197157_75942.1	1100	377	1224	477	634	0	462	613
5978	SND1_ENSG00000197157_75943.2	783	342	989	205	415	763	229	517
5979	SND1_ENSG00000197157_75944.3	1377	393	1318	737	876	512	490	720
5980	SND1_ENSG00000197157_75945.4	1156	469	1094	764	1133	77	304	543
5981	SND1_ENSG00000197157_75946.5	796	316	999	1147	744	0	374	477
5982	SND1_ENSG00000197157_75947.6	1442	650	1762	313	361	862	265	726
5983	SNRNP200_ENSG00000144028_150231.1	1261	632	1300	1251	1319	887	673	649
5984	SNRNP200_ENSG00000144028_150232.2	743	432	773	219	660	1026	292	382
5985	SNRNP200_ENSG00000144028_150233.3	1498	473	1711	871	360	692	715	854
5986	SNRNP200_ENSG00000144028_150234.4	736	868	798	113	661	424	317	393
5987	SNRNP200_ENSG00000144028_150235.5	791	524	870	231	1673	750	163	429
5988	SNRNP200_ENSG00000144028_150236.6	812	234	714	359	994	1621	73	324
5989	SOX10_ENSG00000100146_118176.1	1202	457	1293	603	1414	142	183	576
5990	SOX10_ENSG00000100146_118177.2	1072	490	1346	0	986	11	248	638
5991	SOX10_ENSG00000100146_118178.3	1445	365	1317	449	1441	688	562	751
5992	SOX10_ENSG00000100146_118179.4	816	288	927	818	323	0	464	540
5993	SOX10_ENSG00000100146_118180.5	847	391	822	198	0	298	307	405
5994	SOX10_ENSG00000100146_118181.6	717	156	723	0	536	0	175	375
5995	SOX15_ENSG00000129194_5690.1	1293	714	1557	298	1707	0	185	685
5996	SOX15_ENSG00000129194_5691.2	1003	196	1006	263	402	0	185	519
5997	SOX15_ENSG00000129194_5692.3	769	81	621	480	895	115	90	301
5998	SOX15_ENSG00000129194_5693.4	2079	795	2277	1260	2827	291	345	1044
5999	SOX15_ENSG00000129194_5694.5	1593	509	1621	478	1582	0	715	999
6000	SOX15_ENSG00000129194_5695.6	731	374	884	222	958	0	334	537
6001	SP110_ENSG00000135899_198300.1	2033	1232	2251	750	1863	701	1241	1377
6002	SP110_ENSG00000135899_198301.2	3037	1191	2996	1581	1513	1419	1156	1756
6003	SP110_ENSG00000135899_198302.3	1101	293	1490	583	1331	622	756	712
6004	SP110_ENSG00000135899_198303.4	2207	676	2234	1437	1311	813	576	1117
6005	SP110_ENSG00000135899_198304.5	1414	697	1846	1317	1343	490	306	877
6006	SP110_ENSG00000135899_198305.6	1536	660	1880	467	1100	587	625	952
6007	SP140_ENSG00000079263_99495.1	868	243	944	1745	130	247	183	530
6008	SP140_ENSG00000079263_99496.2	1001	310	1156	517	1220	609	340	634
6009	SP140_ENSG00000079263_99497.3	1428	125	1407	1022	2214	272	352	711
6010	SP140_ENSG00000079263_99498.4	806	165	972	622	833	116	257	460
6011	SP140_ENSG00000079263_99499.5	901	405	1254	697	0	0	430	589
6012	SP140_ENSG00000079263_99500.6	996	321	1237	871	1287	368	414	442
6013	SPC24_ENSG00000161888_169731.1	468	668	726	519	894	296	359	301
6014	SPC24_ENSG00000161888_169732.2	1092	610	1241	1181	1734	476	439	459
6015	SPC24_ENSG00000161888_169733.3	493	398	457	361	0	0	264	288
6016	SPC24_ENSG00000161888_169734.4	2356	1121	2550	2329	316	436	895	1375
6017	SPC24_ENSG00000161888_169735.5	647	490	585	1008	680	240	29	225
6018	SPC24_ENSG00000161888_169736.6	878	382	854	495	265	0	241	495
6019	SPC25_ENSG00000152253_161487.1	1689	510	1678	543	1033	229	776	936
6020	SPC25_ENSG00000152253_161488.2	955	387	1160	236	130	308	496	626
6021	SPC25_ENSG00000152253_161489.3	2437	1240	2550	1340	1051	412	1122	1514
6022	SPC25_ENSG00000152253_161490.4	905	584	941	194	931	112	172	530
6023	SPC25_ENSG00000152253_161491.5	1355	696	1357	836	1536	398	405	698
6024	SPC25_ENSG00000152253_161492.6	2413	853	2339	1618	566	509	635	1303
6025	SRC_ENSG00000197122_103967.1	962	140	1071	450	281	553	524	522
6026	SRC_ENSG00000197122_103968.2	3041	1484	3125	1900	1131	1066	900	1391
6027	SRC_ENSG00000197122_103969.3	1579	747	1602	1058	1720	225	987	1027
6028	SRC_ENSG00000197122_103970.4	2411	401	2412	1089	1397	685	1124	1430
6029	SRC_ENSG00000197122_103971.5	1358	625	1388	1349	1020	434	421	664
6030	SRC_ENSG00000197122_103972.6	4855	2230	5583	3451	3048	555	3204	2966
6031	SRCAP_ENSG00000080603_50349.1	1058	402	943	711	1624	121	79	448
6032	SRCAP_ENSG00000080603_50350.2	1687	253	1875	525	471	219	1007	957
6033	SRCAP_ENSG00000080603_50351.3	1585	644	2084	1956	2375	864	356	1185
6034	SRCAP_ENSG00000080603_50352.4	1188	744	1180	412	1466	1181	377	597
6035	SRCAP_ENSG00000080603_50353.5	1816	673	2521	768	2894	1168	799	1367
6036	SRCAP_ENSG00000080603_50354.6	1177	105	1483	659	843	263	765	646
6037	SS18_ENSG00000141380_82966.1	645	203	709	566	1042	124	118	285
6038	SS18_ENSG00000141380_82967.2	791	380	693	310	198	887	160	387
6039	SS18_ENSG00000141380_82968.3	513	225	562	161	1207	793	325	309
6040	SS18_ENSG00000141380_82969.4	1166	513	1331	699	281	272	425	781
6041	SS18_ENSG00000141380_82970.5	2273	689	2247	1041	1198	137	896	1215
6042	SS18_ENSG00000141380_82971.6	1826	721	1713	1616	2497	679	728	823
6043	SS18L1_ENSG00000184402_47299.1	625	164	729	618	502	0	120	392
6044	SS18L1_ENSG00000184402_47300.2	3365	1182	3935	234	2212	996	3410	2312
6045	SS18L1_ENSG00000184402_47301.3	402	114	397	303	0	0	116	298
6046	SS18L1_ENSG00000184402_47302.4	1158	111	1169	160	562	0	300	478
6047	SS18L1_ENSG00000184402_47303.5	1246	1345	1320	1028	744	145	268	608
6048	SS18L1_ENSG00000184402_47304.6	1485	420	1439	827	148	962	858	971
6049	SSRP1_ENSG00000149136_72062.1	909	415	963	915	1631	295	330	558
6050	SSRP1_ENSG00000149136_72063.2	3435	999	3358	1083	3326	810	1012	1861
6051	SSRP1_ENSG00000149136_72064.3	791	284	599	0	483	0	55	288
6052	SSRP1_ENSG00000149136_72065.4	718	408	965	414	0	159	361	368
6053	SSRP1_ENSG00000149136_72066.5	467	45	583	688	284	98	102	295
6054	SSRP1_ENSG00000149136_72067.6	486	69	591	379	333	0	168	307
6055	STAG1_ENSG00000118007_122905.1	1594	562	1560	1049	1350	279	708	935
6056	STAG1_ENSG00000118007_122906.2	1459	598	1642	1282	433	269	297	801
6057	STAG1_ENSG00000118007_122907.3	763	329	747	798	850	0	212	412
6058	STAG1_ENSG00000118007_122908.4	1547	792	1898	1855	1570	599	672	1056
6059	STAG1_ENSG00000118007_122909.5	945	243	1253	971	965	499	622	844
6060	STAG1_ENSG00000118007_122910.6	1387	494	1337	1206	1566	150	356	637
6061	STAG2_ENSG00000101972_2296.1	845	529	965	634	808	994	116	444
6062	STAG2_ENSG00000101972_2297.2	969	294	1008	1035	1060	280	314	530
6063	STAG2_ENSG00000101972_2298.3	922	325	891	508	763	128	88	508
6064	STAG2_ENSG00000101972_2299.4	627	399	762	637	926	0	172	384
6065	STAG2_ENSG00000101972_2300.5	1554	811	1591	342	2694	394	444	846
6066	STAG2_ENSG00000101972_2301.6	557	242	572	496	1093	78	21	275
6067	STAG3_ENSG00000066923_97323.1	1777	1012	1873	1103	326	398	601	886
6068	STAG3_ENSG00000066923_97324.2	515	56	521	323	349	0	238	337
6069	STAG3_ENSG00000066923_97325.3	1418	544	1277	350	865	325	355	500
6070	STAG3_ENSG00000066923_97326.4	2136	1107	2380	1312	645	537	1104	1568
6071	STAG3_ENSG00000066923_97327.5	845	201	778	749	982	112	291	450
6072	STAG3_ENSG00000066923_97328.6	1283	54	1428	516	1010	508	133	620
6073	STAT5B_ENSG00000173757_108811.1	1709	299	1430	0	1372	193	690	732
6074	STAT5B_ENSG00000173757_108812.2	1472	168	1509	428	241	0	699	610
6075	STAT5B_ENSG00000173757_108813.3	803	445	921	590	289	148	409	408
6076	STAT5B_ENSG00000173757_108814.4	435	0	385	0	535	0	70	173
6077	STAT5B_ENSG00000173757_108815.5	477	8	427	0	847	0	71	205
6078	STAT5B_ENSG00000173757_108816.6	1198	371	1428	591	1872	0	372	587
6079	STK31_ENSG00000196335_153833.1	2442	939	2564	1741	1584	496	764	1518
6080	STK31_ENSG00000196335_153834.2	864	239	861	255	166	151	446	605
6081	STK31_ENSG00000196335_153835.3	1478	465	1665	1328	1599	446	587	801
6082	STK31_ENSG00000196335_153836.4	336	191	344	0	2305	616	54	221
6083	STK31_ENSG00000196335_153837.5	1191	513	1166	885	1544	428	338	667
6084	STK31_ENSG00000196335_153838.6	901	416	1225	647	1351	156	228	508
6085	STK4_ENSG00000101109_48401.1	162	0	219	306	0	0	31	118
6086	STK4_ENSG00000101109_48402.2	891	374	858	448	310	281	244	466
6087	STK4_ENSG00000101109_48403.3	1042	211	932	444	2187	275	75	447
6088	STK4_ENSG00000101109_48404.4	533	134	507	116	342	144	60	277
6089	STK4_ENSG00000101109_48405.5	540	183	681	0	583	0	338	331
6090	STK4_ENSG00000101109_48406.6	688	268	791	473	364	140	389	459
6091	SUB1_ENSG00000113387_16264.1	741	502	967	137	0	297	300	519
6092	SUB1_ENSG00000113387_16265.2	225	153	263	363	578	0	50	151
6093	SUB1_ENSG00000113387_16267.4	988	265	1123	0	226	0	573	546
6094	SUB1_ENSG00000113387_16268.5	521	289	393	186	0	0	40	158
6095	SUB1_ENSG00000113387_16269.6	790	168	954	159	1603	0	196	442
6096	SUDS3_ENSG00000111707_60190.1	146	0	265	420	805	0	0	55
6097	SUDS3_ENSG00000111707_60191.2	1528	512	1314	421	413	248	355	752
6098	SUDS3_ENSG00000111707_60192.3	1616	593	1535	717	686	658	1098	900
6099	SUDS3_ENSG00000111707_60193.4	1101	190	1433	390	491	700	550	750
6100	SUDS3_ENSG00000111707_60194.5	748	197	687	0	523	155	112	349
6101	SUDS3_ENSG00000111707_60195.6	1634	475	1802	1102	1997	299	766	992
6102	SUMO1_ENSG00000116030_132824.1	1484	470	1190	418	0	160	606	732
6103	SUMO1_ENSG00000116030_132826.3	798	541	877	645	636	138	267	510
6104	SUMO1_ENSG00000116030_132827.4	697	32	659	320	369	0	159	362
6105	SUMO1_ENSG00000116030_132828.5	1103	210	1158	1237	1363	145	294	514
6106	SUMO1_ENSG00000116030_132829.6	382	0	508	262	357	118	190	207
6107	SUMO3_ENSG00000184900_72582.1	2395	1098	2890	1523	2086	5	1749	1663
6108	SUMO3_ENSG00000184900_72583.2	1286	589	1247	15	389	147	580	689
6109	SUMO3_ENSG00000184900_72584.3	1569	337	1937	672	1277	574	497	969
6110	SUMO3_ENSG00000184900_72585.4	1821	479	2429	1237	2295	282	859	1102
6111	SUMO3_ENSG00000184900_72586.5	1137	133	1283	1313	1455	284	464	701
6112	SUMO3_ENSG00000184900_72587.6	2281	811	2253	1436	2171	299	1174	1368
6113	SUPT16H_ENSG00000092201_166401.1	1446	696	1402	576	1161	398	940	781
6114	SUPT16H_ENSG00000092201_166402.2	489	138	503	501	272	0	178	270
6115	SUPT16H_ENSG00000092201_166403.3	1614	441	1749	934	311	541	891	986
6116	SUPT16H_ENSG00000092201_166404.4	1077	557	1112	901	528	264	387	592
6117	SUPT16H_ENSG00000092201_166405.5	868	579	838	414	1338	155	77	376
6118	SUPT16H_ENSG00000092201_166406.6	2112	651	2415	797	2856	625	949	1263
6119	SUPT20H_ENSG00000102710_110487.1	954	280	1051	0	203	0	623	559
6120	SUPT20H_ENSG00000102710_110488.2	810	369	995	212	234	126	409	566
6121	SUPT20H_ENSG00000102710_110489.3	2320	583	2012	147	266	285	690	1110
6122	SUPT20H_ENSG00000102710_110490.4	849	130	863	1	537	259	244	461
6123	SUPT20H_ENSG00000102710_110491.5	479	359	551	0	3	271	103	333
6124	SUPT20H_ENSG00000102710_110492.6	1770	853	1518	352	748	299	643	941
6125	SUPT3H_ENSG00000196284_160174.1	522	184	324	219	0	129	50	193
6126	SUPT3H_ENSG00000196284_160175.2	1185	243	1071	480	1263	441	370	538
6127	SUPT3H_ENSG00000196284_160176.3	1357	752	1472	1733	1359	122	187	717
6128	SUPT3H_ENSG00000196284_160177.4	786	237	817	331	926	277	437	430
6129	SUPT3H_ENSG00000196284_160178.5	1067	398	1172	687	491	382	101	572
6130	SUPT3H_ENSG00000196284_160179.6	717	129	757	427	1347	0	108	419
6131	SUPT4H1_ENSG00000213246_17090.1	355	48	442	504	107	256	98	236
6132	SUPT4H1_ENSG00000213246_17091.2	996	248	1106	149	695	380	410	674
6133	SUPT4H1_ENSG00000213246_17092.3	1156	305	1141	813	661	297	443	613
6134	SUPT4H1_ENSG00000213246_17093.4	2451	946	2531	1696	1532	695	1895	1610
6135	SUPT4H1_ENSG00000213246_17094.5	880	286	864	512	0	225	199	451
6136	SUPT4H1_ENSG00000213246_17095.6	944	173	640	727	879	446	103	366
6137	SUPT5H_ENSG00000196235_5300.1	1456	354	1503	1186	885	252	425	796
6138	SUPT5H_ENSG00000196235_5301.2	2336	950	2450	832	1193	275	599	1088
6139	SUPT5H_ENSG00000196235_5302.3	724	0	908	373	718	0	401	385
6140	SUPT5H_ENSG00000196235_5303.4	1062	355	1333	1276	1304	242	550	657
6141	SUPT5H_ENSG00000196235_5304.5	609	150	801	151	0	0	375	361
6142	SUPT5H_ENSG00000196235_5305.6	1175	376	1441	1046	1209	135	432	709
6143	SUPT6H_ENSG00000109111_99795.1	435	323	516	668	1826	0	103	249
6144	SUPT6H_ENSG00000109111_99796.2	1490	481	1692	674	1459	831	397	884
6145	SUPT6H_ENSG00000109111_99797.3	816	117	794	147	0	143	248	377
6146	SUPT6H_ENSG00000109111_99798.4	775	202	847	204	311	0	169	343
6147	SUPT6H_ENSG00000109111_99799.5	803	174	642	0	806	132	166	384
6148	SUPT6H_ENSG00000109111_99800.6	1937	376	1718	696	1612	287	939	939
6149	SUPT7L_ENSG00000119760_18210.1	904	349	723	144	371	256	415	432
6150	SUPT7L_ENSG00000119760_18211.2	1162	291	1146	692	1626	126	402	538
6151	SUPT7L_ENSG00000119760_18212.3	198	0	239	158	0	0	90	158
6152	SUPT7L_ENSG00000119760_18213.4	2286	1197	2587	1072	2573	722	453	1184
6153	SUPT7L_ENSG00000119760_18214.5	926	102	786	566	792	545	466	527
6154	SUPT7L_ENSG00000119760_18215.6	625	280	622	686	127	116	144	362
6155	SUPV3L1_ENSG00000156502_17060.1	1206	431	1321	0	1032	136	396	579
6156	SUPV3L1_ENSG00000156502_17061.2	1292	295	1074	627	482	300	649	615
6157	SUPV3L1_ENSG00000156502_17062.3	1347	173	1279	541	569	147	331	668
6158	SUPV3L1_ENSG00000156502_17063.4	446	190	523	330	111	118	239	236
6159	SUPV3L1_ENSG00000156502_17064.5	2374	500	2372	1664	1442	139	786	1262
6160	SUPV3L1_ENSG00000156502_17065.6	662	272	582	0	652	137	182	339
6161	SUV39H1_ENSG00000101945_90744.1	168	67	143	0	225	0	12	66
6162	SUV39H1_ENSG00000101945_90745.2	1298	1138	1432	448	2486	427	241	620
6163	SUV39H1_ENSG00000101945_90746.3	2147	886	1908	540	695	318	741	1073
6164	SUV39H1_ENSG00000101945_90747.4	1879	603	1780	1564	1280	27	520	958
6165	SUV39H1_ENSG00000101945_90748.5	175	144	269	0	63	266	2	91
6166	SUV39H1_ENSG00000101945_90749.6	2691	664	2424	1245	938	530	1000	1283
6167	SUV39H2_ENSG00000152455_164871.1	806	251	658	423	911	702	30	407
6168	SUV39H2_ENSG00000152455_164872.2	2103	779	2020	1149	1853	876	378	1077
6169	SUV39H2_ENSG00000152455_164873.3	1150	492	1340	164	1093	246	617	641
6170	SUV39H2_ENSG00000152455_164874.4	2808	692	3073	2194	1102	407	1869	1837
6171	SUV39H2_ENSG00000152455_164875.5	1413	795	1378	289	619	382	397	707
6172	SUV39H2_ENSG00000152455_164876.6	373	255	275	331	530	0	72	207
6173	SUV420H1_ENSG00000110066_91608.1	1191	653	1040	761	551	396	231	581
6174	SUV420H1_ENSG00000110066_91609.2	1714	480	1563	817	1121	286	305	859
6175	SUV420H1_ENSG00000110066_91610.3	1581	326	1572	375	1146	395	931	871
6176	SUV420H1_ENSG00000110066_91611.4	329	183	441	181	641	0	104	224
6177	SUV420H1_ENSG00000110066_91612.5	1352	434	1293	570	848	359	275	741
6178	SUV420H1_ENSG00000110066_91613.6	635	0	636	225	293	151	380	354
6179	SUV420H2_ENSG00000133247_159464.1	887	172	1002	726	531	393	640	531
6180	SUV420H2_ENSG00000133247_159465.2	309	192	305	330	784	0	79	205
6181	SUV420H2_ENSG00000133247_159466.3	969	404	1183	569	473	0	407	529
6182	SUV420H2_ENSG00000133247_159467.4	931	699	1203	351	1310	688	174	536
6183	SUV420H2_ENSG00000133247_159468.5	727	269	593	187	233	343	128	403
6184	SUV420H2_ENSG00000133247_159469.6	1150	328	1081	357	17	536	327	568
6185	SUZ12_ENSG00000178691_77412.1	441	290	527	269	517	144	15	156
6186	SUZ12_ENSG00000178691_77413.2	658	320	781	131	1	391	180	405
6187	SUZ12_ENSG00000178691_77414.3	457	188	444	188	0	157	75	241
6188	SUZ12_ENSG00000178691_77415.4	1253	322	1370	1151	2008	708	566	894
6189	SUZ12_ENSG00000178691_77416.5	640	91	581	669	770	532	172	335
6190	SUZ12_ENSG00000178691_77417.6	648	178	681	114	279	367	323	397
6191	SVEP1_ENSG00000165124_87341.1	1493	474	1687	278	1937	601	594	878
6192	SVEP1_ENSG00000165124_87342.2	159	54	228	141	0	0	73	74
6193	SVEP1_ENSG00000165124_87343.3	1458	408	1859	1535	1074	0	507	911
6194	SVEP1_ENSG00000165124_87344.4	463	264	486	1186	1013	199	81	297
6195	SVEP1_ENSG00000165124_87345.5	136	111	196	0	416	0	4	47
6196	SVEP1_ENSG00000165124_87346.6	2657	775	3129	1593	2131	991	1197	1663
6197	T_ENSG00000164458_199423.1	1491	505	1756	1371	1269	556	142	710
6198	T_ENSG00000164458_199424.2	551	391	569	0	199	150	268	288
6199	T_ENSG00000164458_199425.3	1458	647	2058	1385	436	670	1479	1092
6200	T_ENSG00000164458_199426.4	1641	830	1855	649	2372	834	867	934
6201	T_ENSG00000164458_199427.5	1224	306	1450	1679	957	337	354	726
6202	T_ENSG00000164458_199428.6	848	268	950	594	663	236	268	444
6203	TADA1_ENSG00000152382_3429.1	1503	261	1720	569	1297	483	392	760
6204	TADA1_ENSG00000152382_3430.2	1221	484	1539	1296	551	579	556	599
6205	TADA1_ENSG00000152382_3431.3	2605	1185	2672	1343	1806	795	751	1421
6206	TADA1_ENSG00000152382_3432.4	1443	417	1359	526	838	0	437	831
6207	TADA1_ENSG00000152382_3433.5	741	150	801	342	268	0	296	458
6208	TADA1_ENSG00000152382_3434.6	297	104	492	564	0	0	77	214
6209	TADA2B_ENSG00000173011_149282.1	737	267	1040	85	906	274	176	515
6210	TADA2B_ENSG00000173011_149283.2	2478	635	2895	858	1875	474	2350	1624
6211	TADA2B_ENSG00000173011_149284.3	375	192	452	0	261	0	125	244
6212	TADA2B_ENSG00000173011_149285.4	1307	241	1519	228	1677	462	801	892
6213	TADA2B_ENSG00000173011_149286.5	1430	630	1632	433	916	133	1241	782
6214	TADA2B_ENSG00000173011_149287.6	145	0	294	0	0	0	151	122
6215	TADA3_ENSG00000171148_88667.1	1640	454	1658	1447	897	974	817	954
6216	TADA3_ENSG00000171148_88668.2	789	101	888	243	278	276	132	299
6217	TADA3_ENSG00000171148_88669.3	933	154	886	650	399	321	367	529
6218	TADA3_ENSG00000171148_88670.4	1587	820	1488	1319	296	161	459	766
6219	TADA3_ENSG00000171148_88671.5	671	152	854	0	489	148	395	350
6220	TADA3_ENSG00000171148_88672.6	1761	729	2023	292	1721	291	195	823
6221	TAF1_ENSG00000147133_122079.1	176	39	189	49	25	0	62	41
6222	TAF1_ENSG00000147133_122080.2	1260	340	1356	866	2065	707	406	689
6223	TAF1_ENSG00000147133_122081.3	2503	500	2767	1334	1352	323	1709	1490
6224	TAF1_ENSG00000147133_122082.4	662	285	759	570	133	146	77	258
6225	TAF1_ENSG00000147133_122083.5	1096	293	1088	628	131	153	669	603
6226	TAF1_ENSG00000147133_122084.6	147	21	124	41	31	10	7	33
6227	TAF10_ENSG00000166337_30327.1	1120	606	1222	512	827	318	324	529
6228	TAF10_ENSG00000166337_30328.2	706	163	808	144	488	101	168	394
6229	TAF10_ENSG00000166337_30329.3	2468	963	2600	1215	1607	915	1602	1415
6230	TAF10_ENSG00000166337_30330.4	700	244	694	1	847	548	235	352
6231	TAF10_ENSG00000166337_30331.5	1542	789	1583	826	1454	435	475	798
6232	TAF10_ENSG00000166337_30332.6	2633	870	2744	626	1908	389	1216	1279
6233	TAF11_ENSG00000064995_39446.2	1342	383	1256	582	1348	600	295	539
6234	TAF11_ENSG00000064995_39447.3	1981	293	1613	854	1553	489	614	960
6235	TAF11_ENSG00000064995_39448.4	1162	328	1348	534	189	572	478	808
6236	TAF11_ENSG00000064995_39449.5	569	114	598	125	787	0	140	313
6237	TAF11_ENSG00000064995_39450.6	873	281	783	162	600	224	313	316
6238	TAF12_ENSG00000120656_153243.1	765	186	770	536	48	237	158	379
6239	TAF12_ENSG00000120656_153244.2	486	149	549	269	777	437	128	292
6240	TAF12_ENSG00000120656_153245.3	771	322	1013	589	1363	122	205	380
6241	TAF12_ENSG00000120656_153246.4	465	118	535	0	306	0	196	272
6242	TAF12_ENSG00000120656_153247.5	2256	820	2348	749	2777	149	1133	1131
6243	TAF12_ENSG00000120656_153248.6	1069	353	1178	492	595	263	711	762
6244	TAF13_ENSG00000197780_157711.1	562	314	528	323	1090	71	34	228
6245	TAF13_ENSG00000197780_157712.2	891	296	817	196	346	48	460	438
6246	TAF13_ENSG00000197780_157713.3	662	387	1028	977	909	275	266	377
6247	TAF13_ENSG00000197780_157714.4	806	290	941	399	999	319	192	407
6248	TAF13_ENSG00000197780_157715.5	564	187	504	409	981	0	160	293
6249	TAF13_ENSG00000197780_157716.6	731	210	834	840	265	290	198	416
6250	TAF15_ENSG00000172660_108311.1	843	707	988	428	2603	127	409	473
6251	TAF15_ENSG00000172660_108312.2	2332	1208	2923	1759	2152	772	2290	1751
6252	TAF15_ENSG00000172660_108313.3	980	285	1529	302	1895	842	623	663
6253	TAF15_ENSG00000172660_108314.4	775	208	737	1010	235	0	178	393
6254	TAF15_ENSG00000172660_108315.5	1262	439	1254	1336	1303	287	525	773
6255	TAF15_ENSG00000172660_108316.6	2314	552	2360	1033	760	1302	1147	1414
6256	TAF1A_ENSG00000143498_187705.1	234	94	219	307	87	0	19	117
6257	TAF1A_ENSG00000143498_187706.2	690	254	750	202	785	0	305	480
6258	TAF1A_ENSG00000143498_187707.3	857	292	940	356	620	0	121	442
6259	TAF1A_ENSG00000143498_187708.4	531	292	649	397	0	431	220	331
6260	TAF1A_ENSG00000143498_187709.5	907	498	1011	295	1115	1	136	498
6261	TAF1A_ENSG00000143498_187710.6	317	0	423	205	306	0	96	192
6262	TAF1B_ENSG00000115750_171578.1	2054	858	2398	984	1689	157	771	1274
6263	TAF1B_ENSG00000115750_171579.2	1695	495	1793	824	1446	61	1121	1003
6264	TAF1B_ENSG00000115750_171580.3	1613	592	1548	825	1436	572	895	845
6265	TAF1B_ENSG00000115750_171581.4	274	59	451	367	0	0	161	205
6266	TAF1B_ENSG00000115750_171582.5	406	213	425	171	0	150	135	243
6267	TAF1B_ENSG00000115750_171583.6	718	411	668	380	507	0	336	399
6268	TAF1C_ENSG00000103168_128385.1	1269	235	1338	1013	1581	0	339	736
6269	TAF1C_ENSG00000103168_128386.2	751	141	712	125	142	124	297	347
6270	TAF1C_ENSG00000103168_128387.3	1073	291	1376	1085	578	419	343	618
6271	TAF1C_ENSG00000103168_128388.4	1513	609	1092	155	1624	286	208	575
6272	TAF1C_ENSG00000103168_128389.5	971	188	979	350	365	277	193	493
6273	TAF1C_ENSG00000103168_128390.6	1348	547	1716	465	1051	0	899	759
6274	TAF1L_ENSG00000122728_11981.1	207	65	185	192	0	152	83	119
6275	TAF1L_ENSG00000122728_11982.2	777	303	988	400	943	948	403	448
6276	TAF1L_ENSG00000122728_11983.3	126	73	125	124	87	95	36	46
6277	TAF1L_ENSG00000122728_11984.4	1431	969	1481	2136	2510	1307	688	844
6278	TAF1L_ENSG00000122728_11985.5	1600	1101	1766	769	1047	2018	263	826
6279	TAF1L_ENSG00000122728_11986.6	1512	1144	1455	400	1688	548	436	799
6280	TAF2_ENSG00000064313_177664.1	2918	1185	2785	1262	3033	756	536	1339
6281	TAF2_ENSG00000064313_177665.2	845	200	895	352	623	273	361	507
6282	TAF2_ENSG00000064313_177666.3	679	354	866	359	857	514	181	410
6283	TAF2_ENSG00000064313_177667.4	1377	500	1449	357	1932	833	539	706
6284	TAF2_ENSG00000064313_177668.5	1342	775	1418	500	1165	426	696	851
6285	TAF2_ENSG00000064313_177669.6	616	216	670	194	190	0	274	246
6286	TAF3_ENSG00000165632_122159.1	185	129	164	138	335	0	123	96
6287	TAF3_ENSG00000165632_122160.2	2194	570	2088	239	856	121	762	1022
6288	TAF3_ENSG00000165632_122161.3	1033	367	994	459	290	0	854	429
6289	TAF3_ENSG00000165632_122162.4	1329	628	1314	160	857	116	414	616
6290	TAF3_ENSG00000165632_122163.5	2142	786	2051	1471	461	666	701	1188
6291	TAF3_ENSG00000165632_122164.6	948	220	758	227	388	261	138	353
6292	TAF4_ENSG00000130699_58746.1	219	4	186	0	0	0	18	75
6293	TAF4_ENSG00000130699_58747.2	2637	636	2496	1458	1780	138	966	1334
6294	TAF4_ENSG00000130699_58748.3	401	286	321	346	293	141	101	196
6295	TAF4_ENSG00000130699_58749.4	1611	446	1664	609	1516	262	574	804
6296	TAF4_ENSG00000130699_58750.5	1383	345	1390	597	711	540	425	746
6297	TAF4_ENSG00000130699_58751.6	1694	357	1563	855	1420	0	374	878
6298	TAF4B_ENSG00000141384_102293.1	686	226	539	486	165	151	78	305
6299	TAF4B_ENSG00000141384_102294.2	1284	547	1400	921	1168	331	465	652
6300	TAF4B_ENSG00000141384_102295.3	704	259	738	860	258	0	81	297
6301	TAF4B_ENSG00000141384_102296.4	1222	225	1418	507	1180	454	767	738
6302	TAF4B_ENSG00000141384_102297.5	1157	290	1293	547	1517	142	491	655
6303	TAF4B_ENSG00000141384_102298.6	876	285	904	380	276	389	355	619
6304	TAF5_ENSG00000148835_141444.1	1760	692	1860	1780	502	522	280	908
6305	TAF5_ENSG00000148835_141445.2	1029	400	1295	563	291	388	304	567
6306	TAF5_ENSG00000148835_141446.3	1671	899	1388	1010	404	0	697	678
6307	TAF5_ENSG00000148835_141447.4	547	119	421	151	1155	0	60	193
6308	TAF5_ENSG00000148835_141448.5	390	334	339	0	575	0	200	265
6309	TAF5_ENSG00000148835_141449.6	653	66	603	138	93	435	240	386
6310	TAF5L_ENSG00000135801_60956.1	1316	214	1228	438	1643	144	448	714
6311	TAF5L_ENSG00000135801_60957.2	713	340	754	546	329	0	240	350
6312	TAF5L_ENSG00000135801_60958.3	1891	372	1898	630	1169	248	656	948
6313	TAF5L_ENSG00000135801_60959.4	1968	668	2088	999	1649	573	883	1209
6314	TAF5L_ENSG00000135801_60960.5	2170	1396	2441	1111	2032	190	958	1241
6315	TAF5L_ENSG00000135801_60961.6	453	289	562	6	1474	51	160	364
6316	TAF6_ENSG00000106290_117019.1	635	211	534	1	353	301	108	294
6317	TAF6_ENSG00000106290_117020.2	1445	772	1952	612	894	129	708	973
6318	TAF6_ENSG00000106290_117021.3	2027	739	2131	1352	1184	1368	1096	1132
6319	TAF6_ENSG00000106290_117022.4	418	429	390	0	251	0	58	166
6320	TAF6_ENSG00000106290_117023.5	1272	326	1144	848	1496	417	346	558
6321	TAF6_ENSG00000106290_117024.6	916	59	824	101	471	0	304	433
6322	TAF7_ENSG00000178913_47761.1	2289	438	2102	824	1376	0	1679	1251
6323	TAF7_ENSG00000178913_47762.2	3396	1173	3203	2203	1079	417	1130	1579
6324	TAF7_ENSG00000178913_47763.3	1138	254	1323	234	1171	148	620	732
6325	TAF7_ENSG00000178913_47764.4	681	112	661	145	1296	124	552	435
6326	TAF7_ENSG00000178913_47765.5	1471	144	1479	1211	1053	127	469	824
6327	TAF7_ENSG00000178913_47766.6	2557	1124	2602	757	1790	760	1331	1574
6328	TAF7L_ENSG00000102387_110948.1	1073	54	998	409	289	745	605	638
6329	TAF7L_ENSG00000102387_110949.2	1513	654	1492	1037	1222	275	499	783
6330	TAF7L_ENSG00000102387_110950.3	2557	817	3106	1923	1597	1236	1502	1607
6331	TAF7L_ENSG00000102387_110951.4	2792	840	2881	1079	1362	332	1730	1689
6332	TAF7L_ENSG00000102387_110952.5	1142	385	1462	856	464	274	410	815
6333	TAF7L_ENSG00000102387_110953.6	819	552	904	1134	0	0	167	436
6334	TAF8_ENSG00000137413_140142.1	1109	435	1399	204	901	245	592	594
6335	TAF8_ENSG00000137413_140143.2	478	152	406	206	0	0	130	214
6336	TAF8_ENSG00000137413_140144.3	1481	688	1209	652	1661	489	478	545
6337	TAF8_ENSG00000137413_140145.4	2121	783	2168	1496	2793	0	1143	973
6338	TAF8_ENSG00000137413_140146.5	1979	378	2216	993	952	361	724	1105
6339	TAF8_ENSG00000137413_140147.6	124	197	214	0	42	400	60	95
6340	TAF9_ENSG00000085231_142431.1	1135	284	1532	685	711	143	499	702
6341	TAF9_ENSG00000085231_142432.2	2719	625	3167	1269	2990	562	1922	1753
6342	TAF9_ENSG00000085231_142433.3	910	276	1292	773	651	0	766	757
6343	TAF9_ENSG00000085231_142434.4	1900	929	1904	1238	1318	533	1518	1328
6344	TAF9_ENSG00000085231_142435.5	2081	995	1957	438	1018	395	1039	1211
6345	TAF9_ENSG00000085231_142436.6	882	256	686	300	452	0	264	366
6346	TAF9B_ENSG00000187325_197960.1	1532	630	1605	621	1656	588	143	724
6347	TAF9B_ENSG00000187325_197961.2	1518	261	1651	1262	1615	263	527	816
6348	TAF9B_ENSG00000187325_197962.3	1121	410	1068	704	758	160	605	654
6349	TAF9B_ENSG00000187325_197963.4	2526	1203	2713	1165	2598	604	1648	1335
6350	TAF9B_ENSG00000187325_197964.5	991	192	851	589	1355	777	486	480
6351	TAF9B_ENSG00000187325_197965.6	993	551	922	154	818	377	494	566
6352	TBL1X_ENSG00000101849_138675.1	276	250	258	0	883	132	89	139
6353	TBL1X_ENSG00000101849_138676.2	1445	478	1893	1131	1024	0	1215	886
6354	TBL1X_ENSG00000101849_138677.3	214	0	292	434	443	0	88	173
6355	TBL1X_ENSG00000101849_138678.4	959	334	1074	700	528	0	585	650
6356	TBL1X_ENSG00000101849_138679.5	466	153	430	637	173	416	71	242
6357	TBL1X_ENSG00000101849_138680.6	2367	1772	2555	988	2228	372	438	1182
6358	TBL1XR1_ENSG00000177565_2556.1	1018	623	1031	1105	1774	437	499	580
6359	TBL1XR1_ENSG00000177565_2557.2	1121	334	1376	1683	2164	676	218	716
6360	TBL1XR1_ENSG00000177565_2558.3	2330	955	2408	2139	3870	869	1458	1343
6361	TBL1XR1_ENSG00000177565_2559.4	800	243	837	517	599	139	88	537
6362	TBL1XR1_ENSG00000177565_2560.5	865	455	1002	595	813	874	508	552
6363	TBL1XR1_ENSG00000177565_2561.6	791	741	967	689	583	858	398	536
6364	TBL1Y_ENSG00000092377_114648.1	600	241	508	335	483	0	301	397
6365	TBL1Y_ENSG00000092377_114649.2	2617	1306	2856	1798	1689	439	1361	1335
6366	TBL1Y_ENSG00000092377_114650.3	810	404	990	0	366	363	419	674
6367	TBL1Y_ENSG00000092377_114651.4	821	426	816	730	145	146	161	447
6368	TBL1Y_ENSG00000092377_114652.5	1876	731	1888	1550	1738	297	906	1135
6369	TBL1Y_ENSG00000092377_114653.6	346	141	393	329	0	0	204	182
6370	TBP_ENSG00000112592_156884.1	521	233	455	893	263	145	145	246
6371	TBP_ENSG00000112592_156885.2	668	363	808	562	498	136	277	408
6372	TBP_ENSG00000112592_156886.3	1207	160	1393	351	491	290	717	733
6373	TBP_ENSG00000112592_156887.4	1150	131	1499	388	2231	403	895	696
6374	TBP_ENSG00000112592_156888.5	812	119	1019	70	0	0	429	529
6375	TBP_ENSG00000112592_156889.6	192	121	228	0	278	0	80	112
6376	TCEA1_ENSG00000187735_170941.1	104	0	105	0	0	0	45	54
6377	TCEA1_ENSG00000187735_170942.2	1031	496	1002	520	1508	599	374	571
6378	TCEA1_ENSG00000187735_170943.3	2301	778	2746	882	1335	1005	570	1349
6379	TCEA1_ENSG00000187735_170944.4	1285	767	1334	452	961	170	300	766
6380	TCEA1_ENSG00000187735_170945.5	1420	662	1540	562	689	1030	580	837
6381	TCEA1_ENSG00000187735_170946.6	1818	845	1826	836	2517	811	1160	1150
6382	TCEA2_ENSG00000171703_4546.1	1416	701	1662	254	2300	237	207	828
6383	TCEA2_ENSG00000171703_4547.2	1676	798	1562	852	689	158	299	900
6384	TCEA2_ENSG00000171703_4548.3	3000	746	2992	1173	560	692	908	1625
6385	TCEA2_ENSG00000171703_4549.4	495	336	643	138	263	0	381	371
6386	TCEA2_ENSG00000171703_4550.5	1898	652	1812	1409	447	1041	1250	1206
6387	TCEA2_ENSG00000171703_4551.6	483	0	611	373	0	144	221	260
6388	TCEB1_ENSG00000154582_112650.1	1635	186	1592	510	766	131	533	671
6389	TCEB1_ENSG00000154582_112651.2	2049	300	1922	563	529	288	815	1163
6390	TCEB1_ENSG00000154582_112652.3	1386	587	1589	839	438	309	547	828
6391	TCEB1_ENSG00000154582_112653.4	300	0	346	305	59	0	53	122
6392	TCEB1_ENSG00000154582_112654.5	817	411	1104	813	382	172	341	673
6393	TCEB1_ENSG00000154582_112655.6	1675	1026	1906	629	398	451	606	1124
6394	TCEB2_ENSG00000103363_135397.1	743	122	1034	501	557	144	407	419
6395	TCEB2_ENSG00000103363_135398.2	845	234	786	440	495	0	283	448
6396	TCEB2_ENSG00000103363_135399.3	1924	513	1765	621	1162	510	1006	985
6397	TCEB2_ENSG00000103363_135400.4	2810	893	2836	1445	3349	793	2303	1716
6398	TCEB2_ENSG00000103363_135401.5	2032	566	1804	393	581	386	569	887
6399	TCEB2_ENSG00000103363_135402.6	1369	574	1545	618	904	128	484	781
6400	TCEB3_ENSG00000011007_79350.1	1142	438	1110	695	623	127	614	634
6401	TCEB3_ENSG00000011007_79351.2	1617	845	1747	1300	865	568	393	808
6402	TCEB3_ENSG00000011007_79352.3	826	0	796	487	858	411	198	290
6403	TCEB3_ENSG00000011007_79353.4	1041	554	1217	793	1030	172	716	831
6404	TCEB3_ENSG00000011007_79354.5	320	0	204	0	477	140	43	116
6405	TCEB3_ENSG00000011007_79355.6	637	213	710	159	780	439	218	356
6406	TCF19_ENSG00000137310_111898.1	1503	106	1198	741	290	687	455	754
6407	TCF19_ENSG00000137310_111899.2	153	65	164	0	0	0	59	129
6408	TCF19_ENSG00000137310_111900.3	2230	705	2669	2005	913	552	1126	1322
6409	TCF19_ENSG00000137310_111901.4	361	315	425	438	469	0	2	53
6410	TCF19_ENSG00000137310_111902.5	265	0	205	0	0	0	51	91
6411	TCF19_ENSG00000137310_111903.6	797	316	812	223	1394	601	108	377
6412	TCF20_ENSG00000100207_95203.1	231	105	204	352	0	0	99	135
6413	TCF20_ENSG00000100207_95204.2	438	84	462	46	0	230	129	304
6414	TCF20_ENSG00000100207_95205.3	1553	696	1786	924	1799	287	978	886
6415	TCF20_ENSG00000100207_95206.4	2462	1402	2509	1239	2748	657	581	1194
6416	TCF20_ENSG00000100207_95207.5	1871	606	1640	649	1897	150	297	874
6417	TCF20_ENSG00000100207_95208.6	899	62	1087	501	752	508	488	633
6418	TCP1_ENSG00000120438_196830.1	716	168	648	388	343	0	197	355
6419	TCP1_ENSG00000120438_196831.2	1146	442	1146	992	1305	288	476	701
6420	TCP1_ENSG00000120438_196832.3	1222	464	1308	684	904	418	550	975
6421	TCP1_ENSG00000120438_196833.4	605	308	667	508	991	129	248	323
6422	TCP1_ENSG00000120438_196834.5	1220	401	1323	1087	999	389	432	817
6423	TCP1_ENSG00000120438_196835.6	1269	774	1292	1025	882	632	580	710
6424	TDG_ENSG00000139372_38855.1	3771	1374	3949	1603	1310	1314	1522	2273
6425	TDG_ENSG00000139372_38856.2	2323	609	2547	1706	1671	733	1449	1425
6426	TDG_ENSG00000139372_38857.3	1201	197	1316	773	912	240	61	521
6427	TDG_ENSG00000139372_38858.4	880	672	1152	669	1392	114	199	526
6428	TDG_ENSG00000139372_38859.5	924	416	1054	459	811	420	293	502
6429	TDG_ENSG00000139372_38860.6	739	272	805	489	404	372	203	638
6430	TDRD1_ENSG00000095627_112760.1	558	61	556	360	37	379	64	310
6431	TDRD1_ENSG00000095627_112761.2	2194	458	2185	316	2388	405	983	1214
6432	TDRD1_ENSG00000095627_112762.3	1623	509	1620	1388	1113	480	671	958
6433	TDRD1_ENSG00000095627_112763.4	709	318	788	947	425	275	181	373
6434	TDRD1_ENSG00000095627_112764.5	731	391	1076	369	294	243	473	566
6435	TDRD1_ENSG00000095627_112765.6	862	456	772	318	510	157	203	416
6436	TDRD12_ENSG00000173809_101397.1	497	104	495	308	580	102	4	162
6437	TDRD12_ENSG00000173809_101398.2	1250	515	1343	497	1189	111	553	744
6438	TDRD12_ENSG00000173809_101399.3	1028	207	1178	616	581	558	888	704
6439	TDRD12_ENSG00000173809_101400.4	928	657	1028	255	578	274	145	567
6440	TDRD12_ENSG00000173809_101401.5	824	378	795	1076	313	281	197	374
6441	TDRD12_ENSG00000173809_101402.6	1298	582	1526	459	1445	286	379	886
6442	TDRD3_ENSG00000083544_75130.1	760	179	1026	853	868	0	295	559
6443	TDRD3_ENSG00000083544_75131.2	819	279	826	566	588	267	201	429
6444	TDRD3_ENSG00000083544_75132.3	1572	280	1707	381	1166	369	718	969
6445	TDRD3_ENSG00000083544_75133.4	1200	284	1193	1056	1307	0	262	645
6446	TDRD3_ENSG00000083544_75134.5	987	270	995	464	2135	281	257	562
6447	TDRD3_ENSG00000083544_75135.6	2076	621	2166	1664	560	669	1084	1237
6448	TDRD5_ENSG00000162782_68093.1	1931	1056	1776	1283	2068	308	779	962
6449	TDRD5_ENSG00000162782_68094.2	1450	914	1557	526	1132	279	645	877
6450	TDRD5_ENSG00000162782_68095.3	728	35	727	255	840	0	333	361
6451	TDRD5_ENSG00000162782_68096.4	867	353	955	425	140	274	226	484
6452	TDRD5_ENSG00000162782_68097.5	801	126	803	134	562	0	251	339
6453	TDRD5_ENSG00000162782_68098.6	1230	717	1283	314	728	158	477	804
6454	TDRD6_ENSG00000180113_64660.1	995	415	1250	386	645	431	756	709
6455	TDRD6_ENSG00000180113_64661.2	656	116	809	134	517	137	282	336
6456	TDRD6_ENSG00000180113_64662.3	1691	989	1889	2264	1011	94	745	1141
6457	TDRD6_ENSG00000180113_64663.4	1204	220	1072	438	1263	296	209	568
6458	TDRD6_ENSG00000180113_64664.5	1185	291	1202	549	435	143	257	569
6459	TDRD6_ENSG00000180113_64665.6	818	408	894	740	263	157	277	474
6460	TDRD7_ENSG00000196116_198936.1	1068	650	868	582	719	135	148	510
6461	TDRD7_ENSG00000196116_198937.2	678	183	876	522	0	477	518	567
6462	TDRD7_ENSG00000196116_198938.3	700	149	812	388	497	0	144	410
6463	TDRD7_ENSG00000196116_198939.4	2156	659	2449	1012	3752	483	1503	1405
6464	TDRD7_ENSG00000196116_198940.5	951	262	930	352	297	0	302	535
6465	TDRD7_ENSG00000196116_198941.6	1199	553	1065	448	718	439	430	538
6466	TDRD9_ENSG00000156414_161577.1	766	394	829	0	240	102	155	324
6467	TDRD9_ENSG00000156414_161578.2	3015	988	3076	1443	1243	972	1229	1628
6468	TDRD9_ENSG00000156414_161579.3	2090	298	2573	1319	306	270	1211	1197
6469	TDRD9_ENSG00000156414_161580.4	215	0	214	184	130	244	9	45
6470	TDRD9_ENSG00000156414_161581.5	1052	330	1034	796	739	251	648	676
6471	TDRD9_ENSG00000156414_161582.6	992	435	918	301	1943	359	396	560
6472	TDRKH_ENSG00000182134_33550.1	268	0	329	141	355	562	60	193
6473	TDRKH_ENSG00000182134_33551.2	1606	775	1389	1037	1376	285	148	781
6474	TDRKH_ENSG00000182134_33552.3	1922	642	1928	789	2469	93	582	918
6475	TDRKH_ENSG00000182134_33553.4	1535	716	1752	1079	874	0	592	847
6476	TDRKH_ENSG00000182134_33554.5	1251	136	1245	806	814	367	442	662
6477	TDRKH_ENSG00000182134_33555.6	1104	400	1100	249	732	1	469	663
6478	TERF1_ENSG00000147601_174769.1	373	136	390	1	309	0	96	243
6479	TERF1_ENSG00000147601_174770.2	271	131	365	0	0	0	105	167
6480	TERF1_ENSG00000147601_174771.3	2806	1060	2543	1072	1999	254	547	1274
6481	TERF1_ENSG00000147601_174772.4	277	71	262	191	784	0	136	148
6482	TERF1_ENSG00000147601_174773.5	765	111	934	748	632	0	262	487
6483	TERF1_ENSG00000147601_174774.6	921	75	833	0	1054	0	218	474
6484	TERF2_ENSG00000132604_79036.1	820	224	1165	971	1135	470	406	625
6485	TERF2_ENSG00000132604_79037.2	971	385	965	402	446	324	245	553
6486	TERF2_ENSG00000132604_79038.3	1404	508	1390	818	561	138	243	706
6487	TERF2_ENSG00000132604_79039.4	511	288	505	235	522	0	274	226
6488	TERF2_ENSG00000132604_79040.5	971	138	1111	413	830	421	172	546
6489	TERF2_ENSG00000132604_79041.6	1267	400	1515	902	1451	191	531	802
6490	TET1_ENSG00000138336_111618.1	1806	727	1720	1040	2112	451	575	1007
6491	TET1_ENSG00000138336_111619.2	719	345	853	559	1046	279	193	469
6492	TET1_ENSG00000138336_111620.3	2422	786	2529	2733	530	567	832	1448
6493	TET1_ENSG00000138336_111621.4	1483	669	1831	689	2530	373	828	1062
6494	TET1_ENSG00000138336_111622.5	897	294	1074	1416	921	251	355	486
6495	TET1_ENSG00000138336_111623.6	1951	747	1980	1025	2133	835	1114	1092
6496	TET2_ENSG00000168769_63928.1	1102	339	1039	362	843	273	480	646
6497	TET2_ENSG00000168769_63929.2	1043	391	1063	483	330	395	378	640
6498	TET2_ENSG00000168769_63930.3	819	288	887	0	250	0	174	438
6499	TET2_ENSG00000168769_63931.4	372	114	300	0	170	0	46	181
6500	TET2_ENSG00000168769_63932.5	631	201	432	676	0	0	121	219
6501	TET2_ENSG00000168769_63933.6	885	550	929	0	988	0	401	494
6502	TET3_ENSG00000187605_104067.1	1788	942	1763	738	666	522	392	1072
6503	TET3_ENSG00000187605_104068.2	822	63	862	160	720	461	431	479
6504	TET3_ENSG00000187605_104069.3	1290	318	1262	341	659	1091	301	586
6505	TET3_ENSG00000187605_104070.4	1003	370	1220	1202	639	0	403	650
6506	TET3_ENSG00000187605_104071.5	1531	635	1621	105	734	437	846	944
6507	TET3_ENSG00000187605_104072.6	885	311	1143	746	410	228	335	543
6508	TFPT_ENSG00000105619_4656.1	2437	890	2465	1741	2503	364	1013	1376
6509	TFPT_ENSG00000105619_4657.2	924	173	1050	459	1020	134	74	329
6510	TFPT_ENSG00000105619_4658.3	600	384	834	599	769	425	226	462
6511	TFPT_ENSG00000105619_4659.4	349	57	473	0	902	0	130	207
6512	TFPT_ENSG00000105619_4660.5	787	224	753	438	776	0	263	385
6513	TFPT_ENSG00000105619_4661.6	1130	395	903	396	285	0	412	459
6514	TIPARP_ENSG00000163659_201899.1	807	114	813	335	1295	125	353	434
6515	TIPARP_ENSG00000163659_201900.2	696	240	672	1	692	258	237	261
6516	TIPARP_ENSG00000163659_201901.3	1031	230	1068	648	867	585	250	575
6517	TIPARP_ENSG00000163659_201902.4	1234	608	1448	830	698	551	145	709
6518	TIPARP_ENSG00000163659_201903.5	1918	674	1959	1177	246	0	761	1073
6519	TIPARP_ENSG00000163659_201904.6	3033	1086	3317	1419	1942	1040	921	1704
6520	TLE1_ENSG00000196781_157081.1	1273	537	1543	1006	810	259	386	731
6521	TLE1_ENSG00000196781_157082.2	359	0	415	203	0	0	93	223
6522	TLE1_ENSG00000196781_157083.3	807	497	1183	720	259	491	203	518
6523	TLE1_ENSG00000196781_157084.4	1354	592	1380	152	532	556	661	657
6524	TLE1_ENSG00000196781_157085.5	809	529	864	644	650	137	488	424
6525	TLE1_ENSG00000196781_157086.6	1514	482	1743	868	508	559	1224	1131
6526	TLE4_ENSG00000106829_100715.1	868	380	979	327	1216	130	78	528
6527	TLE4_ENSG00000106829_100716.2	190	63	260	145	254	0	91	131
6528	TLE4_ENSG00000106829_100717.3	656	154	841	1	91	147	210	374
6529	TLE4_ENSG00000106829_100718.4	525	298	546	0	86	148	260	370
6530	TLE4_ENSG00000106829_100719.5	1815	296	1938	1247	1211	269	921	1047
6531	TLE4_ENSG00000106829_100720.6	1148	0	1127	0	1813	154	603	646
6532	TLK1_ENSG00000198586_191613.1	407	186	332	404	10	289	87	240
6533	TLK1_ENSG00000198586_191614.2	503	365	534	781	293	257	170	267
6534	TLK1_ENSG00000198586_191615.3	3330	809	3355	1083	1831	1637	1681	2055
6535	TLK1_ENSG00000198586_191616.4	811	170	898	289	530	183	246	465
6536	TLK1_ENSG00000198586_191617.5	939	53	1092	873	361	0	89	457
6537	TLK1_ENSG00000198586_191618.6	1555	826	1708	136	1151	308	506	1096
6538	TLK2_ENSG00000146872_120644.1	652	209	729	349	528	629	313	422
6539	TLK2_ENSG00000146872_120645.2	806	256	617	236	799	0	274	447
6540	TLK2_ENSG00000146872_120646.3	1956	1065	1742	1121	1146	726	748	1071
6541	TLK2_ENSG00000146872_120647.4	689	90	754	779	829	309	105	317
6542	TLK2_ENSG00000146872_120648.5	911	525	1044	407	1212	817	425	569
6543	TLK2_ENSG00000146872_120649.6	1405	992	1492	268	1126	125	301	803
6544	TMPO_ENSG00000120802_34924.1	377	62	377	884	0	0	77	161
6545	TMPO_ENSG00000120802_34925.2	683	243	825	121	811	0	359	474
6546	TMPO_ENSG00000120802_34926.3	1487	715	1679	968	886	529	1021	918
6547	TMPO_ENSG00000120802_34927.4	1224	707	1270	713	563	132	491	704
6548	TMPO_ENSG00000120802_34928.5	763	661	623	443	588	301	284	391
6549	TMPO_ENSG00000120802_34929.6	2154	861	2224	2391	1692	143	1451	1240
6550	TNKS_ENSG00000173273_89195.1	1142	620	1400	982	619	0	465	679
6551	TNKS_ENSG00000173273_89196.2	985	210	1308	545	802	135	441	601
6552	TNKS_ENSG00000173273_89197.3	904	184	766	340	343	252	41	332
6553	TNKS_ENSG00000173273_89198.4	774	89	736	908	1103	436	189	418
6554	TNKS_ENSG00000173273_89199.5	1491	803	1603	630	1474	427	600	1030
6555	TNKS_ENSG00000173273_89200.6	1631	944	1669	645	1061	280	619	942
6556	TNKS2_ENSG00000107854_24010.1	1799	509	1792	1562	1893	613	136	660
6557	TNKS2_ENSG00000107854_24011.2	780	205	630	1	384	167	469	457
6558	TNKS2_ENSG00000107854_24012.3	633	460	773	222	241	143	256	393
6559	TNKS2_ENSG00000107854_24013.4	1747	521	1712	1021	1405	150	595	866
6560	TNKS2_ENSG00000107854_24014.5	457	76	567	0	0	270	79	228
6561	TNKS2_ENSG00000107854_24015.6	2272	553	2377	1503	2745	979	1062	1400
6562	TNRC18_ENSG00000182095_203400.1	1680	204	1630	808	2432	282	476	746
6563	TNRC18_ENSG00000182095_203401.2	882	123	1097	211	758	0	295	419
6564	TNRC18_ENSG00000182095_203402.3	434	79	412	0	403	134	98	170
6565	TNRC18_ENSG00000182095_203403.4	778	314	882	188	1007	383	254	387
6566	TNRC18_ENSG00000182095_203404.5	1208	312	1229	582	1367	287	596	710
6567	TNRC18_ENSG00000182095_203405.6	1185	549	1250	536	793	432	225	594
6568	TOPORS_ENSG00000197579_109630.1	2055	899	1750	1521	1681	1708	906	997
6569	TOPORS_ENSG00000197579_109631.2	532	181	591	661	0	0	192	316
6570	TOPORS_ENSG00000197579_109632.3	1032	490	1317	1399	1864	2471	362	646
6571	TOPORS_ENSG00000197579_109633.4	785	690	905	1330	914	1359	83	419
6572	TOPORS_ENSG00000197579_109634.5	1338	1027	1471	839	2060	2049	775	855
6573	TOPORS_ENSG00000197579_109635.6	1505	1126	1493	612	1959	2233	847	825
6574	TOX4_ENSG00000092203_166381.1	970	302	986	860	477	264	558	622
6575	TOX4_ENSG00000092203_166382.2	1214	437	1219	1021	882	425	381	680
6576	TOX4_ENSG00000092203_166383.3	408	69	469	0	0	0	312	258
6577	TOX4_ENSG00000092203_166384.4	1303	393	1532	583	216	495	451	759
6578	TOX4_ENSG00000092203_166385.5	1056	342	835	679	481	276	217	515
6579	TOX4_ENSG00000092203_166386.6	1921	1157	2395	1552	2466	1259	627	1283
6580	TP53BP1_ENSG00000067369_134753.1	1142	401	1020	1	777	984	339	577
6581	TP53BP1_ENSG00000067369_134754.2	2117	637	2247	808	2188	588	1276	1298
6582	TP53BP1_ENSG00000067369_134755.3	310	207	286	0	0	0	106	187
6583	TP53BP1_ENSG00000067369_134756.4	245	0	359	287	0	142	83	154
6584	TP53BP1_ENSG00000067369_134757.5	2666	1221	2770	1847	2755	1034	572	1364
6585	TP53BP1_ENSG00000067369_134758.6	654	224	733	303	1361	116	272	430
6586	TRAF7_ENSG00000131653_172278.1	954	132	870	489	831	372	104	414
6587	TRAF7_ENSG00000131653_172279.2	660	522	851	321	801	0	235	421
6588	TRAF7_ENSG00000131653_172280.3	777	130	915	974	310	0	553	461
6589	TRAF7_ENSG00000131653_172281.4	1785	632	2224	879	1643	466	790	1067
6590	TRAF7_ENSG00000131653_172282.5	567	190	718	555	700	0	131	341
6591	TRAF7_ENSG00000131653_172283.6	1068	188	1090	696	2076	251	598	590
6592	TRDMT1_ENSG00000107614_45731.1	1154	228	1665	133	1622	626	357	688
6593	TRDMT1_ENSG00000107614_45732.2	764	310	941	1000	1228	0	448	569
6594	TRDMT1_ENSG00000107614_45733.3	880	362	796	215	279	0	173	405
6595	TRDMT1_ENSG00000107614_45734.4	459	295	453	256	977	133	68	251
6596	TRDMT1_ENSG00000107614_45735.5	1270	420	1255	918	672	136	418	694
6597	TRDMT1_ENSG00000107614_45736.6	716	0	559	460	64	279	219	413
6598	TRIM13_ENSG00000204977_60776.1	1604	467	1554	414	1010	962	901	1027
6599	TRIM13_ENSG00000204977_60777.2	1777	322	1760	1451	898	978	1241	1131
6600	TRIM13_ENSG00000204977_60778.3	897	0	824	535	9	161	464	521
6601	TRIM13_ENSG00000204977_60779.4	603	81	452	134	599	280	236	216
6602	TRIM13_ENSG00000204977_60780.5	1767	682	1925	1046	872	116	811	1070
6603	TRIM13_ENSG00000204977_60781.6	1148	524	1123	557	262	512	326	594
6604	TRIM24_ENSG00000122779_123215.1	665	343	735	0	0	134	390	413
6605	TRIM24_ENSG00000122779_123216.2	1850	567	1780	791	469	269	1056	1065
6606	TRIM24_ENSG00000122779_123217.3	742	400	856	313	713	127	379	510
6607	TRIM24_ENSG00000122779_123218.4	2272	757	2414	1182	1566	400	1444	1349
6608	TRIM24_ENSG00000122779_123219.5	2715	1530	3128	1144	1485	364	1366	1656
6609	TRIM24_ENSG00000122779_123220.6	665	348	622	243	0	356	139	243
6610	TRIM28_ENSG00000130726_106749.1	1518	488	1868	1160	718	267	619	821
6611	TRIM28_ENSG00000130726_106750.2	1354	576	1656	822	470	139	945	930
6612	TRIM28_ENSG00000130726_106751.3	3280	907	3833	1070	3016	990	1945	1955
6613	TRIM28_ENSG00000130726_106752.4	1275	148	1291	269	542	648	599	743
6614	TRIM28_ENSG00000130726_106753.5	441	398	475	718	559	0	209	250
6615	TRIM28_ENSG00000130726_106754.6	80	42	78	88	0	0	14	40
6616	TRIM33_ENSG00000197323_48521.1	990	330	849	445	701	151	305	421
6617	TRIM33_ENSG00000197323_48522.2	652	105	804	267	359	0	193	391
6618	TRIM33_ENSG00000197323_48523.3	1438	274	1384	936	1269	269	278	753
6619	TRIM33_ENSG00000197323_48524.4	3736	1243	3923	1414	2889	912	1654	2131
6620	TRIM33_ENSG00000197323_48525.5	2725	888	2983	644	3482	360	1263	1624
6621	TRIM33_ENSG00000197323_48526.6	586	310	538	310	3	137	224	257
6622	TRIM37_ENSG00000108395_115681.1	1461	453	1483	142	2280	814	783	801
6623	TRIM37_ENSG00000108395_115682.2	1362	391	1665	1077	566	643	571	831
6624	TRIM37_ENSG00000108395_115683.3	1508	673	1753	653	1426	382	567	929
6625	TRIM37_ENSG00000108395_115684.4	713	301	778	1	73	0	172	364
6626	TRIM37_ENSG00000108395_115685.5	1122	359	1177	597	498	860	51	604
6627	TRIM37_ENSG00000108395_115686.6	1065	703	1356	1490	576	463	437	645
6628	TRIM5_ENSG00000132256_118346.1	914	204	921	503	627	0	185	493
6629	TRIM5_ENSG00000132256_118347.2	601	244	631	377	895	0	268	365
6630	TRIM5_ENSG00000132256_118348.3	705	181	618	739	688	0	128	402
6631	TRIM5_ENSG00000132256_118349.4	1670	494	1616	158	774	603	581	1026
6632	TRIM5_ENSG00000132256_118350.5	1598	228	1565	1014	1623	75	935	928
6633	TRIM5_ENSG00000132256_118351.6	2245	417	2475	2447	2077	693	951	1211
6634	TRIM66_ENSG00000166436_72372.1	1293	334	1217	948	1146	140	793	870
6635	TRIM66_ENSG00000166436_72373.2	672	244	1042	200	1048	0	303	446
6636	TRIM66_ENSG00000166436_72374.3	3118	859	3595	720	4523	383	2115	2106
6637	TRIM66_ENSG00000166436_72375.4	756	510	685	0	1298	434	36	281
6638	TRIM66_ENSG00000166436_72376.5	1168	339	1271	1235	0	382	422	640
6639	TRIM66_ENSG00000166436_72377.6	1920	902	2380	831	1584	964	1336	1249
6640	TRRAP_ENSG00000196367_62385.1	528	128	278	404	580	0	286	252
6641	TRRAP_ENSG00000196367_62386.2	952	234	892	1	1021	370	348	475
6642	TRRAP_ENSG00000196367_62387.3	978	221	1099	223	260	136	485	485
6643	TRRAP_ENSG00000196367_62388.4	1091	258	1296	401	792	0	412	634
6644	TRRAP_ENSG00000196367_62389.5	1375	308	1334	662	1252	0	615	773
6645	TRRAP_ENSG00000196367_62390.6	3651	1052	4191	1867	2543	2440	1277	2247
6646	TSPYL2_ENSG00000184205_179525.1	932	485	942	0	809	294	142	485
6647	TSPYL2_ENSG00000184205_179526.2	2195	699	2408	1331	2213	427	1111	1172
6648	TSPYL2_ENSG00000184205_179527.3	1495	1108	1577	1498	269	301	642	797
6649	TSPYL2_ENSG00000184205_179528.4	1960	666	2160	1195	1820	512	197	855
6650	TSPYL2_ENSG00000184205_179529.5	785	387	862	562	428	0	271	483
6651	TSPYL2_ENSG00000184205_179530.6	1146	196	986	155	1717	0	663	677
6652	TSSK6_ENSG00000178093_172497.1	1042	442	1172	419	1178	118	250	469
6653	TSSK6_ENSG00000178093_172498.2	1270	424	1373	586	1377	444	626	656
6654	TSSK6_ENSG00000178093_172499.3	4270	1428	4445	2465	3177	1008	1407	2525
6655	TSSK6_ENSG00000178093_172500.4	114	0	185	526	81	0	67	92
6656	TSSK6_ENSG00000178093_172501.5	945	168	1084	689	928	269	336	537
6657	TSSK6_ENSG00000178093_172502.6	3092	1149	3082	1123	1646	364	1983	1625
6658	TTF1_ENSG00000125482_128020.1	536	59	613	763	509	0	308	404
6659	TTF1_ENSG00000125482_128021.2	470	139	445	149	458	286	104	274
6660	TTF1_ENSG00000125482_128022.3	1335	562	1249	495	2123	366	484	750
6661	TTF1_ENSG00000125482_128023.4	1870	598	1783	1275	445	555	266	788
6662	TTF1_ENSG00000125482_128024.5	1419	494	1333	654	1203	204	213	662
6663	TTF1_ENSG00000125482_128025.6	483	58	461	131	306	128	124	269
6664	TTF2_ENSG00000116830_142330.1	3412	1130	3614	2373	1459	867	1816	2109
6665	TTF2_ENSG00000116830_142331.2	1097	811	1427	1187	1445	137	659	755
6666	TTF2_ENSG00000116830_142332.3	1935	672	2058	428	1355	136	331	927
6667	TTF2_ENSG00000116830_142333.4	2152	763	2117	1740	2026	61	697	991
6668	TTF2_ENSG00000116830_142334.5	1846	448	2062	1595	1372	970	387	1195
6669	TTF2_ENSG00000116830_142335.6	2169	864	2737	1004	2415	0	1319	1347
6670	UBA1_ENSG00000130985_153583.1	1398	512	1404	1019	755	292	698	845
6671	UBA1_ENSG00000130985_153584.2	503	308	666	171	475	208	321	325
6672	UBA1_ENSG00000130985_153585.3	823	976	781	1030	740	1498	240	418
6673	UBA1_ENSG00000130985_153586.4	213	257	379	125	0	267	135	132
6674	UBA1_ENSG00000130985_153587.5	1539	359	1576	886	1692	257	433	784
6675	UBA1_ENSG00000130985_153588.6	1117	616	1201	544	250	808	483	619
6676	UBA2_ENSG00000126261_179860.1	1708	1529	2141	495	1764	704	408	925
6677	UBA2_ENSG00000126261_179861.2	549	229	452	378	497	0	296	304
6678	UBA2_ENSG00000126261_179862.3	481	129	519	189	283	0	214	276
6679	UBA2_ENSG00000126261_179863.4	1152	248	975	1	380	69	606	666
6680	UBA2_ENSG00000126261_179864.5	2560	1281	2572	1401	1634	393	1519	1489
6681	UBA2_ENSG00000126261_179865.6	1153	286	1358	0	404	0	321	764
6682	UBA7_ENSG00000182179_19475.1	1433	357	1503	1585	631	159	601	885
6683	UBA7_ENSG00000182179_19476.2	610	306	692	914	883	529	241	382
6684	UBA7_ENSG00000182179_19477.3	1789	1046	1944	748	1662	973	826	990
6685	UBA7_ENSG00000182179_19478.4	655	182	620	622	1946	276	212	383
6686	UBA7_ENSG00000182179_19479.5	2373	882	2818	1389	1515	324	2136	1480
6687	UBA7_ENSG00000182179_19480.6	1706	339	1853	629	1365	118	846	938
6688	UBE2A_ENSG00000077721_200005.1	1864	656	1962	860	522	275	401	955
6689	UBE2A_ENSG00000077721_200006.2	589	0	719	406	816	216	241	343
6690	UBE2A_ENSG00000077721_200007.3	459	227	383	625	244	392	82	239
6691	UBE2A_ENSG00000077721_200008.4	656	272	691	414	678	82	298	331
6692	UBE2A_ENSG00000077721_200009.5	1074	245	1257	566	257	99	419	703
6693	UBE2A_ENSG00000077721_200010.6	1093	848	1143	135	551	287	530	539
6694	UBE2B_ENSG00000119048_29698.2	470	183	344	0	0	0	112	133
6695	UBE2B_ENSG00000119048_29699.3	821	569	902	364	264	413	481	548
6696	UBE2B_ENSG00000119048_29700.4	2167	511	2882	1510	2371	409	1124	1454
6697	UBE2B_ENSG00000119048_29701.5	925	380	1017	990	688	248	150	509
6698	UBE2C_ENSG00000175063_124584.1	1064	673	1219	382	679	508	136	484
6699	UBE2C_ENSG00000175063_124585.2	972	573	974	1379	790	0	238	514
6700	UBE2C_ENSG00000175063_124586.3	919	447	1024	989	534	747	315	523
6701	UBE2C_ENSG00000175063_124587.4	220	64	211	102	159	0	77	96
6702	UBE2C_ENSG00000175063_124588.5	725	333	986	1259	2174	0	716	561
6703	UBE2C_ENSG00000175063_124589.6	2720	1135	3221	1843	1599	573	1008	1543
6704	UBE2E1_ENSG00000170142_191643.1	732	217	736	257	713	541	279	397
6705	UBE2E1_ENSG00000170142_191644.2	713	188	974	624	235	0	294	481
6706	UBE2E1_ENSG00000170142_191645.3	1073	595	1069	644	0	167	786	623
6707	UBE2E1_ENSG00000170142_191646.4	699	346	534	254	818	121	249	356
6708	UBE2E1_ENSG00000170142_191647.5	2168	549	2104	1230	1202	401	460	953
6709	UBE2E1_ENSG00000170142_191648.6	1063	253	1225	871	515	213	333	501
6710	UBE2E3_ENSG00000170035_146002.1	1563	786	1717	702	1271	0	327	872
6711	UBE2E3_ENSG00000170035_146003.2	429	77	481	0	964	0	156	249
6712	UBE2E3_ENSG00000170035_146004.3	691	310	901	1047	410	148	138	449
6713	UBE2E3_ENSG00000170035_146005.4	1158	662	1318	228	250	386	697	703
6714	UBE2E3_ENSG00000170035_146006.5	616	448	1108	470	1100	431	502	430
6715	UBE2E3_ENSG00000170035_146007.6	647	259	710	439	535	369	130	412
6716	UBE2I_ENSG00000103275_62915.1	2353	985	2295	2281	495	432	1060	1338
6717	UBE2I_ENSG00000103275_62916.2	1424	648	1282	317	911	115	431	697
6718	UBE2I_ENSG00000103275_62917.3	691	240	554	0	0	319	146	364
6719	UBE2I_ENSG00000103275_62918.4	970	258	1078	365	1083	308	410	661
6720	UBE2I_ENSG00000103275_62919.5	1748	614	1789	468	2294	825	488	1077
6721	UBE2I_ENSG00000103275_62920.6	2450	1736	2693	1641	3964	519	1129	1407
6722	UBE2M_ENSG00000130725_80470.1	1107	224	1201	348	693	0	739	854
6723	UBE2M_ENSG00000130725_80471.2	1937	998	2100	655	1219	802	511	1109
6724	UBE2M_ENSG00000130725_80472.3	2456	924	2532	1094	2254	425	1235	1440
6725	UBE2M_ENSG00000130725_80473.4	796	275	1061	607	651	284	281	565
6726	UBE2M_ENSG00000130725_80474.5	435	270	520	195	500	142	142	261
6727	UBE2M_ENSG00000130725_80475.6	1653	303	1628	356	1200	0	512	825
6728	UBE2Q2_ENSG00000140367_196204.1	1056	201	1176	537	857	330	758	664
6729	UBE2Q2_ENSG00000140367_196205.2	2382	656	2796	1633	2493	540	987	1361
6730	UBE2Q2_ENSG00000140367_196206.3	2514	1095	2425	1449	2467	700	797	1207
6731	UBE2Q2_ENSG00000140367_196207.4	1164	518	1176	470	1013	105	400	676
6732	UBE2Q2_ENSG00000140367_196208.5	641	220	521	515	539	0	345	422
6733	UBE2Q2_ENSG00000140367_196209.6	1748	493	1734	1253	1530	239	869	1013
6734	UBE3A_ENSG00000114062_117986.1	612	93	587	318	511	0	159	443
6735	UBE3A_ENSG00000114062_117987.2	1642	799	1924	496	1174	809	589	1021
6736	UBE3A_ENSG00000114062_117988.3	576	327	671	219	851	153	513	406
6737	UBE3A_ENSG00000114062_117989.4	1624	507	1836	1276	1764	203	785	976
6738	UBE3A_ENSG00000114062_117990.5	580	472	740	225	1556	0	28	249
6739	UBE3A_ENSG00000114062_117991.6	441	185	408	42	794	0	124	219
6740	UBE4A_ENSG00000110344_42241.1	1590	469	1607	590	373	269	627	949
6741	UBE4A_ENSG00000110344_42242.2	2240	567	2877	760	2577	1181	1258	1517
6742	UBE4A_ENSG00000110344_42243.3	725	239	717	0	263	451	272	407
6743	UBE4A_ENSG00000110344_42244.4	1503	680	1489	1060	0	414	449	839
6744	UBE4A_ENSG00000110344_42245.5	1526	222	1411	963	923	817	449	750
6745	UBE4A_ENSG00000110344_42246.6	967	621	1111	400	803	286	429	554
6746	UBR1_ENSG00000159459_201819.1	518	431	648	0	1167	0	231	286
6747	UBR1_ENSG00000159459_201820.2	172	173	169	0	0	0	76	122
6748	UBR1_ENSG00000159459_201821.3	892	400	1255	322	259	471	292	597
6749	UBR1_ENSG00000159459_201822.4	1373	274	1434	1073	687	424	638	751
6750	UBR1_ENSG00000159459_201823.5	1358	327	1420	1034	1483	398	913	853
6751	UBR1_ENSG00000159459_201824.6	472	269	496	180	398	133	117	257
6752	UBR2_ENSG00000024048_101307.1	2045	746	2379	968	873	521	748	1107
6753	UBR2_ENSG00000024048_101308.2	1887	629	1924	961	1672	814	812	1095
6754	UBR2_ENSG00000024048_101309.3	593	97	608	0	0	140	92	289
6755	UBR2_ENSG00000024048_101310.4	2366	920	2940	1645	1215	424	1151	1549
6756	UBR2_ENSG00000024048_101311.5	529	0	551	397	684	0	158	306
6757	UBR2_ENSG00000024048_101312.6	654	230	574	0	562	232	307	357
6758	UBR3_ENSG00000144357_124414.1	531	54	626	415	721	0	91	261
6759	UBR3_ENSG00000144357_124415.2	2059	399	2261	953	1467	701	1161	1089
6760	UBR3_ENSG00000144357_124416.3	609	318	779	289	106	141	254	483
6761	UBR3_ENSG00000144357_124417.4	1111	418	1097	337	1090	288	314	521
6762	UBR3_ENSG00000144357_124418.5	583	89	579	0	251	298	252	392
6763	UBR3_ENSG00000144357_124419.6	1655	445	1963	0	759	656	1256	947
6764	UBR4_ENSG00000127481_130700.1	1125	742	1295	786	1716	671	415	693
6765	UBR4_ENSG00000127481_130701.2	1326	250	1230	1632	2451	611	313	743
6766	UBR4_ENSG00000127481_130702.3	2092	1148	2065	1706	4620	840	529	1155
6767	UBR4_ENSG00000127481_130703.4	1653	399	1964	843	1006	558	739	1133
6768	UBR4_ENSG00000127481_130704.5	1109	639	1332	496	285	230	435	688
6769	UBR4_ENSG00000127481_130705.6	845	523	994	498	1474	229	214	514
6770	UBR5_ENSG00000104517_34414.1	1213	320	1275	901	1001	0	700	828
6771	UBR5_ENSG00000104517_34415.2	1258	485	1190	0	609	870	63	399
6772	UBR5_ENSG00000104517_34416.3	1817	1359	2433	712	3123	207	693	1303
6773	UBR5_ENSG00000104517_34417.4	788	292	842	551	1067	0	153	377
6774	UBR5_ENSG00000104517_34418.5	2257	751	2234	781	2510	238	916	1214
6775	UBR5_ENSG00000104517_34419.6	1562	906	1584	772	2239	391	806	1069
6776	UBR7_ENSG00000012963_53270.1	1260	352	1407	916	810	306	468	677
6777	UBR7_ENSG00000012963_53271.2	2220	700	2302	1277	2205	560	2046	1297
6778	UBR7_ENSG00000012963_53272.3	1758	526	2025	1372	878	139	776	1064
6779	UBR7_ENSG00000012963_53273.4	487	107	384	482	246	0	130	239
6780	UBR7_ENSG00000012963_53274.5	1848	1577	2266	1406	2165	390	1104	1220
6781	UBR7_ENSG00000012963_53275.6	1979	766	2075	1498	1497	1185	252	1242
6782	UCHL5_ENSG00000116750_59126.1	946	154	1015	598	1625	537	290	520
6783	UCHL5_ENSG00000116750_59127.2	1287	409	1661	988	1549	200	569	797
6784	UCHL5_ENSG00000116750_59128.3	1488	706	1305	674	1901	830	145	740
6785	UCHL5_ENSG00000116750_59129.4	1713	906	2055	398	827	260	648	1054
6786	UCHL5_ENSG00000116750_59130.5	1449	619	1191	557	1387	514	81	609
6787	UCHL5_ENSG00000116750_59131.6	680	175	757	180	1284	288	117	356
6788	UHRF2_ENSG00000147854_126752.1	1337	464	1332	1454	873	313	994	1065
6789	UHRF2_ENSG00000147854_126753.2	1457	386	1699	1713	1357	659	500	798
6790	UHRF2_ENSG00000147854_126754.3	990	602	1254	1441	150	610	733	589
6791	UHRF2_ENSG00000147854_126755.4	2875	1218	3295	2193	494	922	445	1405
6792	UHRF2_ENSG00000147854_126756.5	2567	1067	3129	1137	2292	1093	1827	1703
6793	UHRF2_ENSG00000147854_126757.6	1068	659	1130	275	394	407	71	524
6794	UIMC1_ENSG00000087206_132349.1	198	53	255	193	0	0	41	135
6795	UIMC1_ENSG00000087206_132350.2	1008	378	1097	361	322	319	405	561
6796	UIMC1_ENSG00000087206_132351.3	1081	378	1181	821	226	284	552	615
6797	UIMC1_ENSG00000087206_132352.4	1421	213	1495	536	676	516	676	893
6798	UIMC1_ENSG00000087206_132353.5	487	320	735	459	273	0	248	386
6799	UIMC1_ENSG00000087206_132354.6	864	348	770	573	1702	491	93	417
6800	UNG_ENSG00000076248_112393.1	946	178	863	934	942	668	146	369
6801	UNG_ENSG00000076248_112394.2	828	167	948	378	626	160	97	434
6802	UNG_ENSG00000076248_112395.3	687	280	642	298	1372	441	163	315
6803	UNG_ENSG00000076248_112396.4	4539	1255	4797	1518	4586	847	665	2150
6804	UNG_ENSG00000076248_112397.5	626	122	634	236	812	115	31	241
6805	UNG_ENSG00000076248_112398.6	852	254	1067	713	0	428	654	652
6806	USF2_ENSG00000105698_129355.1	1391	302	1665	1255	1136	695	359	846
6807	USF2_ENSG00000105698_129356.2	200	276	268	0	279	0	21	74
6808	USF2_ENSG00000105698_129357.3	1804	886	2108	1361	1143	290	1038	1107
6809	USF2_ENSG00000105698_129358.4	2481	1284	2745	2120	2589	722	902	1581
6810	USF2_ENSG00000105698_129359.5	3051	942	2769	987	1656	397	862	1475
6811	USF2_ENSG00000105698_129360.6	94	0	152	0	0	0	55	75
6812	USP12_ENSG00000152484_33240.1	1397	122	1329	519	900	800	622	927
6813	USP12_ENSG00000152484_33241.2	1654	408	1684	510	1289	856	574	828
6814	USP12_ENSG00000152484_33242.3	696	386	887	138	258	0	312	433
6815	USP12_ENSG00000152484_33243.4	949	394	959	55	997	0	452	441
6816	USP12_ENSG00000152484_33244.5	766	349	653	123	557	149	122	362
6817	USP12_ENSG00000152484_33245.6	701	540	703	239	1848	531	257	340
6818	USP13_ENSG00000058056_102613.1	844	256	894	732	754	268	648	602
6819	USP13_ENSG00000058056_102614.2	1160	485	1358	868	1106	694	393	719
6820	USP13_ENSG00000058056_102615.3	608	165	547	233	1781	0	44	222
6821	USP13_ENSG00000058056_102616.4	1483	527	1429	538	1041	452	449	650
6822	USP13_ENSG00000058056_102617.5	1589	644	1806	774	1986	862	726	857
6823	USP13_ENSG00000058056_102618.6	969	521	1145	1055	1835	577	270	534
6824	USP16_ENSG00000156256_81398.1	1281	440	1256	555	1592	153	538	890
6825	USP16_ENSG00000156256_81399.2	1721	621	1898	807	639	154	760	1024
6826	USP16_ENSG00000156256_81400.3	1350	784	1480	1353	729	576	740	776
6827	USP16_ENSG00000156256_81401.4	1183	400	1271	693	938	253	281	718
6828	USP16_ENSG00000156256_81402.5	1338	261	1373	943	770	314	591	836
6829	USP16_ENSG00000156256_81403.6	826	241	734	178	254	250	225	397
6830	USP21_ENSG00000143258_63593.1	1814	379	2061	825	1731	546	874	1062
6831	USP21_ENSG00000143258_63594.2	1152	387	1469	144	810	677	360	718
6832	USP21_ENSG00000143258_63595.3	721	248	581	292	488	0	229	314
6833	USP21_ENSG00000143258_63596.4	1439	49	1706	1245	719	344	489	745
6834	USP21_ENSG00000143258_63597.5	1501	344	1425	1081	893	737	786	728
6835	USP21_ENSG00000143258_63598.6	991	282	1105	760	806	134	332	614
6836	USP22_ENSG00000124422_60240.1	1656	320	1518	518	2588	294	711	1000
6837	USP22_ENSG00000124422_60241.2	493	66	418	0	338	121	190	227
6838	USP22_ENSG00000124422_60242.3	723	276	754	219	4	140	372	425
6839	USP22_ENSG00000124422_60243.4	645	136	657	416	236	0	289	336
6840	USP22_ENSG00000124422_60244.5	1646	532	1634	1010	1594	195	485	941
6841	USP22_ENSG00000124422_60245.6	2685	864	3261	1111	2419	400	1977	1628
6842	USP3_ENSG00000140455_110858.1	1288	417	1264	579	2605	544	210	654
6843	USP3_ENSG00000140455_110859.2	589	462	572	165	626	0	277	325
6844	USP3_ENSG00000140455_110860.3	1483	616	1633	492	240	0	538	771
6845	USP3_ENSG00000140455_110861.4	2657	1203	2903	1770	1680	704	925	1579
6846	USP3_ENSG00000140455_110862.5	1439	573	1640	1100	1135	432	901	939
6847	USP3_ENSG00000140455_110863.6	1397	573	1425	1009	1597	113	837	975
6848	USP34_ENSG00000115464_54589.1	926	214	1139	615	511	305	502	567
6849	USP34_ENSG00000115464_54590.2	579	138	757	165	678	0	241	336
6850	USP34_ENSG00000115464_54591.3	1387	546	1458	746	1148	393	703	800
6851	USP34_ENSG00000115464_54592.4	820	417	959	571	154	166	394	578
6852	USP34_ENSG00000115464_54593.5	1219	833	1474	767	1107	125	879	725
6853	USP34_ENSG00000115464_54594.6	913	472	1085	806	1787	0	454	696
6854	USP35_ENSG00000118369_118286.1	1479	701	1680	1196	1006	293	1119	1032
6855	USP35_ENSG00000118369_118287.2	217	0	244	250	7	126	126	147
6856	USP35_ENSG00000118369_118288.3	1130	259	987	958	906	556	481	529
6857	USP35_ENSG00000118369_118289.4	1561	575	1571	1076	643	841	484	822
6858	USP35_ENSG00000118369_118290.5	653	91	715	150	243	0	141	309
6859	USP35_ENSG00000118369_118291.6	1052	234	1047	271	1255	45	126	415
6860	USP46_ENSG00000109189_170971.1	993	718	1075	594	1532	291	496	701
6861	USP46_ENSG00000109189_170972.2	1139	338	1200	876	413	200	677	572
6862	USP46_ENSG00000109189_170973.3	1777	828	1808	748	446	842	914	917
6863	USP46_ENSG00000109189_170974.4	3068	1234	2708	1837	2847	667	1026	1310
6864	USP46_ENSG00000109189_170975.5	576	167	731	488	842	128	236	319
6865	USP46_ENSG00000109189_170976.6	2566	652	2634	1008	2029	297	951	1482
6866	USP51_ENSG00000247746_28308.1	330	159	436	0	430	517	32	195
6867	USP51_ENSG00000247746_28309.2	1331	843	1579	1107	2040	125	476	741
6868	USP51_ENSG00000247746_28310.3	207	280	333	375	654	142	79	165
6869	USP51_ENSG00000247746_28311.4	926	451	1185	430	452	570	286	559
6870	USP51_ENSG00000247746_28312.5	1379	509	1611	341	2633	623	533	809
6871	USP51_ENSG00000247746_28313.6	1152	332	1460	303	1323	618	348	677
6872	USP7_ENSG00000187555_156514.1	2594	1172	3198	3151	3526	1057	1219	1822
6873	USP7_ENSG00000187555_156515.2	1652	498	1956	1365	1581	388	646	1011
6874	USP7_ENSG00000187555_156516.3	1246	567	1435	759	951	137	328	758
6875	USP7_ENSG00000187555_156517.4	1130	360	1411	1152	834	509	443	792
6876	USP7_ENSG00000187555_156518.5	759	234	664	811	582	431	139	329
6877	USP7_ENSG00000187555_156519.6	1150	641	1127	603	588	148	328	602
6878	UTP3_ENSG00000132467_166591.1	1203	546	1301	729	815	387	402	712
6879	UTP3_ENSG00000132467_166592.2	1172	611	1133	1325	268	433	318	505
6880	UTP3_ENSG00000132467_166593.3	976	50	1216	322	201	298	426	716
6881	UTP3_ENSG00000132467_166594.4	234	127	196	242	236	0	52	123
6882	UTP3_ENSG00000132467_166595.5	1449	552	1477	400	1982	579	335	644
6883	UTP3_ENSG00000132467_166596.6	386	0	363	1	49	0	107	182
6884	UTY_ENSG00000183878_99235.1	1077	525	1176	168	179	0	446	551
6885	UTY_ENSG00000183878_99236.2	1692	257	1745	659	2148	253	349	825
6886	UTY_ENSG00000183878_99237.3	762	641	795	481	260	390	229	477
6887	UTY_ENSG00000183878_99238.4	905	611	1117	162	163	0	700	624
6888	UTY_ENSG00000183878_99239.5	363	0	631	0	1231	143	301	299
6889	UTY_ENSG00000183878_99240.6	1705	550	1926	232	697	358	523	1067
6890	VCPKMT_ENSG00000100483_30871.1	425	194	441	145	0	0	25	193
6891	VCPKMT_ENSG00000100483_30872.2	1633	466	1773	967	1355	505	558	977
6892	VCPKMT_ENSG00000100483_30873.3	1458	667	1460	274	847	0	221	703
6893	VCPKMT_ENSG00000100483_30874.4	543	54	813	0	92	137	131	320
6894	VCPKMT_ENSG00000100483_30875.5	2095	580	2333	954	2479	683	643	1209
6895	VCPKMT_ENSG00000100483_30876.6	958	430	851	369	268	141	594	507
6896	VPS72_ENSG00000163159_21444.1	1173	300	1207	478	659	233	109	547
6897	VPS72_ENSG00000163159_21445.2	877	406	861	1115	527	136	277	535
6898	VPS72_ENSG00000163159_21446.3	1290	426	1633	1253	1106	902	419	804
6899	VPS72_ENSG00000163159_21447.4	1252	297	1410	1056	812	661	500	718
6900	VPS72_ENSG00000163159_21448.5	515	94	684	279	267	279	310	341
6901	VPS72_ENSG00000163159_21449.6	885	528	1149	889	910	299	442	657
6902	VRK1_ENSG00000100749_90874.1	2278	858	2651	528	1312	270	1627	1397
6903	VRK1_ENSG00000100749_90875.2	1360	350	1675	1340	328	962	718	953
6904	VRK1_ENSG00000100749_90876.3	1584	668	1676	1697	1801	146	949	977
6905	VRK1_ENSG00000100749_90877.4	1108	555	1198	550	0	143	198	628
6906	VRK1_ENSG00000100749_90878.5	1744	552	1413	360	775	0	805	805
6907	VRK1_ENSG00000100749_90879.6	465	0	392	130	611	125	100	212
6908	VRK2_ENSG00000028116_148160.1	2043	986	1937	1048	1619	664	599	1006
6909	VRK2_ENSG00000028116_148161.2	547	318	541	615	1042	0	179	319
6910	VRK2_ENSG00000028116_148162.3	3266	791	2909	2089	2605	560	660	1537
6911	VRK2_ENSG00000028116_148163.4	3056	1363	3276	2335	3160	578	1602	1795
6912	VRK2_ENSG00000028116_148164.5	1263	371	1002	938	356	0	361	650
6913	VRK2_ENSG00000028116_148165.6	749	202	588	393	650	131	213	317
6914	WBSCR22_ENSG00000071462_114959.1	2014	663	2415	748	2101	530	1078	1105
6915	WBSCR22_ENSG00000071462_114960.2	1484	487	1831	1090	1365	130	1062	838
6916	WBSCR22_ENSG00000071462_114961.3	2545	1731	2659	1890	1018	1244	661	1409
6917	WBSCR22_ENSG00000071462_114962.4	1154	835	1326	880	1402	130	258	577
6918	WBSCR22_ENSG00000071462_114963.5	788	184	864	113	205	710	275	474
6919	WBSCR22_ENSG00000071462_114964.6	1107	507	1130	697	304	154	184	426
6920	WBSCR27_ENSG00000165171_180319.1	324	29	403	232	222	142	96	211
6921	WBSCR27_ENSG00000165171_180320.2	494	133	625	289	252	27	150	362
6922	WBSCR27_ENSG00000165171_180321.3	411	234	575	302	40	0	71	208
6923	WBSCR27_ENSG00000165171_180322.4	1396	545	1632	994	1073	501	874	887
6924	WBSCR27_ENSG00000165171_180323.5	2908	800	3273	1527	1986	425	1627	1802
6925	WBSCR27_ENSG00000165171_180324.6	2640	1355	2881	1032	2640	1426	1271	1551
6926	WDR5_ENSG00000196363_181525.1	1179	347	1113	1040	1576	0	329	601
6927	WDR5_ENSG00000196363_181526.2	1388	895	1190	631	233	890	435	758
6928	WDR5_ENSG00000196363_181527.3	1501	334	1415	633	252	292	290	716
6929	WDR5_ENSG00000196363_181528.4	736	192	829	179	294	248	262	363
6930	WDR5_ENSG00000196363_181529.5	598	0	608	122	568	551	135	318
6931	WDR5_ENSG00000196363_181530.6	1098	335	995	0	592	289	341	524
6932	WDR61_ENSG00000140395_30621.1	1978	679	2007	682	811	0	1216	1293
6933	WDR61_ENSG00000140395_30622.2	557	0	498	391	320	291	221	355
6934	WDR61_ENSG00000140395_30623.3	729	233	825	540	396	147	67	408
6935	WDR61_ENSG00000140395_30624.4	1071	327	1096	559	829	265	492	547
6936	WDR61_ENSG00000140395_30625.5	1089	492	1037	892	1644	1	293	652
6937	WDR61_ENSG00000140395_30626.6	1287	347	1586	765	1123	457	855	990
6938	WDR77_ENSG00000116455_34074.1	395	244	395	190	512	256	30	152
6939	WDR77_ENSG00000116455_34075.2	1959	805	1792	1711	2185	409	350	876
6940	WDR77_ENSG00000116455_34076.3	1438	660	1522	1473	1892	402	49	597
6941	WDR77_ENSG00000116455_34077.4	836	673	907	559	663	0	195	377
6942	WDR77_ENSG00000116455_34078.5	582	322	674	156	780	268	216	328
6943	WDR77_ENSG00000116455_34079.6	727	166	586	868	266	128	189	276
6944	WDR82_ENSG00000164091_51889.1	2103	944	2226	1722	1292	378	903	1185
6945	WDR82_ENSG00000164091_51890.2	2074	730	2117	1074	713	242	599	1151
6946	WDR82_ENSG00000164091_51891.3	640	133	540	225	0	0	187	300
6947	WDR82_ENSG00000164091_51892.4	847	327	809	73	308	0	405	457
6948	WDR82_ENSG00000164091_51893.5	379	106	559	0	0	141	375	260
6949	WDR82_ENSG00000164091_51894.6	1122	234	990	209	256	0	484	487
6950	WHSC1_ENSG00000109685_122369.1	1311	88	1300	930	445	0	263	859
6951	WHSC1_ENSG00000109685_122370.2	2410	475	2682	1096	958	740	613	1491
6952	WHSC1_ENSG00000109685_122371.3	2367	2137	2564	965	1025	950	1503	1414
6953	WHSC1_ENSG00000109685_122372.4	2039	1029	2286	936	801	299	650	1170
6954	WHSC1_ENSG00000109685_122373.5	565	127	669	319	297	306	214	408
6955	WHSC1_ENSG00000109685_122374.6	619	238	906	604	127	146	371	462
6956	WHSC1L1_ENSG00000147548_25116.1	947	692	960	837	353	644	413	488
6957	WHSC1L1_ENSG00000147548_25117.2	472	342	436	806	494	140	134	339
6958	WHSC1L1_ENSG00000147548_25118.3	908	1424	873	856	662	91	328	539
6959	WHSC1L1_ENSG00000147548_25119.4	1924	469	2048	851	2025	708	800	1262
6960	WHSC1L1_ENSG00000147548_25120.5	295	83	235	0	454	0	92	136
6961	WHSC1L1_ENSG00000147548_25121.6	1060	254	938	417	894	205	423	543
6962	WIZ_ENSG00000011451_5550.1	303	246	217	298	0	0	73	123
6963	WIZ_ENSG00000011451_5551.2	1272	308	1137	1	1332	568	465	742
6964	WIZ_ENSG00000011451_5552.3	755	510	793	760	820	0	596	461
6965	WIZ_ENSG00000011451_5553.4	776	534	977	304	703	0	105	335
6966	WIZ_ENSG00000011451_5554.5	1009	138	1009	530	418	126	339	483
6967	WIZ_ENSG00000011451_5555.6	1717	672	2028	900	1864	202	1043	874
6968	WNT5A_ENSG00000114251_114729.1	1639	263	1834	466	831	150	618	818
6969	WNT5A_ENSG00000114251_114730.2	527	193	460	202	644	515	76	284
6970	WNT5A_ENSG00000114251_114731.3	623	323	558	832	517	273	74	306
6971	WNT5A_ENSG00000114251_114732.4	1330	277	1626	621	698	444	825	967
6972	WNT5A_ENSG00000114251_114733.5	2983	1017	2954	1808	1153	903	1123	1700
6973	WNT5A_ENSG00000114251_114734.6	1140	627	1152	717	281	355	431	707
6974	WRN_ENSG00000165392_134733.1	686	366	627	677	256	263	60	330
6975	WRN_ENSG00000165392_134734.2	1549	955	1987	559	2061	273	625	904
6976	WRN_ENSG00000165392_134735.3	1093	545	1224	1117	1201	136	316	615
6977	WRN_ENSG00000165392_134736.4	748	259	924	594	1054	146	208	471
6978	WRN_ENSG00000165392_134737.5	442	257	670	432	2	140	222	288
6979	WRN_ENSG00000165392_134738.6	273	296	294	173	282	0	77	155
6980	YBX2_ENSG00000006047_58236.1	978	721	880	784	241	722	223	402
6981	YBX2_ENSG00000006047_58237.2	318	97	214	214	0	113	92	128
6982	YBX2_ENSG00000006047_58238.3	1173	536	1050	1079	967	140	155	477
6983	YBX2_ENSG00000006047_58239.4	1050	594	1069	295	2039	434	125	615
6984	YBX2_ENSG00000006047_58240.5	733	601	949	1086	803	281	253	447
6985	YBX2_ENSG00000006047_58241.6	818	0	1032	669	427	0	153	566
6986	YEATS4_ENSG00000127337_190450.1	1870	587	1642	995	1049	370	1108	968
6987	YEATS4_ENSG00000127337_190451.2	1330	1200	1781	996	1819	252	614	1067
6988	YEATS4_ENSG00000127337_190452.3	426	489	384	568	664	155	131	223
6989	YEATS4_ENSG00000127337_190453.4	1115	517	1033	1335	982	253	532	568
6990	YEATS4_ENSG00000127337_190454.5	1398	661	1432	2298	1524	987	388	698
6991	YEATS4_ENSG00000127337_190455.6	1293	286	1221	572	491	838	240	659
6992	YTHDC2_ENSG00000047188_161447.1	409	61	514	439	274	139	208	331
6993	YTHDC2_ENSG00000047188_161448.2	782	257	839	687	933	438	123	389
6994	YTHDC2_ENSG00000047188_161449.3	669	171	786	1	530	267	237	408
6995	YTHDC2_ENSG00000047188_161450.4	1173	499	1010	862	973	274	432	573
6996	YTHDC2_ENSG00000047188_161451.5	1175	335	1314	643	1995	150	875	823
6997	YTHDC2_ENSG00000047188_161452.6	2414	1166	2767	1060	1642	387	919	1468
6998	YWHAQ_ENSG00000134308_130023.1	1423	315	1673	694	706	798	471	720
6999	YWHAQ_ENSG00000134308_130024.2	352	158	370	357	101	0	158	165
7000	YWHAQ_ENSG00000134308_130025.3	969	237	1018	918	476	397	397	546
7001	YWHAQ_ENSG00000134308_130026.4	1739	977	1929	760	940	281	724	947
7002	YWHAQ_ENSG00000134308_130027.5	2016	582	1791	1281	1467	262	862	1160
7003	YWHAQ_ENSG00000134308_130028.6	1052	240	1149	0	30	566	558	620
7004	YY1AP1_ENSG00000163374_21784.1	1176	202	1251	521	613	663	764	706
7005	YY1AP1_ENSG00000163374_21785.2	304	104	282	210	0	0	116	216
7006	YY1AP1_ENSG00000163374_21786.3	1024	0	1096	707	403	122	671	542
7007	YY1AP1_ENSG00000163374_21787.4	1645	816	1825	1607	2417	118	495	934
7008	YY1AP1_ENSG00000163374_21788.5	346	45	281	165	0	110	45	175
7009	YY1AP1_ENSG00000163374_21789.6	555	105	510	274	899	138	76	279
7010	ZAR1_ENSG00000182223_186706.1	650	263	754	220	138	0	239	326
7011	ZAR1_ENSG00000182223_186707.2	1293	363	1471	138	361	0	716	800
7012	ZAR1_ENSG00000182223_186708.3	1354	673	1607	353	686	377	669	858
7013	ZAR1_ENSG00000182223_186709.4	1290	540	1722	570	1810	141	1012	901
7014	ZAR1_ENSG00000182223_186710.5	432	178	530	0	1486	130	187	297
7015	ZAR1_ENSG00000182223_186711.6	988	61	1132	533	1037	644	548	681
7016	ZBTB12_ENSG00000204366_47962.1	1166	328	906	243	127	0	672	464
7017	ZBTB12_ENSG00000204366_47963.2	1523	477	1559	1329	1962	95	589	764
7018	ZBTB12_ENSG00000204366_47965.4	749	322	714	539	1113	441	112	330
7019	ZBTB12_ENSG00000204366_47966.5	982	344	1098	227	1442	286	455	500
7020	ZBTB12_ENSG00000204366_47967.6	529	141	573	645	644	224	161	240
7021	ZBTB12_ENSG00000204366_47968.7	1152	121	1230	956	2261	449	783	652
7022	ZBTB21_ENSG00000173276_47640.1	2329	946	2560	1091	1416	1167	647	1286
7023	ZBTB21_ENSG00000173276_47641.2	973	471	1073	779	1672	298	362	582
7024	ZBTB21_ENSG00000173276_47642.3	1064	419	1079	528	1272	120	445	598
7025	ZBTB21_ENSG00000173276_47643.4	2230	681	2572	880	807	420	1400	1355
7026	ZBTB21_ENSG00000173276_47644.5	1452	539	1789	1306	661	989	641	865
7027	ZBTB21_ENSG00000173276_47645.6	827	523	976	163	601	0	198	480
7028	ZBTB33_ENSG00000177485_148150.1	1487	268	1369	1577	1915	269	756	850
7029	ZBTB33_ENSG00000177485_148151.2	658	78	693	747	1066	149	469	407
7030	ZBTB33_ENSG00000177485_148152.3	1042	428	1123	1183	706	136	455	663
7031	ZBTB33_ENSG00000177485_148153.4	1476	447	1373	580	403	151	378	802
7032	ZBTB33_ENSG00000177485_148154.5	789	377	706	840	388	531	21	365
7033	ZBTB33_ENSG00000177485_148155.6	903	350	983	653	512	523	114	492
7034	ZBTB38_ENSG00000177311_147620.1	590	133	768	0	0	119	278	363
7035	ZBTB38_ENSG00000177311_147621.2	1859	601	2265	732	277	1351	483	1132
7036	ZBTB38_ENSG00000177311_147622.3	1011	320	1192	196	169	406	614	588
7037	ZBTB38_ENSG00000177311_147623.4	1521	626	1688	501	1082	400	761	936
7038	ZBTB38_ENSG00000177311_147624.5	735	63	702	302	1	141	226	341
7039	ZBTB38_ENSG00000177311_147625.6	1790	982	2373	943	2482	948	1557	1166
7040	ZBTB4_ENSG00000174282_75399.1	1695	1042	1966	728	945	527	814	1059
7041	ZBTB4_ENSG00000174282_75400.2	860	172	995	206	213	417	268	583
7042	ZBTB4_ENSG00000174282_75401.3	1130	531	1084	861	282	852	233	568
7043	ZBTB4_ENSG00000174282_75402.4	2617	908	2887	1951	1286	414	1914	1577
7044	ZBTB4_ENSG00000174282_75403.5	2455	483	2651	762	1353	518	1525	1460
7045	ZBTB4_ENSG00000174282_75404.6	718	195	712	189	402	460	185	385
7046	ZBTB40_ENSG00000184677_81838.1	855	128	946	386	1935	138	437	396
7047	ZBTB40_ENSG00000184677_81839.2	980	310	863	708	494	0	286	515
7048	ZBTB40_ENSG00000184677_81840.3	604	114	638	0	148	140	187	341
7049	ZBTB40_ENSG00000184677_81841.4	856	384	983	205	572	74	134	488
7050	ZBTB40_ENSG00000184677_81842.5	970	340	1132	214	368	135	275	621
7051	ZBTB40_ENSG00000184677_81843.6	1268	533	1170	445	1035	130	689	593
7052	ZBTB9_ENSG00000213588_1512.1	836	158	958	64	187	137	477	592
7053	ZBTB9_ENSG00000213588_1513.2	3095	1128	3603	2263	2283	1696	959	1789
7054	ZBTB9_ENSG00000213588_1514.3	267	52	168	0	516	0	70	78
7055	ZBTB9_ENSG00000213588_1515.4	599	191	605	237	168	523	280	405
7056	ZBTB9_ENSG00000213588_1516.5	361	0	328	0	0	0	207	135
7057	ZBTB9_ENSG00000213588_1517.6	1140	372	1169	266	2086	0	686	680
7058	ZC3HAV1_ENSG00000105939_166311.1	1273	546	1395	762	253	227	593	900
7059	ZC3HAV1_ENSG00000105939_166312.2	570	404	689	719	932	0	37	278
7060	ZC3HAV1_ENSG00000105939_166313.3	852	429	1163	297	723	273	282	484
7061	ZC3HAV1_ENSG00000105939_166314.4	860	274	1120	196	591	163	225	529
7062	ZC3HAV1_ENSG00000105939_166315.5	864	438	640	414	1183	442	199	291
7063	ZC3HAV1_ENSG00000105939_166316.6	1026	512	1104	330	1354	117	438	574
7064	ZCWPW1_ENSG00000078487_43978.1	603	48	626	546	544	157	78	349
7065	ZCWPW1_ENSG00000078487_43979.2	530	365	615	359	773	433	251	340
7066	ZCWPW1_ENSG00000078487_43980.3	661	541	788	0	570	131	394	445
7067	ZCWPW1_ENSG00000078487_43981.4	1106	168	1155	529	1318	0	171	494
7068	ZCWPW1_ENSG00000078487_43982.5	3578	1376	3729	1792	4896	688	853	1902
7069	ZCWPW1_ENSG00000078487_43983.6	1060	353	1177	0	1488	660	325	620
7070	ZFP57_ENSG00000204644_43163.1	654	407	827	413	671	235	212	367
7071	ZFP57_ENSG00000204644_43164.2	740	144	922	1241	1641	362	348	572
7072	ZFP57_ENSG00000204644_43165.3	632	135	704	109	815	126	383	442
7073	ZFP57_ENSG00000204644_43166.4	1393	653	1122	1364	919	288	336	609
7074	ZFP57_ENSG00000204644_43167.5	1320	322	1303	804	6	655	280	634
7075	ZFP57_ENSG00000204644_43168.6	1206	572	1299	746	2091	278	216	616
7076	ZGPAT_ENSG00000197114_196430.1	1628	1154	2010	728	2244	122	1098	1124
7077	ZGPAT_ENSG00000197114_196431.2	418	66	331	1	36	0	145	168
7078	ZGPAT_ENSG00000197114_196432.3	70	0	53	0	0	0	14	32
7079	ZGPAT_ENSG00000197114_196433.4	2020	686	1931	536	559	745	612	1034
7080	ZGPAT_ENSG00000197114_196434.5	1754	854	2103	1747	738	117	578	1031
7081	ZGPAT_ENSG00000197114_196435.6	602	273	728	0	409	0	338	310
7082	ZHX1_ENSG00000165156_187515.1	1872	1053	1999	822	634	944	699	1051
7083	ZHX1_ENSG00000165156_187516.2	1438	572	1760	1628	1346	159	547	919
7084	ZHX1_ENSG00000165156_187517.3	814	126	916	329	711	0	334	430
7085	ZHX1_ENSG00000165156_187518.4	1914	596	2240	1771	1164	1079	916	1190
7086	ZHX1_ENSG00000165156_187519.5	1460	435	1348	530	473	288	704	760
7087	ZHX1_ENSG00000165156_187520.6	445	312	468	2	0	268	98	244
7088	ZHX2_ENSG00000178764_147670.1	2248	559	2292	1597	1974	0	1431	1318
7089	ZHX2_ENSG00000178764_147671.2	284	0	449	211	540	133	89	179
7090	ZHX2_ENSG00000178764_147672.3	521	123	519	211	830	428	407	311
7091	ZHX2_ENSG00000178764_147673.4	1644	815	1478	1386	1311	541	68	571
7092	ZHX2_ENSG00000178764_147674.5	1408	242	1533	739	11	716	778	842
7093	ZHX2_ENSG00000178764_147675.6	651	209	478	0	914	250	89	261
7094	ZHX3_ENSG00000174306_146252.1	1154	1132	1377	1272	784	158	466	765
7095	ZHX3_ENSG00000174306_146253.2	1122	236	1372	602	1253	291	739	707
7096	ZHX3_ENSG00000174306_146254.3	536	180	438	469	0	0	332	328
7097	ZHX3_ENSG00000174306_146255.4	2541	1085	2841	1595	2141	279	1465	1606
7098	ZHX3_ENSG00000174306_146256.5	447	134	568	426	386	747	203	276
7099	ZHX3_ENSG00000174306_146257.6	1017	237	1037	423	555	0	534	598
7100	ZKSCAN2_ENSG00000155592_47870.1	1649	535	1624	457	885	522	645	887
7101	ZKSCAN2_ENSG00000155592_47871.2	1563	581	1557	787	697	127	592	919
7102	ZKSCAN2_ENSG00000155592_47872.3	224	265	231	174	766	141	67	133
7103	ZKSCAN2_ENSG00000155592_47873.4	1091	391	801	1009	210	722	58	363
7104	ZKSCAN2_ENSG00000155592_47874.5	1280	430	999	545	605	721	381	537
7105	ZKSCAN2_ENSG00000155592_47875.6	2063	832	2351	815	847	419	1359	1247
7106	ZMYM1_ENSG00000197056_38305.1	1471	658	1519	1354	1509	819	462	780
7107	ZMYM1_ENSG00000197056_38306.2	1896	663	1476	819	1548	828	490	901
7108	ZMYM1_ENSG00000197056_38307.3	1966	847	2148	428	2308	550	513	1078
7109	ZMYM1_ENSG00000197056_38308.4	755	123	579	560	799	0	347	395
7110	ZMYM1_ENSG00000197056_38309.5	884	114	1232	142	1005	416	416	614
7111	ZMYM1_ENSG00000197056_38310.6	543	58	722	264	611	266	413	375
7112	ZMYM2_ENSG00000121741_14332.1	576	610	774	322	0	122	258	423
7113	ZMYM2_ENSG00000121741_14333.2	1435	743	1662	1008	957	0	813	929
7114	ZMYM2_ENSG00000121741_14334.3	1964	808	2127	807	827	858	689	1066
7115	ZMYM2_ENSG00000121741_14335.4	1126	486	1122	604	629	445	358	695
7116	ZMYM2_ENSG00000121741_14336.5	477	265	574	221	152	0	104	264
7117	ZMYM2_ENSG00000121741_14337.6	866	706	953	1198	1038	0	362	509
7118	ZMYM3_ENSG00000147130_190290.1	1295	752	1609	377	1430	658	647	727
7119	ZMYM3_ENSG00000147130_190291.2	1563	452	1940	784	876	379	739	1008
7120	ZMYM3_ENSG00000147130_190292.3	572	265	747	315	0	146	165	415
7121	ZMYM3_ENSG00000147130_190293.4	713	344	709	437	412	268	209	451
7122	ZMYM3_ENSG00000147130_190294.5	3408	1575	3653	2016	1437	316	1616	2039
7123	ZMYM3_ENSG00000147130_190295.6	438	185	269	0	492	0	118	283
7124	ZMYM4_ENSG00000146463_65642.1	1868	736	2012	1602	1428	312	636	1116
7125	ZMYM4_ENSG00000146463_65643.2	1549	362	1432	716	551	302	395	870
7126	ZMYM4_ENSG00000146463_65644.3	948	135	1044	194	1540	855	368	492
7127	ZMYM4_ENSG00000146463_65645.4	1029	543	1171	997	809	383	666	638
7128	ZMYM4_ENSG00000146463_65646.5	857	67	1012	1353	1214	0	542	588
7129	ZMYM4_ENSG00000146463_65647.6	400	343	422	1	580	157	248	303
7130	ZMYM5_ENSG00000132950_86891.1	1259	235	1416	925	1754	652	605	714
7131	ZMYM5_ENSG00000132950_86892.2	2546	1014	2828	2199	1707	523	701	1518
7132	ZMYM5_ENSG00000132950_86893.3	1038	396	1123	623	275	159	277	614
7133	ZMYM5_ENSG00000132950_86894.4	937	369	833	639	641	0	194	565
7134	ZMYM5_ENSG00000132950_86895.5	2093	1126	2096	1592	1451	429	854	1233
7135	ZMYM5_ENSG00000132950_86896.6	1252	393	1392	908	78	139	486	738
7136	ZMYND11_ENSG00000015171_61575.1	999	451	1092	240	1336	0	349	514
7137	ZMYND11_ENSG00000015171_61576.2	2069	770	1917	909	701	144	664	1101
7138	ZMYND11_ENSG00000015171_61577.3	499	273	477	0	1579	0	119	325
7139	ZMYND11_ENSG00000015171_61578.4	912	223	953	575	291	213	397	629
7140	ZMYND11_ENSG00000015171_61579.5	972	404	1045	52	1535	412	179	555
7141	ZMYND11_ENSG00000015171_61580.6	1413	331	1515	404	1250	360	371	759
7142	ZMYND8_ENSG00000101040_164681.1	1856	704	1898	662	702	265	682	922
7143	ZMYND8_ENSG00000101040_164682.2	461	0	437	0	265	0	94	216
7144	ZMYND8_ENSG00000101040_164683.3	2062	269	2140	472	1047	420	692	1114
7145	ZMYND8_ENSG00000101040_164684.4	1653	385	1552	475	897	162	659	792
7146	ZMYND8_ENSG00000101040_164685.5	1913	643	2220	665	979	1073	485	1100
7147	ZMYND8_ENSG00000101040_164686.6	615	0	693	67	702	158	368	429
7148	ZNF451_ENSG00000112200_180110.1	980	352	902	549	499	266	219	468
7149	ZNF451_ENSG00000112200_180111.2	1471	605	1639	1434	165	154	962	827
7150	ZNF451_ENSG00000112200_180112.3	1537	687	1703	313	2002	1255	423	1034
7151	ZNF451_ENSG00000112200_180113.4	2372	798	2654	1101	2025	415	673	1231
7152	ZNF451_ENSG00000112200_180114.5	1445	471	1550	192	2020	115	397	869
7153	ZNF451_ENSG00000112200_180115.6	2027	490	1777	1445	1229	0	606	959
7154	ZNF541_ENSG00000118156_78543.1	906	129	1177	539	468	0	637	488
7155	ZNF541_ENSG00000118156_78544.2	1107	297	1029	139	591	0	284	529
7156	ZNF541_ENSG00000118156_78545.3	1718	752	2042	1572	804	1351	264	820
7157	ZNF541_ENSG00000118156_78546.4	1003	245	1270	416	609	354	513	646
7158	ZNF541_ENSG00000118156_78547.5	324	191	342	158	0	0	89	141
7159	ZNF541_ENSG00000118156_78548.6	824	473	919	427	0	0	382	555
7160	ZNF724P_ENSG00000196081_37384.1	1302	545	1341	1754	2490	549	266	762
7161	ZNF724P_ENSG00000196081_37385.2	1061	412	1208	436	693	276	107	487
7162	ZNF724P_ENSG00000196081_37386.3	770	521	924	205	665	0	400	469
7163	ZNF724P_ENSG00000196081_37387.4	1687	578	1591	354	712	0	1058	981
7164	ZNF724P_ENSG00000196081_37388.5	728	476	875	324	1000	122	488	466
7165	ZNF724P_ENSG00000196081_37389.6	961	340	1153	460	1260	394	567	688
7166	ZNF740_ENSG00000139651_50439.1	645	0	840	190	0	0	413	447
7167	ZNF740_ENSG00000139651_50440.2	3541	1173	3516	3000	2186	957	348	1746
7168	ZNF740_ENSG00000139651_50441.3	1337	573	1352	649	817	259	948	814
7169	ZNF740_ENSG00000139651_50442.4	799	359	754	222	0	262	242	320
7170	ZNF740_ENSG00000139651_50443.5	1393	657	1489	972	1016	0	442	762
7171	ZNF740_ENSG00000139651_50444.6	633	276	527	0	236	0	156	290
7172	ZNF787_ENSG00000142409_96983.1	203	97	153	0	46	0	26	61
7173	ZNF787_ENSG00000142409_96984.2	1523	643	1370	499	935	1075	415	816
7174	ZNF787_ENSG00000142409_96985.3	1466	587	1931	523	2538	622	1077	1019
7175	ZNF787_ENSG00000142409_96986.4	2382	753	2997	2402	1683	158	940	1235
7176	ZNF787_ENSG00000142409_96987.5	884	215	853	131	1198	0	157	376
7177	ZNF787_ENSG00000142409_96988.6	1711	870	1739	1939	564	212	899	1003
7178	ZRANB3_ENSG00000121988_178615.1	370	66	413	164	400	284	136	204
7179	ZRANB3_ENSG00000121988_178616.2	299	47	305	379	0	0	114	144
7180	ZRANB3_ENSG00000121988_178617.3	1011	390	1045	1283	1575	131	490	675
7181	ZRANB3_ENSG00000121988_178618.4	913	268	1101	535	755	139	221	492
7182	ZRANB3_ENSG00000121988_178619.5	1956	1145	2251	559	2105	261	1084	1186
7183	ZRANB3_ENSG00000121988_178620.6	993	322	1134	451	285	133	524	618
7184	ZSCAN20_ENSG00000121903_171928.1	1304	236	1138	422	305	134	318	619
7185	ZSCAN20_ENSG00000121903_171929.2	1422	964	1480	1486	2647	605	289	759
7186	ZSCAN20_ENSG00000121903_171930.3	570	414	515	470	0	6	87	236
7187	ZSCAN20_ENSG00000121903_171931.4	752	413	691	155	842	120	264	344
7188	ZSCAN20_ENSG00000121903_171932.5	1426	222	1616	596	93	157	277	632
7189	ZSCAN20_ENSG00000121903_171933.6	1378	484	1442	1257	2697	1056	358	701
7190	ZSCAN21_ENSG00000166529_156944.1	1120	460	944	372	1147	192	556	521
7191	ZSCAN21_ENSG00000166529_156945.2	348	131	284	0	90	198	69	217
7192	ZSCAN21_ENSG00000166529_156946.3	1405	321	1467	1207	933	0	469	708
7193	ZSCAN21_ENSG00000166529_156947.4	514	290	622	937	623	131	184	420
7194	ZSCAN21_ENSG00000166529_156948.5	848	582	760	121	602	0	226	433
7195	ZSCAN21_ENSG00000166529_156949.6	1349	588	1358	737	3118	311	492	791
7196	ZW10_ENSG00000086827_89635.1	897	735	1249	957	786	763	455	702
7197	ZW10_ENSG00000086827_89636.2	1262	402	1342	462	574	131	621	690
7198	ZW10_ENSG00000086827_89637.3	1087	292	1185	1009	300	849	260	571
7199	ZW10_ENSG00000086827_89638.4	629	72	1029	267	1333	374	404	536
7200	ZW10_ENSG00000086827_89639.5	352	67	367	298	346	0	143	181
7201	ZW10_ENSG00000086827_89640.6	1065	120	978	676	313	747	437	571
7202	ZWILCH_ENSG00000174442_199684.1	1170	307	999	900	183	725	44	535
7203	ZWILCH_ENSG00000174442_199685.2	737	155	929	0	781	0	427	437
7204	ZWILCH_ENSG00000174442_199686.3	2059	429	2252	390	1377	398	918	1160
7205	ZWILCH_ENSG00000174442_199687.4	1307	601	1522	831	1564	288	239	698
7206	ZWILCH_ENSG00000174442_199688.5	1589	116	1365	393	1022	388	311	792
7207	ZWILCH_ENSG00000174442_199689.6	350	412	549	507	261	0	110	313
7208	ZZZ3_ENSG00000036549_193662.1	1095	257	970	219	425	168	492	541
7209	ZZZ3_ENSG00000036549_193663.2	370	370	385	163	438	147	226	306
7210	ZZZ3_ENSG00000036549_193664.3	1924	634	2333	1249	1921	687	309	1104
7211	ZZZ3_ENSG00000036549_193665.4	1484	778	1516	906	1358	474	504	870
7212	ZZZ3_ENSG00000036549_193666.5	2162	1239	2312	1527	1822	4580	666	1450
7213	ZZZ3_ENSG00000036549_193667.6	1786	622	1797	2280	1673	145	332	998
7214	ERCC3_ENSG00000163161_77758.6	0	0	37	4	0	0	1	28
7215	MED30_ENSG00000164758_79572.3	0	0	0	0	0	0	1	2
