	sgRNA	CHROM-24h-IBET-LIB-R2_S3_R1_001	CHROM-24h-IBET-SORT-R2_S4_R1_001	CHROM-48h-IBET-LIB-R2_S15_R1_001	CHROM-48h-IBET-SORT-R2_S16_R1_001	R1-BETi-24h_S10_R1_001	R1-BETi-48h_S20_R1_001	R1-BETi-LIB-24h_S9_R1_001	R1-BETi-LIB-48h_S18_R1_001
1	*	689501	374168	955039	392584	102617	126307	97445	135182
2	38412_ENSG00000198060_19285.1	817	496	1236	0	852	208	569	708
3	38412_ENSG00000198060_19286.2	430	0	692	0	538	0	313	299
4	38412_ENSG00000198060_19287.3	574	651	1350	711	1231	325	350	518
5	38412_ENSG00000198060_19288.4	1255	979	1957	1215	249	333	1259	1262
6	38412_ENSG00000198060_19289.5	867	159	1708	688	576	1004	871	853
7	38412_ENSG00000198060_19290.6	1066	813	2134	1069	279	1406	1313	1274
8	AC003002.4_ENSG00000268133_199914.1	182	136	288	0	0	0	99	142
9	AC003002.4_ENSG00000268133_199915.2	1359	646	2761	559	602	1704	749	1210
10	AC003002.4_ENSG00000268133_199916.3	1424	1507	2502	1193	150	301	1006	1597
11	AC003002.4_ENSG00000268133_199917.4	318	168	505	0	0	173	167	228
12	AC003002.4_ENSG00000268133_199919.6	980	914	1769	320	595	1025	475	997
13	AC003005.4_ENSG00000268107_84113.5	1781	531	2801	1101	607	1404	1275	1532
14	AC003005.4_ENSG00000268107_84114.6	292	0	684	263	1058	0	101	217
15	AC003005.4_ENSG00000268107_84115.7	886	319	1355	325	1622	0	734	732
16	AC003005.4_ENSG00000268107_84116.8	545	431	816	1232	591	609	229	455
17	AC003005.4_ENSG00000268107_84117.9	953	750	1763	1267	1194	1186	537	767
18	AC003005.4_ENSG00000268107_84118.1	674	668	1195	313	1500	279	525	667
19	AC004076.9_ENSG00000268163_52397.1	728	296	1298	553	0	860	371	609
20	AC004076.9_ENSG00000268163_52398.2	452	549	1239	901	445	326	353	555
21	AC004076.9_ENSG00000268163_52399.3	1148	601	2697	591	1100	932	1302	1312
22	AC004076.9_ENSG00000268163_52400.4	370	0	934	643	0	301	225	415
23	AC004076.9_ENSG00000268163_52401.5	512	176	945	711	901	0	178	377
24	AC004076.9_ENSG00000268163_52402.6	550	0	1074	0	897	0	452	555
25	ACIN1_ENSG00000100813_113140.1	1393	407	2603	712	157	727	1043	1271
26	ACIN1_ENSG00000100813_113141.2	342	174	967	0	537	0	247	308
27	ACIN1_ENSG00000100813_113142.3	259	0	455	0	0	0	68	135
28	ACIN1_ENSG00000100813_113143.4	1141	0	2025	674	1085	612	625	1108
29	ACIN1_ENSG00000100813_113144.5	1619	416	3043	508	1732	666	810	1307
30	ACIN1_ENSG00000100813_113145.6	274	0	295	0	0	0	161	162
31	ACTA1_ENSG00000143632_114150.1	291	341	559	0	0	228	71	220
32	ACTA1_ENSG00000143632_114151.2	383	65	776	0	0	405	332	293
33	ACTA1_ENSG00000143632_114152.3	1166	616	2163	909	1526	953	846	1020
34	ACTA1_ENSG00000143632_114153.4	904	604	1557	0	1483	194	178	525
35	ACTA1_ENSG00000143632_114154.5	391	361	934	614	0	611	275	340
36	ACTA1_ENSG00000143632_114155.6	822	1120	1461	1	0	0	690	665
37	ACTB_ENSG00000075624_96203.1	2339	1929	4230	1080	3120	1735	2008	2144
38	ACTB_ENSG00000075624_96204.2	708	183	905	0	555	211	340	448
39	ACTB_ENSG00000075624_96205.3	503	288	875	495	276	0	185	311
40	ACTB_ENSG00000075624_96206.4	229	75	468	0	0	362	48	130
41	ACTB_ENSG00000075624_96207.5	641	331	1041	288	0	407	543	548
42	ACTB_ENSG00000075624_96208.6	1207	270	1834	211	0	1211	977	1141
43	ACTL6A_ENSG00000136518_82706.1	830	256	1335	512	70	420	390	680
44	ACTL6A_ENSG00000136518_82707.2	461	126	889	283	0	0	265	473
45	ACTL6A_ENSG00000136518_82708.3	424	858	542	593	774	974	190	298
46	ACTL6A_ENSG00000136518_82709.4	454	256	969	280	149	99	73	336
47	ACTL6A_ENSG00000136518_82710.5	1210	1576	1828	853	2041	1883	720	837
48	ACTL6A_ENSG00000136518_82711.6	880	452	1514	915	0	0	407	759
49	ACTL6B_ENSG00000077080_172749.1	585	155	1185	0	28	194	280	407
50	ACTL6B_ENSG00000077080_172750.2	722	1247	1500	1288	584	624	351	562
51	ACTL6B_ENSG00000077080_172751.3	651	315	1300	591	0	439	340	588
52	ACTL6B_ENSG00000077080_172752.4	110	120	225	242	0	0	19	84
53	ACTL6B_ENSG00000077080_172753.5	582	550	1151	328	572	194	605	532
54	ACTL6B_ENSG00000077080_172754.6	342	242	698	0	0	468	273	340
55	ACTR3B_ENSG00000133627_36575.1	781	160	1296	655	158	400	447	614
56	ACTR3B_ENSG00000133627_36576.2	113	0	329	0	0	324	193	156
57	ACTR3B_ENSG00000133627_36577.3	1085	180	1655	1	1040	0	988	882
58	ACTR3B_ENSG00000133627_36578.4	1307	1472	1758	1555	563	633	404	750
59	ACTR3B_ENSG00000133627_36579.5	316	493	622	0	0	0	271	270
60	ACTR3B_ENSG00000133627_36580.6	781	814	1564	1247	609	0	468	750
61	ACTR5_ENSG00000101442_36856.1	1863	1846	3237	593	1885	542	2230	1955
62	ACTR5_ENSG00000101442_36857.2	766	461	1661	0	539	345	554	702
63	ACTR5_ENSG00000101442_36858.3	1464	555	2809	1518	1798	428	965	1291
64	ACTR5_ENSG00000101442_36859.4	565	497	1182	1190	257	309	348	466
65	ACTR5_ENSG00000101442_36860.5	642	482	884	302	0	0	332	498
66	ACTR5_ENSG00000101442_36861.6	545	267	1263	270	0	0	254	478
67	ACTR6_ENSG00000075089_155344.1	770	281	1162	953	612	925	493	565
68	ACTR6_ENSG00000075089_155345.2	878	760	1577	336	0	622	804	795
69	ACTR6_ENSG00000075089_155346.3	524	263	1044	1	609	347	100	346
70	ACTR6_ENSG00000075089_155347.4	1048	515	2321	185	0	389	556	1022
71	ACTR6_ENSG00000075089_155348.5	956	966	1771	1379	1717	750	511	862
72	ACTR6_ENSG00000075089_155349.6	381	1	970	522	587	0	203	333
73	ACTR8_ENSG00000113812_138586.1	209	177	463	0	0	0	236	227
74	ACTR8_ENSG00000113812_138587.2	1309	621	2074	2023	616	164	808	1144
75	ACTR8_ENSG00000113812_138588.3	608	890	1502	0	283	534	241	603
76	ACTR8_ENSG00000113812_138589.4	1001	1036	1668	0	373	275	439	814
77	ACTR8_ENSG00000113812_138590.5	593	182	1057	301	1	382	683	661
78	ACTR8_ENSG00000113812_138591.6	530	698	964	0	0	853	192	451
79	ADA_ENSG00000196839_157014.1	1126	652	1960	283	0	974	732	920
80	ADA_ENSG00000196839_157015.2	653	409	1060	1	499	217	430	534
81	ADA_ENSG00000196839_157016.3	1088	708	2077	581	1	612	735	1169
82	ADA_ENSG00000196839_157017.4	858	1	1506	274	0	189	421	825
83	ADA_ENSG00000196839_157018.5	282	139	586	0	0	0	184	316
84	ADA_ENSG00000196839_157019.6	293	318	674	0	561	219	121	238
85	ADAR_ENSG00000160710_24766.1	1038	298	1794	1758	822	1158	469	923
86	ADAR_ENSG00000160710_24767.2	402	301	1046	0	0	569	260	448
87	ADAR_ENSG00000160710_24768.3	676	460	1138	939	278	193	171	494
88	ADAR_ENSG00000160710_24769.4	705	140	1122	313	607	0	357	551
89	ADAR_ENSG00000160710_24770.5	1196	1088	2843	972	2019	181	1211	1385
90	ADAR_ENSG00000160710_24771.6	772	1108	1421	0	0	611	798	1021
91	ADPRH_ENSG00000144843_85038.1	273	0	533	275	1700	0	157	295
92	ADPRH_ENSG00000144843_85039.2	522	461	924	544	0	0	515	499
93	ADPRH_ENSG00000144843_85040.3	524	576	1170	310	169	0	274	423
94	ADPRH_ENSG00000144843_85041.4	595	257	919	327	1089	0	329	631
95	ADPRH_ENSG00000144843_85042.5	481	547	838	1	522	447	574	517
96	ADPRH_ENSG00000144843_85043.6	1543	683	2713	286	0	466	741	1228
97	ADPRHL2_ENSG00000116863_190754.1	600	646	1103	249	1100	331	220	379
98	ADPRHL2_ENSG00000116863_190755.2	363	220	736	0	0	0	355	389
99	ADPRHL2_ENSG00000116863_190756.3	1880	610	2947	2108	0	516	709	1061
100	ADPRHL2_ENSG00000116863_190757.4	373	147	824	0	266	776	180	318
101	ADPRHL2_ENSG00000116863_190758.5	936	1187	2154	844	1423	859	413	785
102	ADPRHL2_ENSG00000116863_190759.6	122	275	248	0	0	405	82	102
103	AEBP2_ENSG00000139154_77563.1	1855	1843	2814	1781	575	389	819	1488
104	AEBP2_ENSG00000139154_77564.2	800	701	1522	1	1539	23	557	833
105	AEBP2_ENSG00000139154_77565.3	602	722	1332	180	733	158	231	596
106	AEBP2_ENSG00000139154_77566.4	817	696	1501	1237	0	0	833	696
107	AEBP2_ENSG00000139154_77567.5	308	247	677	319	0	725	111	263
108	AEBP2_ENSG00000139154_77568.6	1313	1180	2084	1029	2262	578	888	1285
109	AFF1_ENSG00000172493_5440.1	832	432	1380	778	0	0	167	481
110	AFF1_ENSG00000172493_5441.2	693	445	1439	819	0	40	447	629
111	AFF1_ENSG00000172493_5442.3	818	116	1554	1218	586	278	356	731
112	AFF1_ENSG00000172493_5443.4	542	157	643	333	403	216	330	383
113	AFF1_ENSG00000172493_5444.5	745	301	1317	1	0	370	344	571
114	AFF1_ENSG00000172493_5445.6	1511	1537	2569	296	933	774	751	1351
115	AFF2_ENSG00000155966_91983.1	352	123	505	0	0	42	247	314
116	AFF2_ENSG00000155966_91984.2	548	417	1006	0	599	0	107	406
117	AFF2_ENSG00000155966_91985.3	595	886	1230	319	1708	668	134	447
118	AFF2_ENSG00000155966_91986.4	951	406	1931	938	0	679	389	818
119	AFF2_ENSG00000155966_91987.5	2956	1545	4773	1413	3400	1496	1113	2209
120	AFF2_ENSG00000155966_91988.6	464	136	939	581	0	0	325	396
121	AFF3_ENSG00000144218_6880.1	359	0	655	0	295	422	162	264
122	AFF3_ENSG00000144218_6881.2	433	411	1283	669	0	787	410	569
123	AFF3_ENSG00000144218_6882.3	753	330	1304	651	1658	838	612	742
124	AFF3_ENSG00000144218_6883.4	621	1070	946	558	547	620	584	473
125	AFF3_ENSG00000144218_6884.5	635	356	1301	1	0	614	381	496
126	AFF3_ENSG00000144218_6885.6	218	479	341	0	0	0	132	171
127	AFF4_ENSG00000072364_165171.1	1409	267	2778	322	886	437	1008	1544
128	AFF4_ENSG00000072364_165172.2	867	655	1645	314	651	206	415	718
129	AFF4_ENSG00000072364_165173.3	1347	485	2449	976	296	886	564	1151
130	AFF4_ENSG00000072364_165174.4	643	469	1100	616	850	985	481	528
131	AFF4_ENSG00000072364_165175.5	1049	969	2245	2489	0	895	579	827
132	AFF4_ENSG00000072364_165176.6	358	406	698	0	0	0	227	321
133	AICDA_ENSG00000111732_166021.1	372	452	795	0	0	384	254	282
134	AICDA_ENSG00000111732_166022.2	994	1009	2142	602	3382	198	551	835
135	AICDA_ENSG00000111732_166023.3	200	0	564	0	0	177	92	217
136	AICDA_ENSG00000111732_166024.4	1728	1570	3117	883	373	712	589	1261
137	AICDA_ENSG00000111732_166025.5	217	421	349	335	0	0	97	124
138	AICDA_ENSG00000111732_166026.6	349	440	913	1726	572	180	294	422
139	AIRE_ENSG00000160224_59930.1	351	0	930	596	1126	948	27	241
140	AIRE_ENSG00000160224_59931.2	1105	552	2292	605	0	566	96	512
141	AIRE_ENSG00000160224_59932.3	768	548	1366	872	0	404	418	510
142	AIRE_ENSG00000160224_59933.4	281	511	472	285	0	0	169	258
143	AIRE_ENSG00000160224_59934.5	614	674	1447	458	0	791	682	675
144	AIRE_ENSG00000160224_59935.6	466	829	756	223	0	385	118	288
145	AKAP1_ENSG00000121057_27195.1	437	241	722	304	581	110	228	341
146	AKAP1_ENSG00000121057_27196.2	1495	1192	2492	588	1136	438	1166	1397
147	AKAP1_ENSG00000121057_27197.3	552	273	920	1186	0	729	287	442
148	AKAP1_ENSG00000121057_27198.4	513	237	1024	1	545	527	276	380
149	AKAP1_ENSG00000121057_27199.5	790	185	1771	0	611	425	388	580
150	AKAP1_ENSG00000121057_27200.6	90	0	277	0	0	0	63	99
151	AKAP8_ENSG00000105127_1552.1	406	139	1015	1	566	485	213	455
152	AKAP8_ENSG00000105127_1553.2	713	450	1098	731	809	170	153	334
153	AKAP8_ENSG00000105127_1554.3	196	0	456	0	0	0	170	216
154	AKAP8_ENSG00000105127_1555.4	691	405	1267	470	309	484	340	589
155	AKAP8_ENSG00000105127_1556.5	594	664	1092	330	0	0	439	534
156	AKAP8_ENSG00000105127_1557.6	1796	847	3212	289	1128	942	1410	1628
157	ALKBH2_ENSG00000189046_153533.1	936	420	1910	914	0	1149	370	676
158	ALKBH2_ENSG00000189046_153534.2	714	492	1470	557	295	203	403	583
159	ALKBH2_ENSG00000189046_153535.3	1419	760	3030	1656	398	0	1326	1624
160	ALKBH2_ENSG00000189046_153536.4	148	122	262	1	0	189	103	161
161	ALKBH2_ENSG00000189046_153537.5	19	132	66	0	0	0	8	47
162	ALKBH2_ENSG00000189046_153538.6	1658	1375	2892	2018	549	470	930	1389
163	ALKBH3_ENSG00000166199_18850.1	832	461	1586	913	289	503	500	758
164	ALKBH3_ENSG00000166199_18851.2	349	186	479	337	1043	346	218	339
165	ALKBH3_ENSG00000166199_18852.3	740	326	1302	525	556	1427	316	531
166	ALKBH3_ENSG00000166199_18853.4	854	182	1295	326	0	455	492	672
167	ALKBH3_ENSG00000166199_18854.5	991	1115	1849	599	2182	996	785	1001
168	ALKBH3_ENSG00000166199_18855.6	839	595	1658	468	0	837	315	594
169	ALKBH8_ENSG00000137760_7080.1	1406	1259	2678	1216	2265	577	1134	1196
170	ALKBH8_ENSG00000137760_7081.2	852	943	1816	16	0	0	663	847
171	ALKBH8_ENSG00000137760_7082.3	438	571	1028	0	0	679	161	375
172	ALKBH8_ENSG00000137760_7083.4	424	567	977	0	0	12	323	496
173	ALKBH8_ENSG00000137760_7084.5	534	142	932	617	0	388	249	392
174	ALKBH8_ENSG00000137760_7085.6	690	226	1138	0	933	0	519	552
175	ANKRD32_ENSG00000133302_105057.1	456	0	584	415	1159	0	422	401
176	ANKRD32_ENSG00000133302_105058.2	953	151	1571	602	748	0	739	860
177	ANKRD32_ENSG00000133302_105059.3	588	0	889	0	0	0	230	402
178	ANKRD32_ENSG00000133302_105060.4	781	159	1426	332	122	595	518	571
179	ANKRD32_ENSG00000133302_105061.5	1471	681	2739	1199	1173	1078	715	1252
180	ANKRD32_ENSG00000133302_105062.6	441	2	1291	1	630	181	269	483
181	AP2A1_ENSG00000196961_12665.1	624	129	1071	0	0	0	572	591
182	AP2A1_ENSG00000196961_12666.2	1056	435	1742	0	0	375	952	1073
183	AP2A1_ENSG00000196961_12667.3	647	459	1266	628	80	222	250	582
184	AP2A1_ENSG00000196961_12668.4	315	0	625	357	0	190	192	298
185	AP2A1_ENSG00000196961_12669.5	985	944	2261	1	289	484	710	1035
186	AP2A1_ENSG00000196961_12670.6	1224	261	2438	0	1	307	1437	1339
187	APBB1_ENSG00000166313_10952.1	182	130	543	275	0	658	38	127
188	APBB1_ENSG00000166313_10953.2	222	0	453	262	0	0	90	177
189	APBB1_ENSG00000166313_10954.3	467	296	1220	727	858	0	653	569
190	APBB1_ENSG00000166313_10955.4	652	312	1008	0	0	0	122	379
191	APBB1_ENSG00000166313_10956.5	429	373	1456	302	0	189	283	465
192	APBB1_ENSG00000166313_10957.6	1778	1969	3337	1748	467	1669	516	1282
193	APITD1_ENSG00000175279_34404.1	1215	1213	2184	1203	0	751	616	954
194	APITD1_ENSG00000175279_34405.2	1130	572	2588	318	97	603	618	953
195	APITD1_ENSG00000175279_34406.3	371	0	692	579	0	0	197	304
196	APITD1_ENSG00000175279_34407.4	1194	452	1822	928	0	570	585	856
197	APITD1_ENSG00000175279_34408.5	1191	1034	2295	329	463	681	843	1273
198	APITD1_ENSG00000175279_34409.6	732	945	1129	920	540	0	512	655
199	APOBEC2_ENSG00000124701_73783.1	565	263	768	1223	0	591	104	293
200	APOBEC2_ENSG00000124701_73784.2	783	160	1197	586	796	0	299	532
201	APOBEC2_ENSG00000124701_73785.3	1409	1068	2172	806	755	328	688	1275
202	APOBEC2_ENSG00000124701_73786.4	600	531	1336	609	0	426	137	499
203	APOBEC2_ENSG00000124701_73787.5	666	625	1129	0	0	5	120	397
204	APOBEC2_ENSG00000124701_73788.6	1098	1313	2475	330	1026	150	1006	1080
205	APOBEC3H_ENSG00000100298_172879.1	182	159	296	0	0	0	99	134
206	APOBEC3H_ENSG00000100298_172880.2	449	165	783	328	1471	202	161	331
207	APOBEC3H_ENSG00000100298_172881.3	239	136	516	0	512	0	125	208
208	APOBEC3H_ENSG00000100298_172882.4	626	442	1268	624	0	330	487	607
209	APOBEC3H_ENSG00000100298_172883.5	1173	181	2157	146	158	182	1062	1105
210	APOBEC3H_ENSG00000100298_172884.6	1275	1129	2762	256	224	563	752	1050
211	APOBEC4_ENSG00000173627_58486.1	689	815	979	297	0	379	335	455
212	APOBEC4_ENSG00000173627_58487.2	1541	702	2660	1130	1193	199	1017	1218
213	APOBEC4_ENSG00000173627_58488.3	679	746	934	0	492	640	302	494
214	APOBEC4_ENSG00000173627_58489.4	673	1124	1028	1587	0	381	554	629
215	APOBEC4_ENSG00000173627_58490.5	223	0	284	317	598	0	79	143
216	APOBEC4_ENSG00000173627_58491.6	546	665	1067	1226	1126	326	318	613
217	ARID1A_ENSG00000117713_145565.1	933	4801	1967	2655	5207	2798	375	777
218	ARID1A_ENSG00000117713_145566.2	674	1460	1353	2022	2523	2129	303	560
219	ARID1A_ENSG00000117713_145567.3	479	1066	642	1130	575	587	246	415
220	ARID1A_ENSG00000117713_145568.4	805	2492	1624	2930	4920	3024	698	848
221	ARID1A_ENSG00000117713_145569.5	723	3128	1474	3016	4734	2156	438	764
222	ARID1A_ENSG00000117713_145570.6	1142	3388	1808	1914	6376	1190	821	922
223	ARID1B_ENSG00000049618_121653.1	750	482	1131	515	253	0	595	777
224	ARID1B_ENSG00000049618_121654.2	845	925	1651	0	1242	656	587	702
225	ARID1B_ENSG00000049618_121655.3	596	1237	1018	633	0	412	319	492
226	ARID1B_ENSG00000049618_121656.4	949	1015	1509	593	503	963	788	1038
227	ARID1B_ENSG00000049618_121657.5	678	576	1070	0	532	918	223	519
228	ARID1B_ENSG00000049618_121658.6	1203	2531	1976	957	0	200	708	1058
229	ARID2_ENSG00000189079_14232.1	1327	831	2192	1	0	1012	1023	1160
230	ARID2_ENSG00000189079_14233.2	561	652	1066	276	1	207	290	473
231	ARID2_ENSG00000189079_14234.3	77	321	119	0	0	0	63	139
232	ARID2_ENSG00000189079_14235.4	474	781	1089	0	0	195	349	379
233	ARID2_ENSG00000189079_14236.5	684	309	1223	328	275	1662	319	565
234	ARID2_ENSG00000189079_14237.6	1000	832	1804	1145	1469	883	444	749
235	ARID4A_ENSG00000032219_105787.1	1724	1132	2950	1822	1933	974	1499	1654
236	ARID4A_ENSG00000032219_105788.2	629	975	1232	1692	582	257	301	592
237	ARID4A_ENSG00000032219_105789.3	1010	669	1514	425	40	390	745	975
238	ARID4A_ENSG00000032219_105790.4	779	444	1849	323	894	294	468	894
239	ARID4A_ENSG00000032219_105791.5	415	213	724	0	569	0	56	231
240	ARID4A_ENSG00000032219_105792.6	1134	510	2080	586	1962	947	1027	1200
241	ARID4B_ENSG00000054267_136991.1	427	0	956	0	0	193	262	353
242	ARID4B_ENSG00000054267_136992.2	2272	2630	4768	1092	760	837	977	1786
243	ARID4B_ENSG00000054267_136993.3	914	1058	1868	0	3349	424	678	931
244	ARID4B_ENSG00000054267_136994.4	925	430	1607	905	1200	385	468	730
245	ARID4B_ENSG00000054267_136995.5	961	462	1747	887	0	961	707	843
246	ARID4B_ENSG00000054267_136996.6	1066	1050	2106	0	1350	314	602	926
247	ARIH2_ENSG00000177479_71033.1	621	489	833	1	0	0	269	409
248	ARIH2_ENSG00000177479_71034.2	87	0	237	0	0	182	70	95
249	ARIH2_ENSG00000177479_71035.3	897	797	1309	0	0	675	426	713
250	ARIH2_ENSG00000177479_71036.4	698	689	1254	281	561	182	605	701
251	ARIH2_ENSG00000177479_71037.5	222	185	295	0	0	199	245	251
252	ARIH2_ENSG00000177479_71038.6	1677	624	2705	1207	2002	924	887	1512
253	ART1_ENSG00000129744_153743.1	1249	984	2065	534	525	626	1242	1226
254	ART1_ENSG00000129744_153744.2	1298	695	2153	1175	914	629	790	1007
255	ART1_ENSG00000129744_153745.3	1641	686	2481	1253	576	1431	924	1354
256	ART1_ENSG00000129744_153746.4	326	0	597	54	0	245	211	283
257	ART1_ENSG00000129744_153747.5	458	311	936	0	0	0	353	435
258	ART1_ENSG00000129744_153748.6	1239	582	1882	235	623	419	601	643
259	AS3MT_ENSG00000214435_26075.1	816	464	1651	660	608	0	681	711
260	AS3MT_ENSG00000214435_26076.2	770	551	1302	296	585	173	271	579
261	AS3MT_ENSG00000214435_26077.3	914	0	1764	320	10	268	479	630
262	AS3MT_ENSG00000214435_26078.4	239	172	333	0	0	0	69	144
263	AS3MT_ENSG00000214435_26079.5	358	603	707	0	0	198	291	353
264	AS3MT_ENSG00000214435_26080.6	1062	731	2024	0	463	908	554	856
265	ASAP1_ENSG00000153317_77623.1	1214	446	1936	645	435	0	918	1105
266	ASAP1_ENSG00000153317_77624.2	416	179	704	0	282	104	287	321
267	ASAP1_ENSG00000153317_77625.3	1107	798	1934	537	600	0	1146	971
268	ASAP1_ENSG00000153317_77626.4	842	395	1575	1161	571	557	70	411
269	ASAP1_ENSG00000153317_77627.5	1313	460	2173	839	832	214	549	997
270	ASAP1_ENSG00000153317_77628.6	486	0	649	0	0	0	337	339
271	ASCC3_ENSG00000112249_195011.1	424	254	598	0	1151	193	345	404
272	ASCC3_ENSG00000112249_195012.2	224	0	337	312	0	194	23	131
273	ASCC3_ENSG00000112249_195013.3	726	424	1495	546	0	588	474	773
274	ASCC3_ENSG00000112249_195014.4	1586	1078	2933	1152	528	615	858	1427
275	ASCC3_ENSG00000112249_195015.5	504	446	1061	322	1347	368	247	523
276	ASCC3_ENSG00000112249_195016.6	1139	449	2216	910	1046	285	563	1100
277	ASCL2_ENSG00000183734_168646.1	529	185	994	0	0	0	276	319
278	ASCL2_ENSG00000183734_168647.2	286	0	396	0	0	207	104	153
279	ASCL2_ENSG00000183734_168648.3	1718	1387	2768	1	1002	657	870	1394
280	ASCL2_ENSG00000183734_168649.4	569	303	1127	0	0	384	321	579
281	ASCL2_ENSG00000183734_168650.5	261	0	511	1	0	0	127	205
282	ASCL2_ENSG00000183734_168651.6	680	0	1429	609	601	180	234	534
283	ASF1A_ENSG00000111875_187495.1	1252	684	1943	942	0	188	861	964
284	ASF1A_ENSG00000111875_187496.2	162	155	394	291	0	184	142	214
285	ASF1A_ENSG00000111875_187497.3	383	232	767	1	0	0	87	250
286	ASF1A_ENSG00000111875_187498.4	1129	0	1642	739	1096	190	363	685
287	ASF1A_ENSG00000111875_187499.5	1212	171	2860	503	1128	381	1399	1372
288	ASF1A_ENSG00000111875_187500.6	815	326	1555	350	0	812	132	604
289	ASF1B_ENSG00000105011_147550.1	453	545	671	0	293	685	406	402
290	ASF1B_ENSG00000105011_147551.2	771	1429	1397	243	1127	598	458	731
291	ASF1B_ENSG00000105011_147552.3	293	0	503	255	0	0	275	294
292	ASF1B_ENSG00000105011_147553.4	342	0	420	330	0	612	191	224
293	ASF1B_ENSG00000105011_147554.5	323	0	602	259	0	231	261	356
294	ASF1B_ENSG00000105011_147555.6	1374	1388	2229	313	1218	791	1267	1273
295	ASH1L_ENSG00000116539_192247.1	418	0	938	0	0	187	112	272
296	ASH1L_ENSG00000116539_192248.2	1197	816	1618	0	376	706	1011	928
297	ASH1L_ENSG00000116539_192249.3	766	596	1390	1397	283	208	205	562
298	ASH1L_ENSG00000116539_192250.4	1371	781	2317	1123	3188	1042	341	960
299	ASH1L_ENSG00000116539_192251.5	811	809	1217	1207	925	216	347	788
300	ASH1L_ENSG00000116539_192252.6	378	200	652	263	111	400	263	427
301	ASH2L_ENSG00000129691_80220.1	1321	2098	2394	1575	1725	1873	1045	982
302	ASH2L_ENSG00000129691_80221.2	648	1634	1272	729	1017	1749	454	605
303	ASH2L_ENSG00000129691_80222.3	798	2238	1243	1757	1076	1705	437	660
304	ASH2L_ENSG00000129691_80223.4	149	268	296	256	0	529	12	92
305	ASH2L_ENSG00000129691_80224.5	867	1395	1152	2343	1167	842	283	534
306	ASH2L_ENSG00000129691_80225.6	793	894	1547	1265	4378	2132	616	642
307	ASMT_ENSG00000196433_165681.1	938	467	1808	639	955	45	719	777
308	ASMT_ENSG00000196433_165682.2	713	656	1205	310	0	197	594	666
309	ASMT_ENSG00000196433_165683.3	1426	1738	3087	640	0	526	988	1545
310	ASMT_ENSG00000196433_165684.4	495	151	933	0	0	178	499	484
311	ASMT_ENSG00000196433_165685.5	953	1	2020	316	240	234	769	931
312	ASMT_ENSG00000196433_165686.6	1802	552	2673	304	1024	1123	1114	1260
313	ASXL1_ENSG00000171456_109531.1	1177	733	1816	1042	1961	609	578	997
314	ASXL1_ENSG00000171456_109532.2	307	137	474	1	0	402	236	226
315	ASXL1_ENSG00000171456_109533.3	566	179	944	535	0	180	417	392
316	ASXL1_ENSG00000171456_109534.4	1438	1163	2660	631	1915	1054	1065	1235
317	ASXL1_ENSG00000171456_109535.5	1511	1424	2615	999	124	1283	1533	1437
318	ASXL1_ENSG00000171456_109536.6	1309	437	2355	579	1350	592	703	973
319	ASXL2_ENSG00000143970_25236.1	596	300	1301	0	0	0	93	480
320	ASXL2_ENSG00000143970_25237.2	1093	730	2252	636	678	360	913	997
321	ASXL2_ENSG00000143970_25238.3	497	477	1087	562	432	0	324	429
322	ASXL2_ENSG00000143970_25239.4	2325	1346	3676	1287	1918	916	1156	1884
323	ASXL2_ENSG00000143970_25240.5	321	428	503	309	541	133	67	207
324	ASXL2_ENSG00000143970_25241.6	832	256	1318	1295	896	364	218	495
325	ASXL3_ENSG00000141431_82546.1	724	784	1254	321	546	0	230	548
326	ASXL3_ENSG00000141431_82547.2	1102	297	1795	272	1	401	458	1019
327	ASXL3_ENSG00000141431_82548.3	1117	169	1900	0	0	703	822	1023
328	ASXL3_ENSG00000141431_82549.4	1371	1761	2330	0	1878	458	983	1296
329	ASXL3_ENSG00000141431_82550.5	1172	513	1853	599	0	1267	750	1132
330	ASXL3_ENSG00000141431_82551.6	482	410	818	257	0	613	669	534
331	ATAD2B_ENSG00000119778_92143.1	320	152	672	0	0	424	176	290
332	ATAD2B_ENSG00000119778_92144.2	976	546	2148	745	0	738	658	910
333	ATAD2B_ENSG00000119778_92145.3	1363	1229	2778	645	315	1779	711	1095
334	ATAD2B_ENSG00000119778_92146.4	1493	1541	2779	936	1285	787	897	1400
335	ATAD2B_ENSG00000119778_92147.5	539	137	819	695	0	373	100	295
336	ATAD2B_ENSG00000119778_92148.6	818	473	1307	0	0	230	479	662
337	ATAT1_ENSG00000137343_1756.1	763	245	1473	326	130	207	388	669
338	ATAT1_ENSG00000137343_1757.2	509	532	740	0	260	306	485	491
339	ATAT1_ENSG00000137343_1758.3	760	325	1588	0	0	203	585	721
340	ATAT1_ENSG00000137343_1759.4	704	683	1059	725	74	187	516	618
341	ATAT1_ENSG00000137343_1760.5	999	784	1585	918	1804	327	294	646
342	ATAT1_ENSG00000137343_1761.6	764	726	1398	279	549	1174	430	594
343	ATF2_ENSG00000115966_15532.1	599	944	1364	277	0	220	244	592
344	ATF2_ENSG00000115966_15533.2	1052	175	2156	1	0	1242	843	935
345	ATF2_ENSG00000115966_15534.3	574	460	1297	304	145	0	183	514
346	ATF2_ENSG00000115966_15535.4	223	0	355	0	0	0	45	126
347	ATF2_ENSG00000115966_15536.5	1116	829	2274	952	2906	193	936	1061
348	ATF2_ENSG00000115966_15537.6	1382	1146	2620	313	745	314	1174	1371
349	ATF7IP_ENSG00000171681_157351.1	1374	157	2178	1104	1706	687	1065	1308
350	ATF7IP_ENSG00000171681_157352.2	367	0	654	0	0	1324	272	269
351	ATF7IP_ENSG00000171681_157353.3	500	295	1181	621	0	403	402	562
352	ATF7IP_ENSG00000171681_157354.4	681	331	1422	250	0	772	202	486
353	ATF7IP_ENSG00000171681_157355.5	698	668	1098	250	1138	368	349	605
354	ATF7IP_ENSG00000171681_157356.6	495	0	909	0	0	0	344	455
355	ATF7IP2_ENSG00000166669_105097.1	488	161	710	0	1507	388	161	302
356	ATF7IP2_ENSG00000166669_105098.2	1024	871	1865	274	723	206	568	870
357	ATF7IP2_ENSG00000166669_105099.3	562	150	922	0	0	899	395	558
358	ATF7IP2_ENSG00000166669_105100.4	902	639	2034	376	0	758	859	884
359	ATF7IP2_ENSG00000166669_105101.5	1134	819	2464	219	483	861	610	1056
360	ATF7IP2_ENSG00000166669_105102.6	475	165	1159	334	0	212	299	430
361	ATM_ENSG00000149311_159353.1	1133	841	1780	994	0	816	721	920
362	ATM_ENSG00000149311_159354.2	642	425	1091	205	1	0	428	477
363	ATM_ENSG00000149311_159355.3	1827	256	3592	1271	981	989	554	1324
364	ATM_ENSG00000149311_159356.4	873	1187	1716	908	0	401	488	691
365	ATM_ENSG00000149311_159357.5	1550	501	2931	1127	1245	712	1221	1501
366	ATM_ENSG00000149311_159358.6	804	765	1566	315	0	953	124	484
367	ATOH1_ENSG00000172238_175529.1	742	782	1352	419	1148	336	305	604
368	ATOH1_ENSG00000172238_175530.2	351	173	576	635	516	455	244	305
369	ATOH1_ENSG00000172238_175531.3	562	287	1030	272	0	380	357	531
370	ATOH1_ENSG00000172238_175532.4	191	678	476	0	259	365	80	184
371	ATOH1_ENSG00000172238_175533.5	967	331	1930	274	547	185	633	893
372	ATOH1_ENSG00000172238_175534.6	744	465	1020	0	147	382	636	738
373	ATR_ENSG00000175054_22781.1	210	348	325	1	0	0	40	155
374	ATR_ENSG00000175054_22782.2	1176	863	2122	1521	845	941	437	893
375	ATR_ENSG00000175054_22783.3	976	174	2217	844	548	996	646	978
376	ATR_ENSG00000175054_22784.4	1243	717	2232	0	7	311	715	1092
377	ATR_ENSG00000175054_22785.5	1061	1216	2301	0	247	355	823	1133
378	ATR_ENSG00000175054_22786.6	457	368	1045	985	548	0	187	391
379	ATRX_ENSG00000085224_37594.1	428	449	1114	647	0	180	244	463
380	ATRX_ENSG00000085224_37595.2	1371	716	2532	955	0	489	1460	1575
381	ATRX_ENSG00000085224_37596.3	852	400	1446	438	0	0	247	706
382	ATRX_ENSG00000085224_37597.4	1027	1045	1736	1244	1755	406	478	839
383	ATRX_ENSG00000085224_37598.5	1049	664	1367	308	576	743	814	930
384	ATRX_ENSG00000085224_37599.6	607	324	1179	589	0	191	357	513
385	ATXN3L_ENSG00000123594_163580.1	864	226	1782	628	1212	401	365	846
386	ATXN3L_ENSG00000123594_163581.2	519	507	832	934	0	0	455	481
387	ATXN3L_ENSG00000123594_163582.3	1473	1606	2091	1152	1252	384	1276	1169
388	ATXN3L_ENSG00000123594_163583.4	1161	819	2300	1458	754	190	587	1036
389	ATXN3L_ENSG00000123594_163584.5	1081	944	1675	619	0	623	389	908
390	ATXN3L_ENSG00000123594_163585.6	882	401	1534	1077	0	332	346	742
391	ATXN7_ENSG00000163635_193352.1	2330	1647	4221	150	934	495	1949	2415
392	ATXN7_ENSG00000163635_193353.2	1241	328	2026	299	0	275	1048	1122
393	ATXN7_ENSG00000163635_193354.3	580	786	1039	84	0	0	516	569
394	ATXN7_ENSG00000163635_193355.4	857	288	1276	673	35	360	644	688
395	ATXN7_ENSG00000163635_193356.5	1584	549	2847	997	1569	0	787	1335
396	ATXN7_ENSG00000163635_193357.6	1009	435	1834	617	0	373	394	744
397	ATXN7L3_ENSG00000087152_154316.1	466	2	812	288	1	2	193	337
398	ATXN7L3_ENSG00000087152_154317.2	1490	245	3184	876	813	1370	467	1255
399	ATXN7L3_ENSG00000087152_154318.3	45	43	90	35	18	0	19	17
400	ATXN7L3_ENSG00000087152_154319.4	941	680	1698	558	1921	294	440	676
401	ATXN7L3_ENSG00000087152_154320.5	1938	1004	3246	1408	2323	226	1193	1722
402	ATXN7L3_ENSG00000087152_154321.6	719	829	1337	880	0	375	605	699
403	AURKA_ENSG00000087586_143472.1	1315	537	1721	1266	0	195	1100	801
404	AURKA_ENSG00000087586_143473.2	1106	573	1903	632	2071	0	531	576
405	AURKA_ENSG00000087586_143474.3	798	794	1396	619	601	0	609	683
406	AURKA_ENSG00000087586_143475.4	515	475	999	1271	1680	407	228	343
407	AURKA_ENSG00000087586_143476.5	835	858	1995	290	5	552	380	800
408	AURKA_ENSG00000087586_143477.6	1575	1119	2314	2506	1742	776	869	1115
409	AURKB_ENSG00000178999_78373.1	733	355	806	0	0	188	254	349
410	AURKB_ENSG00000178999_78374.2	959	573	1545	299	0	201	473	700
411	AURKB_ENSG00000178999_78375.3	1386	1121	2367	236	0	396	1174	1295
412	AURKB_ENSG00000178999_78376.4	1231	605	2133	305	1857	0	752	1012
413	AURKB_ENSG00000178999_78377.5	641	123	1093	295	0	239	235	379
414	AURKB_ENSG00000178999_78378.6	641	246	1054	325	1766	0	617	509
415	BABAM1_ENSG00000105393_18340.1	463	438	824	0	0	324	319	393
416	BABAM1_ENSG00000105393_18341.2	525	523	1079	797	280	565	199	497
417	BABAM1_ENSG00000105393_18342.3	1495	1311	3038	2326	542	577	619	1193
418	BABAM1_ENSG00000105393_18344.5	429	641	629	0	0	163	241	387
419	BABAM1_ENSG00000105393_18345.6	3406	1380	5843	2153	450	1781	2579	2590
420	BAHD1_ENSG00000140320_177871.1	638	146	1189	272	2057	0	401	526
421	BAHD1_ENSG00000140320_177872.2	1546	843	2543	745	0	1069	1714	1507
422	BAHD1_ENSG00000140320_177873.3	1043	791	1892	315	634	623	783	737
423	BAHD1_ENSG00000140320_177874.4	185	1	319	423	340	0	126	154
424	BAHD1_ENSG00000140320_177875.5	942	565	1638	613	1031	206	705	977
425	BAHD1_ENSG00000140320_177876.6	1192	1008	1929	718	624	742	1052	1038
426	BANP_ENSG00000172530_43696.1	1332	740	2318	668	645	778	1257	1427
427	BANP_ENSG00000172530_43697.2	741	555	1352	719	503	208	218	579
428	BANP_ENSG00000172530_43698.3	1607	792	2754	859	1928	1125	294	970
429	BANP_ENSG00000172530_43699.4	607	256	905	339	0	53	164	323
430	BANP_ENSG00000172530_43700.5	944	631	1952	1483	905	118	876	828
431	BANP_ENSG00000172530_43701.6	770	720	1518	0	499	241	607	767
432	BAP1_ENSG00000163930_189759.1	545	756	1249	0	0	71	262	443
433	BAP1_ENSG00000163930_189760.2	592	668	1032	0	592	375	588	671
434	BAP1_ENSG00000163930_189761.3	1335	1327	2955	265	616	305	512	1141
435	BAP1_ENSG00000163930_189762.4	138	253	305	0	0	424	61	127
436	BAP1_ENSG00000163930_189763.5	1420	1282	2176	876	3051	705	947	1133
437	BAP1_ENSG00000163930_189764.6	872	659	1941	1555	0	385	866	1060
438	BAZ1A_ENSG00000198604_79834.1	1185	574	1971	666	0	424	164	559
439	BAZ1A_ENSG00000198604_79835.2	970	367	1940	0	0	202	1146	982
440	BAZ1A_ENSG00000198604_79836.3	579	74	983	333	0	0	130	386
441	BAZ1A_ENSG00000198604_79837.4	593	955	1451	528	888	582	654	698
442	BAZ1A_ENSG00000198604_79838.5	1625	985	2561	782	976	133	844	1315
443	BAZ1A_ENSG00000198604_79839.6	1059	596	1821	598	0	872	887	958
444	BAZ1B_ENSG00000009954_59970.1	861	454	1594	280	0	633	616	696
445	BAZ1B_ENSG00000009954_59971.2	1065	365	2150	297	1066	0	1110	1028
446	BAZ1B_ENSG00000009954_59972.3	2185	350	3358	486	277	1133	1452	1610
447	BAZ1B_ENSG00000009954_59973.4	1055	394	1364	630	0	905	691	729
448	BAZ1B_ENSG00000009954_59974.5	1644	694	3257	573	1239	392	1364	1670
449	BAZ1B_ENSG00000009954_59975.6	630	418	1203	1184	0	0	298	428
450	BAZ2A_ENSG00000076108_80750.1	1051	1292	2303	719	0	994	867	1088
451	BAZ2A_ENSG00000076108_80751.2	959	1143	1721	300	3228	1759	92	591
452	BAZ2A_ENSG00000076108_80752.3	768	0	1335	1223	270	502	281	556
453	BAZ2A_ENSG00000076108_80753.4	252	233	527	532	0	0	107	188
454	BAZ2A_ENSG00000076108_80754.5	1099	2895	2469	1546	589	405	1061	1043
455	BAZ2A_ENSG00000076108_80755.6	670	151	1197	987	77	221	517	673
456	BAZ2B_ENSG00000123636_202521.1	1389	903	2547	803	293	380	1266	1422
457	BAZ2B_ENSG00000123636_202522.2	873	791	1501	0	588	212	445	731
458	BAZ2B_ENSG00000123636_202523.3	805	794	1707	325	0	199	260	635
459	BAZ2B_ENSG00000123636_202524.4	810	566	1522	1050	288	475	253	518
460	BAZ2B_ENSG00000123636_202525.5	1146	731	1901	1201	0	167	661	755
461	BAZ2B_ENSG00000123636_202526.6	794	328	1482	283	0	707	689	774
462	BCL11A_ENSG00000119866_183867.1	222	125	425	0	526	0	16	118
463	BCL11A_ENSG00000119866_183868.2	65	0	113	0	0	0	17	40
464	BCL11A_ENSG00000119866_183869.3	275	0	549	608	989	172	113	238
465	BCL11A_ENSG00000119866_183870.4	911	417	1649	0	0	1048	525	781
466	BCL11A_ENSG00000119866_183871.5	1650	1344	2847	719	1655	1524	246	1052
467	BCL11A_ENSG00000119866_183872.6	239	440	506	288	0	213	125	209
468	BCL11B_ENSG00000127152_93231.1	671	982	934	219	3071	211	230	583
469	BCL11B_ENSG00000127152_93232.2	1346	1162	2384	643	598	525	1348	1281
470	BCL11B_ENSG00000127152_93233.3	924	419	1548	0	0	172	683	757
471	BCL11B_ENSG00000127152_93234.4	641	1315	1228	919	574	967	149	384
472	BCL11B_ENSG00000127152_93235.5	1437	401	2302	957	1624	1246	1309	1434
473	BCL11B_ENSG00000127152_93236.6	997	519	2183	892	1762	420	327	810
474	BCL6_ENSG00000113916_179940.1	329	0	556	358	610	0	365	377
475	BCL6_ENSG00000113916_179941.2	1814	1486	3159	1074	511	610	1446	1651
476	BCL6_ENSG00000113916_179942.3	864	1114	1414	266	0	369	116	406
477	BCL6_ENSG00000113916_179943.4	897	286	1663	904	584	619	594	922
478	BCL6_ENSG00000113916_179944.5	546	240	813	1	0	214	406	456
479	BCL6_ENSG00000113916_179945.6	117	159	188	156	0	62	50	99
480	BCL7A_ENSG00000110987_51819.1	108	559	243	297	0	192	45	141
481	BCL7A_ENSG00000110987_51820.2	855	646	1187	0	563	507	473	665
482	BCL7A_ENSG00000110987_51821.3	508	455	1104	315	338	0	386	469
483	BCL7A_ENSG00000110987_51822.4	334	78	580	288	125	378	46	218
484	BCL7A_ENSG00000110987_51823.5	2246	1884	3177	1085	0	1046	1181	1367
485	BCL7A_ENSG00000110987_51824.6	644	796	1104	590	460	0	87	422
486	BCL7B_ENSG00000106635_10403.1	1458	648	2808	1216	702	704	663	1159
487	BCL7B_ENSG00000106635_10404.2	1252	345	1620	0	1084	446	1091	980
488	BCL7B_ENSG00000106635_10405.3	938	587	1665	578	595	22	559	800
489	BCL7B_ENSG00000106635_10406.4	558	493	1116	622	266	0	548	573
490	BCL7B_ENSG00000106635_10407.5	239	534	547	312	0	0	315	280
491	BCL7B_ENSG00000106635_10408.6	581	148	901	568	325	448	313	425
492	BCL7C_ENSG00000099385_32303.1	484	419	734	306	803	0	246	374
493	BCL7C_ENSG00000099385_32304.2	1013	1512	1980	561	303	1104	608	974
494	BCL7C_ENSG00000099385_32305.3	990	781	1913	822	1209	526	757	784
495	BCL7C_ENSG00000099385_32306.4	1152	523	2110	0	0	788	908	1254
496	BCL7C_ENSG00000099385_32307.5	84	246	194	603	0	0	27	43
497	BCL7C_ENSG00000099385_32308.6	447	1	666	324	0	841	266	329
498	BCOR_ENSG00000183337_90115.1	801	317	1480	628	0	182	447	734
499	BCOR_ENSG00000183337_90116.2	605	948	1002	0	626	589	499	490
500	BCOR_ENSG00000183337_90117.3	743	489	1319	0	0	0	515	586
501	BCOR_ENSG00000183337_90118.4	312	337	637	290	0	178	164	254
502	BCOR_ENSG00000183337_90119.5	293	165	669	0	0	83	158	284
503	BCOR_ENSG00000183337_90120.6	395	0	579	317	0	283	224	310
504	BCORL1_ENSG00000085185_142134.1	746	472	1674	616	891	280	373	728
505	BCORL1_ENSG00000085185_142135.2	1354	1439	2373	1	1783	1038	1392	1285
506	BCORL1_ENSG00000085185_142136.3	1581	813	3243	568	602	1587	1504	1682
507	BCORL1_ENSG00000085185_142137.4	756	245	2008	563	0	218	145	583
508	BCORL1_ENSG00000085185_142138.5	1744	1371	3243	1317	0	882	1566	1651
509	BCORL1_ENSG00000085185_142139.6	457	305	753	1	0	204	242	445
510	BDP1_ENSG00000145734_134773.1	1147	328	2423	301	1396	415	792	1135
511	BDP1_ENSG00000145734_134774.2	753	325	1142	0	0	0	448	568
512	BDP1_ENSG00000145734_134775.3	312	0	550	1	0	0	29	147
513	BDP1_ENSG00000145734_134776.4	61	0	85	290	0	0	36	59
514	BDP1_ENSG00000145734_134777.5	1112	671	1950	330	1615	547	811	861
515	BDP1_ENSG00000145734_134778.6	629	721	1088	617	491	1098	127	464
516	BLM_ENSG00000197299_84708.1	544	146	881	0	1267	908	267	393
517	BLM_ENSG00000197299_84709.2	919	690	1779	1228	1676	0	321	716
518	BLM_ENSG00000197299_84710.3	483	244	1140	0	0	415	440	563
519	BLM_ENSG00000197299_84711.4	534	619	838	0	1106	0	146	329
520	BLM_ENSG00000197299_84712.5	736	437	1288	450	1689	785	279	457
521	BLM_ENSG00000197299_84713.6	370	504	677	0	80	229	172	368
522	BMI1_ENSG00000168283_96384.2	943	1290	1876	291	464	387	522	787
523	BMI1_ENSG00000168283_96386.4	813	812	1799	316	0	762	639	764
524	BMI1_ENSG00000168283_96387.5	1739	1755	2917	1179	1178	564	1490	1503
525	BMI1_ENSG00000168283_96388.6	644	717	1184	949	1504	211	160	464
526	BMI1_ENSG00000168283_96389.7	577	269	956	596	1203	727	210	333
527	BMI1_ENSG00000168283_96390.8	700	206	1497	556	0	637	223	585
528	BPTF_ENSG00000171634_135357.1	1063	451	1564	286	635	337	401	685
529	BPTF_ENSG00000171634_135358.2	1165	1599	2208	1226	1131	392	864	1169
530	BPTF_ENSG00000171634_135359.3	678	876	1043	0	0	194	387	535
531	BPTF_ENSG00000171634_135360.4	913	626	1716	310	0	102	570	788
532	BPTF_ENSG00000171634_135361.5	326	472	355	312	144	0	159	248
533	BPTF_ENSG00000171634_135362.6	417	326	958	266	286	0	387	517
534	BRCA1_ENSG00000012048_28763.1	296	586	626	0	0	0	142	262
535	BRCA1_ENSG00000012048_28764.2	1082	529	1895	386	560	683	351	788
536	BRCA1_ENSG00000012048_28765.3	714	655	1318	973	590	737	364	587
537	BRCA1_ENSG00000012048_28766.4	1013	1169	1547	277	261	51	623	807
538	BRCA1_ENSG00000012048_28767.5	697	0	1206	0	187	408	310	601
539	BRCA1_ENSG00000012048_28768.6	777	152	1344	1514	1279	196	489	649
540	BRCA2_ENSG00000139618_36615.1	836	153	1857	318	0	614	473	790
541	BRCA2_ENSG00000139618_36616.2	687	439	1717	915	630	374	567	820
542	BRCA2_ENSG00000139618_36617.3	420	149	664	0	0	54	264	366
543	BRCA2_ENSG00000139618_36618.4	212	133	530	0	0	0	174	216
544	BRCA2_ENSG00000139618_36619.5	612	189	1390	1343	0	185	503	725
545	BRCA2_ENSG00000139618_36620.6	1393	637	2554	326	531	436	801	1300
546	BRCC3_ENSG00000185515_122719.1	1181	477	1903	0	276	1454	814	1001
547	BRCC3_ENSG00000185515_122720.2	568	298	1106	594	0	1044	446	525
548	BRCC3_ENSG00000185515_122721.3	400	0	777	0	0	0	317	370
549	BRCC3_ENSG00000185515_122722.4	1020	684	1725	303	1138	969	109	683
550	BRCC3_ENSG00000185515_122723.5	744	892	1790	491	0	179	331	769
551	BRCC3_ENSG00000185515_122724.6	255	0	420	0	0	0	94	193
552	BRD1_ENSG00000100425_114759.1	930	893	1792	937	0	727	499	682
553	BRD1_ENSG00000100425_114760.2	1003	1299	1784	399	1701	0	484	830
554	BRD1_ENSG00000100425_114761.3	1139	862	1832	674	621	574	549	937
555	BRD1_ENSG00000100425_114762.4	827	637	1577	485	261	298	673	686
556	BRD1_ENSG00000100425_114763.5	912	481	1523	576	0	1	660	809
557	BRD1_ENSG00000100425_114764.6	43	0	93	291	0	0	21	58
558	BRD2_ENSG00000204256_187206.1	70	0	175	0	0	215	21	54
559	BRD2_ENSG00000204256_187207.2	554	66	1079	114	854	451	455	442
560	BRD2_ENSG00000204256_187208.3	890	614	1704	1255	1078	256	490	732
561	BRD2_ENSG00000204256_187209.4	368	136	485	0	0	415	198	230
562	BRD2_ENSG00000204256_187210.5	2224	1827	3086	1470	0	1036	1473	1426
563	BRD2_ENSG00000204256_187211.6	268	0	467	249	0	0	143	239
564	BRD3_ENSG00000169925_50689.1	537	172	927	589	255	287	328	375
565	BRD3_ENSG00000169925_50690.2	328	148	739	0	0	0	181	291
566	BRD3_ENSG00000169925_50691.3	217	122	467	0	936	0	24	108
567	BRD3_ENSG00000169925_50692.4	566	174	1088	0	0	0	553	656
568	BRD3_ENSG00000169925_50693.5	908	507	1694	916	0	594	776	780
569	BRD3_ENSG00000169925_50694.6	228	187	404	0	0	0	141	201
570	BRD4_ENSG00000141867_71432.1	491	0	967	288	0	0	328	394
571	BRD4_ENSG00000141867_71433.2	2375	1013	4829	3132	4324	899	971	1968
572	BRD4_ENSG00000141867_71434.3	1147	478	1921	860	0	950	558	932
573	BRD4_ENSG00000141867_71435.4	430	174	513	269	0	0	124	294
574	BRD4_ENSG00000141867_71436.5	854	704	1767	264	2308	352	646	783
575	BRD4_ENSG00000141867_71437.6	782	577	1485	320	5	233	336	722
576	BRD7_ENSG00000166164_86293.1	2705	1998	4508	1981	2207	965	798	1964
577	BRD7_ENSG00000166164_86294.2	873	1277	1488	307	0	183	637	764
578	BRD7_ENSG00000166164_86295.3	1642	351	3535	600	591	1172	1606	1660
579	BRD7_ENSG00000166164_86296.4	1034	886	2174	1203	283	655	86	434
580	BRD7_ENSG00000166164_86297.5	910	1026	1422	1547	1247	661	474	735
581	BRD7_ENSG00000166164_86298.6	88	0	202	0	0	0	105	123
582	BRD8_ENSG00000112983_123890.1	703	923	1113	0	1180	368	460	593
583	BRD8_ENSG00000112983_123891.2	563	1124	887	306	0	179	240	386
584	BRD8_ENSG00000112983_123892.3	861	852	1831	442	1192	345	238	658
585	BRD8_ENSG00000112983_123893.4	866	794	1102	674	0	823	261	441
586	BRD8_ENSG00000112983_123894.5	1080	1101	2293	1629	701	437	375	949
587	BRD8_ENSG00000112983_123895.6	1030	467	1527	939	682	683	368	568
588	BRD9_ENSG00000028310_53818.1	369	379	891	588	0	0	328	321
589	BRD9_ENSG00000028310_53819.2	1212	410	2302	627	973	795	751	1019
590	BRD9_ENSG00000028310_53820.3	1047	501	1942	1327	577	160	964	870
591	BRD9_ENSG00000028310_53821.4	1339	816	2681	650	2400	913	264	1012
592	BRD9_ENSG00000028310_53822.5	1292	970	2514	590	0	279	1042	1141
593	BRD9_ENSG00000028310_53823.6	345	303	723	634	0	0	240	353
594	BRDT_ENSG00000137948_202801.1	156	0	240	288	0	0	4	79
595	BRDT_ENSG00000137948_202802.2	267	141	547	285	1082	0	134	241
596	BRDT_ENSG00000137948_202803.3	380	170	552	0	0	0	14	133
597	BRDT_ENSG00000137948_202804.4	353	448	752	1585	0	0	246	312
598	BRDT_ENSG00000137948_202805.5	780	400	1719	296	328	402	694	863
599	BRDT_ENSG00000137948_202806.6	1122	629	2141	97	1464	1519	424	868
600	BRE_ENSG00000158019_101137.1	1419	966	2472	593	0	441	928	1376
601	BRE_ENSG00000158019_101138.2	602	415	985	310	627	317	476	550
602	BRE_ENSG00000158019_101139.3	682	435	1186	648	580	619	341	533
603	BRE_ENSG00000158019_101140.4	831	777	1297	436	0	608	598	630
604	BRE_ENSG00000158019_101141.5	516	0	967	568	0	0	248	389
605	BRE_ENSG00000158019_101142.6	1322	572	2506	626	266	473	770	1180
606	BRIP1_ENSG00000136492_93834.1	909	548	1956	0	597	755	1101	1118
607	BRIP1_ENSG00000136492_93835.2	1040	1111	2160	1272	1080	206	513	801
608	BRIP1_ENSG00000136492_93836.3	710	450	1182	1184	0	544	278	613
609	BRIP1_ENSG00000136492_93837.4	585	462	1010	297	0	0	277	429
610	BRIP1_ENSG00000136492_93838.5	2663	977	4661	2322	1552	860	2200	2542
611	BRIP1_ENSG00000136492_93839.6	957	181	1849	251	1166	1143	726	998
612	BRPF1_ENSG00000156983_60440.1	557	148	1065	626	159	0	305	441
613	BRPF1_ENSG00000156983_60441.2	263	432	597	140	0	0	112	209
614	BRPF1_ENSG00000156983_60442.3	456	227	712	460	0	176	150	238
615	BRPF1_ENSG00000156983_60443.4	674	600	1190	252	0	105	377	666
616	BRPF1_ENSG00000156983_60444.5	652	243	1204	0	0	0	265	487
617	BRPF1_ENSG00000156983_60445.6	726	352	1425	633	613	0	104	366
618	BRPF3_ENSG00000096070_192146.1	294	387	775	277	837	361	242	368
619	BRPF3_ENSG00000096070_192147.2	1054	349	1995	236	310	365	333	590
620	BRPF3_ENSG00000096070_192148.3	988	1125	1357	889	1165	265	775	721
621	BRPF3_ENSG00000096070_192149.4	276	993	592	0	0	0	236	221
622	BRPF3_ENSG00000096070_192150.5	869	983	1341	1375	545	893	661	625
623	BRPF3_ENSG00000096070_192151.6	1278	486	1769	987	825	432	776	1018
624	BRWD1_ENSG00000185658_203230.1	885	979	1259	293	548	0	450	742
625	BRWD1_ENSG00000185658_203231.2	610	1063	1126	1	0	355	568	536
626	BRWD1_ENSG00000185658_203232.3	1785	1247	3117	1105	2041	0	1042	1547
627	BRWD1_ENSG00000185658_203233.4	383	0	509	300	0	1158	159	255
628	BRWD1_ENSG00000185658_203234.5	1851	960	3085	1400	1262	790	1013	1580
629	BRWD1_ENSG00000185658_203235.6	838	676	2042	342	0	586	330	634
630	BRWD3_ENSG00000165288_76252.1	674	861	1274	278	575	844	222	531
631	BRWD3_ENSG00000165288_76253.2	1106	111	1673	434	2097	515	518	821
632	BRWD3_ENSG00000165288_76254.3	907	450	1643	216	0	264	513	759
633	BRWD3_ENSG00000165288_76255.4	686	424	1478	299	1021	403	639	676
634	BRWD3_ENSG00000165288_76256.5	206	0	248	0	0	419	137	253
635	BRWD3_ENSG00000165288_76257.6	181	189	326	353	0	0	105	121
636	BTAF1_ENSG00000095564_182492.1	202	0	280	0	0	0	98	165
637	BTAF1_ENSG00000095564_182493.2	1077	494	2097	1283	201	0	769	1151
638	BTAF1_ENSG00000095564_182494.3	561	380	1188	1319	1395	170	213	492
639	BTAF1_ENSG00000095564_182495.4	1461	1204	3094	2093	128	764	481	1189
640	BTAF1_ENSG00000095564_182496.5	1908	659	3342	1489	1412	936	1092	1603
641	BTAF1_ENSG00000095564_182497.6	1227	917	2350	1809	609	543	1236	1420
642	BUB3_ENSG00000154473_75992.1	1553	1144	2720	1560	1311	1235	1152	1487
643	BUB3_ENSG00000154473_75993.2	1631	1632	3169	1691	356	198	676	1502
644	BUB3_ENSG00000154473_75994.3	939	1298	1542	1003	1739	338	891	1081
645	BUB3_ENSG00000154473_75995.4	741	541	1373	0	0	394	493	691
646	BUB3_ENSG00000154473_75996.5	741	775	1323	635	928	889	461	595
647	BUB3_ENSG00000154473_75997.6	867	720	1388	412	0	583	729	904
648	C11orf30_ENSG00000158636_185847.1	571	0	1034	1	599	430	672	759
649	C11orf30_ENSG00000158636_185848.2	198	0	335	0	0	0	120	156
650	C11orf30_ENSG00000158636_185849.3	558	155	901	0	550	0	343	469
651	C11orf30_ENSG00000158636_185850.4	326	466	558	0	0	0	110	244
652	C11orf30_ENSG00000158636_185851.5	634	325	896	338	1118	421	227	451
653	C11orf30_ENSG00000158636_185852.6	723	0	1009	621	0	99	501	592
654	C14orf93_ENSG00000100802_131869.1	849	625	1410	296	0	402	705	742
655	C14orf93_ENSG00000100802_131870.2	1928	1293	2927	1004	1689	1425	1439	1635
656	C14orf93_ENSG00000100802_131871.3	844	169	1327	1	2297	0	466	680
657	C14orf93_ENSG00000100802_131872.4	873	148	1464	546	0	306	876	795
658	C14orf93_ENSG00000100802_131873.5	412	524	1011	552	0	203	131	294
659	C14orf93_ENSG00000100802_131874.6	783	789	1322	923	853	556	486	600
660	C17orf49_ENSG00000258315_195882.2	895	150	1576	289	0	1351	586	762
661	C17orf49_ENSG00000258315_195888.8	286	401	651	853	601	0	112	289
662	C17orf49_ENSG00000258315_195889.9	619	394	1512	283	0	154	36	266
663	C17orf49_ENSG00000258315_195890.1	1596	540	2702	624	931	1001	583	1196
664	C1orf85_ENSG00000198715_31231.1	492	143	1171	200	0	192	287	503
665	C1orf85_ENSG00000198715_31232.2	1310	577	2062	850	284	915	219	750
666	C1orf85_ENSG00000198715_31233.3	525	338	702	287	637	284	243	330
667	C1orf85_ENSG00000198715_31234.4	1078	531	1728	1093	516	630	317	612
668	C1orf85_ENSG00000198715_31235.5	447	384	915	0	0	0	436	481
669	C1orf85_ENSG00000198715_31236.6	812	610	1412	646	563	207	536	791
670	CALCOCO1_ENSG00000012822_92073.1	969	643	2046	892	0	403	318	734
671	CALCOCO1_ENSG00000012822_92074.2	1040	1201	2220	1431	588	385	395	930
672	CALCOCO1_ENSG00000012822_92075.3	448	280	802	981	556	375	360	378
673	CALCOCO1_ENSG00000012822_92076.4	580	516	974	0	0	514	366	493
674	CALCOCO1_ENSG00000012822_92077.5	367	410	836	277	0	0	230	333
675	CALCOCO1_ENSG00000012822_92078.6	704	1079	1365	530	2157	0	559	791
676	CAMK4_ENSG00000152495_130380.1	778	541	1258	918	1013	202	456	527
677	CAMK4_ENSG00000152495_130381.2	1632	1731	2963	542	1282	1456	1299	1405
678	CAMK4_ENSG00000152495_130382.3	487	235	865	0	0	0	219	345
679	CAMK4_ENSG00000152495_130383.4	636	302	1072	323	579	0	330	529
680	CAMK4_ENSG00000152495_130384.5	921	350	2105	617	623	611	719	1008
681	CAMK4_ENSG00000152495_130385.6	861	318	1364	473	306	315	477	594
682	CAMKMT_ENSG00000143919_46281.1	520	411	871	319	0	0	293	490
683	CAMKMT_ENSG00000143919_46282.2	229	49	552	246	0	0	42	176
684	CAMKMT_ENSG00000143919_46283.3	1025	1632	1902	217	876	736	650	965
685	CAMKMT_ENSG00000143919_46284.4	1235	1179	1959	568	579	698	573	1094
686	CAMKMT_ENSG00000143919_46285.5	1519	1627	3074	565	608	352	1248	1232
687	CAMKMT_ENSG00000143919_46286.6	928	1096	1559	477	603	128	681	754
688	CARM1_ENSG00000142453_190320.1	1243	816	2047	1059	1439	504	906	1043
689	CARM1_ENSG00000142453_190321.2	985	402	1568	933	583	2	483	628
690	CARM1_ENSG00000142453_190322.3	333	281	708	1	0	6	232	296
691	CARM1_ENSG00000142453_190323.4	1351	482	2271	504	574	1173	1105	1019
692	CARM1_ENSG00000142453_190324.5	481	829	1173	318	0	560	333	568
693	CARM1_ENSG00000142453_190325.6	622	512	990	1	570	0	162	392
694	CBL_ENSG00000110395_63808.1	193	204	365	293	0	189	8	78
695	CBL_ENSG00000110395_63809.2	1629	1149	3078	953	11	704	1185	1442
696	CBL_ENSG00000110395_63810.3	437	527	992	734	562	0	323	360
697	CBL_ENSG00000110395_63811.4	1381	641	2350	284	1155	397	1205	1324
698	CBL_ENSG00000110395_63812.5	1334	1636	2463	849	0	268	521	995
699	CBL_ENSG00000110395_63813.6	780	156	1482	321	0	767	332	591
700	CBX2_ENSG00000173894_180260.1	734	324	1460	635	336	378	665	673
701	CBX2_ENSG00000173894_180261.2	640	0	1148	303	1143	172	375	522
702	CBX2_ENSG00000173894_180262.3	106	278	235	0	0	0	56	93
703	CBX2_ENSG00000173894_180263.4	493	830	1387	368	603	0	137	441
704	CBX2_ENSG00000173894_180264.5	574	451	916	0	590	182	186	367
705	CBX2_ENSG00000173894_180265.6	1085	347	1752	350	0	695	235	644
706	CBX4_ENSG00000141582_118446.1	269	351	738	311	599	0	235	296
707	CBX4_ENSG00000141582_118447.2	1768	2123	3167	1330	1474	775	1555	1505
708	CBX4_ENSG00000141582_118448.3	638	258	872	319	0	178	399	563
709	CBX4_ENSG00000141582_118449.4	978	646	1481	668	568	581	562	792
710	CBX4_ENSG00000141582_118450.5	599	587	1130	0	285	0	165	429
711	CBX4_ENSG00000141582_118451.6	684	997	1040	0	736	425	225	511
712	CBX5_ENSG00000094916_162670.1	1057	1084	1584	1285	1942	906	741	964
713	CBX5_ENSG00000094916_162671.2	547	319	1125	0	573	383	451	597
714	CBX5_ENSG00000094916_162672.3	477	1048	617	0	0	0	119	288
715	CBX5_ENSG00000094916_162673.4	161	227	245	0	582	227	21	115
716	CBX5_ENSG00000094916_162674.5	461	594	850	706	32	197	92	332
717	CBX5_ENSG00000094916_162675.6	60	0	121	0	0	0	54	79
718	CBX6_ENSG00000183741_15692.1	1069	971	2239	910	0	449	609	1050
719	CBX6_ENSG00000183741_15693.2	1007	1546	1617	352	0	213	715	855
720	CBX6_ENSG00000183741_15694.3	545	433	861	0	0	605	168	388
721	CBX6_ENSG00000183741_15695.4	552	248	1245	282	0	770	191	421
722	CBX6_ENSG00000183741_15696.5	346	140	455	610	0	0	111	269
723	CBX6_ENSG00000183741_15697.6	834	958	1462	908	583	921	586	740
724	CBX7_ENSG00000100307_142623.1	476	153	821	0	84	556	304	454
725	CBX7_ENSG00000100307_142624.2	1315	642	2413	1266	1161	1393	171	605
726	CBX7_ENSG00000100307_142625.3	978	503	1973	765	1	222	519	792
727	CBX7_ENSG00000100307_142626.4	749	513	1063	311	0	176	40	263
728	CBX7_ENSG00000100307_142627.5	684	819	838	475	0	800	544	538
729	CBX7_ENSG00000100307_142628.6	862	611	1523	0	290	588	528	778
730	CBX8_ENSG00000141570_43606.1	358	473	648	0	0	0	249	321
731	CBX8_ENSG00000141570_43607.2	746	479	1447	0	0	386	602	908
732	CBX8_ENSG00000141570_43608.3	392	69	612	299	0	199	221	304
733	CBX8_ENSG00000141570_43609.4	483	595	829	2	593	839	144	353
734	CBX8_ENSG00000141570_43610.5	801	321	1415	316	0	376	480	723
735	CBX8_ENSG00000141570_43611.6	534	400	966	495	499	588	295	500
736	CCDC101_ENSG00000176476_174449.1	1539	2089	2704	876	948	210	1068	1291
737	CCDC101_ENSG00000176476_174450.2	818	560	1440	682	485	1	542	644
738	CCDC101_ENSG00000176476_174451.3	519	377	1016	1	0	187	122	447
739	CCDC101_ENSG00000176476_174452.4	579	746	984	284	1091	0	243	544
740	CCDC101_ENSG00000176476_174453.5	1106	920	2002	597	0	889	483	908
741	CCDC101_ENSG00000176476_174454.6	522	272	984	923	0	372	328	427
742	CCDC79_ENSG00000249961_118196.1	1447	1369	2571	1229	1366	730	972	1383
743	CCDC79_ENSG00000249961_118197.2	1627	599	2759	1298	2607	1002	900	1342
744	CCDC79_ENSG00000249961_118198.3	775	1143	1116	283	563	361	496	618
745	CCDC79_ENSG00000249961_118199.4	366	436	505	0	413	214	238	398
746	CCDC79_ENSG00000249961_118200.5	527	278	1052	699	0	0	281	389
747	CCDC79_ENSG00000249961_118201.6	1096	791	1811	595	715	1481	836	950
748	CCNH_ENSG00000134480_151161.1	420	526	535	0	0	0	194	327
749	CCNH_ENSG00000134480_151162.2	707	318	1496	600	0	612	255	586
750	CCNH_ENSG00000134480_151163.3	772	174	866	267	0	164	359	554
751	CCNH_ENSG00000134480_151164.4	203	291	409	0	0	1	68	182
752	CCNH_ENSG00000134480_151165.5	1182	1268	2016	281	0	0	851	989
753	CCNH_ENSG00000134480_151166.6	623	574	1410	250	474	573	458	632
754	CCNK_ENSG00000090061_110267.1	666	415	1240	552	579	579	343	615
755	CCNK_ENSG00000090061_110268.2	1861	1487	3086	2126	829	843	770	1513
756	CCNK_ENSG00000090061_110269.3	1592	1073	2885	2085	1	1079	1335	1505
757	CCNK_ENSG00000090061_110270.4	640	161	990	618	0	522	219	410
758	CCNK_ENSG00000090061_110271.5	1714	1891	3026	1485	2614	830	900	1866
759	CCNK_ENSG00000090061_110272.6	824	482	1568	1186	769	525	592	784
760	CCNT1_ENSG00000129315_84878.1	1092	1338	2265	1642	563	525	517	809
761	CCNT1_ENSG00000129315_84879.2	799	181	1270	1347	2759	573	759	748
762	CCNT1_ENSG00000129315_84880.3	566	516	992	354	0	60	374	423
763	CCNT1_ENSG00000129315_84881.4	1952	2836	3605	2537	1753	251	402	1117
764	CCNT1_ENSG00000129315_84882.5	747	516	1147	878	94	787	293	516
765	CCNT1_ENSG00000129315_84883.6	179	572	384	0	1067	255	189	206
766	CCNT2_ENSG00000082258_9839.1	973	446	2061	604	907	434	511	938
767	CCNT2_ENSG00000082258_9840.2	238	91	378	76	0	72	186	293
768	CCNT2_ENSG00000082258_9841.3	1397	1172	2681	1778	1758	606	869	1169
769	CCNT2_ENSG00000082258_9842.4	667	349	1096	604	0	400	261	688
770	CCNT2_ENSG00000082258_9843.5	1338	700	2388	1570	0	186	750	1150
771	CCNT2_ENSG00000082258_9844.6	1465	1003	2121	643	630	917	607	1384
772	CDA_ENSG00000158825_52059.1	1086	765	1692	777	654	593	667	840
773	CDA_ENSG00000158825_52060.2	993	906	1987	869	1688	1664	903	926
774	CDA_ENSG00000158825_52061.3	1246	1110	2313	135	291	183	609	967
775	CDA_ENSG00000158825_52062.4	819	491	1270	307	2273	1024	611	682
776	CDA_ENSG00000158825_52063.5	464	2	746	402	0	532	413	430
777	CDA_ENSG00000158825_52064.6	1449	599	2732	960	615	800	938	1195
778	CDC34_ENSG00000099804_34284.1	1107	749	2153	300	1177	1448	802	1048
779	CDC34_ENSG00000099804_34285.2	321	275	498	316	0	351	239	257
780	CDC34_ENSG00000099804_34286.3	804	167	1519	292	0	0	324	710
781	CDC34_ENSG00000099804_34287.4	437	258	817	0	0	91	244	290
782	CDC34_ENSG00000099804_34288.5	602	676	1103	320	0	255	390	433
783	CDC34_ENSG00000099804_34289.6	231	160	582	284	591	0	298	331
784	CDC5L_ENSG00000096401_185045.1	579	423	1148	870	584	1403	354	511
785	CDC5L_ENSG00000096401_185046.2	612	615	1127	1334	1205	487	280	481
786	CDC5L_ENSG00000096401_185047.3	1211	488	2432	655	0	1691	918	1225
787	CDC5L_ENSG00000096401_185048.4	1042	499	1959	1161	514	319	429	960
788	CDC5L_ENSG00000096401_185049.5	1498	639	2673	309	1919	384	273	947
789	CDC5L_ENSG00000096401_185050.6	632	148	1094	611	453	184	333	428
790	CDC6_ENSG00000094804_8957.1	309	0	583	286	570	106	172	225
791	CDC6_ENSG00000094804_8958.2	1081	1013	1893	1231	1489	608	591	846
792	CDC6_ENSG00000094804_8959.3	720	764	1184	265	782	176	402	551
793	CDC6_ENSG00000094804_8960.4	674	292	996	1	579	103	239	444
794	CDC6_ENSG00000094804_8961.5	916	0	1643	649	56	229	141	533
795	CDC6_ENSG00000094804_8962.6	823	296	1341	248	48	0	333	460
796	CDC73_ENSG00000134371_15022.1	662	185	1179	541	1139	312	499	664
797	CDC73_ENSG00000134371_15023.2	132	170	256	0	0	0	91	109
798	CDC73_ENSG00000134371_15024.3	311	309	324	337	0	376	110	187
799	CDC73_ENSG00000134371_15025.4	1051	1981	1912	853	1978	1033	504	899
800	CDC73_ENSG00000134371_15026.5	828	1449	1513	900	0	1103	671	820
801	CDC73_ENSG00000134371_15027.6	411	1	700	884	0	359	171	365
802	CDCA2_ENSG00000184661_56091.1	762	160	1294	297	144	0	515	729
803	CDCA2_ENSG00000184661_56092.2	1937	866	3972	4054	0	784	1778	1894
804	CDCA2_ENSG00000184661_56093.3	696	1020	1253	1	0	0	446	642
805	CDCA2_ENSG00000184661_56094.4	734	851	1515	284	0	425	241	605
806	CDCA2_ENSG00000184661_56095.5	193	142	532	336	0	130	139	215
807	CDCA2_ENSG00000184661_56096.6	1971	1410	3926	0	615	546	1122	1727
808	CDCA7L_ENSG00000164649_99295.1	458	433	1239	308	353	384	142	358
809	CDCA7L_ENSG00000164649_99296.2	548	423	884	300	1190	180	294	509
810	CDCA7L_ENSG00000164649_99297.3	746	594	1484	616	0	201	391	683
811	CDCA7L_ENSG00000164649_99298.4	360	141	759	63	889	1102	365	528
812	CDCA7L_ENSG00000164649_99299.5	700	708	1373	593	0	192	164	456
813	CDCA7L_ENSG00000164649_99300.6	1197	1241	2016	317	576	0	477	921
814	CDK12_ENSG00000167258_52940.1	868	2200	1573	593	1208	1324	699	845
815	CDK12_ENSG00000167258_52941.2	1573	1920	2575	839	550	487	1662	1604
816	CDK12_ENSG00000167258_52942.3	842	246	1873	898	0	138	658	766
817	CDK12_ENSG00000167258_52943.4	947	869	1778	1286	0	1786	881	1127
818	CDK12_ENSG00000167258_52944.5	1707	916	3385	2627	477	2069	1070	1727
819	CDK12_ENSG00000167258_52945.6	515	154	894	0	1293	78	346	530
820	CDK13_ENSG00000065883_18220.1	1053	2046	1775	647	289	226	586	897
821	CDK13_ENSG00000065883_18221.2	946	1234	1486	1857	596	510	715	779
822	CDK13_ENSG00000065883_18222.3	40	0	133	360	0	0	5	40
823	CDK13_ENSG00000065883_18223.4	938	1124	1614	901	0	1161	510	670
824	CDK13_ENSG00000065883_18224.5	596	0	1018	1	0	790	115	368
825	CDK13_ENSG00000065883_18225.6	1438	1426	2694	1408	903	1460	341	893
826	CDK17_ENSG00000059758_141404.1	689	1530	988	581	273	449	567	813
827	CDK17_ENSG00000059758_141405.2	648	1286	1213	577	17	23	486	530
828	CDK17_ENSG00000059758_141406.3	562	170	1130	0	1161	0	355	493
829	CDK17_ENSG00000059758_141407.4	1222	673	1878	1476	0	1008	793	1224
830	CDK17_ENSG00000059758_141408.5	1830	940	3471	2461	406	229	1157	1669
831	CDK17_ENSG00000059758_141409.6	1086	454	1863	687	285	251	836	1246
832	CDK2AP1_ENSG00000111328_200789.1	384	732	768	1	0	8	163	289
833	CDK2AP1_ENSG00000111328_200790.2	675	630	1134	627	0	191	340	506
834	CDK2AP1_ENSG00000111328_200791.3	1498	483	2774	1529	563	400	1163	1278
835	CDK2AP1_ENSG00000111328_200792.4	1731	1602	3079	781	616	571	1066	1519
836	CDK2AP1_ENSG00000111328_200793.5	1099	450	2310	1185	1310	430	458	942
837	CDK2AP1_ENSG00000111328_200794.6	1012	869	1786	554	147	595	743	918
838	CDK5_ENSG00000164885_149774.1	230	122	426	505	0	567	110	163
839	CDK5_ENSG00000164885_149775.2	365	147	616	0	0	192	70	231
840	CDK5_ENSG00000164885_149776.3	607	285	1071	510	804	588	509	555
841	CDK5_ENSG00000164885_149777.4	365	165	743	1	17	436	164	253
842	CDK5_ENSG00000164885_149778.5	407	391	774	319	268	222	102	253
843	CDK5_ENSG00000164885_149779.6	915	757	2341	1203	0	242	576	1009
844	CDK7_ENSG00000134058_107005.1	352	166	850	2	0	0	196	275
845	CDK7_ENSG00000134058_107006.2	1186	720	1818	161	0	0	825	901
846	CDK7_ENSG00000134058_107007.3	216	0	517	0	0	443	108	140
847	CDK7_ENSG00000134058_107008.4	612	173	1057	1191	30	432	422	451
848	CDK7_ENSG00000134058_107009.5	347	0	783	316	1020	0	31	245
849	CDK7_ENSG00000134058_107010.6	736	159	1225	1220	609	0	549	570
850	CDK8_ENSG00000132964_98478.1	1045	985	1799	1566	976	1989	595	935
851	CDK8_ENSG00000132964_98479.2	996	1393	1803	1521	1006	412	400	776
852	CDK8_ENSG00000132964_98480.3	278	610	539	602	0	0	112	223
853	CDK8_ENSG00000132964_98481.4	616	463	1276	320	513	197	408	458
854	CDK8_ENSG00000132964_98482.5	2116	1895	3362	4375	411	2260	1350	1768
855	CDK8_ENSG00000132964_98483.6	564	1441	999	986	520	806	362	493
856	CDK9_ENSG00000136807_155186.1	692	666	1050	0	24	182	447	526
857	CDK9_ENSG00000136807_155187.2	600	0	710	299	476	199	281	378
858	CDK9_ENSG00000136807_155188.3	535	310	763	275	0	299	200	340
859	CDK9_ENSG00000136807_155189.4	620	319	1515	0	0	196	466	612
860	CDK9_ENSG00000136807_155190.5	1596	748	2734	1149	1811	939	851	1193
861	CDK9_ENSG00000136807_155191.6	707	815	1230	153	0	359	316	702
862	CDYL_ENSG00000153046_11751.1	707	309	972	1197	0	0	571	559
863	CDYL_ENSG00000153046_11752.2	1016	0	1618	599	2012	1471	872	879
864	CDYL_ENSG00000153046_11753.3	1585	1572	2837	308	291	1851	748	1316
865	CDYL_ENSG00000153046_11754.4	719	264	1412	843	1894	935	157	475
866	CDYL_ENSG00000153046_11755.5	731	517	1342	0	274	609	248	460
867	CDYL_ENSG00000153046_11756.6	1611	1463	3069	1810	3219	738	832	1403
868	CDYL2_ENSG00000166446_179365.1	675	766	1122	326	0	195	243	427
869	CDYL2_ENSG00000166446_179366.2	881	147	1741	599	1710	1	1074	974
870	CDYL2_ENSG00000166446_179367.3	635	1417	963	0	0	416	586	548
871	CDYL2_ENSG00000166446_179368.4	1116	1604	1514	1	1	170	649	722
872	CDYL2_ENSG00000166446_179369.5	562	637	1185	0	285	204	308	490
873	CDYL2_ENSG00000166446_179370.6	506	267	986	907	336	210	309	476
874	CECR2_ENSG00000099954_105817.1	710	504	1347	0	0	311	424	535
875	CECR2_ENSG00000099954_105818.2	354	157	555	0	607	0	38	149
876	CECR2_ENSG00000099954_105819.3	810	638	1339	1449	70	385	376	612
877	CECR2_ENSG00000099954_105820.4	419	1	698	1222	0	209	214	303
878	CECR2_ENSG00000099954_105821.5	2335	1559	3808	1838	1124	1661	1744	1961
879	CECR2_ENSG00000099954_105822.6	1382	2186	1908	1430	1230	1178	462	1111
880	CECR6_ENSG00000183307_183152.1	661	230	1053	302	567	0	202	465
881	CECR6_ENSG00000183307_183153.2	1138	1607	2196	300	1094	753	1014	897
882	CECR6_ENSG00000183307_183154.3	1140	943	1739	433	1973	194	303	695
883	CECR6_ENSG00000183307_183155.4	400	162	868	0	545	0	200	266
884	CECR6_ENSG00000183307_183156.5	194	150	538	593	0	0	65	191
885	CECR6_ENSG00000183307_183157.6	514	526	882	254	286	166	146	299
886	CENPA_ENSG00000115163_130093.1	435	334	579	730	0	212	64	178
887	CENPA_ENSG00000115163_130094.2	556	369	1148	282	0	0	338	563
888	CENPA_ENSG00000115163_130095.3	1155	239	2516	1272	35	945	740	1135
889	CENPA_ENSG00000115163_130096.4	615	127	721	318	517	140	56	250
890	CENPA_ENSG00000115163_130097.5	602	79	698	717	0	0	40	152
891	CENPA_ENSG00000115163_130098.6	466	154	920	310	0	180	556	474
892	CENPB_ENSG00000125817_82996.1	1279	715	2073	928	0	424	621	900
893	CENPB_ENSG00000125817_82997.2	277	417	714	628	0	0	272	331
894	CENPB_ENSG00000125817_82998.3	1272	1042	2646	1031	678	572	1137	1193
895	CENPB_ENSG00000125817_82999.4	782	0	1357	0	947	337	403	545
896	CENPB_ENSG00000125817_83000.5	875	267	1508	0	975	212	126	478
897	CENPB_ENSG00000125817_83001.6	452	1	864	0	259	228	121	292
898	CENPC_ENSG00000145241_198040.1	755	281	1194	871	672	191	126	441
899	CENPC_ENSG00000145241_198041.2	2084	2069	4336	1646	462	952	2198	2151
900	CENPC_ENSG00000145241_198042.3	1224	1008	2018	0	845	682	822	1160
901	CENPC_ENSG00000145241_198043.4	881	871	1544	673	1172	577	195	606
902	CENPC_ENSG00000145241_198044.5	756	672	992	303	0	126	522	624
903	CENPC_ENSG00000145241_198045.6	530	345	1086	996	0	440	334	449
904	CENPE_ENSG00000138778_202761.1	1044	388	2064	904	426	403	638	741
905	CENPE_ENSG00000138778_202762.2	920	140	1329	0	2836	200	493	574
906	CENPE_ENSG00000138778_202763.3	1209	445	2096	0	121	715	655	1092
907	CENPE_ENSG00000138778_202764.4	1110	0	2017	612	0	443	795	704
908	CENPE_ENSG00000138778_202765.5	857	713	1580	869	600	318	724	781
909	CENPE_ENSG00000138778_202766.6	959	566	1570	1203	1	408	475	665
910	CENPF_ENSG00000117724_32923.1	1136	671	2371	693	1481	206	871	1065
911	CENPF_ENSG00000117724_32924.2	1191	530	2213	636	845	229	828	1049
912	CENPF_ENSG00000117724_32925.3	714	0	1370	235	546	167	626	689
913	CENPF_ENSG00000117724_32926.4	640	345	1435	0	88	395	427	614
914	CENPF_ENSG00000117724_32927.5	480	338	882	0	0	374	315	449
915	CENPF_ENSG00000117724_32928.6	1030	877	2018	640	0	648	1097	1046
916	CENPH_ENSG00000153044_11731.1	543	483	988	557	0	0	434	563
917	CENPH_ENSG00000153044_11732.2	4472	2658	8367	2403	1711	2077	4484	4079
918	CENPH_ENSG00000153044_11733.3	763	311	1248	641	565	440	303	606
919	CENPH_ENSG00000153044_11734.4	349	265	567	873	0	186	157	202
920	CENPH_ENSG00000153044_11736.6	804	330	1410	570	592	368	185	557
921	CENPI_ENSG00000102384_114110.1	1926	1838	3259	1330	2060	1800	1570	1652
922	CENPI_ENSG00000102384_114111.2	1235	1473	2520	1	0	1064	1066	1209
923	CENPI_ENSG00000102384_114112.3	1357	884	2224	463	552	843	963	1268
924	CENPI_ENSG00000102384_114113.4	1307	1157	2481	1752	1822	354	860	1151
925	CENPI_ENSG00000102384_114114.5	1344	707	2204	1154	0	985	533	1165
926	CENPI_ENSG00000102384_114115.6	1039	405	1540	553	0	873	513	726
927	CENPJ_ENSG00000151849_83316.1	967	477	2161	940	13	771	61	278
928	CENPJ_ENSG00000151849_83317.2	721	760	1398	281	1080	623	388	686
929	CENPJ_ENSG00000151849_83318.3	649	1	1069	292	3028	638	157	485
930	CENPJ_ENSG00000151849_83319.4	2323	1143	4440	1939	620	1254	1071	2092
931	CENPJ_ENSG00000151849_83320.5	699	1161	1370	156	0	411	220	515
932	CENPJ_ENSG00000151849_83321.6	622	0	852	327	972	381	407	574
933	CENPK_ENSG00000123219_146462.1	520	0	1126	338	0	193	403	552
934	CENPK_ENSG00000123219_146463.2	977	989	1953	429	1405	722	769	923
935	CENPK_ENSG00000123219_146464.3	538	444	1134	0	869	556	253	486
936	CENPK_ENSG00000123219_146465.4	1044	1158	1974	483	293	433	550	748
937	CENPK_ENSG00000123219_146466.5	762	388	1438	621	0	275	273	653
938	CENPK_ENSG00000123219_146467.6	683	569	1401	844	593	316	346	728
939	CENPL_ENSG00000120334_38274.1	662	672	1022	284	0	0	588	548
940	CENPL_ENSG00000120334_38275.2	418	215	736	608	0	594	128	326
941	CENPL_ENSG00000120334_38276.3	564	794	964	0	0	382	310	572
942	CENPL_ENSG00000120334_38277.4	1745	865	3027	593	1935	1131	863	1435
943	CENPL_ENSG00000120334_38278.5	1247	168	2373	0	0	360	668	954
944	CENPL_ENSG00000120334_38279.6	1064	849	1423	302	571	550	236	595
945	CENPM_ENSG00000100162_142983.1	1884	844	3427	617	294	501	1132	1559
946	CENPM_ENSG00000100162_142984.2	1402	893	2618	1942	427	75	866	1261
947	CENPM_ENSG00000100162_142985.3	1401	1476	2585	1072	670	421	877	1063
948	CENPM_ENSG00000100162_142986.4	316	1	676	266	525	0	171	220
949	CENPM_ENSG00000100162_142987.5	1363	879	2371	661	562	366	913	1088
950	CENPM_ENSG00000100162_142988.6	448	430	581	598	0	0	137	233
951	CENPN_ENSG00000166451_65492.1	847	2	1342	1121	1475	99	584	661
952	CENPN_ENSG00000166451_65493.2	880	814	1536	798	931	623	400	721
953	CENPN_ENSG00000166451_65494.3	1115	989	2324	1816	583	654	198	807
954	CENPN_ENSG00000166451_65495.4	131	0	303	317	0	0	133	152
955	CENPN_ENSG00000166451_65496.5	566	246	1004	0	0	199	363	568
956	CENPN_ENSG00000166451_65497.6	970	681	1777	1360	863	544	166	723
957	CENPO_ENSG00000138092_37424.1	577	913	972	981	1147	517	209	436
958	CENPO_ENSG00000138092_37425.2	632	774	1225	1241	486	0	361	562
959	CENPO_ENSG00000138092_37426.3	321	591	529	0	0	203	84	219
960	CENPO_ENSG00000138092_37427.4	532	623	923	242	0	950	342	464
961	CENPO_ENSG00000138092_37428.5	416	290	780	305	0	659	180	276
962	CENPO_ENSG00000138092_37429.6	304	133	635	0	599	0	140	313
963	CENPP_ENSG00000188312_166071.1	1549	1160	2328	1219	159	425	1255	1336
964	CENPP_ENSG00000188312_166072.2	739	166	1326	308	0	390	625	644
965	CENPP_ENSG00000188312_166073.3	1255	1285	2288	598	1748	0	868	1026
966	CENPP_ENSG00000188312_166074.4	796	470	1703	850	0	390	482	744
967	CENPP_ENSG00000188312_166075.5	497	277	892	1	0	0	225	360
968	CENPP_ENSG00000188312_166076.6	603	413	1180	0	29	397	273	579
969	CENPQ_ENSG00000031691_185543.1	855	568	1717	0	0	85	528	796
970	CENPQ_ENSG00000031691_185544.2	1068	425	1801	291	0	587	453	819
971	CENPQ_ENSG00000031691_185545.3	651	477	1027	1250	0	7	239	492
972	CENPQ_ENSG00000031691_185546.4	966	597	2179	645	589	732	319	676
973	CENPQ_ENSG00000031691_185547.5	1867	883	3309	1630	0	1415	475	1322
974	CENPQ_ENSG00000031691_185548.6	595	0	1304	1	576	910	234	407
975	CENPT_ENSG00000102901_49452.1	373	202	421	0	0	0	284	286
976	CENPT_ENSG00000102901_49453.2	1169	1191	2050	914	1077	630	224	632
977	CENPT_ENSG00000102901_49454.3	1255	734	2047	594	37	355	431	897
978	CENPT_ENSG00000102901_49455.4	620	1235	1170	650	0	845	338	527
979	CENPT_ENSG00000102901_49456.5	46	0	94	0	0	0	30	45
980	CENPT_ENSG00000102901_49457.6	865	1013	1512	635	1700	401	601	863
981	CENPV_ENSG00000166582_199196.1	363	0	788	267	0	398	59	170
982	CENPV_ENSG00000166582_199197.2	1329	596	2462	13011	12	818	432	764
983	CENPV_ENSG00000166582_199198.3	546	548	918	210	2055	196	309	544
984	CENPV_ENSG00000166582_199199.4	225	0	615	0	520	0	34	181
985	CENPV_ENSG00000166582_199200.5	1436	728	2355	238	539	660	950	1414
986	CENPV_ENSG00000166582_199201.6	720	321	1402	1206	0	0	254	473
987	CENPW_ENSG00000203760_45103.1	593	801	1120	933	0	629	340	621
988	CENPW_ENSG00000203760_45104.2	900	666	1492	135	1227	783	616	885
989	CENPW_ENSG00000203760_45105.3	1146	579	2022	984	5	436	970	1264
990	CENPW_ENSG00000203760_45106.4	115	0	188	0	0	345	87	93
991	CENPW_ENSG00000203760_45107.5	483	137	905	0	0	392	188	342
992	CHAF1A_ENSG00000167670_121194.1	850	0	1886	1	517	186	319	723
993	CHAF1A_ENSG00000167670_121195.2	2267	2053	3939	1228	835	1223	2449	2184
994	CHAF1A_ENSG00000167670_121196.3	648	350	1387	472	605	188	145	485
995	CHAF1A_ENSG00000167670_121197.4	699	1944	1119	900	787	815	450	461
996	CHAF1A_ENSG00000167670_121198.5	460	673	854	314	719	0	261	417
997	CHAF1A_ENSG00000167670_121199.6	914	318	1938	274	2211	980	617	928
998	CHAF1B_ENSG00000159259_199544.1	482	1008	860	0	0	0	121	349
999	CHAF1B_ENSG00000159259_199545.2	393	211	898	294	40	415	334	358
1000	CHAF1B_ENSG00000159259_199546.3	879	1595	1762	601	0	1837	708	889
1001	CHAF1B_ENSG00000159259_199547.4	946	1437	1656	389	0	248	113	546
1002	CHAF1B_ENSG00000159259_199548.5	349	316	660	1347	0	0	213	366
1003	CHAF1B_ENSG00000159259_199549.6	500	118	905	292	1677	434	131	383
1004	CHD1_ENSG00000153922_23158.1	1384	332	1793	355	0	833	911	1118
1005	CHD1_ENSG00000153922_23159.2	1165	1273	3247	148	621	903	736	1214
1006	CHD1_ENSG00000153922_23160.3	952	692	2133	596	1569	0	586	890
1007	CHD1_ENSG00000153922_23161.4	1893	993	4152	616	3044	0	1697	1881
1008	CHD1_ENSG00000153922_23162.5	847	880	1358	1	288	1157	507	761
1009	CHD1_ENSG00000153922_23163.6	475	160	972	298	547	188	254	378
1010	CHD1L_ENSG00000131778_197790.1	642	450	1094	1093	0	647	126	446
1011	CHD1L_ENSG00000131778_197791.2	686	797	1249	284	753	419	581	690
1012	CHD1L_ENSG00000131778_197792.3	1285	481	1967	0	2175	631	524	886
1013	CHD1L_ENSG00000131778_197793.4	1136	616	1964	760	584	1178	855	966
1014	CHD1L_ENSG00000131778_197794.5	858	433	1867	1	286	115	452	643
1015	CHD1L_ENSG00000131778_197795.6	689	546	1500	2207	0	0	366	515
1016	CHD2_ENSG00000173575_123285.1	580	227	768	923	0	417	173	356
1017	CHD2_ENSG00000173575_123286.2	1462	860	2754	629	897	107	1050	1446
1018	CHD2_ENSG00000173575_123287.3	464	610	702	581	0	0	289	420
1019	CHD2_ENSG00000173575_123288.4	1174	745	1857	561	2809	219	1094	1098
1020	CHD2_ENSG00000173575_123289.5	1678	2263	3222	747	848	318	1061	1468
1021	CHD2_ENSG00000173575_123290.6	819	613	1582	294	563	447	336	696
1022	CHD3_ENSG00000170004_94114.1	354	557	792	0	582	161	314	389
1023	CHD3_ENSG00000170004_94115.2	1453	1541	2279	1240	1738	972	153	871
1024	CHD3_ENSG00000170004_94116.3	985	4131	1828	1403	925	907	447	950
1025	CHD3_ENSG00000170004_94117.4	460	164	607	0	0	209	329	322
1026	CHD3_ENSG00000170004_94118.5	918	365	1658	412	0	1098	303	862
1027	CHD3_ENSG00000170004_94119.6	368	168	915	0	151	411	107	345
1028	CHD4_ENSG00000111642_28423.1	934	814	1611	291	0	0	555	631
1029	CHD4_ENSG00000111642_28424.2	1075	815	2017	390	621	1137	371	848
1030	CHD4_ENSG00000111642_28425.3	596	642	1026	575	541	605	139	344
1031	CHD4_ENSG00000111642_28426.4	1100	936	1764	454	0	0	284	664
1032	CHD4_ENSG00000111642_28427.5	853	1243	1370	298	0	553	470	797
1033	CHD4_ENSG00000111642_28428.6	1237	703	2483	330	331	935	964	1267
1034	CHD5_ENSG00000116254_172527.1	821	854	1754	608	310	186	843	797
1035	CHD5_ENSG00000116254_172528.2	922	684	1803	0	0	0	543	668
1036	CHD5_ENSG00000116254_172529.3	1405	1806	2460	580	536	0	632	1015
1037	CHD5_ENSG00000116254_172530.4	1429	1073	2606	1099	0	580	643	1140
1038	CHD5_ENSG00000116254_172531.5	674	636	1229	547	0	213	348	458
1039	CHD5_ENSG00000116254_172532.6	863	244	1504	1103	0	85	415	625
1040	CHD6_ENSG00000124177_52189.1	797	946	1767	0	332	210	648	774
1041	CHD6_ENSG00000124177_52190.2	1432	990	2483	1597	1110	903	1197	1288
1042	CHD6_ENSG00000124177_52191.3	386	0	568	0	0	578	278	312
1043	CHD6_ENSG00000124177_52192.4	2572	1377	4545	1714	2539	2193	1486	2059
1044	CHD6_ENSG00000124177_52193.5	231	139	354	0	0	0	56	171
1045	CHD6_ENSG00000124177_52194.6	714	365	1367	601	528	366	501	594
1046	CHD7_ENSG00000171316_78153.1	157	0	231	0	0	0	70	145
1047	CHD7_ENSG00000171316_78154.2	1397	815	2517	758	2134	1265	720	1151
1048	CHD7_ENSG00000171316_78155.3	516	934	775	554	676	0	331	387
1049	CHD7_ENSG00000171316_78156.4	1085	370	1785	1236	0	494	265	775
1050	CHD7_ENSG00000171316_78157.5	672	790	1221	0	5	290	577	560
1051	CHD7_ENSG00000171316_78158.6	1090	685	2119	1527	0	484	998	1029
1052	CHD8_ENSG00000100888_161810.1	1028	766	1752	300	0	718	597	936
1053	CHD8_ENSG00000100888_161811.2	2298	1661	3863	1201	1695	767	2485	2238
1054	CHD8_ENSG00000100888_161812.3	865	461	1406	928	300	189	124	422
1055	CHD8_ENSG00000100888_161813.4	872	685	1526	317	251	1021	416	652
1056	CHD8_ENSG00000100888_161814.5	860	318	1747	440	0	421	737	861
1057	CHD8_ENSG00000100888_161815.6	721	151	1146	0	539	409	472	621
1058	CHD9_ENSG00000177200_99655.1	942	433	1897	449	562	390	574	787
1059	CHD9_ENSG00000177200_99656.2	707	447	1540	0	602	190	414	623
1060	CHD9_ENSG00000177200_99657.3	890	935	1303	1275	552	110	386	671
1061	CHD9_ENSG00000177200_99658.4	1054	714	1710	650	286	91	387	758
1062	CHD9_ENSG00000177200_99659.5	539	131	1167	307	21	213	263	457
1063	CHD9_ENSG00000177200_99660.6	1729	1591	3122	1900	317	525	1021	1477
1064	CHMP1A_ENSG00000131165_46111.1	1593	896	2958	2131	1923	1012	537	1194
1065	CHMP1A_ENSG00000131165_46112.2	502	701	1094	667	1228	161	271	409
1066	CHMP1A_ENSG00000131165_46113.3	1049	516	1753	710	1403	1257	609	928
1067	CHMP1A_ENSG00000131165_46114.4	1193	1706	1908	996	331	446	881	970
1068	CHMP1A_ENSG00000131165_46115.5	767	223	1259	309	1	419	362	556
1069	CHMP1A_ENSG00000131165_46116.6	617	424	1127	926	0	1	338	582
1070	CHMP2A_ENSG00000130724_87101.1	348	135	950	0	0	508	142	289
1071	CHMP2A_ENSG00000130724_87102.2	1376	526	2045	1481	1499	1026	617	941
1072	CHMP2A_ENSG00000130724_87103.3	527	617	1050	580	0	554	49	319
1073	CHMP2A_ENSG00000130724_87104.4	2372	1457	4911	586	896	1091	1804	2304
1074	CHMP2A_ENSG00000130724_87105.5	301	341	397	0	0	0	148	172
1075	CHMP2A_ENSG00000130724_87106.6	725	679	1287	892	572	409	387	497
1076	CHMP2B_ENSG00000083937_77673.1	827	401	1777	332	0	534	510	911
1077	CHMP2B_ENSG00000083937_77674.2	1223	950	2074	594	1166	196	1118	1209
1078	CHMP2B_ENSG00000083937_77675.3	230	0	414	0	0	217	199	187
1079	CHMP2B_ENSG00000083937_77676.4	1175	535	1980	310	1044	176	420	838
1080	CHMP2B_ENSG00000083937_77677.5	1193	737	1925	289	616	0	730	1098
1081	CHMP2B_ENSG00000083937_77678.6	257	126	491	249	826	0	149	235
1082	CHMP3_ENSG00000115561_86571.1	1008	1567	1567	1460	1062	577	775	841
1083	CHMP3_ENSG00000115561_86572.2	572	104	785	290	276	1204	336	511
1084	CHMP3_ENSG00000115561_86573.3	406	457	1100	0	630	205	249	545
1085	CHMP3_ENSG00000115561_86574.4	159	0	278	0	0	357	27	116
1086	CHMP3_ENSG00000115561_86575.5	1279	1347	2363	1942	1391	380	687	1089
1087	CHMP3_ENSG00000115561_86576.6	1503	962	2194	332	1302	767	987	1245
1088	CHMP4B_ENSG00000101421_15984.1	480	298	1342	0	788	0	174	416
1089	CHMP4B_ENSG00000101421_15985.2	1315	899	2481	1211	2195	777	436	1017
1090	CHMP4B_ENSG00000101421_15986.3	808	628	960	0	610	432	232	453
1091	CHMP4B_ENSG00000101421_15987.4	840	1838	1426	638	1063	413	376	693
1092	CHMP4B_ENSG00000101421_15988.5	655	220	655	977	1066	138	273	324
1093	CHMP4B_ENSG00000101421_15989.6	782	1010	1361	0	502	254	318	678
1094	CHMP4C_ENSG00000164695_16474.1	281	158	603	0	0	286	97	254
1095	CHMP4C_ENSG00000164695_16475.2	381	126	586	1384	1021	0	61	258
1096	CHMP4C_ENSG00000164695_16476.3	2120	877	4100	1242	1806	1319	1910	1948
1097	CHMP4C_ENSG00000164695_16477.4	1052	322	2148	872	1160	423	872	1026
1098	CHMP4C_ENSG00000164695_16478.5	1042	1069	2047	980	553	357	269	702
1099	CHMP4C_ENSG00000164695_16479.6	1605	595	2689	1328	47	359	1020	1393
1100	CHMP5_ENSG00000086065_124224.1	1503	887	2228	1416	0	741	686	870
1101	CHMP5_ENSG00000086065_124225.2	166	0	372	526	542	143	128	141
1102	CHMP5_ENSG00000086065_124226.3	830	280	1189	1426	0	480	586	811
1103	CHMP5_ENSG00000086065_124227.4	858	893	1626	0	0	240	489	676
1104	CHMP5_ENSG00000086065_124228.5	1068	632	2106	751	1950	0	638	951
1105	CHMP5_ENSG00000086065_124229.6	803	169	1288	485	1077	894	247	419
1106	CHMP6_ENSG00000176108_166491.1	464	595	587	1041	567	0	225	284
1107	CHMP6_ENSG00000176108_166492.2	1485	641	2425	328	1177	250	841	1235
1108	CHMP6_ENSG00000176108_166493.3	1023	0	1718	858	0	0	569	740
1109	CHMP6_ENSG00000176108_166494.4	1241	453	2309	560	0	0	521	873
1110	CHMP6_ENSG00000176108_166495.5	821	321	1835	620	500	212	462	799
1111	CHMP6_ENSG00000176108_166496.6	1479	338	2298	1512	604	1540	730	1225
1112	CHMP7_ENSG00000147457_178235.1	1215	1010	1936	991	0	187	692	931
1113	CHMP7_ENSG00000147457_178236.2	907	880	1786	925	0	619	352	779
1114	CHMP7_ENSG00000147457_178237.3	343	150	733	305	137	0	293	392
1115	CHMP7_ENSG00000147457_178238.4	474	367	709	586	272	339	202	390
1116	CHMP7_ENSG00000147457_178239.5	515	134	1095	336	562	550	69	271
1117	CHMP7_ENSG00000147457_178240.6	856	1676	1390	0	463	592	465	665
1118	CHRAC1_ENSG00000104472_87121.1	402	148	911	0	602	363	372	331
1119	CHRAC1_ENSG00000104472_87122.2	174	0	261	241	0	84	185	201
1120	CHRAC1_ENSG00000104472_87123.3	102	0	466	0	0	0	80	155
1121	CHRAC1_ENSG00000104472_87124.4	291	692	667	0	557	201	101	230
1122	CHRAC1_ENSG00000104472_87125.5	1310	814	2282	485	545	200	1000	1151
1123	CHRAC1_ENSG00000104472_87126.6	877	1335	1589	1	366	0	803	897
1124	CHUK_ENSG00000213341_30037.1	918	659	1813	637	1160	379	704	820
1125	CHUK_ENSG00000213341_30038.2	837	315	1284	269	499	508	273	565
1126	CHUK_ENSG00000213341_30039.3	1207	595	1747	301	0	107	332	745
1127	CHUK_ENSG00000213341_30040.4	918	1397	1536	567	556	387	758	828
1128	CHUK_ENSG00000213341_30041.5	507	122	931	320	0	307	152	340
1129	CHUK_ENSG00000213341_30042.6	595	144	1101	1	272	107	220	529
1130	CLOCK_ENSG00000134852_165501.1	638	142	872	539	488	973	391	515
1131	CLOCK_ENSG00000134852_165502.2	1467	1209	2950	977	1042	1223	634	1267
1132	CLOCK_ENSG00000134852_165503.3	265	159	485	0	0	533	167	300
1133	CLOCK_ENSG00000134852_165504.4	409	289	746	343	0	195	143	309
1134	CLOCK_ENSG00000134852_165505.5	678	339	1182	926	1164	654	405	618
1135	CLOCK_ENSG00000134852_165506.6	692	0	1239	279	2207	184	400	488
1136	COMMD3-BMI1_ENSG00000269897_150943.1	334	154	534	834	0	1296	143	298
1137	COMMD3-BMI1_ENSG00000269897_150944.2	404	43	1059	256	0	185	203	381
1138	COMMD3-BMI1_ENSG00000269897_150945.3	365	0	620	615	0	103	137	307
1139	COMMD3-BMI1_ENSG00000269897_150946.4	810	756	1557	307	557	407	323	751
1140	COMMD3-BMI1_ENSG00000269897_150947.5	1093	258	1676	0	951	374	559	939
1141	COMMD3-BMI1_ENSG00000269897_150948.6	625	592	1064	654	573	1200	258	473
1142	COQ3_ENSG00000132423_181805.1	537	623	1126	287	0	177	499	584
1143	COQ3_ENSG00000132423_181806.2	564	731	938	469	0	180	106	321
1144	COQ3_ENSG00000132423_181807.3	961	945	2044	437	0	340	740	996
1145	COQ3_ENSG00000132423_181808.4	682	188	1096	885	254	173	347	580
1146	COQ3_ENSG00000132423_181809.5	178	0	349	310	0	227	33	123
1147	COQ3_ENSG00000132423_181810.6	656	0	966	884	134	357	473	618
1148	COQ5_ENSG00000110871_132618.1	267	0	440	0	0	381	119	153
1149	COQ5_ENSG00000110871_132619.2	927	332	1832	998	646	1088	791	1004
1150	COQ5_ENSG00000110871_132620.3	1251	939	2473	579	0	199	723	1217
1151	COQ5_ENSG00000110871_132621.4	1036	319	2066	484	834	422	494	757
1152	COQ5_ENSG00000110871_132622.5	330	0	448	326	0	288	75	156
1153	COQ5_ENSG00000110871_132623.6	424	779	671	605	0	178	204	338
1154	CRAMP1L_ENSG00000007545_91638.1	1051	1572	1624	880	587	1829	448	788
1155	CRAMP1L_ENSG00000007545_91639.2	316	264	496	0	0	0	157	234
1156	CRAMP1L_ENSG00000007545_91641.4	377	159	588	568	0	396	68	220
1157	CRAMP1L_ENSG00000007545_91642.5	947	580	1580	788	580	394	400	819
1158	CRAMP1L_ENSG00000007545_91644.7	1276	1478	2412	3046	2053	1855	1053	1038
1159	CRAMP1L_ENSG00000007545_91646.9	619	752	1199	791	0	720	297	494
1160	CREBBP_ENSG00000005339_155106.1	333	383	602	0	0	4	24	172
1161	CREBBP_ENSG00000005339_155107.2	1422	1317	2549	1277	1050	367	915	1439
1162	CREBBP_ENSG00000005339_155108.3	551	145	1156	585	0	367	157	404
1163	CREBBP_ENSG00000005339_155109.4	1026	334	1738	0	0	966	1017	987
1164	CREBBP_ENSG00000005339_155110.5	701	469	1541	155	1101	437	327	540
1165	CREBBP_ENSG00000005339_155111.6	1799	1460	2841	875	1741	1440	1412	1578
1166	CSF2RA_ENSG00000198223_94244.1	799	762	1627	307	0	340	613	788
1167	CSF2RA_ENSG00000198223_94245.2	910	1726	2135	298	348	631	955	1041
1168	CSF2RA_ENSG00000198223_94246.3	819	1032	1348	1083	917	555	441	714
1169	CSF2RA_ENSG00000198223_94247.4	572	0	1206	333	573	350	281	686
1170	CSF2RA_ENSG00000198223_94248.5	1112	823	1906	1295	0	929	528	915
1171	CSF2RA_ENSG00000198223_94249.6	987	256	1923	148	1629	543	376	861
1172	CSNK2A1_ENSG00000101266_183062.1	22	19	51	30	0	0	6	4
1173	CSNK2A1_ENSG00000101266_183063.2	1912	1142	2628	1586	2247	1095	707	1513
1174	CSNK2A1_ENSG00000101266_183064.3	1107	174	1791	1157	0	0	584	856
1175	CSNK2A1_ENSG00000101266_183065.4	360	496	756	0	0	198	291	325
1176	CSNK2A1_ENSG00000101266_183066.5	442	1	817	608	552	813	248	375
1177	CSNK2A1_ENSG00000101266_183067.6	612	619	942	0	0	0	264	436
1178	CSNK2A3_ENSG00000254598_76262.1	453	265	787	0	0	549	257	345
1179	CSNK2A3_ENSG00000254598_76263.2	510	249	917	815	288	571	65	275
1180	CSNK2A3_ENSG00000254598_76264.3	1050	143	2130	340	1787	565	640	974
1181	CSNK2A3_ENSG00000254598_76265.4	1240	741	1961	1719	867	84	653	1163
1182	CSNK2A3_ENSG00000254598_76266.5	372	111	810	311	0	299	261	426
1183	CSNK2A3_ENSG00000254598_76267.6	272	0	617	241	108	385	98	224
1184	CSNK2B_ENSG00000204435_197160.1	740	146	1510	769	622	836	197	544
1185	CSNK2B_ENSG00000204435_197161.2	206	0	270	0	0	0	104	120
1186	CSNK2B_ENSG00000204435_197162.3	860	88	1854	281	0	0	455	741
1187	CSNK2B_ENSG00000204435_197163.4	1252	986	2119	599	1200	547	914	1209
1188	CSNK2B_ENSG00000204435_197164.5	769	776	1449	1159	1155	0	404	868
1189	CSNK2B_ENSG00000204435_197165.6	286	177	504	0	0	4	204	226
1190	CSTL1_ENSG00000125823_90435.1	989	627	1771	170	330	5	514	910
1191	CSTL1_ENSG00000125823_90436.2	622	432	792	747	297	187	171	376
1192	CSTL1_ENSG00000125823_90437.3	1341	409	2255	1009	0	1121	789	1142
1193	CSTL1_ENSG00000125823_90438.4	1253	969	2350	844	866	804	829	1096
1194	CSTL1_ENSG00000125823_90439.5	1180	641	1793	622	1062	404	802	1028
1195	CSTL1_ENSG00000125823_90440.6	789	558	1452	789	288	691	223	624
1196	CTCF_ENSG00000102974_125332.1	800	422	1823	154	568	0	543	707
1197	CTCF_ENSG00000102974_125333.2	1117	942	2092	321	1331	64	932	1035
1198	CTCF_ENSG00000102974_125334.3	1174	597	2297	1398	648	511	674	998
1199	CTCF_ENSG00000102974_125335.4	1083	171	1447	289	560	437	795	802
1200	CTCF_ENSG00000102974_125336.5	812	321	1624	0	549	209	440	725
1201	CTCF_ENSG00000102974_125337.6	1062	302	1978	612	577	1237	606	1059
1202	CTD-2545M3.6_ENSG00000142539_32543.1	1460	785	2209	671	0	0	1040	1198
1203	CTD-2545M3.6_ENSG00000142539_32544.2	1582	616	3086	1534	1476	212	857	1399
1204	CTD-2545M3.6_ENSG00000142539_32545.3	748	171	1307	300	0	0	713	795
1205	CTD-2545M3.6_ENSG00000142539_32546.4	309	0	853	317	579	0	229	277
1206	CTD-2545M3.6_ENSG00000142539_32547.5	759	368	1397	864	2485	508	534	795
1207	CTD-2545M3.6_ENSG00000142539_32548.6	1034	1022	1552	1168	89	221	595	723
1208	CTD-3222D19.2_ENSG00000141979_144478.1	533	519	1052	0	0	412	518	596
1209	CTD-3222D19.2_ENSG00000141979_144479.2	1505	301	2310	805	918	744	288	851
1210	CTD-3222D19.2_ENSG00000141979_144480.3	455	0	911	0	0	141	231	414
1211	CTD-3222D19.2_ENSG00000141979_144481.4	689	728	1170	0	538	198	285	499
1212	CTD-3222D19.2_ENSG00000141979_144482.5	68	0	74	0	0	0	17	42
1213	CTD-3222D19.2_ENSG00000141979_144483.6	452	344	881	0	0	0	321	289
1214	CTR9_ENSG00000198730_38124.1	426	1226	823	611	581	577	275	319
1215	CTR9_ENSG00000198730_38125.2	1149	1691	2174	1341	561	204	671	897
1216	CTR9_ENSG00000198730_38126.3	347	475	772	1	588	0	165	277
1217	CTR9_ENSG00000198730_38127.4	650	147	1280	645	0	203	626	616
1218	CTR9_ENSG00000198730_38128.5	1126	1834	1810	4	2028	0	831	906
1219	CTR9_ENSG00000198730_38129.6	745	490	1407	586	567	528	516	631
1220	CUX1_ENSG00000257923_2956.1	312	485	647	2	0	643	292	294
1221	CUX1_ENSG00000257923_2957.2	1457	796	2501	1372	2657	632	1165	1403
1222	CUX1_ENSG00000257923_2958.3	560	479	1004	1007	0	365	396	552
1223	CUX1_ENSG00000257923_2959.4	1156	941	2204	273	1809	620	707	1091
1224	CUX1_ENSG00000257923_2960.5	1381	1192	2414	506	1400	239	601	1118
1225	CUX1_ENSG00000257923_2961.6	791	679	1046	488	0	488	535	582
1226	CXXC1_ENSG00000154832_164304.1	884	321	1412	315	0	170	712	700
1227	CXXC1_ENSG00000154832_164305.2	178	188	488	41	0	0	81	164
1228	CXXC1_ENSG00000154832_164306.3	478	85	736	1	562	206	330	371
1229	CXXC1_ENSG00000154832_164307.4	702	366	1417	597	0	0	459	629
1230	CXXC1_ENSG00000154832_164308.5	432	489	927	0	0	0	302	340
1231	CXXC1_ENSG00000154832_164309.6	911	330	1531	0	2023	498	661	850
1232	CXXC4_ENSG00000168772_162510.1	544	368	1098	755	479	0	102	405
1233	CXXC4_ENSG00000168772_162511.2	869	1414	1548	328	1072	393	684	816
1234	CXXC4_ENSG00000168772_162512.3	1550	887	3115	437	60	457	302	1045
1235	CXXC4_ENSG00000168772_162513.4	517	295	625	0	0	1404	191	358
1236	CXXC4_ENSG00000168772_162514.5	329	368	648	0	1196	198	126	266
1237	CXXC4_ENSG00000168772_162515.6	1542	741	2934	747	0	788	1018	1564
1238	CXXC5_ENSG00000171604_47479.1	1334	925	2322	1371	959	598	500	1026
1239	CXXC5_ENSG00000171604_47480.2	1224	280	2350	302	984	1011	863	1165
1240	CXXC5_ENSG00000171604_47481.3	564	133	1313	382	0	762	170	476
1241	CXXC5_ENSG00000171604_47482.4	793	579	1388	855	0	205	422	643
1242	CXXC5_ENSG00000171604_47483.5	878	959	1781	252	0	1316	229	646
1243	CXXC5_ENSG00000171604_47484.6	279	0	253	0	0	33	30	60
1244	DAPK3_ENSG00000167657_114140.1	1121	178	1766	295	0	618	950	1023
1245	DAPK3_ENSG00000167657_114141.2	883	449	2147	289	154	799	593	1079
1246	DAPK3_ENSG00000167657_114142.3	921	753	1307	0	0	419	476	698
1247	DAPK3_ENSG00000167657_114143.4	1210	812	2055	1199	0	162	840	1045
1248	DAPK3_ENSG00000167657_114144.5	979	251	1816	1520	511	158	149	510
1249	DAPK3_ENSG00000167657_114145.6	341	676	678	285	0	212	237	327
1250	DAXX_ENSG00000204209_72973.1	531	789	1185	291	563	0	646	610
1251	DAXX_ENSG00000204209_72974.2	666	317	1264	1311	578	981	308	626
1252	DAXX_ENSG00000204209_72975.3	824	332	1353	816	158	827	545	756
1253	DAXX_ENSG00000204209_72976.4	592	285	1301	859	24	196	317	580
1254	DAXX_ENSG00000204209_72977.5	576	696	841	599	1134	216	182	370
1255	DAXX_ENSG00000204209_72978.6	214	0	329	0	0	0	114	195
1256	DCTD_ENSG00000129187_101915.1	832	326	2062	1305	288	681	893	887
1257	DCTD_ENSG00000129187_101916.2	1312	504	2332	764	1099	632	744	1252
1258	DCTD_ENSG00000129187_101917.3	580	443	1177	0	575	169	391	542
1259	DCTD_ENSG00000129187_101918.4	1585	1478	3023	1545	1660	208	1496	1357
1260	DCTD_ENSG00000129187_101919.5	311	594	736	531	593	0	148	270
1261	DCTD_ENSG00000129187_101920.6	1002	331	1421	1570	2643	559	549	780
1262	DDB1_ENSG00000167986_167051.1	662	192	934	1864	0	0	301	432
1263	DDB1_ENSG00000167986_167052.2	221	145	453	0	0	602	124	276
1264	DDB1_ENSG00000167986_167053.3	712	387	1271	318	0	635	471	612
1265	DDB1_ENSG00000167986_167054.4	562	316	1134	350	680	447	392	463
1266	DDB1_ENSG00000167986_167055.5	441	303	997	0	239	371	213	430
1267	DDB1_ENSG00000167986_167056.6	1131	1344	1866	610	1612	860	500	859
1268	DDX1_ENSG00000079785_16890.1	489	317	885	0	1	387	427	461
1269	DDX1_ENSG00000079785_16891.2	721	1277	1238	0	0	345	546	689
1270	DDX1_ENSG00000079785_16892.3	277	282	739	465	0	190	87	269
1271	DDX1_ENSG00000079785_16893.4	2182	1269	4262	877	1642	813	1556	1772
1272	DDX1_ENSG00000079785_16894.5	1435	1392	2735	993	1266	981	561	1219
1273	DDX1_ENSG00000079785_16895.6	1257	657	1821	1	3257	835	1033	1207
1274	DDX10_ENSG00000178105_157681.1	519	453	882	398	0	105	97	377
1275	DDX10_ENSG00000178105_157682.2	1382	288	2790	911	678	394	1152	1221
1276	DDX10_ENSG00000178105_157683.3	663	337	908	0	306	200	406	378
1277	DDX10_ENSG00000178105_157684.4	680	153	1210	251	158	105	173	443
1278	DDX10_ENSG00000178105_157685.5	1155	1022	2197	606	267	835	257	774
1279	DDX10_ENSG00000178105_157686.6	1779	884	3476	1732	2309	1548	1036	1568
1280	DDX11_ENSG00000013573_145505.1	745	605	1060	487	1101	384	420	671
1281	DDX11_ENSG00000013573_145506.2	890	936	1528	1	557	189	787	838
1282	DDX11_ENSG00000013573_145507.3	375	621	837	0	0	376	257	381
1283	DDX11_ENSG00000013573_145508.4	1532	652	2911	1000	1635	636	1094	1235
1284	DDX11_ENSG00000013573_145509.5	2098	1013	3994	2405	1159	1815	486	1396
1285	DDX11_ENSG00000013573_145510.6	596	627	942	286	1078	635	193	497
1286	DDX17_ENSG00000100201_95233.1	529	460	952	1	614	32	170	422
1287	DDX17_ENSG00000100201_95234.2	749	901	1711	254	595	842	307	637
1288	DDX17_ENSG00000100201_95235.3	438	0	689	1	0	948	75	247
1289	DDX17_ENSG00000100201_95236.4	486	0	1017	36	0	575	287	331
1290	DDX17_ENSG00000100201_95237.5	1718	1526	2866	622	1951	1314	431	1245
1291	DDX17_ENSG00000100201_95238.6	244	136	572	289	0	0	109	206
1292	DDX18_ENSG00000088205_68293.1	594	127	827	0	0	0	537	569
1293	DDX18_ENSG00000088205_68294.2	1138	1311	1882	1116	570	384	129	545
1294	DDX18_ENSG00000088205_68295.3	413	292	765	316	553	559	195	372
1295	DDX18_ENSG00000088205_68296.4	581	739	989	481	0	0	225	405
1296	DDX18_ENSG00000088205_68297.5	1179	593	1781	1827	800	1359	954	1304
1297	DDX18_ENSG00000088205_68298.6	1164	840	2086	2	9	1368	791	948
1298	DDX19A_ENSG00000168872_184453.1	570	0	1013	316	0	0	191	394
1299	DDX19A_ENSG00000168872_184454.2	852	291	1435	1482	1168	0	479	839
1300	DDX19A_ENSG00000168872_184455.3	425	418	713	0	584	0	223	319
1301	DDX19A_ENSG00000168872_184456.4	478	692	1113	542	520	584	278	461
1302	DDX19A_ENSG00000168872_184457.5	1044	1180	2234	1325	523	0	881	978
1303	DDX19A_ENSG00000168872_184458.6	513	466	978	743	0	186	541	529
1304	DDX19B_ENSG00000157349_131849.1	132	175	288	608	0	373	46	138
1305	DDX19B_ENSG00000157349_131850.2	575	775	1549	271	151	216	318	540
1306	DDX19B_ENSG00000157349_131851.3	417	0	736	712	0	0	232	408
1307	DDX19B_ENSG00000157349_131852.4	218	538	513	0	0	0	175	240
1308	DDX19B_ENSG00000157349_131853.5	262	0	523	1	0	182	172	261
1309	DDX19B_ENSG00000157349_131854.6	616	189	824	668	0	211	263	308
1310	DDX20_ENSG00000064703_21.1	788	260	1140	1014	0	727	212	591
1311	DDX20_ENSG00000064703_22.2	754	1057	1009	341	1137	672	480	530
1312	DDX20_ENSG00000064703_23.3	1803	796	2746	1077	98	1099	986	1213
1313	DDX20_ENSG00000064703_24.4	308	237	724	298	0	120	50	200
1314	DDX20_ENSG00000064703_25.5	195	182	408	564	0	0	189	159
1315	DDX20_ENSG00000064703_26.6	187	133	271	0	0	0	87	138
1316	DDX21_ENSG00000165732_97033.1	224	295	403	0	0	0	73	165
1317	DDX21_ENSG00000165732_97034.2	1170	629	1864	1429	1360	1546	674	885
1318	DDX21_ENSG00000165732_97035.3	92	0	233	0	0	0	84	119
1319	DDX21_ENSG00000165732_97036.4	1065	781	2227	241	0	807	347	785
1320	DDX21_ENSG00000165732_97037.5	526	433	1127	647	0	185	246	498
1321	DDX21_ENSG00000165732_97038.6	2243	1561	3860	3064	882	1465	1424	1921
1322	DDX23_ENSG00000174243_131362.1	1019	460	1572	1222	0	481	445	635
1323	DDX23_ENSG00000174243_131363.2	1822	1292	3437	1193	1768	916	902	1327
1324	DDX23_ENSG00000174243_131364.3	1704	1242	2930	842	0	201	1637	1556
1325	DDX23_ENSG00000174243_131365.4	864	1261	1894	1452	541	1445	187	600
1326	DDX23_ENSG00000174243_131366.5	642	275	1047	897	607	202	354	556
1327	DDX23_ENSG00000174243_131367.6	307	0	951	280	1167	575	368	383
1328	DDX24_ENSG00000089737_44380.1	462	727	1019	0	777	392	235	449
1329	DDX24_ENSG00000089737_44381.2	772	0	1253	488	1900	0	531	599
1330	DDX24_ENSG00000089737_44382.3	647	311	1059	298	294	94	388	577
1331	DDX24_ENSG00000089737_44383.4	642	286	1395	332	565	1005	350	554
1332	DDX24_ENSG00000089737_44384.5	194	0	223	300	0	0	50	124
1333	DDX24_ENSG00000089737_44385.6	560	641	1291	1285	0	416	393	613
1334	DDX25_ENSG00000109832_74511.1	289	0	524	0	0	199	140	258
1335	DDX25_ENSG00000109832_74512.2	995	144	1593	343	730	1064	565	915
1336	DDX25_ENSG00000109832_74513.3	1383	867	2420	1916	196	69	288	814
1337	DDX25_ENSG00000109832_74514.4	483	0	842	831	69	0	225	377
1338	DDX25_ENSG00000109832_74515.5	1726	971	3565	2735	1992	1167	361	1161
1339	DDX25_ENSG00000109832_74516.6	476	611	785	913	0	0	55	309
1340	DDX27_ENSG00000124228_92603.1	396	591	758	618	0	0	307	359
1341	DDX27_ENSG00000124228_92604.2	895	719	1401	572	0	0	482	892
1342	DDX27_ENSG00000124228_92605.3	665	169	1386	677	289	0	615	566
1343	DDX27_ENSG00000124228_92606.4	1554	1725	2608	260	1977	807	769	1257
1344	DDX27_ENSG00000124228_92607.5	337	147	597	931	505	237	181	330
1345	DDX27_ENSG00000124228_92608.6	205	136	397	290	0	0	30	99
1346	DDX28_ENSG00000182810_40723.1	844	765	1815	841	309	981	663	956
1347	DDX28_ENSG00000182810_40724.2	841	295	1183	265	0	194	489	556
1348	DDX28_ENSG00000182810_40725.3	2506	2073	3996	436	2225	1439	1772	1802
1349	DDX28_ENSG00000182810_40726.4	733	161	1129	876	322	0	488	572
1350	DDX28_ENSG00000182810_40727.5	633	1	910	0	598	0	689	462
1351	DDX28_ENSG00000182810_40728.6	749	538	1430	293	623	503	137	402
1352	DDX31_ENSG00000125485_171688.1	1024	160	1859	1503	0	1280	498	867
1353	DDX31_ENSG00000125485_171689.2	427	0	539	0	515	366	185	356
1354	DDX31_ENSG00000125485_171690.3	669	0	1021	337	0	0	291	482
1355	DDX31_ENSG00000125485_171691.4	671	343	1052	0	444	207	511	646
1356	DDX31_ENSG00000125485_171692.5	388	737	819	1	607	2	157	409
1357	DDX31_ENSG00000125485_171693.6	970	445	1523	328	0	226	451	774
1358	DDX39A_ENSG00000123136_195711.1	270	162	674	471	0	0	105	264
1359	DDX39A_ENSG00000123136_195712.2	1273	754	2343	336	1434	1351	190	846
1360	DDX39A_ENSG00000123136_195713.3	102	172	366	0	0	228	69	114
1361	DDX39A_ENSG00000123136_195714.4	754	293	1767	873	592	344	521	875
1362	DDX39A_ENSG00000123136_195715.5	1240	700	2106	635	852	210	1173	1127
1363	DDX39A_ENSG00000123136_195716.6	1196	1260	2226	1544	535	1257	784	1093
1364	DDX39B_ENSG00000198563_87761.1	446	115	973	649	0	179	315	335
1365	DDX39B_ENSG00000198563_87762.2	407	137	725	282	0	191	288	420
1366	DDX39B_ENSG00000198563_87763.3	643	139	1267	259	537	201	477	659
1367	DDX39B_ENSG00000198563_87764.4	1093	774	2046	806	0	789	368	829
1368	DDX39B_ENSG00000198563_87765.5	1453	350	2594	1703	1007	984	1428	1458
1369	DDX39B_ENSG00000198563_87766.6	1028	420	1249	0	0	0	628	536
1370	DDX3X_ENSG00000215301_151033.1	19	13	32	42	0	9	10	7
1371	DDX3X_ENSG00000215301_151034.2	397	0	860	929	0	214	274	315
1372	DDX3X_ENSG00000215301_151035.3	871	1054	2099	564	539	1440	720	946
1373	DDX3X_ENSG00000215301_151036.4	360	720	616	0	0	193	202	351
1374	DDX3X_ENSG00000215301_151037.5	2360	2124	5134	2121	281	574	2364	2675
1375	DDX3X_ENSG00000215301_151038.6	542	443	814	0	0	232	94	329
1376	DDX3Y_ENSG00000067048_160683.1	22	27	28	16	0	11	2	5
1377	DDX3Y_ENSG00000067048_160684.2	475	148	1079	609	0	4	234	516
1378	DDX3Y_ENSG00000067048_160685.3	320	164	373	334	659	0	135	260
1379	DDX3Y_ENSG00000067048_160686.4	582	402	1237	308	589	169	399	535
1380	DDX3Y_ENSG00000067048_160687.5	540	158	804	300	0	609	292	525
1381	DDX3Y_ENSG00000067048_160688.6	1087	338	1918	0	252	667	233	854
1382	DDX4_ENSG00000152670_10613.1	537	295	1427	582	1154	209	315	582
1383	DDX4_ENSG00000152670_10614.2	848	281	1571	324	1472	680	331	683
1384	DDX4_ENSG00000152670_10615.3	1847	2135	3566	2571	81	1215	707	1543
1385	DDX4_ENSG00000152670_10616.4	590	139	887	234	0	942	263	468
1386	DDX4_ENSG00000152670_10617.5	1096	1336	2201	1560	11	992	91	606
1387	DDX4_ENSG00000152670_10618.6	1149	476	1636	430	960	277	644	768
1388	DDX41_ENSG00000183258_108151.1	1360	831	2677	290	540	1285	1082	1279
1389	DDX41_ENSG00000183258_108152.2	536	0	621	915	569	0	344	483
1390	DDX41_ENSG00000183258_108153.3	515	940	832	0	0	723	146	355
1391	DDX41_ENSG00000183258_108154.4	92	0	191	0	0	0	37	47
1392	DDX41_ENSG00000183258_108155.5	321	0	555	0	0	192	395	451
1393	DDX41_ENSG00000183258_108156.6	529	265	964	919	0	517	296	565
1394	DDX42_ENSG00000198231_78053.1	582	1071	1165	642	0	1061	267	455
1395	DDX42_ENSG00000198231_78054.2	736	611	1076	0	214	423	518	582
1396	DDX42_ENSG00000198231_78055.3	551	169	1051	191	7	683	578	552
1397	DDX42_ENSG00000198231_78056.4	314	0	531	0	0	0	114	218
1398	DDX42_ENSG00000198231_78057.5	724	575	1729	0	612	257	461	930
1399	DDX42_ENSG00000198231_78058.6	1107	832	1799	1	1119	367	397	864
1400	DDX46_ENSG00000145833_146760.1	602	324	1120	284	0	201	269	409
1401	DDX46_ENSG00000145833_146761.2	743	337	1277	639	0	517	555	694
1402	DDX46_ENSG00000145833_146762.3	458	153	876	1264	589	375	308	478
1403	DDX46_ENSG00000145833_146763.4	1009	659	1717	935	55	820	789	810
1404	DDX46_ENSG00000145833_146764.5	508	261	916	280	709	127	236	453
1405	DDX46_ENSG00000145833_146765.6	604	503	863	251	545	399	177	378
1406	DDX47_ENSG00000213782_113390.1	83	0	233	0	0	0	62	78
1407	DDX47_ENSG00000213782_113391.2	937	323	1442	547	2081	211	653	677
1408	DDX47_ENSG00000213782_113392.3	1071	579	1663	1015	1602	504	603	855
1409	DDX47_ENSG00000213782_113393.4	1032	621	1914	2	270	1783	466	733
1410	DDX47_ENSG00000213782_113394.5	193	0	249	0	1285	0	77	168
1411	DDX47_ENSG00000213782_113395.6	554	729	1209	0	8	0	355	538
1412	DDX49_ENSG00000105671_92991.1	860	38	1390	0	518	907	498	697
1413	DDX49_ENSG00000105671_92992.2	273	151	652	1	306	491	80	287
1414	DDX49_ENSG00000105671_92993.3	592	217	1183	275	0	163	333	498
1415	DDX49_ENSG00000105671_92994.4	578	284	761	843	107	0	363	589
1416	DDX49_ENSG00000105671_92995.5	1089	390	2355	0	507	0	595	883
1417	DDX49_ENSG00000105671_92996.6	698	104	1422	636	580	302	426	563
1418	DDX5_ENSG00000108654_4366.1	1828	1319	3334	3576	1637	536	1510	1695
1419	DDX5_ENSG00000108654_4367.2	2015	1603	3530	811	1905	2155	469	1321
1420	DDX5_ENSG00000108654_4368.3	949	674	1478	912	534	1121	321	662
1421	DDX5_ENSG00000108654_4369.4	1384	1721	2663	2284	0	1054	1153	1549
1422	DDX5_ENSG00000108654_4370.5	455	983	598	275	39	376	176	254
1423	DDX5_ENSG00000108654_4371.6	989	1094	2012	285	2251	226	896	961
1424	DDX51_ENSG00000185163_113603.1	665	337	1565	2	606	399	495	702
1425	DDX51_ENSG00000185163_113604.2	2028	1359	3428	1377	1092	1478	1406	1762
1426	DDX51_ENSG00000185163_113605.3	673	445	1371	969	603	47	229	377
1427	DDX51_ENSG00000185163_113606.4	232	500	497	802	0	0	81	189
1428	DDX51_ENSG00000185163_113607.5	288	150	441	0	0	0	42	189
1429	DDX51_ENSG00000185163_113608.6	1649	1189	2757	594	1728	349	1469	1517
1430	DDX54_ENSG00000123064_107304.1	591	751	925	521	2	329	419	484
1431	DDX54_ENSG00000123064_107305.2	1054	0	1895	515	1032	0	234	553
1432	DDX54_ENSG00000123064_107306.3	581	0	1223	633	2363	216	539	530
1433	DDX54_ENSG00000123064_107307.4	939	1234	1741	297	1	544	657	753
1434	DDX54_ENSG00000123064_107308.5	781	1152	1414	601	0	605	347	601
1435	DDX54_ENSG00000123064_107309.6	1017	782	1822	282	830	605	412	786
1436	DDX55_ENSG00000111364_10139.1	465	314	868	435	0	0	561	547
1437	DDX55_ENSG00000111364_10140.2	1191	723	1503	559	1609	348	668	862
1438	DDX55_ENSG00000111364_10141.3	1346	982	2115	0	1288	920	757	1041
1439	DDX55_ENSG00000111364_10142.4	1775	638	3216	563	0	1524	591	1204
1440	DDX55_ENSG00000111364_10143.5	313	0	435	93	26	0	164	221
1441	DDX55_ENSG00000111364_10144.6	1234	579	1803	313	553	662	655	739
1442	DDX56_ENSG00000136271_197930.1	968	445	1792	1157	597	538	466	710
1443	DDX56_ENSG00000136271_197931.2	1189	799	2181	1271	12	400	480	730
1444	DDX56_ENSG00000136271_197932.3	654	0	1101	268	1129	209	156	415
1445	DDX56_ENSG00000136271_197933.4	1484	1241	2135	486	1495	349	646	993
1446	DDX56_ENSG00000136271_197934.5	156	0	465	0	444	0	35	94
1447	DDX56_ENSG00000136271_197935.6	868	469	1395	142	0	433	439	600
1448	DDX58_ENSG00000107201_191089.1	1103	160	1874	1264	514	1697	696	990
1449	DDX58_ENSG00000107201_191090.2	549	270	880	276	1623	0	230	395
1450	DDX58_ENSG00000107201_191091.3	1001	930	1760	318	603	0	499	969
1451	DDX58_ENSG00000107201_191092.4	1062	1994	1875	264	843	183	1056	1040
1452	DDX58_ENSG00000107201_191093.5	1642	1336	2660	1453	788	1531	960	1360
1453	DDX58_ENSG00000107201_191094.6	488	295	816	291	0	17	206	379
1454	DDX59_ENSG00000118197_64832.1	687	356	1560	676	715	0	480	701
1455	DDX59_ENSG00000118197_64833.2	2009	1978	3290	1196	1869	408	1107	1814
1456	DDX59_ENSG00000118197_64834.3	1794	1906	2982	1178	1141	563	1019	1615
1457	DDX59_ENSG00000118197_64835.4	1339	927	1793	1	274	186	750	865
1458	DDX59_ENSG00000118197_64836.5	1036	360	2326	913	621	2095	423	988
1459	DDX59_ENSG00000118197_64837.6	1023	543	2017	286	88	385	85	422
1460	DDX6_ENSG00000110367_123970.1	899	788	1574	353	590	310	642	755
1461	DDX6_ENSG00000110367_123971.2	954	928	1885	270	142	190	359	661
1462	DDX6_ENSG00000110367_123972.3	805	388	1662	896	1136	423	757	871
1463	DDX6_ENSG00000110367_123973.4	1691	1019	3080	2552	2974	566	897	1285
1464	DDX6_ENSG00000110367_123974.5	715	690	1403	1	0	207	436	523
1465	DDX6_ENSG00000110367_123975.6	933	885	1781	1672	583	539	619	727
1466	DDX60_ENSG00000137628_90864.1	778	956	1548	0	297	0	273	603
1467	DDX60_ENSG00000137628_90865.2	1109	737	2338	807	214	955	696	1058
1468	DDX60_ENSG00000137628_90866.3	574	212	954	0	0	577	477	545
1469	DDX60_ENSG00000137628_90867.4	652	575	1254	346	0	388	335	497
1470	DDX60_ENSG00000137628_90868.5	1063	128	1724	293	38	1002	773	908
1471	DDX60_ENSG00000137628_90869.6	516	148	973	0	0	216	259	380
1472	DHX15_ENSG00000109606_151911.1	892	192	1533	0	1056	514	281	564
1473	DHX15_ENSG00000109606_151912.2	265	0	385	0	0	0	238	240
1474	DHX15_ENSG00000109606_151913.3	672	337	1205	617	538	415	511	684
1475	DHX15_ENSG00000109606_151914.4	616	402	1251	0	153	364	589	549
1476	DHX15_ENSG00000109606_151915.5	746	319	1559	945	561	310	443	547
1477	DHX15_ENSG00000109606_151916.6	1608	827	3087	743	1112	834	1598	1747
1478	DHX16_ENSG00000204560_49730.1	965	596	1531	284	246	0	265	502
1479	DHX16_ENSG00000204560_49731.2	1422	954	2361	1296	289	622	429	912
1480	DHX16_ENSG00000204560_49732.3	584	0	875	636	0	0	284	431
1481	DHX16_ENSG00000204560_49733.4	74	0	36	0	0	0	87	52
1482	DHX16_ENSG00000204560_49734.5	454	0	886	0	0	0	272	428
1483	DHX16_ENSG00000204560_49735.6	371	0	830	0	0	0	288	318
1484	DHX29_ENSG00000067248_94672.1	573	657	948	265	20	679	211	419
1485	DHX29_ENSG00000067248_94673.2	92	0	213	349	0	0	32	124
1486	DHX29_ENSG00000067248_94674.3	628	514	1280	533	0	630	344	523
1487	DHX29_ENSG00000067248_94675.4	301	138	523	605	16	377	173	316
1488	DHX29_ENSG00000067248_94676.5	1568	1322	2873	1	1429	368	649	1259
1489	DHX29_ENSG00000067248_94677.6	676	1384	1013	0	540	310	601	648
1490	DHX30_ENSG00000132153_144738.1	1705	1050	3074	1258	588	574	1592	1453
1491	DHX30_ENSG00000132153_144739.2	981	415	1661	549	1433	298	634	955
1492	DHX30_ENSG00000132153_144740.3	428	329	856	287	0	191	333	488
1493	DHX30_ENSG00000132153_144741.4	285	0	369	1	42	199	186	201
1494	DHX30_ENSG00000132153_144742.5	860	364	1438	1312	0	153	214	497
1495	DHX30_ENSG00000132153_144743.6	400	0	713	0	305	0	182	273
1496	DHX32_ENSG00000089876_7624.1	600	557	1270	840	559	190	235	494
1497	DHX32_ENSG00000089876_7625.2	755	378	1457	1232	296	0	351	661
1498	DHX32_ENSG00000089876_7626.3	1152	967	2255	3151	606	642	576	995
1499	DHX32_ENSG00000089876_7627.4	769	155	1350	319	608	1067	658	714
1500	DHX32_ENSG00000089876_7628.5	832	598	1795	830	0	362	590	697
1501	DHX32_ENSG00000089876_7629.6	985	1079	1899	694	0	512	863	1053
1502	DHX33_ENSG00000005100_48181.1	352	275	722	561	0	0	262	339
1503	DHX33_ENSG00000005100_48182.2	297	82	465	0	265	176	120	189
1504	DHX33_ENSG00000005100_48183.3	684	417	1294	891	0	185	448	769
1505	DHX33_ENSG00000005100_48184.4	130	0	307	0	0	0	33	89
1506	DHX33_ENSG00000005100_48185.5	978	283	2028	629	300	518	209	634
1507	DHX33_ENSG00000005100_48186.6	1577	1410	3030	1174	1293	454	1536	1633
1508	DHX34_ENSG00000134815_181515.1	619	647	1020	0	0	108	329	409
1509	DHX34_ENSG00000134815_181516.2	865	0	1532	0	0	326	813	793
1510	DHX34_ENSG00000134815_181517.3	656	307	1056	0	0	0	470	643
1511	DHX34_ENSG00000134815_181518.4	637	1012	1414	357	605	221	453	671
1512	DHX34_ENSG00000134815_181519.5	707	813	1291	652	495	280	276	665
1513	DHX34_ENSG00000134815_181520.6	729	604	1408	1127	253	371	179	472
1514	DHX35_ENSG00000101452_134343.1	537	0	636	0	1031	1207	252	263
1515	DHX35_ENSG00000101452_134344.2	659	342	1619	624	0	542	110	473
1516	DHX35_ENSG00000101452_134345.3	615	523	1189	1085	599	172	187	508
1517	DHX35_ENSG00000101452_134346.4	1202	359	1842	0	557	0	200	711
1518	DHX35_ENSG00000101452_134347.5	449	327	739	286	0	0	319	403
1519	DHX35_ENSG00000101452_134348.6	388	162	735	518	2	413	263	313
1520	DHX36_ENSG00000174953_154834.1	1366	296	2410	327	284	822	891	1218
1521	DHX36_ENSG00000174953_154835.2	1564	1248	2811	2	289	573	1048	1510
1522	DHX36_ENSG00000174953_154836.3	521	369	690	0	0	190	321	404
1523	DHX36_ENSG00000174953_154837.4	359	0	780	0	593	365	272	395
1524	DHX36_ENSG00000174953_154838.5	517	717	751	0	0	196	301	392
1525	DHX36_ENSG00000174953_154839.6	325	0	886	334	0	209	116	311
1526	DHX37_ENSG00000150990_144558.1	775	685	1383	281	1771	766	554	738
1527	DHX37_ENSG00000150990_144559.2	678	695	1322	0	0	1246	569	671
1528	DHX37_ENSG00000150990_144560.3	626	372	1116	322	0	184	414	442
1529	DHX37_ENSG00000150990_144561.4	582	626	1066	0	583	215	189	444
1530	DHX37_ENSG00000150990_144562.5	577	1034	1124	298	0	100	259	567
1531	DHX37_ENSG00000150990_144563.6	714	514	1484	0	240	227	339	765
1532	DHX38_ENSG00000140829_88835.1	1329	1030	2380	1853	592	690	1332	1263
1533	DHX38_ENSG00000140829_88836.2	908	396	1595	283	0	0	831	902
1534	DHX38_ENSG00000140829_88837.3	2357	1296	4077	505	1379	1274	1509	1985
1535	DHX38_ENSG00000140829_88838.4	2350	1228	3523	1949	2117	895	1535	1931
1536	DHX38_ENSG00000140829_88839.5	619	0	1326	345	0	206	544	643
1537	DHX38_ENSG00000140829_88840.6	1292	943	2604	1073	828	0	626	1208
1538	DHX40_ENSG00000108406_106387.1	571	157	1209	0	583	0	90	388
1539	DHX40_ENSG00000108406_106388.2	680	351	937	0	0	383	200	367
1540	DHX40_ENSG00000108406_106389.3	968	1068	1747	916	0	210	645	745
1541	DHX40_ENSG00000108406_106390.4	489	458	903	288	0	174	163	395
1542	DHX40_ENSG00000108406_106391.5	1028	679	1331	853	0	593	582	849
1543	DHX40_ENSG00000108406_106392.6	844	192	1211	1165	0	0	319	633
1544	DHX57_ENSG00000163214_53460.1	1134	397	1759	2	1495	977	943	1017
1545	DHX57_ENSG00000163214_53461.2	957	167	1998	573	583	604	560	901
1546	DHX57_ENSG00000163214_53462.3	1516	1863	2467	1299	658	687	908	1174
1547	DHX57_ENSG00000163214_53463.4	187	105	470	0	510	0	92	163
1548	DHX57_ENSG00000163214_53464.5	1574	429	2936	2102	618	847	743	1305
1549	DHX57_ENSG00000163214_53465.6	797	773	1651	933	608	435	524	754
1550	DHX58_ENSG00000108771_20547.1	716	978	1161	0	632	0	623	704
1551	DHX58_ENSG00000108771_20548.2	441	148	964	384	545	1	356	408
1552	DHX58_ENSG00000108771_20549.3	1258	1510	2093	972	1764	474	467	829
1553	DHX58_ENSG00000108771_20550.4	608	296	991	271	0	375	47	253
1554	DHX58_ENSG00000108771_20551.5	385	219	692	0	607	416	250	371
1555	DHX58_ENSG00000108771_20552.6	171	0	192	0	0	33	73	75
1556	DHX8_ENSG00000067596_113643.1	430	148	739	355	482	0	342	358
1557	DHX8_ENSG00000067596_113644.2	1545	825	2617	685	1735	410	755	980
1558	DHX8_ENSG00000067596_113645.3	752	590	1213	1418	546	612	177	329
1559	DHX8_ENSG00000067596_113646.4	1048	592	1266	1202	0	269	557	862
1560	DHX8_ENSG00000067596_113647.5	340	244	608	583	0	600	60	235
1561	DHX8_ENSG00000067596_113648.6	381	486	586	261	261	192	195	222
1562	DHX9_ENSG00000135829_21684.1	1047	456	1674	901	0	962	346	839
1563	DHX9_ENSG00000135829_21685.2	514	602	861	298	0	265	210	349
1564	DHX9_ENSG00000135829_21686.3	233	68	718	295	0	0	127	311
1565	DHX9_ENSG00000135829_21687.4	861	668	1457	1168	0	647	513	847
1566	DHX9_ENSG00000135829_21688.5	663	1124	925	593	563	0	455	540
1567	DHX9_ENSG00000135829_21689.6	2211	1314	3530	989	1690	2727	459	1516
1568	DIDO1_ENSG00000101191_183552.1	697	339	1176	934	579	406	355	583
1569	DIDO1_ENSG00000101191_183553.2	680	499	1122	898	0	608	564	622
1570	DIDO1_ENSG00000101191_183554.3	665	0	1119	623	0	121	502	691
1571	DIDO1_ENSG00000101191_183555.4	879	159	1618	1148	0	175	498	690
1572	DIDO1_ENSG00000101191_183556.5	681	841	1493	926	1073	587	344	599
1573	DIDO1_ENSG00000101191_183557.6	721	651	1195	294	609	574	532	757
1574	DMAP1_ENSG00000178028_38184.1	675	850	1012	317	2	768	241	434
1575	DMAP1_ENSG00000178028_38185.2	683	1208	1218	298	1113	368	396	556
1576	DMAP1_ENSG00000178028_38186.3	618	980	977	1529	1428	1558	400	423
1577	DMAP1_ENSG00000178028_38187.4	1060	1997	1661	1758	1724	1293	707	919
1578	DMAP1_ENSG00000178028_38188.5	314	132	492	1212	0	256	54	205
1579	DMAP1_ENSG00000178028_38189.6	1950	1125	3254	1098	575	861	1516	1977
1580	DMTF1_ENSG00000135164_71552.1	1458	633	2409	0	1377	524	810	1210
1581	DMTF1_ENSG00000135164_71553.2	617	131	1160	294	0	482	210	431
1582	DMTF1_ENSG00000135164_71554.3	994	1331	2055	1518	0	434	739	1069
1583	DMTF1_ENSG00000135164_71555.4	494	145	877	580	0	525	450	442
1584	DMTF1_ENSG00000135164_71556.5	704	586	922	0	1	184	371	425
1585	DMTF1_ENSG00000135164_71557.6	388	134	675	1	0	0	129	329
1586	DNA2_ENSG00000138346_1502.1	1360	759	2526	431	1348	593	856	991
1587	DNA2_ENSG00000138346_1503.2	221	0	447	340	0	0	233	195
1588	DNA2_ENSG00000138346_1504.3	1093	806	1878	628	1	468	654	1022
1589	DNA2_ENSG00000138346_1505.4	1640	477	2543	942	544	227	985	1063
1590	DNA2_ENSG00000138346_1506.5	514	271	948	0	0	0	217	426
1591	DNA2_ENSG00000138346_1507.6	530	304	877	598	16	0	85	295
1592	DNAJC1_ENSG00000136770_11971.1	589	486	753	701	0	0	174	355
1593	DNAJC1_ENSG00000136770_11972.2	1407	1148	2941	435	1344	422	677	1155
1594	DNAJC1_ENSG00000136770_11973.3	328	46	631	0	0	472	108	307
1595	DNAJC1_ENSG00000136770_11974.4	572	817	903	964	203	0	112	349
1596	DNAJC1_ENSG00000136770_11975.5	759	626	1924	1153	0	57	498	702
1597	DNAJC1_ENSG00000136770_11976.6	479	436	1260	344	624	0	322	453
1598	DNAJC2_ENSG00000105821_89425.1	321	0	590	250	0	598	306	335
1599	DNAJC2_ENSG00000105821_89426.2	680	303	1320	627	1285	695	480	607
1600	DNAJC2_ENSG00000105821_89427.3	1543	835	2368	545	1083	177	715	1114
1601	DNAJC2_ENSG00000105821_89428.4	1195	321	1691	635	596	687	1139	908
1602	DNAJC2_ENSG00000105821_89429.5	281	141	623	0	1112	0	45	146
1603	DNAJC2_ENSG00000105821_89430.6	20	0	19	0	0	0	3	17
1604	DNMT1_ENSG00000130816_123235.1	434	427	826	279	510	0	181	365
1605	DNMT1_ENSG00000130816_123236.2	529	227	729	0	0	0	291	361
1606	DNMT1_ENSG00000130816_123237.3	480	164	920	432	0	0	338	434
1607	DNMT1_ENSG00000130816_123238.4	444	357	985	0	690	391	290	484
1608	DNMT1_ENSG00000130816_123239.5	985	1015	1462	700	2346	185	906	999
1609	DNMT1_ENSG00000130816_123240.6	239	190	259	0	0	262	138	172
1610	DNMT3A_ENSG00000119772_114909.1	935	159	1323	1	565	421	975	833
1611	DNMT3A_ENSG00000119772_114910.2	602	657	911	0	0	0	193	407
1612	DNMT3A_ENSG00000119772_114911.3	447	444	742	284	0	0	359	395
1613	DNMT3A_ENSG00000119772_114912.4	166	0	320	101	16	176	91	150
1614	DNMT3A_ENSG00000119772_114913.5	850	170	1134	598	278	199	266	458
1615	DNMT3A_ENSG00000119772_114914.6	409	477	874	274	0	308	287	424
1616	DNMT3B_ENSG00000088305_22454.1	264	134	424	0	0	398	97	207
1617	DNMT3B_ENSG00000088305_22455.2	1102	1122	1994	1151	942	195	528	834
1618	DNMT3B_ENSG00000088305_22456.3	595	752	1142	286	0	512	328	543
1619	DNMT3B_ENSG00000088305_22457.4	299	0	514	149	0	84	105	199
1620	DNMT3B_ENSG00000088305_22458.5	768	388	1128	510	0	420	580	492
1621	DNMT3B_ENSG00000088305_22459.6	674	329	1117	342	507	322	561	604
1622	DOT1L_ENSG00000104885_48491.1	207	0	505	0	0	189	21	121
1623	DOT1L_ENSG00000104885_48492.2	171	0	257	316	0	0	41	113
1624	DOT1L_ENSG00000104885_48493.3	610	338	1265	0	0	552	479	638
1625	DOT1L_ENSG00000104885_48494.4	1776	1156	3514	1348	3117	654	1049	1478
1626	DOT1L_ENSG00000104885_48495.5	674	804	1117	1160	1055	1021	537	746
1627	DOT1L_ENSG00000104885_48496.6	1646	1862	3382	1991	0	781	1030	1520
1628	DPF1_ENSG00000011332_51665.1	179	311	405	0	0	202	91	156
1629	DPF1_ENSG00000011332_51666.2	1231	369	2373	1410	621	595	289	775
1630	DPF1_ENSG00000011332_51667.3	207	0	299	285	0	0	171	181
1631	DPF1_ENSG00000011332_51668.4	273	174	419	317	0	0	104	224
1632	DPF1_ENSG00000011332_51669.5	756	676	1403	462	0	394	508	705
1633	DPF1_ENSG00000011332_51670.6	300	144	459	0	0	504	204	358
1634	DPF2_ENSG00000133884_51455.1	464	336	1116	572	0	0	358	466
1635	DPF2_ENSG00000133884_51456.2	794	1058	1464	449	2303	380	416	703
1636	DPF2_ENSG00000133884_51457.3	940	467	1753	0	300	1215	469	896
1637	DPF2_ENSG00000133884_51458.4	2164	1948	3547	1829	0	1354	1056	1388
1638	DPF2_ENSG00000133884_51459.5	254	591	536	1	567	10	104	210
1639	DPF2_ENSG00000133884_51460.6	199	130	583	0	0	147	61	147
1640	DPF3_ENSG00000205683_162700.1	577	593	1030	190	558	365	500	639
1641	DPF3_ENSG00000205683_162701.2	405	208	858	569	0	217	189	365
1642	DPF3_ENSG00000205683_162702.3	455	325	680	0	0	196	247	331
1643	DPF3_ENSG00000205683_162703.4	248	805	624	295	0	387	173	286
1644	DPF3_ENSG00000205683_162704.5	286	434	662	280	1185	0	71	195
1645	DPF3_ENSG00000205683_162705.6	566	296	1199	905	1134	0	580	606
1646	DPY30_ENSG00000162961_171438.1	582	1019	1355	500	565	507	309	584
1647	DPY30_ENSG00000162961_171439.2	1210	884	2467	929	974	619	730	1184
1648	DPY30_ENSG00000162961_171440.3	1216	598	2250	597	681	319	271	893
1649	DPY30_ENSG00000162961_171441.4	515	0	706	829	1168	1172	197	319
1650	DPY30_ENSG00000162961_171442.5	1341	1866	2173	0	1317	312	910	1132
1651	DPY30_ENSG00000162961_171443.6	808	624	947	846	1053	588	603	723
1652	DQX1_ENSG00000144045_142963.1	229	0	289	1	0	384	88	170
1653	DQX1_ENSG00000144045_142964.2	476	512	804	1030	417	212	25	209
1654	DQX1_ENSG00000144045_142965.3	960	726	1975	321	1311	581	699	786
1655	DQX1_ENSG00000144045_142966.4	311	0	486	0	0	0	213	291
1656	DQX1_ENSG00000144045_142967.5	576	163	1388	311	0	261	345	694
1657	DQX1_ENSG00000144045_142968.6	634	344	924	245	303	0	440	493
1658	DSN1_ENSG00000149636_74701.1	854	826	1272	325	793	199	75	389
1659	DSN1_ENSG00000149636_74702.2	711	303	1361	876	1154	0	501	745
1660	DSN1_ENSG00000149636_74703.3	1612	1192	2993	691	691	192	1808	1622
1661	DSN1_ENSG00000149636_74704.4	1731	1982	2998	342	210	215	953	1351
1662	DSN1_ENSG00000149636_74705.5	428	406	596	354	2314	199	84	226
1663	DSN1_ENSG00000149636_74706.6	855	686	1610	1488	596	206	509	795
1664	DTX3L_ENSG00000163840_188205.1	1346	760	2693	1026	0	378	856	1204
1665	DTX3L_ENSG00000163840_188206.2	949	302	1748	590	1063	1270	266	682
1666	DTX3L_ENSG00000163840_188207.3	477	340	964	0	0	0	248	437
1667	DTX3L_ENSG00000163840_188208.4	815	494	1337	585	1076	153	463	808
1668	DTX3L_ENSG00000163840_188209.5	816	378	1649	628	83	248	438	635
1669	DTX3L_ENSG00000163840_188210.6	496	801	790	0	625	0	70	272
1670	DZIP3_ENSG00000198919_199874.1	367	0	792	0	0	0	255	328
1671	DZIP3_ENSG00000198919_199875.2	753	76	1394	0	0	421	619	652
1672	DZIP3_ENSG00000198919_199876.3	2009	770	3512	1151	2949	1237	1184	1649
1673	DZIP3_ENSG00000198919_199877.4	783	791	1331	1194	576	352	549	729
1674	DZIP3_ENSG00000198919_199878.5	1162	274	1879	576	1883	517	709	978
1675	DZIP3_ENSG00000198919_199879.6	784	771	1706	1148	570	599	432	780
1676	ECE2_ENSG00000145194_1059.1	1990	1945	3346	1511	0	858	1587	1574
1677	ECE2_ENSG00000145194_1060.2	253	483	469	0	0	174	104	248
1678	ECE2_ENSG00000145194_1061.3	1144	1293	1997	1559	581	706	698	1027
1679	ECE2_ENSG00000145194_1062.4	836	487	1789	394	853	348	712	914
1680	ECE2_ENSG00000145194_1063.5	580	266	990	0	2012	965	167	359
1681	ECE2_ENSG00000145194_1064.6	287	166	434	0	0	90	229	258
1682	EDF1_ENSG00000107223_194791.1	726	277	1215	569	826	1093	373	574
1683	EDF1_ENSG00000107223_194792.2	554	562	786	281	0	0	93	347
1684	EDF1_ENSG00000107223_194793.3	1369	255	2519	0	0	1198	1056	1173
1685	EDF1_ENSG00000107223_194794.4	2125	951	3432	2170	0	1102	1779	1957
1686	EDF1_ENSG00000107223_194795.5	1156	328	1954	611	1704	377	897	1084
1687	EDF1_ENSG00000107223_194796.6	826	327	1299	1420	534	187	356	657
1688	EED_ENSG00000074266_61775.1	976	835	1578	1197	0	197	761	859
1689	EED_ENSG00000074266_61776.2	512	734	1045	789	268	202	185	450
1690	EED_ENSG00000074266_61777.3	530	0	691	0	0	0	246	409
1691	EED_ENSG00000074266_61778.4	569	357	964	233	985	0	349	483
1692	EED_ENSG00000074266_61779.5	1168	464	2159	0	833	422	883	1098
1693	EED_ENSG00000074266_61780.6	526	305	972	0	1068	0	425	507
1694	EHMT1_ENSG00000181090_104987.1	1208	539	1817	634	286	175	950	974
1695	EHMT1_ENSG00000181090_104988.2	380	311	1015	0	839	0	196	466
1696	EHMT1_ENSG00000181090_104989.3	1090	286	1690	279	0	1571	905	900
1697	EHMT1_ENSG00000181090_104990.4	314	155	786	301	0	228	189	354
1698	EHMT1_ENSG00000181090_104991.5	1313	764	2164	1010	295	435	1006	1230
1699	EHMT1_ENSG00000181090_104992.6	362	166	747	0	0	0	163	310
1700	EHMT2_ENSG00000204371_153353.1	493	277	1006	623	1684	0	96	304
1701	EHMT2_ENSG00000204371_153354.2	602	2	1158	1486	1162	326	179	415
1702	EHMT2_ENSG00000204371_153355.3	1193	1163	1633	559	0	972	787	911
1703	EHMT2_ENSG00000204371_153356.4	510	176	1014	1549	0	0	329	364
1704	EHMT2_ENSG00000204371_153357.5	439	0	889	614	1063	101	301	310
1705	EHMT2_ENSG00000204371_153358.6	718	1020	1251	997	1115	0	361	625
1706	EID1_ENSG00000255302_99875.1	478	661	865	1167	0	642	347	431
1707	EID1_ENSG00000255302_99876.2	926	574	2234	1457	0	292	437	875
1708	EID1_ENSG00000255302_99877.3	894	454	1698	928	856	552	394	760
1709	EID1_ENSG00000255302_99878.4	695	282	1378	900	270	2	325	625
1710	EID1_ENSG00000255302_99879.5	642	332	1375	961	986	508	391	646
1711	EID1_ENSG00000255302_99880.6	1352	1017	2325	1222	1111	205	315	951
1712	EIF4A1_ENSG00000161960_99485.1	783	756	1495	0	1116	261	359	735
1713	EIF4A1_ENSG00000161960_99486.2	544	326	1119	300	300	0	349	575
1714	EIF4A1_ENSG00000161960_99487.3	524	994	1060	244	0	211	473	541
1715	EIF4A1_ENSG00000161960_99488.4	765	160	1164	330	0	406	273	469
1716	EIF4A1_ENSG00000161960_99489.5	816	468	1557	1053	0	661	411	654
1717	EIF4A1_ENSG00000161960_99490.6	1308	1828	2314	322	1961	502	446	1041
1718	EIF4A2_ENSG00000156976_81918.1	1604	1704	3137	313	0	374	1244	1342
1719	EIF4A2_ENSG00000156976_81919.2	468	558	774	0	573	44	258	341
1720	EIF4A2_ENSG00000156976_81920.3	899	752	1632	339	568	661	334	698
1721	EIF4A2_ENSG00000156976_81921.4	794	525	1367	1441	0	351	464	623
1722	EIF4A2_ENSG00000156976_81922.5	1747	1150	2960	2362	0	831	1697	1540
1723	EIF4A2_ENSG00000156976_81923.6	47	0	72	3	0	0	18	39
1724	EIF4A3_ENSG00000141543_134073.1	876	781	1622	348	0	0	281	350
1725	EIF4A3_ENSG00000141543_134074.2	844	0	1272	0	0	428	592	526
1726	EIF4A3_ENSG00000141543_134075.3	937	968	1901	308	730	553	431	529
1727	EIF4A3_ENSG00000141543_134076.4	1183	490	2272	628	576	0	468	488
1728	EIF4A3_ENSG00000141543_134077.5	664	168	1181	1233	643	403	583	620
1729	EIF4A3_ENSG00000141543_134078.6	645	0	1254	1	551	0	365	246
1730	ELL_ENSG00000105656_120039.1	731	490	1545	0	72	631	261	585
1731	ELL_ENSG00000105656_120040.2	657	0	1067	0	0	222	412	505
1732	ELL_ENSG00000105656_120041.3	1156	319	2229	1540	584	562	472	1002
1733	ELL_ENSG00000105656_120042.4	625	355	1362	266	447	174	394	678
1734	ELL_ENSG00000105656_120043.5	410	176	694	550	580	1	259	375
1735	ELL_ENSG00000105656_120044.6	685	271	1375	0	0	1	404	618
1736	ELL2_ENSG00000118985_163790.1	418	405	991	240	0	556	274	357
1737	ELL2_ENSG00000118985_163791.2	682	515	1469	309	0	0	547	648
1738	ELL2_ENSG00000118985_163792.3	434	167	710	288	0	483	243	328
1739	ELL2_ENSG00000118985_163793.4	258	1	478	301	0	5	195	242
1740	ELL2_ENSG00000118985_163794.5	392	317	743	0	587	7	63	273
1741	ELL2_ENSG00000118985_163795.6	826	675	1509	927	0	185	398	652
1742	ELL3_ENSG00000128886_183681.1	302	394	631	0	560	0	297	254
1743	ELL3_ENSG00000128886_183682.2	192	279	341	0	0	267	40	123
1744	ELL3_ENSG00000128886_183683.3	723	686	1057	1444	0	527	472	589
1745	ELL3_ENSG00000128886_183684.4	946	478	1763	307	150	719	285	725
1746	ELL3_ENSG00000128886_183685.5	634	471	835	0	709	339	266	478
1747	ELL3_ENSG00000128886_183686.6	405	274	929	258	1135	186	246	360
1748	ELMSAN1_ENSG00000156030_170281.1	1608	365	2621	702	140	1385	969	1072
1749	ELMSAN1_ENSG00000156030_170282.2	134	620	394	0	0	327	114	193
1750	ELMSAN1_ENSG00000156030_170283.3	935	1004	1879	326	1308	786	651	732
1751	ELMSAN1_ENSG00000156030_170284.4	816	1306	1412	1797	0	368	529	670
1752	ELMSAN1_ENSG00000156030_170285.5	457	1178	933	262	0	178	331	546
1753	ELMSAN1_ENSG00000156030_170286.6	1119	2	2201	616	299	768	861	1064
1754	ELP2_ENSG00000134759_88587.1	1350	4835	2830	1351	1055	1015	829	1134
1755	ELP2_ENSG00000134759_88588.2	443	0	584	0	549	0	157	276
1756	ELP2_ENSG00000134759_88589.3	644	133	994	312	0	279	292	419
1757	ELP2_ENSG00000134759_88590.4	830	502	1502	202	1163	365	237	535
1758	ELP2_ENSG00000134759_88591.5	1424	2370	2816	1374	1705	1068	680	1073
1759	ELP2_ENSG00000134759_88592.6	605	1148	1113	964	0	0	232	578
1760	ELP3_ENSG00000134014_188405.1	258	0	422	619	522	873	250	236
1761	ELP3_ENSG00000134014_188406.2	1538	707	3097	882	778	570	1092	1343
1762	ELP3_ENSG00000134014_188407.3	783	380	1165	0	0	675	223	441
1763	ELP3_ENSG00000134014_188408.4	717	1351	1480	310	1043	372	595	724
1764	ELP3_ENSG00000134014_188409.5	872	708	1846	0	656	438	393	718
1765	ELP3_ENSG00000134014_188410.6	462	532	979	0	528	0	276	463
1766	ELP4_ENSG00000109911_59326.1	1507	876	2472	915	583	1168	1065	1255
1767	ELP4_ENSG00000109911_59327.2	912	794	1342	175	489	857	491	747
1768	ELP4_ENSG00000109911_59328.3	334	179	608	0	1411	0	297	320
1769	ELP4_ENSG00000109911_59329.4	523	0	914	270	0	186	397	491
1770	ELP4_ENSG00000109911_59330.5	801	483	1715	472	0	263	376	637
1771	ELP4_ENSG00000109911_59331.6	507	136	1012	653	0	0	205	412
1772	EMG1_ENSG00000126749_58946.1	1093	773	2042	587	0	574	396	752
1773	EMG1_ENSG00000126749_58947.2	481	444	867	283	571	354	185	308
1774	EMG1_ENSG00000126749_58948.3	194	203	374	0	0	0	214	192
1775	EMG1_ENSG00000126749_58949.4	237	0	529	268	0	171	75	231
1776	EMG1_ENSG00000126749_58950.5	433	109	972	1	0	207	151	303
1777	EMG1_ENSG00000126749_58951.6	1033	382	1824	542	579	924	778	932
1778	ENY2_ENSG00000120533_16524.1	444	306	934	1	0	305	359	408
1779	ENY2_ENSG00000120533_16525.2	501	590	813	1	0	35	229	413
1780	ENY2_ENSG00000120533_16526.3	433	0	630	331	0	0	334	302
1781	ENY2_ENSG00000120533_16527.4	773	1052	1337	286	148	304	479	761
1782	ENY2_ENSG00000120533_16528.5	490	474	734	650	0	999	125	315
1783	ENY2_ENSG00000120533_16529.6	1524	1087	2843	1506	0	1037	361	1061
1784	EP300_ENSG00000100393_58056.1	2047	744	3811	843	0	646	2170	2028
1785	EP300_ENSG00000100393_58057.2	1431	978	2782	0	608	1629	674	1172
1786	EP300_ENSG00000100393_58058.3	314	0	568	0	0	0	164	253
1787	EP300_ENSG00000100393_58059.4	1458	820	2904	1374	0	784	351	931
1788	EP300_ENSG00000100393_58060.5	270	0	379	0	0	0	113	185
1789	EP300_ENSG00000100393_58061.6	1638	0	3071	0	603	423	786	1197
1790	EP400_ENSG00000183495_134053.1	893	1061	1922	296	403	732	455	865
1791	EP400_ENSG00000183495_134054.2	1624	348	2609	1181	1098	192	1320	1523
1792	EP400_ENSG00000183495_134055.3	718	415	1398	1462	611	1317	385	513
1793	EP400_ENSG00000183495_134056.4	2363	1457	3629	2981	622	2377	1611	1596
1794	EP400_ENSG00000183495_134057.5	829	157	1570	0	1157	592	605	782
1795	EP400_ENSG00000183495_134058.6	979	896	2360	1168	0	200	369	661
1796	EPC1_ENSG00000120616_79754.1	359	445	655	1905	590	615	107	266
1797	EPC1_ENSG00000120616_79755.2	955	868	2200	1105	0	2091	254	817
1798	EPC1_ENSG00000120616_79756.3	600	424	1014	0	0	388	164	500
1799	EPC1_ENSG00000120616_79757.4	832	1229	1409	317	539	871	645	882
1800	EPC1_ENSG00000120616_79758.5	1343	1269	2307	1808	1192	1312	1113	1211
1801	EPC1_ENSG00000120616_79759.6	993	1441	1745	442	1164	2382	658	770
1802	EPC2_ENSG00000135999_178925.1	1238	1027	1830	153	0	1526	944	976
1803	EPC2_ENSG00000135999_178926.2	326	165	725	0	0	0	136	241
1804	EPC2_ENSG00000135999_178927.3	409	299	736	323	0	174	311	382
1805	EPC2_ENSG00000135999_178928.4	486	310	865	302	0	398	215	375
1806	EPC2_ENSG00000135999_178929.5	1038	497	2015	592	0	759	102	427
1807	EPC2_ENSG00000135999_178930.6	708	521	1154	143	0	1148	363	623
1808	ERCC2_ENSG00000104884_94692.1	458	484	830	332	0	0	220	324
1809	ERCC2_ENSG00000104884_94693.2	404	116	540	296	0	571	116	271
1810	ERCC2_ENSG00000104884_94694.3	636	558	934	0	782	905	185	428
1811	ERCC2_ENSG00000104884_94695.4	985	1097	1924	282	0	417	487	835
1812	ERCC2_ENSG00000104884_94696.5	893	528	1416	257	1582	76	545	610
1813	ERCC2_ENSG00000104884_94697.6	1042	347	1427	1193	0	0	822	753
1814	ERCC3_ENSG00000163161_77753.1	1776	717	3448	1166	29	501	1325	1543
1815	ERCC3_ENSG00000163161_77754.2	1593	160	2627	1183	0	421	1195	1246
1816	ERCC3_ENSG00000163161_77755.3	386	419	656	287	561	387	70	219
1817	ERCC3_ENSG00000163161_77756.4	1266	1462	2242	801	1698	180	1182	1192
1818	ERCC3_ENSG00000163161_77757.5	239	142	523	295	0	0	44	108
1819	ERCC3_ENSG00000163161_77758.6	11	0	35	0	0	0	6	24
1820	ERCC5_ENSG00000134899_111248.1	441	673	827	398	1	469	73	265
1821	ERCC5_ENSG00000134899_111249.2	1618	639	2732	766	518	741	673	1204
1822	ERCC5_ENSG00000134899_111250.3	934	919	1849	535	0	821	464	856
1823	ERCC5_ENSG00000134899_111251.4	240	158	485	0	318	279	184	234
1824	ERCC5_ENSG00000134899_111252.5	316	138	690	0	0	425	203	347
1825	ERCC5_ENSG00000134899_111253.6	702	0	1015	152	148	0	180	441
1826	ERCC6_ENSG00000225830_36806.2	1085	693	2318	1	573	611	1065	1080
1827	ERCC6_ENSG00000225830_36809.5	1412	470	2031	816	0	220	705	884
1828	ERCC6_ENSG00000225830_36812.8	1420	1035	2247	306	628	175	1082	1193
1829	ERCC6_ENSG00000225830_36813.9	557	442	1093	301	626	0	302	448
1830	ERCC6_ENSG00000225830_36814.1	804	187	1278	0	0	156	497	602
1831	ERCC6L_ENSG00000186871_175229.1	262	0	420	306	1147	0	110	222
1832	ERCC6L_ENSG00000186871_175230.2	2420	1748	4082	1409	0	747	1867	2075
1833	ERCC6L_ENSG00000186871_175231.3	303	126	724	325	577	0	161	319
1834	ERCC6L_ENSG00000186871_175232.4	359	466	864	629	0	13	267	361
1835	ERCC6L_ENSG00000186871_175233.5	268	189	450	0	0	0	248	192
1836	ERCC6L_ENSG00000186871_175234.6	506	250	1095	928	0	490	121	362
1837	ERCC6L2_ENSG00000182150_164661.1	225	369	347	0	0	0	70	176
1838	ERCC6L2_ENSG00000182150_164662.2	564	478	988	627	0	489	256	399
1839	ERCC6L2_ENSG00000182150_164663.3	33	0	21	1	0	0	23	26
1840	ERCC6L2_ENSG00000182150_164664.4	434	508	819	821	267	68	140	396
1841	ERCC6L2_ENSG00000182150_164665.5	481	557	849	0	0	0	178	372
1842	ERCC6L2_ENSG00000182150_164666.6	818	70	1440	610	0	92	663	701
1843	ERG_ENSG00000157554_97463.1	1154	1220	1674	291	1148	1075	640	921
1844	ERG_ENSG00000157554_97464.2	1151	629	2098	568	1024	502	741	971
1845	ERG_ENSG00000157554_97465.3	609	753	938	314	0	255	387	520
1846	ERG_ENSG00000157554_97466.4	462	1305	910	0	0	466	337	499
1847	ERG_ENSG00000157554_97467.5	1335	1648	2615	327	620	1177	1381	1279
1848	ERG_ENSG00000157554_97468.6	1192	1128	2354	810	77	406	1327	1209
1849	ERI1_ENSG00000104626_119699.1	487	0	779	0	585	397	30	191
1850	ERI1_ENSG00000104626_119700.2	1590	1487	2905	337	327	2202	663	1271
1851	ERI1_ENSG00000104626_119701.3	291	383	596	1	1513	0	116	220
1852	ERI1_ENSG00000104626_119702.4	1484	375	2811	938	862	646	1101	1440
1853	ERI1_ENSG00000104626_119703.5	750	892	1364	627	285	577	193	570
1854	ERI1_ENSG00000104626_119704.6	1113	775	1646	1269	411	27	342	730
1855	ESCO1_ENSG00000141446_182732.1	631	436	924	228	0	452	268	537
1856	ESCO1_ENSG00000141446_182733.2	1530	507	2600	311	656	592	360	1201
1857	ESCO1_ENSG00000141446_182734.3	415	149	1019	606	593	191	353	401
1858	ESCO1_ENSG00000141446_182735.4	430	406	917	575	0	406	125	351
1859	ESCO1_ENSG00000141446_182736.5	999	416	1724	1152	0	391	631	1004
1860	ESCO1_ENSG00000141446_182737.6	636	129	865	303	1	195	300	608
1861	ESCO2_ENSG00000171320_178115.1	892	410	1895	636	0	0	623	816
1862	ESCO2_ENSG00000171320_178116.2	1070	1051	1550	304	0	1270	516	661
1863	ESCO2_ENSG00000171320_178117.3	1095	492	1785	1202	2009	156	957	914
1864	ESCO2_ENSG00000171320_178118.4	662	0	993	317	0	0	414	498
1865	ESCO2_ENSG00000171320_178119.5	1645	614	2337	1170	2610	562	611	1273
1866	ESCO2_ENSG00000171320_178120.6	578	329	1008	612	0	0	277	504
1867	EYA1_ENSG00000104313_170561.1	127	0	294	167	0	0	138	167
1868	EYA1_ENSG00000104313_170562.2	432	179	1167	0	444	411	458	388
1869	EYA1_ENSG00000104313_170563.3	279	127	320	0	0	0	69	122
1870	EYA1_ENSG00000104313_170564.4	1194	757	2356	2228	336	930	1126	1210
1871	EYA1_ENSG00000104313_170565.5	998	1552	1978	635	941	386	869	967
1872	EYA1_ENSG00000104313_170566.6	1092	710	2392	818	1020	395	1265	1216
1873	EYA2_ENSG00000064655_158476.1	1088	750	1577	289	636	978	914	922
1874	EYA2_ENSG00000064655_158477.2	629	653	1063	302	0	301	144	406
1875	EYA2_ENSG00000064655_158478.3	826	467	1455	0	150	0	475	711
1876	EYA2_ENSG00000064655_158479.4	456	0	732	951	0	0	414	436
1877	EYA2_ENSG00000064655_158480.5	289	0	687	295	435	211	180	246
1878	EYA2_ENSG00000064655_158481.6	1436	1473	2053	637	1598	0	641	1176
1879	EZH1_ENSG00000108799_29193.1	561	329	1066	0	323	411	285	405
1880	EZH1_ENSG00000108799_29194.2	1053	772	2325	501	588	909	618	1048
1881	EZH1_ENSG00000108799_29195.3	1484	659	2760	936	1561	1272	744	1013
1882	EZH1_ENSG00000108799_29196.4	134	164	185	0	0	0	58	105
1883	EZH1_ENSG00000108799_29197.5	498	300	1520	0	1181	362	375	584
1884	EZH1_ENSG00000108799_29198.6	359	115	656	1	0	388	63	194
1885	EZH2_ENSG00000106462_13842.1	941	1566	1480	766	301	0	604	817
1886	EZH2_ENSG00000106462_13843.2	727	665	1286	315	1725	345	193	560
1887	EZH2_ENSG00000106462_13844.3	1783	589	2614	966	1826	613	1372	1322
1888	EZH2_ENSG00000106462_13845.4	516	252	894	233	640	954	112	394
1889	EZH2_ENSG00000106462_13846.5	110	0	260	2	0	0	12	62
1890	EZH2_ENSG00000106462_13847.6	1394	664	2522	293	0	283	952	1187
1891	FABP1_ENSG00000163586_115801.1	695	798	1032	529	0	876	256	457
1892	FABP1_ENSG00000163586_115802.2	1142	392	2064	909	564	640	389	803
1893	FABP1_ENSG00000163586_115803.3	745	967	1419	2137	1100	215	582	742
1894	FABP1_ENSG00000163586_115804.4	579	329	832	0	599	567	402	451
1895	FABP1_ENSG00000163586_115805.5	1013	653	1761	616	1393	312	409	783
1896	FABP1_ENSG00000163586_115806.6	604	808	983	895	594	0	334	528
1897	FAM175A_ENSG00000163322_104327.1	180	0	347	0	0	0	168	161
1898	FAM175A_ENSG00000163322_104328.2	1047	1072	2091	597	0	905	870	991
1899	FAM175A_ENSG00000163322_104329.3	596	301	1056	0	0	146	200	525
1900	FAM175A_ENSG00000163322_104330.4	1244	181	2692	283	673	0	832	1308
1901	FAM175A_ENSG00000163322_104331.5	971	132	1402	553	1087	0	430	681
1902	FAM175A_ENSG00000163322_104332.6	773	1029	1148	1166	0	0	661	679
1903	FAM175B_ENSG00000165660_11631.1	393	308	657	883	406	576	207	311
1904	FAM175B_ENSG00000165660_11632.2	781	567	1417	636	892	220	432	651
1905	FAM175B_ENSG00000165660_11633.3	630	324	1268	280	556	0	652	636
1906	FAM175B_ENSG00000165660_11634.4	1504	2118	2871	1266	587	337	1128	1341
1907	FAM175B_ENSG00000165660_11635.5	1086	856	1964	279	0	717	939	911
1908	FAM175B_ENSG00000165660_11636.6	270	138	570	0	0	203	72	242
1909	FAM208A_ENSG00000163946_61282.1	784	1017	1222	0	0	178	384	579
1910	FAM208A_ENSG00000163946_61283.2	1151	673	1974	0	1163	527	1171	1025
1911	FAM208A_ENSG00000163946_61284.3	169	137	457	0	1667	200	4	41
1912	FAM208A_ENSG00000163946_61285.4	398	304	599	0	322	265	215	268
1913	FAM208A_ENSG00000163946_61286.5	670	373	1109	0	782	397	246	599
1914	FAM208A_ENSG00000163946_61287.6	402	474	780	0	0	368	258	436
1915	FANCM_ENSG00000187790_133374.1	607	858	1104	855	552	0	675	657
1916	FANCM_ENSG00000187790_133375.2	190	146	306	325	0	0	65	182
1917	FANCM_ENSG00000187790_133376.3	446	342	1019	593	0	800	215	437
1918	FANCM_ENSG00000187790_133377.4	897	1294	1727	566	562	385	281	763
1919	FANCM_ENSG00000187790_133378.5	262	0	441	313	0	374	167	174
1920	FANCM_ENSG00000187790_133379.6	444	46	886	505	0	0	195	384
1921	FBXL19_ENSG00000099364_107374.1	1596	1226	2557	300	1145	909	1515	1685
1922	FBXL19_ENSG00000099364_107375.2	754	166	1244	2	1138	215	86	289
1923	FBXL19_ENSG00000099364_107376.3	903	612	1527	1705	0	718	728	872
1924	FBXL19_ENSG00000099364_107377.4	720	446	1417	163	2229	0	481	619
1925	FBXL19_ENSG00000099364_107378.5	191	148	253	0	0	186	84	118
1926	FBXL19_ENSG00000099364_107379.6	323	751	531	0	0	0	68	182
1927	FBXO10_ENSG00000147912_101457.1	326	0	456	1	0	373	162	261
1928	FBXO10_ENSG00000147912_101458.2	561	1632	1173	466	344	643	390	462
1929	FBXO10_ENSG00000147912_101459.3	2248	2484	4308	888	1403	723	1888	2084
1930	FBXO10_ENSG00000147912_101460.4	562	473	1195	0	516	385	639	573
1931	FBXO10_ENSG00000147912_101461.5	346	482	726	1	0	0	115	257
1932	FBXO10_ENSG00000147912_101462.6	742	454	1456	660	562	288	424	562
1933	FBXO11_ENSG00000138081_142260.1	1076	628	1923	890	0	2438	411	778
1934	FBXO11_ENSG00000138081_142261.2	685	135	1175	293	555	725	440	520
1935	FBXO11_ENSG00000138081_142262.3	1003	1121	1794	1168	858	243	979	1183
1936	FBXO11_ENSG00000138081_142263.4	1215	630	2199	658	458	14	692	966
1937	FBXO11_ENSG00000138081_142264.5	704	126	1292	912	45	693	285	593
1938	FBXO11_ENSG00000138081_142265.6	447	2	1008	177	264	367	230	392
1939	FBXO17_ENSG00000269190_192156.1	694	0	1060	347	0	401	495	565
1940	FBXO17_ENSG00000269190_192157.2	165	304	374	0	0	0	88	158
1941	FBXO17_ENSG00000269190_192158.3	1344	1336	2804	1954	585	923	884	1329
1942	FBXO17_ENSG00000269190_192159.4	689	782	1536	1178	406	0	314	553
1943	FBXO17_ENSG00000269190_192160.5	951	1	1380	2	0	574	867	783
1944	FBXO17_ENSG00000269190_192161.6	637	165	1235	0	1140	0	765	651
1945	FBXW9_ENSG00000132004_191856.1	1213	344	2392	561	1104	248	1114	1045
1946	FBXW9_ENSG00000132004_191857.2	924	983	1968	881	0	164	106	549
1947	FBXW9_ENSG00000132004_191858.3	1295	515	2066	585	234	546	1394	1294
1948	FBXW9_ENSG00000132004_191859.4	574	150	757	317	577	183	107	269
1949	FBXW9_ENSG00000132004_191860.5	458	408	831	0	797	188	69	212
1950	FBXW9_ENSG00000132004_191861.6	2026	1262	3605	766	494	713	2157	2124
1951	FEN1_ENSG00000168496_36165.1	632	233	963	309	563	0	262	436
1952	FEN1_ENSG00000168496_36166.2	875	341	1446	0	566	218	515	686
1953	FEN1_ENSG00000168496_36167.3	1430	478	2323	1313	13	451	716	1194
1954	FEN1_ENSG00000168496_36168.4	441	158	758	285	1144	0	233	379
1955	FEN1_ENSG00000168496_36169.5	770	310	1003	0	603	374	285	514
1956	FEN1_ENSG00000168496_36170.6	616	589	1165	0	1089	200	316	461
1957	FIZ1_ENSG00000179943_145912.1	126	125	163	298	0	362	24	59
1958	FIZ1_ENSG00000179943_145913.2	365	608	675	0	0	193	87	203
1959	FIZ1_ENSG00000179943_145914.3	157	0	185	281	0	171	84	127
1960	FIZ1_ENSG00000179943_145915.4	849	521	1127	310	0	203	711	691
1961	FIZ1_ENSG00000179943_145916.5	843	457	2082	0	0	1385	515	757
1962	FIZ1_ENSG00000179943_145917.6	1669	2505	2916	656	1432	196	992	1380
1963	FKBP1A_ENSG00000088832_132019.1	846	368	1667	1410	0	599	450	600
1964	FKBP1A_ENSG00000088832_132020.2	658	371	1233	637	811	182	451	659
1965	FKBP1A_ENSG00000088832_132021.3	604	0	1699	500	692	164	201	554
1966	FKBP1A_ENSG00000088832_132022.4	175	0	158	0	0	0	62	122
1967	FKBP1A_ENSG00000088832_132023.5	711	466	1165	268	0	4	288	429
1968	FKBP1C_ENSG00000198225_185413.1	390	0	868	259	6	155	273	415
1969	FKBP1C_ENSG00000198225_185414.2	1361	1690	2267	587	615	251	897	1095
1970	FKBP1C_ENSG00000198225_185415.3	443	265	764	146	0	1	346	444
1971	FKBP1C_ENSG00000198225_185416.4	588	883	891	1048	0	409	173	373
1972	FKBP1C_ENSG00000198225_185418.6	632	674	1180	0	628	0	255	520
1973	FKBP2_ENSG00000173486_71862.1	585	190	975	838	0	189	453	546
1974	FKBP2_ENSG00000173486_71863.2	800	285	1428	497	1214	404	202	569
1975	FKBP2_ENSG00000173486_71864.3	482	146	695	243	0	207	265	341
1976	FKBP2_ENSG00000173486_71865.4	279	308	675	0	724	0	146	288
1977	FKBP2_ENSG00000173486_71866.5	1652	814	2972	1181	285	191	1290	1506
1978	FKBP2_ENSG00000173486_71867.6	111	0	249	0	0	0	3	31
1979	FKBP5_ENSG00000096060_60430.1	592	786	1516	264	33	368	62	368
1980	FKBP5_ENSG00000096060_60431.2	1548	940	2419	2299	3426	1600	1321	1429
1981	FKBP5_ENSG00000096060_60432.3	874	313	1352	346	0	363	402	539
1982	FKBP5_ENSG00000096060_60433.4	1001	475	1977	0	0	393	362	838
1983	FKBP5_ENSG00000096060_60434.5	907	812	1705	301	0	609	771	772
1984	FKBP5_ENSG00000096060_60435.6	806	162	1156	0	0	560	356	602
1985	FLYWCH1_ENSG00000059122_91044.1	2350	1691	3962	591	252	1574	2097	2115
1986	FLYWCH1_ENSG00000059122_91045.2	1019	608	1789	600	0	1128	1104	1045
1987	FLYWCH1_ENSG00000059122_91046.3	443	577	793	310	0	342	117	311
1988	FLYWCH1_ENSG00000059122_91047.4	714	901	1201	0	0	334	465	672
1989	FLYWCH1_ENSG00000059122_91048.5	787	677	1567	603	7	916	527	627
1990	FLYWCH1_ENSG00000059122_91049.6	372	546	944	0	0	109	369	472
1991	FMR1_ENSG00000102081_31991.1	272	2	790	0	0	0	228	372
1992	FMR1_ENSG00000102081_31992.2	673	142	1105	594	384	417	258	556
1993	FMR1_ENSG00000102081_31993.3	1950	1440	3698	1582	43	528	1073	1750
1994	FMR1_ENSG00000102081_31994.4	652	273	1012	590	593	403	250	523
1995	FMR1_ENSG00000102081_31995.5	749	157	1341	811	0	440	561	812
1996	FMR1_ENSG00000102081_31996.6	575	464	1321	336	1487	767	493	656
1997	FOXA1_ENSG00000129514_190826.1	806	1242	1534	1183	2	0	972	935
1998	FOXA1_ENSG00000129514_190827.2	1013	1180	1968	970	1079	1505	396	769
1999	FOXA1_ENSG00000129514_190828.3	883	303	1829	287	143	609	560	894
2000	FOXA1_ENSG00000129514_190829.4	1656	1011	2504	906	879	832	1016	1273
2001	FOXA1_ENSG00000129514_190830.5	740	340	1731	637	321	189	822	740
2002	FOXA1_ENSG00000129514_190831.6	795	561	1337	148	489	385	248	563
2003	FOXA2_ENSG00000125798_150601.1	755	1256	1218	785	750	487	885	808
2004	FOXA2_ENSG00000125798_150602.2	1023	383	2411	645	846	306	1297	1167
2005	FOXA2_ENSG00000125798_150603.3	1096	0	2228	808	0	625	1130	1209
2006	FOXA2_ENSG00000125798_150604.4	84	102	128	0	0	0	56	119
2007	FOXA2_ENSG00000125798_150605.5	121	159	375	0	574	0	151	149
2008	FOXA2_ENSG00000125798_150606.6	1311	1122	1761	1006	0	800	716	924
2009	FOXA3_ENSG00000170608_157551.1	629	292	1205	206	0	119	424	693
2010	FOXA3_ENSG00000170608_157552.2	832	321	1558	1175	0	400	486	785
2011	FOXA3_ENSG00000170608_157553.3	230	0	501	275	469	0	140	158
2012	FOXA3_ENSG00000170608_157554.4	445	273	779	570	1060	414	138	318
2013	FOXA3_ENSG00000170608_157555.5	424	291	783	859	0	125	211	362
2014	FOXA3_ENSG00000170608_157556.6	752	479	1179	258	0	722	432	603
2015	FOXO1_ENSG00000150907_67833.1	591	791	1031	541	0	218	358	553
2016	FOXO1_ENSG00000150907_67834.2	998	679	1956	624	274	1070	715	822
2017	FOXO1_ENSG00000150907_67835.3	1160	920	2511	458	1412	0	852	1144
2018	FOXO1_ENSG00000150907_67836.4	1434	857	2997	897	1502	745	894	1451
2019	FOXO1_ENSG00000150907_67837.5	380	466	619	0	0	0	120	297
2020	FOXO1_ENSG00000150907_67838.6	628	0	1339	0	0	350	433	670
2021	FOXO3_ENSG00000118689_42722.1	251	323	602	0	0	0	131	241
2022	FOXO3_ENSG00000118689_42723.2	242	0	245	0	0	0	118	150
2023	FOXO3_ENSG00000118689_42724.3	1451	1265	2343	1253	80	827	549	1166
2024	FOXO3_ENSG00000118689_42725.4	989	444	2019	1542	1341	833	165	711
2025	FOXO3_ENSG00000118689_42726.5	383	1	574	0	2217	0	163	222
2026	FOXO3_ENSG00000118689_42727.6	374	0	623	0	0	0	167	295
2027	FOXO4_ENSG00000184481_75170.1	514	580	1008	294	0	0	375	517
2028	FOXO4_ENSG00000184481_75171.2	498	262	822	595	0	588	103	283
2029	FOXO4_ENSG00000184481_75172.3	590	613	898	0	0	182	211	373
2030	FOXO4_ENSG00000184481_75173.4	193	166	295	267	0	0	101	141
2031	FOXO4_ENSG00000184481_75174.5	487	166	819	151	0	0	280	325
2032	FOXO4_ENSG00000184481_75175.6	827	528	1430	0	561	0	218	540
2033	FOXP3_ENSG00000049768_70943.1	1727	643	3754	818	0	1654	944	1412
2034	FOXP3_ENSG00000049768_70944.2	478	237	1104	1	0	455	272	456
2035	FOXP3_ENSG00000049768_70945.3	545	0	774	0	573	396	130	237
2036	FOXP3_ENSG00000049768_70946.4	217	561	423	0	0	0	119	195
2037	FOXP3_ENSG00000049768_70947.5	1950	1837	3507	1162	1228	0	1603	2042
2038	FOXP3_ENSG00000049768_70948.6	249	182	528	0	0	208	112	251
2039	FOXP4_ENSG00000137166_14892.1	720	431	1426	41	0	211	633	748
2040	FOXP4_ENSG00000137166_14893.2	575	149	976	263	276	360	146	279
2041	FOXP4_ENSG00000137166_14894.3	2527	782	4133	2359	800	709	2140	2342
2042	FOXP4_ENSG00000137166_14895.4	903	746	1741	815	1724	644	398	822
2043	FOXP4_ENSG00000137166_14896.5	182	139	344	602	0	0	95	141
2044	FOXP4_ENSG00000137166_14897.6	730	875	1525	322	0	469	324	536
2045	FSBP_ENSG00000265817_182532.1	832	875	1342	1105	1120	210	505	766
2046	FSBP_ENSG00000265817_182533.2	1759	1088	3158	272	0	1262	1785	1859
2047	FSBP_ENSG00000265817_182534.3	1015	878	1690	338	688	821	559	839
2048	FSBP_ENSG00000265817_182535.4	660	0	1307	925	0	390	279	645
2049	FSBP_ENSG00000265817_182536.5	684	859	1386	1378	0	0	307	599
2050	FSBP_ENSG00000265817_182537.6	777	331	1548	1567	0	109	608	777
2051	FTSJ3_ENSG00000108592_65202.1	362	238	627	0	528	0	301	365
2052	FTSJ3_ENSG00000108592_65203.2	925	459	1301	597	163	823	389	652
2053	FTSJ3_ENSG00000108592_65204.3	662	500	1171	1304	1173	281	330	500
2054	FTSJ3_ENSG00000108592_65205.4	1245	1570	2050	1726	1144	323	454	758
2055	FTSJ3_ENSG00000108592_65206.5	852	515	1716	360	0	351	193	529
2056	FTSJ3_ENSG00000108592_65207.6	481	239	978	242	0	16	72	326
2057	FUBP3_ENSG00000107164_102265.1	629	1405	1463	305	1487	204	337	616
2058	FUBP3_ENSG00000107164_102266.2	586	726	1019	0	0	195	168	372
2059	FUBP3_ENSG00000107164_102267.3	1540	1143	2692	630	1157	1226	858	1347
2060	FUBP3_ENSG00000107164_102268.4	596	712	1211	278	0	53	393	491
2061	FUBP3_ENSG00000107164_102269.5	289	151	481	313	0	211	68	170
2062	FUBP3_ENSG00000107164_102270.6	280	590	514	292	0	0	137	264
2063	FUS_ENSG00000089280_154456.1	2537	1839	3861	941	0	1242	1838	2159
2064	FUS_ENSG00000089280_154457.2	871	0	1430	0	0	49	405	695
2065	FUS_ENSG00000089280_154458.3	1006	867	1847	566	1160	446	645	921
2066	FUS_ENSG00000089280_154459.4	1125	395	2266	1216	0	937	937	1064
2067	FUS_ENSG00000089280_154460.5	1145	1015	2183	837	630	1125	400	953
2068	FUS_ENSG00000089280_154461.6	699	464	1524	1261	572	268	33	281
2069	FXR1_ENSG00000114416_52680.1	716	943	1532	606	1172	546	728	758
2070	FXR1_ENSG00000114416_52681.2	236	41	608	0	0	0	242	291
2071	FXR1_ENSG00000114416_52682.3	1157	931	2555	1025	1914	594	810	1081
2072	FXR1_ENSG00000114416_52683.4	550	548	769	339	0	0	411	503
2073	FXR1_ENSG00000114416_52684.5	922	379	1601	723	0	1361	370	718
2074	FXR1_ENSG00000114416_52685.6	989	1142	1945	604	0	197	738	915
2075	FXR2_ENSG00000129245_41731.1	810	569	1540	316	1445	44	306	583
2076	FXR2_ENSG00000129245_41732.2	879	403	1692	950	899	0	385	721
2077	FXR2_ENSG00000129245_41733.3	382	0	643	961	417	0	274	320
2078	FXR2_ENSG00000129245_41734.4	733	552	1764	1482	1594	211	253	659
2079	FXR2_ENSG00000129245_41735.5	799	232	1773	340	1	289	683	768
2080	FXR2_ENSG00000129245_41736.6	1164	139	1935	269	0	551	577	873
2081	G2E3_ENSG00000092140_3819.1	830	156	1599	1	1413	190	632	898
2082	G2E3_ENSG00000092140_3820.2	1433	557	2585	1	0	950	947	1380
2083	G2E3_ENSG00000092140_3821.3	1219	744	2072	284	0	1312	1173	1179
2084	G2E3_ENSG00000092140_3822.4	754	426	1414	352	1143	223	267	633
2085	G2E3_ENSG00000092140_3823.5	903	140	1996	672	38	429	408	761
2086	G2E3_ENSG00000092140_3824.6	847	1761	1752	743	573	622	836	913
2087	GADD45A_ENSG00000116717_42632.1	1320	425	2479	319	798	601	1621	1617
2088	GADD45A_ENSG00000116717_42633.2	1024	727	1637	333	0	250	395	741
2089	GADD45A_ENSG00000116717_42634.3	631	1	1052	1	0	138	202	561
2090	GADD45A_ENSG00000116717_42635.4	638	176	1096	2	0	365	772	699
2091	GADD45A_ENSG00000116717_42636.5	468	0	1026	226	0	198	137	336
2092	GADD45A_ENSG00000116717_42637.6	446	229	839	1	0	175	327	376
2093	GADD45B_ENSG00000099860_27485.1	582	141	1121	601	0	0	167	372
2094	GADD45B_ENSG00000099860_27486.2	650	469	943	737	274	2	445	514
2095	GADD45B_ENSG00000099860_27487.3	200	0	372	0	0	0	99	114
2096	GADD45B_ENSG00000099860_27488.4	1260	243	2507	518	0	577	964	1168
2097	GADD45B_ENSG00000099860_27489.5	854	243	1191	610	0	717	518	678
2098	GADD45B_ENSG00000099860_27490.6	716	764	1501	309	0	364	185	430
2099	GATAD2A_ENSG00000167491_191329.1	2064	1351	4055	915	965	1475	1586	2242
2100	GATAD2A_ENSG00000167491_191330.2	1360	1110	2314	1294	954	582	816	1270
2101	GATAD2A_ENSG00000167491_191331.3	879	443	1871	272	0	1172	196	658
2102	GATAD2A_ENSG00000167491_191332.4	1195	1120	1749	0	566	899	602	854
2103	GATAD2A_ENSG00000167491_191333.5	615	543	1174	296	0	205	405	569
2104	GATAD2A_ENSG00000167491_191334.6	858	1146	1229	1163	0	199	440	544
2105	GATAD2B_ENSG00000143614_130350.1	1668	841	3078	1	1621	2010	556	1305
2106	GATAD2B_ENSG00000143614_130351.2	1195	297	2231	847	546	382	588	1065
2107	GATAD2B_ENSG00000143614_130352.3	699	171	1370	275	457	0	436	728
2108	GATAD2B_ENSG00000143614_130353.4	1091	530	1957	267	1126	215	787	996
2109	GATAD2B_ENSG00000143614_130354.5	519	139	912	320	0	233	276	398
2110	GATAD2B_ENSG00000143614_130355.6	1683	1189	2771	886	1098	321	650	1112
2111	GDAP2_ENSG00000196505_91144.1	822	292	1393	1009	1917	800	152	413
2112	GDAP2_ENSG00000196505_91145.2	1234	1255	2350	643	0	0	784	940
2113	GDAP2_ENSG00000196505_91146.3	796	1570	1358	941	1766	407	510	604
2114	GDAP2_ENSG00000196505_91147.4	786	553	1205	0	1161	889	426	723
2115	GDAP2_ENSG00000196505_91148.5	567	264	1261	0	0	241	150	472
2116	GDAP2_ENSG00000196505_91149.6	557	179	867	0	2077	172	455	528
2117	GFI1B_ENSG00000165702_190370.1	169	0	132	0	0	0	69	123
2118	GFI1B_ENSG00000165702_190371.2	845	312	1644	0	533	202	532	842
2119	GFI1B_ENSG00000165702_190372.3	483	397	976	0	270	212	94	386
2120	GFI1B_ENSG00000165702_190373.4	733	146	1285	560	704	189	230	579
2121	GFI1B_ENSG00000165702_190374.5	792	319	1257	0	0	0	285	572
2122	GFI1B_ENSG00000165702_190375.6	331	191	571	0	429	199	284	288
2123	GLI1_ENSG00000111087_78433.1	982	616	1857	298	372	630	479	751
2124	GLI1_ENSG00000111087_78434.2	193	0	311	0	594	430	70	184
2125	GLI1_ENSG00000111087_78435.3	791	456	1319	0	1597	459	586	633
2126	GLI1_ENSG00000111087_78436.4	934	849	1867	1070	260	1018	286	811
2127	GLI1_ENSG00000111087_78437.5	441	0	637	907	0	181	161	329
2128	GLI1_ENSG00000111087_78438.6	141	301	335	0	0	0	14	55
2129	GLI3_ENSG00000106571_143632.1	567	743	1181	0	1115	682	442	463
2130	GLI3_ENSG00000106571_143633.2	887	350	1299	0	472	578	738	900
2131	GLI3_ENSG00000106571_143634.3	693	325	1237	0	0	1397	463	647
2132	GLI3_ENSG00000106571_143635.4	508	356	1021	0	584	395	163	387
2133	GLI3_ENSG00000106571_143636.5	545	552	1005	923	0	170	309	308
2134	GLI3_ENSG00000106571_143637.6	786	299	1246	310	630	184	410	618
2135	GLYR1_ENSG00000140632_99205.1	176	0	292	0	0	0	89	160
2136	GLYR1_ENSG00000140632_99206.2	500	0	1035	0	0	303	240	515
2137	GLYR1_ENSG00000140632_99207.3	662	158	1363	0	2299	35	357	680
2138	GLYR1_ENSG00000140632_99208.4	983	250	1686	908	518	157	522	873
2139	GLYR1_ENSG00000140632_99209.5	1540	1244	3017	1184	546	1258	402	1122
2140	GLYR1_ENSG00000140632_99210.6	838	778	1345	976	772	20	529	798
2141	GON4L_ENSG00000116580_36966.1	1321	900	2408	636	583	359	1069	1381
2142	GON4L_ENSG00000116580_36967.2	956	387	1831	1153	1073	1793	818	891
2143	GON4L_ENSG00000116580_36968.3	980	661	1833	137	0	862	904	939
2144	GON4L_ENSG00000116580_36969.4	450	1335	882	0	1163	358	256	393
2145	GON4L_ENSG00000116580_36970.5	1060	569	2272	373	0	456	851	1054
2146	GON4L_ENSG00000116580_36971.6	824	957	1207	965	1226	301	560	634
2147	GPS2_ENSG00000132522_118366.1	1087	1213	1405	1232	154	189	972	1160
2148	GPS2_ENSG00000132522_118367.2	265	407	478	0	500	351	21	129
2149	GPS2_ENSG00000132522_118368.3	644	1274	1117	1157	477	712	578	510
2150	GPS2_ENSG00000132522_118369.4	273	890	641	0	0	425	167	278
2151	GPS2_ENSG00000132522_118370.5	691	850	1164	0	0	1151	463	526
2152	GPS2_ENSG00000132522_118371.6	997	981	1467	1528	1378	1179	595	787
2153	GSG2_ENSG00000177602_131679.1	330	302	413	522	0	0	56	214
2154	GSG2_ENSG00000177602_131680.2	684	349	1106	274	893	0	367	515
2155	GSG2_ENSG00000177602_131681.3	287	0	574	0	0	0	60	164
2156	GSG2_ENSG00000177602_131682.4	531	280	907	790	569	637	142	399
2157	GSG2_ENSG00000177602_131683.5	1317	1092	2686	1344	1160	1186	1159	1134
2158	GSG2_ENSG00000177602_131684.6	1231	1054	2077	2131	300	887	869	1091
2159	GTF2A1_ENSG00000165417_108521.1	1156	466	1947	293	547	551	1170	1136
2160	GTF2A1_ENSG00000165417_108522.2	911	803	1933	281	0	655	880	951
2161	GTF2A1_ENSG00000165417_108523.3	693	410	1281	0	1789	212	531	655
2162	GTF2A1_ENSG00000165417_108524.4	658	871	1174	697	0	373	299	676
2163	GTF2A1_ENSG00000165417_108525.5	183	1	339	350	535	0	119	166
2164	GTF2A1_ENSG00000165417_108526.6	421	367	772	363	591	0	397	495
2165	GTF2A2_ENSG00000140307_106167.1	375	0	658	164	23	176	137	271
2166	GTF2A2_ENSG00000140307_106168.2	103	0	226	0	0	0	123	144
2167	GTF2A2_ENSG00000140307_106169.3	347	475	581	257	0	105	176	272
2168	GTF2A2_ENSG00000140307_106170.4	790	1198	1555	929	0	378	718	896
2169	GTF2A2_ENSG00000140307_106171.5	398	314	501	336	83	109	133	263
2170	GTF2A2_ENSG00000140307_106172.6	785	434	1409	338	0	3	387	619
2171	GTF2B_ENSG00000137947_167903.1	1175	640	1454	742	756	1050	608	945
2172	GTF2B_ENSG00000137947_167904.2	920	961	1538	603	0	1172	739	877
2173	GTF2B_ENSG00000137947_167905.3	1474	980	2782	410	828	922	496	1199
2174	GTF2B_ENSG00000137947_167906.4	943	352	1470	591	1018	204	385	803
2175	GTF2B_ENSG00000137947_167907.5	1164	620	2221	835	0	677	555	937
2176	GTF2B_ENSG00000137947_167908.6	957	457	1863	1102	0	335	585	902
2177	GTF2E1_ENSG00000153767_191986.1	112	320	254	303	0	0	94	99
2178	GTF2E1_ENSG00000153767_191987.2	528	100	1154	805	0	469	418	557
2179	GTF2E1_ENSG00000153767_191988.3	546	298	1081	613	0	219	228	506
2180	GTF2E1_ENSG00000153767_191989.4	1143	141	2176	586	0	212	939	1133
2181	GTF2E1_ENSG00000153767_191990.5	1052	723	1584	913	262	649	531	916
2182	GTF2E1_ENSG00000153767_191991.6	385	373	812	0	546	0	41	312
2183	GTF2E2_ENSG00000197265_31261.1	1039	456	2026	270	1178	414	400	938
2184	GTF2E2_ENSG00000197265_31262.2	629	163	1153	668	646	124	643	578
2185	GTF2E2_ENSG00000197265_31263.3	709	531	1516	1565	584	433	237	565
2186	GTF2E2_ENSG00000197265_31264.4	836	578	1465	0	556	785	388	638
2187	GTF2E2_ENSG00000197265_31265.5	590	144	1199	264	510	248	254	403
2188	GTF2E2_ENSG00000197265_31266.6	999	974	1557	159	592	625	999	974
2189	GTF2F1_ENSG00000125651_82716.1	978	416	2418	1189	1379	469	466	801
2190	GTF2F1_ENSG00000125651_82717.2	937	1136	1815	0	293	392	671	886
2191	GTF2F1_ENSG00000125651_82718.3	996	549	1873	0	0	416	538	840
2192	GTF2F1_ENSG00000125651_82719.4	1756	1205	2526	561	571	1068	729	1415
2193	GTF2F1_ENSG00000125651_82720.5	1139	792	1952	0	1199	396	909	1173
2194	GTF2F1_ENSG00000125651_82721.6	404	1	725	806	0	522	312	320
2195	GTF2F2_ENSG00000188342_889.1	611	297	974	758	0	35	302	557
2196	GTF2F2_ENSG00000188342_890.2	1198	1101	1764	308	0	612	645	858
2197	GTF2F2_ENSG00000188342_891.3	356	273	804	601	270	0	126	354
2198	GTF2F2_ENSG00000188342_892.4	898	325	1743	1060	0	1016	709	825
2199	GTF2F2_ENSG00000188342_893.5	214	0	174	624	571	0	168	206
2200	GTF2F2_ENSG00000188342_894.6	641	73	901	584	0	386	387	504
2201	GTF2H1_ENSG00000110768_35222.1	1537	448	2308	874	0	569	1392	1374
2202	GTF2H1_ENSG00000110768_35223.2	1063	450	2150	0	583	1300	568	1065
2203	GTF2H1_ENSG00000110768_35224.3	474	833	1055	589	673	380	225	391
2204	GTF2H1_ENSG00000110768_35225.4	1587	830	3054	1893	1177	459	1255	1340
2205	GTF2H1_ENSG00000110768_35226.5	677	141	1068	0	0	733	173	470
2206	GTF2H1_ENSG00000110768_35227.6	423	165	784	0	1204	576	269	400
2207	GTF2H2_ENSG00000145736_134783.1	836	1130	1374	313	0	958	793	786
2208	GTF2H2_ENSG00000145736_134784.2	931	0	1707	280	1676	701	466	757
2209	GTF2H2_ENSG00000145736_134785.3	240	0	472	0	1016	329	94	202
2210	GTF2H2_ENSG00000145736_134786.4	635	0	1163	0	0	195	696	644
2211	GTF2H2_ENSG00000145736_134787.5	793	495	1534	1857	0	1069	446	706
2212	GTF2H2_ENSG00000145736_134788.6	836	737	1275	299	0	539	381	609
2213	GTF2H3_ENSG00000111358_100.1	264	258	600	0	93	0	71	189
2214	GTF2H3_ENSG00000111358_91.1	1594	3056	2381	1279	109	563	937	1311
2215	GTF2H3_ENSG00000111358_92.2	1307	374	2483	1625	1177	1022	878	1155
2216	GTF2H3_ENSG00000111358_93.3	590	447	1065	0	0	306	398	569
2217	GTF2H3_ENSG00000111358_94.4	1269	728	2485	922	0	1445	1636	1327
2218	GTF2H3_ENSG00000111358_95.5	243	0	438	337	0	0	28	151
2219	GTF2H4_ENSG00000213780_113410.1	1269	484	1923	0	0	50	695	969
2220	GTF2H4_ENSG00000213780_113411.2	509	177	750	999	1673	0	121	298
2221	GTF2H4_ENSG00000213780_113412.3	671	616	1182	302	0	1547	296	533
2222	GTF2H4_ENSG00000213780_113413.4	786	483	1477	305	2	180	739	696
2223	GTF2H4_ENSG00000213780_113414.5	613	132	792	609	513	0	192	303
2224	GTF2H4_ENSG00000213780_113415.6	798	308	1332	914	0	91	273	581
2225	GTF2H5_ENSG00000272047_108231.1	554	319	1130	1561	37	359	247	462
2226	GTF2H5_ENSG00000272047_108232.2	1359	495	2329	739	1434	661	798	1022
2227	GTF2H5_ENSG00000272047_108233.3	209	162	445	11	0	191	155	232
2228	GTF2H5_ENSG00000272047_108234.4	1334	1713	2521	768	1988	432	585	1047
2229	GTF2H5_ENSG00000272047_108235.5	485	0	844	0	0	205	169	357
2230	GTF2H5_ENSG00000272047_108236.6	784	1184	1309	0	1152	0	380	640
2231	GTF3C4_ENSG00000125484_127980.1	937	449	1667	564	0	547	364	567
2232	GTF3C4_ENSG00000125484_127981.2	498	173	564	0	570	191	307	347
2233	GTF3C4_ENSG00000125484_127982.3	276	531	508	0	0	0	139	230
2234	GTF3C4_ENSG00000125484_127983.4	491	282	1053	1	1102	0	158	384
2235	GTF3C4_ENSG00000125484_127984.5	148	0	276	380	0	0	132	86
2236	GTF3C4_ENSG00000125484_127985.6	842	157	1725	1	480	245	596	849
2237	GTF3C5_ENSG00000148308_53888.1	1365	878	2339	654	632	406	1323	1136
2238	GTF3C5_ENSG00000148308_53889.2	74	0	83	0	0	333	22	25
2239	GTF3C5_ENSG00000148308_53890.3	1507	1507	2785	294	1	426	1334	1289
2240	GTF3C5_ENSG00000148308_53891.4	682	77	1276	638	0	226	149	463
2241	GTF3C5_ENSG00000148308_53892.5	191	0	495	0	0	0	199	204
2242	GTF3C5_ENSG00000148308_53893.6	1357	700	2506	592	0	1213	1130	1312
2243	H1F0_ENSG00000189060_117798.1	612	478	1108	1	311	0	280	615
2244	H1F0_ENSG00000189060_117799.2	237	209	462	360	0	183	190	263
2245	H1F0_ENSG00000189060_117800.3	678	435	1194	1142	1125	348	484	636
2246	H1F0_ENSG00000189060_117801.4	715	152	1576	321	0	790	225	549
2247	H1F0_ENSG00000189060_117802.5	1011	1075	1890	626	0	177	478	789
2248	H1F0_ENSG00000189060_117803.6	1309	1483	2766	895	574	712	932	1248
2249	H1FOO_ENSG00000178804_103283.1	790	317	1273	313	0	639	464	630
2250	H1FOO_ENSG00000178804_103284.2	708	324	1204	1148	542	0	267	575
2251	H1FOO_ENSG00000178804_103285.3	1206	704	2086	933	0	184	634	912
2252	H1FOO_ENSG00000178804_103286.4	736	905	1277	322	1129	779	264	470
2253	H1FOO_ENSG00000178804_103287.5	517	645	1531	32	497	615	355	611
2254	H1FOO_ENSG00000178804_103288.6	111	171	182	0	0	0	106	109
2255	H1FX_ENSG00000184897_102453.1	637	366	1112	287	0	377	406	561
2256	H1FX_ENSG00000184897_102454.2	1066	670	2206	605	0	0	510	1025
2257	H1FX_ENSG00000184897_102455.3	1935	1944	3255	287	1658	806	998	1619
2258	H1FX_ENSG00000184897_102456.4	627	335	1110	611	649	190	404	574
2259	H1FX_ENSG00000184897_102457.5	530	421	1271	767	0	369	195	425
2260	H1FX_ENSG00000184897_102458.6	1002	180	1709	952	551	387	594	859
2261	H2AFJ_ENSG00000246705_99225.1	928	1673	1770	299	772	488	669	814
2262	H2AFJ_ENSG00000246705_99226.2	331	152	565	255	0	0	91	223
2263	H2AFJ_ENSG00000246705_99227.3	123	273	234	0	0	0	61	101
2264	H2AFJ_ENSG00000246705_99228.4	312	917	918	0	0	0	127	280
2265	H2AFJ_ENSG00000246705_99229.5	547	158	969	0	0	204	252	392
2266	H2AFJ_ENSG00000246705_99230.6	946	1654	1601	942	1064	249	696	617
2267	H2AFV_ENSG00000105968_71203.2	333	0	471	607	573	0	167	215
2268	H2AFV_ENSG00000105968_71204.3	393	0	738	0	0	203	415	410
2269	H2AFV_ENSG00000105968_71205.4	555	778	1145	0	14	415	511	564
2270	H2AFV_ENSG00000105968_71206.5	1167	2164	2109	0	80	612	951	977
2271	H2AFV_ENSG00000105968_71207.6	324	273	547	0	1437	56	119	253
2272	H2AFX_ENSG00000188486_75061.1	502	178	1285	335	0	231	322	458
2273	H2AFX_ENSG00000188486_75062.2	342	0	904	320	55	0	274	377
2274	H2AFX_ENSG00000188486_75063.3	360	80	829	0	151	379	174	303
2275	H2AFX_ENSG00000188486_75064.4	616	442	1248	238	0	433	344	645
2276	H2AFX_ENSG00000188486_75065.5	991	195	1610	1423	1432	607	289	676
2277	H2AFX_ENSG00000188486_75066.6	395	94	699	0	0	0	171	341
2278	H2AFY_ENSG00000113648_28208.1	158	0	231	0	0	190	87	128
2279	H2AFY_ENSG00000113648_28209.2	1319	1369	2716	1260	336	764	1142	1455
2280	H2AFY_ENSG00000113648_28210.3	305	0	606	467	0	173	88	210
2281	H2AFY_ENSG00000113648_28211.4	931	1002	1742	576	1265	193	272	700
2282	H2AFY_ENSG00000113648_28212.5	1135	615	2006	915	700	1419	679	1069
2283	H2AFY_ENSG00000113648_28213.6	1385	608	2240	323	1647	919	1078	1473
2284	H2AFY2_ENSG00000099284_77973.1	1277	923	1980	287	0	396	1109	911
2285	H2AFY2_ENSG00000099284_77974.2	542	539	1230	0	617	190	300	422
2286	H2AFY2_ENSG00000099284_77975.3	1315	720	2540	292	687	1050	986	1149
2287	H2AFY2_ENSG00000099284_77976.4	1418	2065	3031	306	0	886	1369	1556
2288	H2AFY2_ENSG00000099284_77977.5	982	682	1527	334	32	131	925	1008
2289	H2AFY2_ENSG00000099284_77978.6	960	456	1599	1041	813	0	284	632
2290	H2AFZ_ENSG00000164032_31171.1	1222	1710	1941	325	0	493	915	870
2291	H2AFZ_ENSG00000164032_31172.2	455	774	967	264	0	225	370	425
2292	H2AFZ_ENSG00000164032_31173.3	696	423	1194	1280	0	0	667	593
2293	H2AFZ_ENSG00000164032_31174.4	736	326	1453	922	271	570	411	587
2294	H2AFZ_ENSG00000164032_31175.5	175	408	474	0	0	200	89	164
2295	H2AFZ_ENSG00000164032_31176.6	156	0	305	326	0	0	165	168
2296	H2BFM_ENSG00000101812_91923.1	2610	2176	4548	1454	574	1673	2803	2733
2297	H2BFM_ENSG00000101812_91924.2	1544	1003	3242	583	1307	998	1489	1473
2298	H2BFM_ENSG00000101812_91925.3	1268	742	2395	1625	1110	783	747	1168
2299	H2BFM_ENSG00000101812_91926.4	382	332	753	1391	0	507	7	72
2300	H2BFM_ENSG00000101812_91927.5	384	668	784	286	0	395	370	427
2301	H2BFM_ENSG00000101812_91928.6	314	113	587	515	0	0	206	355
2302	H2BFWT_ENSG00000123569_31421.1	793	482	2272	1701	699	1115	890	956
2303	H2BFWT_ENSG00000123569_31422.2	456	491	757	1550	0	1350	76	300
2304	H2BFWT_ENSG00000123569_31423.3	595	657	901	0	253	384	163	357
2305	H2BFWT_ENSG00000123569_31424.4	670	867	1288	0	590	1168	316	556
2306	H2BFWT_ENSG00000123569_31425.5	591	506	1019	0	143	926	174	451
2307	H2BFWT_ENSG00000123569_31426.6	867	1	1837	292	1145	748	537	806
2308	H3F3B_ENSG00000132475_171968.1	303	0	563	255	0	0	29	128
2309	H3F3B_ENSG00000132475_171969.2	196	0	268	0	2095	0	122	105
2310	H3F3B_ENSG00000132475_171970.3	1049	226	1425	0	623	200	173	582
2311	H3F3B_ENSG00000132475_171971.4	506	291	908	578	0	298	185	338
2312	H3F3B_ENSG00000132475_171973.6	1236	376	1461	0	2299	0	480	768
2313	HAT1_ENSG00000128708_164089.1	314	0	352	0	1128	426	58	170
2314	HAT1_ENSG00000128708_164090.2	514	361	996	660	1	461	268	471
2315	HAT1_ENSG00000128708_164091.3	1390	847	2228	318	1617	298	639	1095
2316	HAT1_ENSG00000128708_164092.4	1718	1429	3022	1483	1391	1293	1024	1585
2317	HAT1_ENSG00000128708_164093.5	303	294	418	618	0	395	258	287
2318	HAT1_ENSG00000128708_164094.6	793	369	1139	328	156	1594	515	694
2319	HCFC1_ENSG00000172534_43726.1	1652	710	2854	2	1820	418	841	1208
2320	HCFC1_ENSG00000172534_43727.2	1662	836	2626	657	557	564	1186	1400
2321	HCFC1_ENSG00000172534_43728.3	562	527	1102	1090	845	331	363	560
2322	HCFC1_ENSG00000172534_43729.4	618	139	878	141	485	0	374	588
2323	HCFC1_ENSG00000172534_43730.5	991	748	2097	272	520	694	625	1015
2324	HCFC1_ENSG00000172534_43731.6	54	169	108	0	0	0	51	62
2325	HDAC1_ENSG00000116478_138286.1	390	475	745	160	539	394	186	268
2326	HDAC1_ENSG00000116478_138287.2	370	1028	826	0	0	211	155	247
2327	HDAC1_ENSG00000116478_138288.3	436	0	319	285	0	0	113	208
2328	HDAC1_ENSG00000116478_138289.4	532	176	948	311	587	612	296	376
2329	HDAC1_ENSG00000116478_138290.5	595	132	1336	854	27	350	211	542
2330	HDAC1_ENSG00000116478_138291.6	402	354	822	0	0	179	417	397
2331	HDAC10_ENSG00000100429_115207.1	696	691	770	319	0	0	266	437
2332	HDAC10_ENSG00000100429_115208.2	239	813	563	0	0	214	102	195
2333	HDAC10_ENSG00000100429_115209.3	522	167	1123	493	0	298	494	556
2334	HDAC10_ENSG00000100429_115210.4	157	147	399	0	0	0	51	137
2335	HDAC10_ENSG00000100429_115211.5	897	247	1198	602	0	0	534	626
2336	HDAC10_ENSG00000100429_115212.6	575	135	1122	252	0	103	375	474
2337	HDAC11_ENSG00000163517_109900.1	1023	866	1739	598	132	40	950	948
2338	HDAC11_ENSG00000163517_109901.2	320	157	674	624	0	405	181	265
2339	HDAC11_ENSG00000163517_109902.3	988	598	1498	1455	0	565	824	828
2340	HDAC11_ENSG00000163517_109903.4	1010	135	1509	1349	0	207	527	731
2341	HDAC11_ENSG00000163517_109904.5	1506	1913	2693	1469	0	1493	1251	1527
2342	HDAC11_ENSG00000163517_109905.6	101	405	267	0	0	8	49	91
2343	HDAC2_ENSG00000196591_3689.1	327	814	673	278	62	207	160	316
2344	HDAC2_ENSG00000196591_3690.2	231	110	415	321	311	0	62	195
2345	HDAC2_ENSG00000196591_3691.3	272	0	481	148	0	216	193	245
2346	HDAC2_ENSG00000196591_3692.4	1024	0	1864	908	1174	176	770	993
2347	HDAC2_ENSG00000196591_3693.5	610	285	1229	317	1362	486	446	610
2348	HDAC2_ENSG00000196591_3694.6	11	12	26	12	0	0	0	7
2349	HDAC3_ENSG00000171720_161760.1	369	263	739	299	0	325	139	249
2350	HDAC3_ENSG00000171720_161761.2	227	0	680	1025	305	625	154	277
2351	HDAC3_ENSG00000171720_161762.3	521	317	1209	0	503	406	314	505
2352	HDAC3_ENSG00000171720_161763.4	1225	370	2018	886	755	894	1490	1251
2353	HDAC3_ENSG00000171720_161764.5	1141	476	2026	987	1154	556	714	956
2354	HDAC3_ENSG00000171720_161765.6	1506	893	2417	927	281	998	823	1107
2355	HDAC4_ENSG00000068024_14472.1	711	354	1120	332	0	273	230	535
2356	HDAC4_ENSG00000068024_14473.2	1035	500	1977	636	67	24	974	924
2357	HDAC4_ENSG00000068024_14474.3	251	143	387	318	0	0	96	146
2358	HDAC4_ENSG00000068024_14475.4	1108	479	1817	339	1393	376	649	797
2359	HDAC4_ENSG00000068024_14476.5	552	70	955	269	0	0	490	467
2360	HDAC4_ENSG00000068024_14477.6	943	598	1390	314	1232	633	309	575
2361	HDAC5_ENSG00000108840_64028.1	1299	1170	2182	402	257	441	642	1069
2362	HDAC5_ENSG00000108840_64029.2	1496	1127	2270	553	618	899	841	1206
2363	HDAC5_ENSG00000108840_64030.3	309	640	408	0	0	0	97	246
2364	HDAC5_ENSG00000108840_64031.4	263	469	388	0	0	0	302	232
2365	HDAC5_ENSG00000108840_64032.5	475	1	741	0	0	207	265	398
2366	HDAC5_ENSG00000108840_64033.6	650	456	1102	886	592	436	374	545
2367	HDAC6_ENSG00000094631_189909.1	515	0	1269	0	0	218	207	392
2368	HDAC6_ENSG00000094631_189910.2	226	0	599	292	514	0	50	147
2369	HDAC6_ENSG00000094631_189911.3	385	0	675	477	0	154	90	344
2370	HDAC6_ENSG00000094631_189912.4	1628	521	2303	849	0	962	592	1114
2371	HDAC6_ENSG00000094631_189913.5	1142	74	1615	317	579	396	424	675
2372	HDAC6_ENSG00000094631_189914.6	946	0	1842	321	536	224	890	935
2373	HDAC7_ENSG00000061273_64158.1	24	78	58	0	0	0	20	27
2374	HDAC7_ENSG00000061273_64159.2	637	143	1076	579	0	495	171	402
2375	HDAC7_ENSG00000061273_64160.3	740	321	1482	0	1131	379	269	453
2376	HDAC7_ENSG00000061273_64161.4	93	0	148	0	0	181	17	59
2377	HDAC7_ENSG00000061273_64162.5	88	0	134	0	566	0	47	92
2378	HDAC7_ENSG00000061273_64163.6	813	299	1363	821	140	446	303	687
2379	HDAC8_ENSG00000147099_60150.1	798	173	1237	0	0	227	447	574
2380	HDAC8_ENSG00000147099_60151.2	431	289	964	214	0	839	239	427
2381	HDAC8_ENSG00000147099_60152.3	464	126	798	1225	0	890	226	411
2382	HDAC8_ENSG00000147099_60153.4	604	303	1075	252	274	0	421	491
2383	HDAC8_ENSG00000147099_60154.5	2088	1432	3338	0	827	1094	1716	1910
2384	HDAC8_ENSG00000147099_60155.6	1583	791	2484	1049	465	1488	1065	1459
2385	HDAC9_ENSG00000048052_166411.1	474	302	787	283	551	400	279	352
2386	HDAC9_ENSG00000048052_166412.2	2038	1430	3399	877	438	427	1687	1938
2387	HDAC9_ENSG00000048052_166413.3	1373	688	2099	785	0	1152	581	937
2388	HDAC9_ENSG00000048052_166414.4	831	830	1536	0	0	0	510	736
2389	HDAC9_ENSG00000048052_166415.5	542	584	1091	635	610	553	448	565
2390	HDAC9_ENSG00000048052_166416.6	799	482	1450	310	0	0	126	539
2391	HDGF_ENSG00000143321_101705.1	1640	1582	2882	613	0	789	917	1530
2392	HDGF_ENSG00000143321_101706.2	1595	2541	3097	1560	1804	326	244	964
2393	HDGF_ENSG00000143321_101707.3	660	842	1135	639	0	191	424	585
2394	HDGF_ENSG00000143321_101708.4	941	1212	1654	324	542	879	580	899
2395	HDGF_ENSG00000143321_101709.5	443	582	995	910	1360	206	504	558
2396	HDGF_ENSG00000143321_101710.6	575	1041	811	550	0	305	216	354
2397	HDGFL1_ENSG00000112273_137516.1	872	1275	1413	253	530	302	756	693
2398	HDGFL1_ENSG00000112273_137517.2	846	655	1464	291	1503	185	149	561
2399	HDGFL1_ENSG00000112273_137518.3	484	399	888	1	1091	16	280	322
2400	HDGFL1_ENSG00000112273_137519.4	749	308	1365	597	598	401	220	524
2401	HDGFL1_ENSG00000112273_137520.5	639	183	1027	312	0	0	461	501
2402	HDGFL1_ENSG00000112273_137521.6	291	0	204	0	0	0	42	163
2403	HDGFRP2_ENSG00000167674_130859.1	400	292	667	630	567	624	329	322
2404	HDGFRP2_ENSG00000167674_130860.2	161	161	206	0	0	0	38	103
2405	HDGFRP2_ENSG00000167674_130861.3	817	655	1378	288	156	624	449	634
2406	HDGFRP2_ENSG00000167674_130862.4	828	786	922	334	1117	212	1008	748
2407	HDGFRP2_ENSG00000167674_130863.5	929	415	1642	0	0	430	365	754
2408	HDGFRP2_ENSG00000167674_130864.6	278	0	439	0	0	0	170	182
2409	HDGFRP3_ENSG00000166503_22324.1	501	689	945	883	982	93	265	439
2410	HDGFRP3_ENSG00000166503_22325.2	822	154	1629	911	0	0	612	861
2411	HDGFRP3_ENSG00000166503_22326.3	513	476	1064	298	0	95	129	427
2412	HDGFRP3_ENSG00000166503_22327.4	514	152	1212	282	0	411	246	503
2413	HDGFRP3_ENSG00000166503_22328.5	1044	165	1505	962	545	970	321	644
2414	HDGFRP3_ENSG00000166503_22329.6	678	925	1365	326	0	703	300	591
2415	HELLS_ENSG00000119969_12375.1	586	318	1359	318	49	0	337	485
2416	HELLS_ENSG00000119969_12376.2	234	0	589	0	0	312	154	239
2417	HELLS_ENSG00000119969_12377.3	724	497	1312	0	0	531	284	592
2418	HELLS_ENSG00000119969_12378.4	806	321	1403	634	452	0	563	585
2419	HELLS_ENSG00000119969_12379.5	553	948	1036	1671	581	371	253	458
2420	HELLS_ENSG00000119969_12380.6	1125	929	2085	307	1462	0	775	1144
2421	HELQ_ENSG00000163312_14572.1	499	72	1006	619	0	0	203	313
2422	HELQ_ENSG00000163312_14573.2	820	592	1714	856	0	0	683	821
2423	HELQ_ENSG00000163312_14574.3	761	159	1289	0	0	0	509	562
2424	HELQ_ENSG00000163312_14575.4	1643	1970	3037	1451	434	662	1623	1768
2425	HELQ_ENSG00000163312_14576.5	1556	665	2570	753	1338	827	1418	1570
2426	HELQ_ENSG00000163312_14577.6	1018	582	1430	304	0	646	557	771
2427	HEXIM1_ENSG00000186834_159994.1	525	146	1188	260	549	736	105	324
2428	HEXIM1_ENSG00000186834_159995.2	1481	1385	2051	572	1649	1333	931	1020
2429	HEXIM1_ENSG00000186834_159996.3	807	316	1246	287	27	723	363	501
2430	HEXIM1_ENSG00000186834_159997.4	674	638	1623	2	583	698	460	622
2431	HEXIM1_ENSG00000186834_159998.5	315	929	469	594	0	100	178	231
2432	HEXIM1_ENSG00000186834_159999.6	807	1007	1514	889	0	262	469	779
2433	HEXIM2_ENSG00000168517_46711.1	654	144	1108	1437	1084	1059	206	498
2434	HEXIM2_ENSG00000168517_46712.2	240	0	583	0	0	0	88	152
2435	HEXIM2_ENSG00000168517_46713.3	1266	308	2467	0	6	1269	1078	1011
2436	HEXIM2_ENSG00000168517_46714.4	600	182	1129	0	0	471	397	533
2437	HEXIM2_ENSG00000168517_46715.5	846	295	1462	928	288	568	293	688
2438	HEXIM2_ENSG00000168517_46716.6	911	497	1602	1	563	99	619	804
2439	HFM1_ENSG00000162669_43053.1	989	1201	1628	609	0	586	754	981
2440	HFM1_ENSG00000162669_43054.2	308	325	482	0	0	0	180	301
2441	HFM1_ENSG00000162669_43055.3	744	391	1597	329	287	925	352	703
2442	HFM1_ENSG00000162669_43056.4	1370	608	2982	779	1166	529	994	1360
2443	HFM1_ENSG00000162669_43057.5	756	391	1368	1296	570	207	454	628
2444	HFM1_ENSG00000162669_43058.6	992	674	1846	335	736	0	394	734
2445	HIF1AN_ENSG00000166135_197750.1	250	141	488	0	0	0	65	170
2446	HIF1AN_ENSG00000166135_197751.2	939	683	1530	0	619	782	333	590
2447	HIF1AN_ENSG00000166135_197752.3	868	1434	1578	659	267	257	279	556
2448	HIF1AN_ENSG00000166135_197753.4	161	244	372	0	0	0	10	53
2449	HIF1AN_ENSG00000166135_197754.5	289	239	629	945	0	0	107	218
2450	HIF1AN_ENSG00000166135_197755.6	727	633	1120	294	0	0	352	571
2451	HINFP_ENSG00000172273_88060.1	701	1128	1058	300	3	4	276	508
2452	HINFP_ENSG00000172273_88061.2	640	561	1344	1	8	177	432	491
2453	HINFP_ENSG00000172273_88062.3	897	169	1327	603	506	624	400	632
2454	HINFP_ENSG00000172273_88063.4	829	418	2004	444	739	99	495	674
2455	HINFP_ENSG00000172273_88064.5	1298	1346	2330	1026	1107	412	278	637
2456	HINFP_ENSG00000172273_88065.6	481	0	1036	0	1155	0	278	350
2457	HIRA_ENSG00000100084_161291.1	320	135	454	1	0	214	128	171
2458	HIRA_ENSG00000100084_161292.2	300	158	555	0	906	0	177	263
2459	HIRA_ENSG00000100084_161293.3	234	0	370	0	0	267	200	182
2460	HIRA_ENSG00000100084_161294.4	553	0	1107	855	1722	233	508	564
2461	HIRA_ENSG00000100084_161295.5	994	543	1958	305	0	920	668	502
2462	HIRA_ENSG00000100084_161296.6	814	346	1367	315	184	0	301	459
2463	HIST1H1C_ENSG00000187837_110727.1	535	728	1045	1127	1183	970	167	396
2464	HIST1H1C_ENSG00000187837_110728.2	939	302	1506	884	831	1228	608	662
2465	HIST1H1C_ENSG00000187837_110729.3	531	380	1059	0	873	217	266	338
2466	HIST1H1C_ENSG00000187837_110730.4	203	170	609	1	0	0	93	212
2467	HIST1H1C_ENSG00000187837_110731.5	710	670	1015	653	446	628	345	457
2468	HIST1H1C_ENSG00000187837_110732.6	117	137	170	0	0	0	54	70
2469	HIST1H1D_ENSG00000124575_115831.1	546	633	1302	293	0	547	543	560
2470	HIST1H1D_ENSG00000124575_115832.2	373	1	1084	1	0	576	241	363
2471	HIST1H1D_ENSG00000124575_115833.3	895	489	1540	334	1043	664	363	659
2472	HIST1H1D_ENSG00000124575_115834.4	658	305	1031	299	590	0	333	450
2473	HIST1H1D_ENSG00000124575_115835.5	184	0	258	0	134	0	66	88
2474	HIST1H1D_ENSG00000124575_115836.6	700	186	1459	603	962	487	285	531
2475	HIST1H1T_ENSG00000187475_175893.1	1420	641	2737	567	890	413	1028	1284
2476	HIST1H1T_ENSG00000187475_175894.2	939	921	2113	658	1780	800	392	786
2477	HIST1H1T_ENSG00000187475_175895.3	573	330	786	0	218	400	404	544
2478	HIST1H1T_ENSG00000187475_175896.4	569	604	1060	120	1414	0	403	481
2479	HIST1H1T_ENSG00000187475_175897.5	1066	1344	1950	1247	1193	878	929	914
2480	HIST1H1T_ENSG00000187475_175898.6	287	0	411	0	540	585	150	190
2481	HIST1H2BA_ENSG00000146047_14802.1	533	312	918	1412	0	218	254	465
2482	HIST1H2BA_ENSG00000146047_14803.2	709	537	1365	297	0	510	523	575
2483	HIST1H2BA_ENSG00000146047_14804.3	363	258	720	328	745	0	85	235
2484	HIST1H2BA_ENSG00000146047_14805.4	1003	663	1477	676	169	333	669	715
2485	HIST1H2BA_ENSG00000146047_14806.5	1120	0	1942	877	0	996	1378	1032
2486	HIST1H2BA_ENSG00000146047_14807.6	129	93	275	0	0	0	84	111
2487	HIST1H2BJ_ENSG00000124635_124624.1	865	379	1464	0	501	658	121	380
2488	HIST1H2BJ_ENSG00000124635_124625.2	692	436	1016	322	0	864	285	436
2489	HIST1H2BJ_ENSG00000124635_124626.3	391	0	484	0	0	0	159	225
2490	HIST1H2BJ_ENSG00000124635_124627.4	307	291	725	576	0	0	185	278
2491	HIST1H2BJ_ENSG00000124635_124628.5	352	484	776	291	0	167	151	325
2492	HIST1H2BJ_ENSG00000124635_124629.6	1205	972	2009	2175	556	154	395	745
2493	HIST1H2BL_ENSG00000185130_3349.1	610	269	1297	890	1122	1868	347	566
2494	HIST1H2BL_ENSG00000185130_3350.2	848	978	1739	1541	598	185	376	620
2495	HIST1H2BL_ENSG00000185130_3351.3	372	503	684	0	0	165	216	252
2496	HIST1H2BL_ENSG00000185130_3352.4	446	403	774	0	504	265	180	287
2497	HIST1H2BL_ENSG00000185130_3353.5	266	0	409	0	293	166	151	170
2498	HIST1H2BL_ENSG00000185130_3354.6	426	86	714	0	527	0	239	313
2499	HIST2H2AB_ENSG00000184270_35725.1	1139	180	2147	1915	104	1179	1086	1101
2500	HIST2H2AB_ENSG00000184270_35726.2	46	137	128	0	0	0	8	37
2501	HIST2H2AB_ENSG00000184270_35727.3	406	299	1166	0	929	589	302	472
2502	HIST2H2AB_ENSG00000184270_35728.4	711	0	1192	928	0	0	331	507
2503	HIST2H2AB_ENSG00000184270_35729.5	1175	345	2025	313	73	8	760	880
2504	HIST2H2AB_ENSG00000184270_35730.6	1012	272	1410	284	51	1048	589	790
2505	HIST2H2BF_ENSG00000203814_87920.1	936	760	1760	933	1097	378	764	906
2506	HIST2H2BF_ENSG00000203814_87921.2	1012	627	1636	277	1066	225	442	685
2507	HIST2H2BF_ENSG00000203814_87922.3	1339	175	2201	0	581	889	790	1171
2508	HIST2H2BF_ENSG00000203814_87923.4	893	736	1449	0	0	193	453	654
2509	HIST2H2BF_ENSG00000203814_87924.5	316	470	615	317	0	0	94	186
2510	HIST2H2BF_ENSG00000203814_87925.6	749	170	1467	1636	1223	621	576	842
2511	HIST2H3D_ENSG00000183598_23512.4	632	0	1095	289	1118	0	466	603
2512	HIST2H3D_ENSG00000183598_23513.5	363	604	570	542	0	151	203	291
2513	HIST2H3D_ENSG00000183598_23514.6	886	0	1256	0	1620	178	256	471
2514	HIST3H2A_ENSG00000181218_25097.2	690	8840	1285	649	65	1185	410	533
2515	HIST3H2A_ENSG00000181218_25098.3	365	0	748	1	591	269	69	235
2516	HIST3H2A_ENSG00000181218_25099.4	1184	1238	2048	326	1124	1736	739	1035
2517	HIST3H2A_ENSG00000181218_25100.5	1122	651	1702	724	569	368	950	993
2518	HIST3H2A_ENSG00000181218_25101.6	2427	2545	4233	693	2200	370	2234	2429
2519	HLCS_ENSG00000159267_162070.1	1070	1107	1758	678	1320	768	492	750
2520	HLCS_ENSG00000159267_162071.2	1147	1020	1998	1910	622	96	461	840
2521	HLCS_ENSG00000159267_162072.3	330	211	510	0	1182	0	369	285
2522	HLCS_ENSG00000159267_162073.4	860	849	1638	0	1661	0	705	751
2523	HLCS_ENSG00000159267_162074.5	435	551	926	925	2275	0	126	298
2524	HLCS_ENSG00000159267_162075.6	876	909	1464	241	175	605	427	738
2525	HLTF_ENSG00000071794_39595.1	1431	771	2649	538	0	337	540	1065
2526	HLTF_ENSG00000071794_39596.2	932	390	1607	0	1318	227	566	724
2527	HLTF_ENSG00000071794_39597.3	555	147	1131	0	625	530	308	551
2528	HLTF_ENSG00000071794_39598.4	618	165	808	596	0	833	434	639
2529	HLTF_ENSG00000071794_39599.5	635	533	1233	588	0	443	231	579
2530	HLTF_ENSG00000071794_39600.6	1015	867	2077	299	507	541	566	964
2531	HMG20A_ENSG00000140382_135107.1	567	342	828	576	160	358	124	317
2532	HMG20A_ENSG00000140382_135108.2	1017	184	1751	1	563	357	1013	1002
2533	HMG20A_ENSG00000140382_135109.3	916	331	1817	875	592	440	795	988
2534	HMG20A_ENSG00000140382_135110.4	756	676	1379	0	1103	746	715	777
2535	HMG20A_ENSG00000140382_135111.5	631	114	1088	0	492	414	242	445
2536	HMG20A_ENSG00000140382_135112.6	825	350	1584	1215	559	321	435	621
2537	HMG20B_ENSG00000064961_114370.1	572	146	1236	539	0	0	186	493
2538	HMG20B_ENSG00000064961_114371.2	1632	1049	2889	453	1089	743	711	1178
2539	HMG20B_ENSG00000064961_114372.3	1177	648	1844	639	13	0	1183	1121
2540	HMG20B_ENSG00000064961_114373.4	1149	577	2199	296	277	0	364	945
2541	HMG20B_ENSG00000064961_114374.5	447	702	849	264	564	390	346	391
2542	HMG20B_ENSG00000064961_114375.6	866	777	1608	282	642	551	489	671
2543	HMGN1_ENSG00000205581_149105.2	757	397	1955	320	1137	795	586	843
2544	HMGN1_ENSG00000205581_149106.3	342	59	531	0	290	162	31	141
2545	HMGN1_ENSG00000205581_149108.5	545	167	909	0	2390	398	169	360
2546	HMGN1_ENSG00000205581_149109.6	347	663	600	264	1078	175	111	263
2547	HMGN2_ENSG00000198830_85748.1	365	881	788	456	1142	428	318	435
2548	HMGN2_ENSG00000198830_85749.2	488	440	931	1857	169	475	184	457
2549	HMGN2_ENSG00000198830_85750.3	857	762	1865	642	627	264	175	674
2550	HMGN2_ENSG00000198830_85751.4	284	391	439	326	0	0	169	140
2551	HMGN2_ENSG00000198830_85752.5	241	124	340	594	0	0	89	135
2552	HMGN2_ENSG00000198830_85753.6	412	292	726	0	51	0	37	138
2553	HMGN3_ENSG00000118418_3589.1	1379	1051	2107	475	581	576	684	1063
2554	HMGN3_ENSG00000118418_3590.2	535	915	1018	0	0	195	269	445
2555	HMGN3_ENSG00000118418_3591.3	946	775	1706	870	1090	374	322	902
2556	HMGN3_ENSG00000118418_3592.4	347	159	749	710	0	0	282	316
2557	HMGN3_ENSG00000118418_3593.5	286	163	645	0	0	162	253	201
2558	HMGN3_ENSG00000118418_3594.6	415	471	922	334	1099	0	217	358
2559	HMGN4_ENSG00000182952_77513.1	684	295	1321	286	270	0	503	596
2560	HMGN4_ENSG00000182952_77514.2	558	382	999	1253	558	0	121	351
2561	HMGN4_ENSG00000182952_77515.3	1334	717	2396	218	598	589	221	712
2562	HMGN4_ENSG00000182952_77516.4	636	466	1299	659	0	103	283	480
2563	HMGN4_ENSG00000182952_77517.5	295	340	573	317	252	0	175	218
2564	HMGN4_ENSG00000182952_77518.6	998	557	2071	292	0	951	918	901
2565	HMGN5_ENSG00000198157_124514.1	1572	944	3233	1273	259	1066	939	1469
2566	HMGN5_ENSG00000198157_124515.2	563	962	988	0	0	176	636	584
2567	HMGN5_ENSG00000198157_124516.3	1285	505	2658	1305	513	1321	876	1379
2568	HMGN5_ENSG00000198157_124517.4	519	257	714	301	0	142	86	270
2569	HMGN5_ENSG00000198157_124518.5	634	760	999	336	0	628	337	521
2570	HMGN5_ENSG00000198157_124519.6	1058	901	2036	305	2300	971	340	875
2571	HNRNPA0_ENSG00000177733_103917.1	728	1214	1271	1595	0	561	369	546
2572	HNRNPA0_ENSG00000177733_103918.2	604	342	956	1	0	795	233	563
2573	HNRNPA0_ENSG00000177733_103919.3	1137	845	1901	0	1072	511	411	875
2574	HNRNPA0_ENSG00000177733_103920.4	491	286	630	409	0	98	196	359
2575	HNRNPA0_ENSG00000177733_103921.5	895	1585	1924	1288	0	254	709	984
2576	HNRNPA0_ENSG00000177733_103922.6	637	731	995	580	0	413	479	585
2577	HNRNPA1L2_ENSG00000139675_57467.2	1801	685	3286	900	0	830	1156	1511
2578	HNRNPA1L2_ENSG00000139675_57468.3	305	284	461	883	0	0	251	271
2579	HNRNPA1L2_ENSG00000139675_57469.4	747	375	1089	272	156	0	444	507
2580	HNRNPA1L2_ENSG00000139675_57470.5	328	0	630	1	959	0	277	287
2581	HNRNPA1L2_ENSG00000139675_57471.6	1597	1168	2958	1267	611	200	1233	1675
2582	HNRNPA2B1_ENSG00000122566_123580.1	283	285	422	0	603	0	97	195
2583	HNRNPA2B1_ENSG00000122566_123581.2	474	159	1026	298	514	352	431	557
2584	HNRNPA2B1_ENSG00000122566_123582.3	1152	64	2190	1277	26	198	564	1071
2585	HNRNPA2B1_ENSG00000122566_123583.4	861	1409	1813	264	143	210	792	1010
2586	HNRNPA2B1_ENSG00000122566_123584.5	1763	1468	2948	1144	1148	1929	1310	1610
2587	HNRNPA2B1_ENSG00000122566_123585.6	598	452	721	313	0	179	241	410
2588	HOMEZ_ENSG00000215271_148040.1	1098	1077	1769	590	0	984	724	804
2589	HOMEZ_ENSG00000215271_148041.2	1158	719	1961	886	1115	593	533	892
2590	HOMEZ_ENSG00000215271_148042.3	510	348	769	314	0	25	351	344
2591	HOMEZ_ENSG00000215271_148043.4	633	828	1347	1065	0	233	281	527
2592	HOMEZ_ENSG00000215271_148044.5	333	147	570	248	0	291	170	274
2593	HOMEZ_ENSG00000215271_148045.6	1790	1656	3083	1030	2223	1901	1245	1403
2594	HOXC10_ENSG00000180818_111728.1	1036	934	2219	1296	86	0	418	846
2595	HOXC10_ENSG00000180818_111729.2	851	715	1430	1	1664	100	326	852
2596	HOXC10_ENSG00000180818_111730.3	488	552	970	0	0	205	252	380
2597	HOXC10_ENSG00000180818_111731.4	683	462	1194	305	0	367	302	545
2598	HOXC10_ENSG00000180818_111732.5	734	1280	1231	288	937	196	412	590
2599	HOXC10_ENSG00000180818_111733.6	951	0	1646	435	543	1092	568	727
2600	HOXC11_ENSG00000123388_178325.1	640	593	1107	578	0	673	448	500
2601	HOXC11_ENSG00000123388_178326.2	265	249	611	502	1186	187	123	271
2602	HOXC11_ENSG00000123388_178327.3	784	809	1679	316	501	205	686	845
2603	HOXC11_ENSG00000123388_178328.4	267	131	434	369	0	402	80	191
2604	HOXC11_ENSG00000123388_178329.5	1359	1339	2416	640	0	371	541	1129
2605	HOXC11_ENSG00000123388_178330.6	466	0	895	314	570	400	142	330
2606	HP1BP3_ENSG00000127483_130610.1	1639	1279	2768	982	1275	915	1120	1423
2607	HP1BP3_ENSG00000127483_130611.2	500	173	742	278	0	201	397	352
2608	HP1BP3_ENSG00000127483_130612.3	933	1057	1754	491	2015	0	507	732
2609	HP1BP3_ENSG00000127483_130613.4	1391	742	2674	1132	331	613	1345	1386
2610	HP1BP3_ENSG00000127483_130614.5	545	657	960	0	0	393	346	517
2611	HP1BP3_ENSG00000127483_130615.6	624	1	1153	1044	566	184	411	564
2612	HPRT1_ENSG00000165704_190410.1	604	844	1600	0	921	0	735	859
2613	HPRT1_ENSG00000165704_190411.2	805	150	1409	2	612	731	232	720
2614	HPRT1_ENSG00000165704_190412.3	574	500	891	899	0	0	411	443
2615	HPRT1_ENSG00000165704_190413.4	506	566	856	259	0	0	213	373
2616	HPRT1_ENSG00000165704_190414.5	1402	579	2199	655	603	374	498	919
2617	HPRT1_ENSG00000165704_190415.6	353	0	590	595	524	204	103	193
2618	HR_ENSG00000168453_21774.1	1330	929	3055	1	0	1020	344	874
2619	HR_ENSG00000168453_21775.2	1583	1167	3001	861	2786	204	679	1182
2620	HR_ENSG00000168453_21776.3	1983	1487	3251	1231	0	714	1484	1779
2621	HR_ENSG00000168453_21777.4	687	621	1440	901	0	162	281	557
2622	HR_ENSG00000168453_21778.5	438	140	887	337	294	187	79	272
2623	HR_ENSG00000168453_21779.6	672	892	1491	0	545	797	525	679
2624	HSPBAP1_ENSG00000169087_24070.1	546	237	953	601	0	401	319	381
2625	HSPBAP1_ENSG00000169087_24071.2	1089	945	1963	1044	965	646	922	1015
2626	HSPBAP1_ENSG00000169087_24072.3	1060	1395	2384	907	1679	208	743	1072
2627	HSPBAP1_ENSG00000169087_24073.4	1032	292	1798	310	523	674	759	1007
2628	HSPBAP1_ENSG00000169087_24074.5	514	638	837	278	0	207	180	402
2629	HSPBAP1_ENSG00000169087_24075.6	802	618	1298	304	1182	630	598	842
2630	HUWE1_ENSG00000086758_38405.1	536	616	961	164	0	412	166	462
2631	HUWE1_ENSG00000086758_38406.2	2219	859	3228	1096	1080	691	769	1439
2632	HUWE1_ENSG00000086758_38407.3	1313	249	1952	305	513	563	1135	1001
2633	HUWE1_ENSG00000086758_38408.4	431	197	672	356	0	0	262	395
2634	HUWE1_ENSG00000086758_38409.5	305	956	314	0	0	180	95	128
2635	HUWE1_ENSG00000086758_38410.6	1779	1218	2987	606	598	973	1026	1429
2636	IFIH1_ENSG00000115267_4586.1	373	139	743	0	1126	181	159	302
2637	IFIH1_ENSG00000115267_4587.2	305	0	652	335	0	0	196	327
2638	IFIH1_ENSG00000115267_4588.3	506	430	1009	19	1357	235	123	385
2639	IFIH1_ENSG00000115267_4589.4	1266	574	1757	0	0	521	853	1101
2640	IFIH1_ENSG00000115267_4590.5	530	400	674	346	0	0	274	380
2641	IFIH1_ENSG00000115267_4591.6	1234	277	2271	1833	1338	185	841	974
2642	IGHMBP2_ENSG00000132740_18620.1	227	0	467	678	0	186	130	168
2643	IGHMBP2_ENSG00000132740_18621.2	115	138	172	0	0	0	47	85
2644	IGHMBP2_ENSG00000132740_18622.3	446	494	460	0	0	197	47	157
2645	IGHMBP2_ENSG00000132740_18623.4	609	175	1147	591	513	0	325	596
2646	IGHMBP2_ENSG00000132740_18624.5	964	522	1427	508	1363	213	543	754
2647	IGHMBP2_ENSG00000132740_18625.6	1407	832	2864	604	1304	1068	1245	1313
2648	IKBKAP_ENSG00000070061_50935.1	401	333	762	300	0	230	182	366
2649	IKBKAP_ENSG00000070061_50936.2	1058	741	2063	0	538	0	854	1161
2650	IKBKAP_ENSG00000070061_50937.3	1071	819	2227	2	1748	438	422	900
2651	IKBKAP_ENSG00000070061_50938.4	1154	1201	1704	359	591	661	610	846
2652	IKBKAP_ENSG00000070061_50939.5	219	0	294	0	0	0	91	169
2653	IKBKAP_ENSG00000070061_50940.6	494	166	774	0	0	113	233	332
2654	ING1_ENSG00000153487_121613.1	1621	1526	2971	866	576	499	720	1186
2655	ING1_ENSG00000153487_121614.2	363	133	522	293	0	0	215	338
2656	ING1_ENSG00000153487_121615.3	2169	685	3484	1265	1649	988	1546	1904
2657	ING1_ENSG00000153487_121616.4	1073	515	1616	295	505	1471	576	842
2658	ING1_ENSG00000153487_121617.5	727	253	1551	1587	1396	689	602	700
2659	ING1_ENSG00000153487_121618.6	548	757	729	0	0	0	273	387
2660	ING2_ENSG00000168556_61302.1	820	625	1663	2	2113	200	538	859
2661	ING2_ENSG00000168556_61303.2	357	578	845	321	550	398	211	443
2662	ING2_ENSG00000168556_61304.3	879	425	1757	622	623	623	528	768
2663	ING2_ENSG00000168556_61305.4	898	614	1610	752	1553	487	630	840
2664	ING2_ENSG00000168556_61306.5	1015	485	1763	0	1229	908	427	821
2665	ING2_ENSG00000168556_61307.6	895	655	2081	862	1116	262	592	842
2666	ING3_ENSG00000071243_57016.1	2472	2030	4029	4195	3439	4103	1629	2024
2667	ING3_ENSG00000071243_57017.2	781	947	1480	1066	0	813	785	726
2668	ING3_ENSG00000071243_57018.3	808	109	1455	1019	892	1118	65	429
2669	ING3_ENSG00000071243_57019.4	1555	1250	2614	1684	1422	405	854	1135
2670	ING3_ENSG00000071243_57020.5	588	443	1546	0	608	209	472	588
2671	ING3_ENSG00000071243_57021.6	1438	1073	2403	676	1412	1554	818	1108
2672	ING4_ENSG00000111653_132688.1	172	500	578	0	0	0	141	290
2673	ING4_ENSG00000111653_132689.2	757	971	1844	0	692	1012	355	725
2674	ING4_ENSG00000111653_132690.3	614	300	1355	342	0	660	284	567
2675	ING4_ENSG00000111653_132691.4	1180	1376	2044	634	572	785	116	604
2676	ING4_ENSG00000111653_132692.5	1116	1440	1992	617	956	212	530	994
2677	ING4_ENSG00000111653_132693.6	790	778	1164	594	1183	360	435	707
2678	ING5_ENSG00000168395_38805.1	1027	664	1715	300	2890	600	715	920
2679	ING5_ENSG00000168395_38806.2	1960	903	4321	817	1072	1658	1488	2059
2680	ING5_ENSG00000168395_38807.3	945	999	1880	280	972	1354	654	956
2681	ING5_ENSG00000168395_38808.4	1200	1886	2261	0	1	255	955	997
2682	ING5_ENSG00000168395_38809.5	368	639	611	929	490	524	127	358
2683	ING5_ENSG00000168395_38810.6	1009	687	1794	1811	1	738	746	786
2684	INMT_ENSG00000241644_197270.1	518	0	821	189	1	245	306	414
2685	INMT_ENSG00000241644_197271.2	1181	3178	2321	1791	1036	960	1192	1199
2686	INMT_ENSG00000241644_197272.3	443	0	1015	450	1070	583	342	619
2687	INMT_ENSG00000241644_197273.4	765	743	1122	282	1174	305	181	452
2688	INMT_ENSG00000241644_197274.5	1029	1219	2097	702	1143	517	935	883
2689	INMT_ENSG00000241644_197275.6	264	253	663	0	133	0	86	245
2690	INMT-FAM188B_ENSG00000254959_70530.8	244	287	479	0	0	0	77	170
2691	INMT-FAM188B_ENSG00000254959_70531.9	1349	1202	2293	1997	1075	522	623	1049
2692	INMT-FAM188B_ENSG00000254959_70532.1	970	735	1923	282	0	993	1161	1127
2693	INO80_ENSG00000128908_53868.1	1189	446	2074	936	129	1868	466	917
2694	INO80_ENSG00000128908_53869.2	504	308	987	1	620	394	543	559
2695	INO80_ENSG00000128908_53870.3	600	260	1393	563	653	678	381	613
2696	INO80_ENSG00000128908_53871.4	714	429	1238	1418	0	692	287	529
2697	INO80_ENSG00000128908_53872.5	652	520	1005	237	0	926	226	535
2698	INO80_ENSG00000128908_53873.6	598	405	1220	288	1635	185	360	531
2699	INO80B_ENSG00000115274_107883.1	754	0	1429	1	514	42	377	525
2700	INO80B_ENSG00000115274_107884.2	599	1838	1830	0	9	284	101	384
2701	INO80B_ENSG00000115274_107885.3	1132	1112	2152	746	1064	394	989	1138
2702	INO80B_ENSG00000115274_107886.4	179	0	284	0	0	228	71	139
2703	INO80B_ENSG00000115274_107887.5	825	501	1512	966	0	0	845	721
2704	INO80B_ENSG00000115274_107888.6	482	0	1087	928	0	209	288	419
2705	INO80C_ENSG00000153391_48064.4	1457	642	2078	1704	561	1412	890	1223
2706	INO80C_ENSG00000153391_48065.5	1643	515	2906	908	1184	609	852	1242
2707	INO80C_ENSG00000153391_48066.6	520	73	955	0	598	491	200	390
2708	INO80C_ENSG00000153391_48067.7	1364	1237	2383	1857	1761	517	937	1223
2709	INO80C_ENSG00000153391_48068.8	828	851	1905	623	11	147	587	808
2710	INO80C_ENSG00000153391_48069.9	399	252	861	0	1171	417	174	420
2711	INO80D_ENSG00000114933_130263.1	505	0	925	0	0	138	501	544
2712	INO80D_ENSG00000114933_130264.2	1365	445	2616	0	280	1361	1066	1405
2713	INO80D_ENSG00000114933_130265.3	784	238	1213	278	1587	13	405	584
2714	INO80D_ENSG00000114933_130266.4	94	133	209	0	0	0	22	62
2715	INO80D_ENSG00000114933_130267.5	494	435	507	329	576	801	79	236
2716	INO80D_ENSG00000114933_130268.6	716	838	1379	331	1158	393	545	582
2717	INO80E_ENSG00000169592_10313.1	1158	1025	1875	580	286	880	771	906
2718	INO80E_ENSG00000169592_10314.2	463	257	894	288	0	223	171	365
2719	INO80E_ENSG00000169592_10315.3	253	1	520	568	0	355	199	276
2720	INO80E_ENSG00000169592_10316.4	847	615	1355	2144	612	0	456	653
2721	INO80E_ENSG00000169592_10317.5	912	434	1854	0	83	0	425	844
2722	INO80E_ENSG00000169592_10318.6	1095	322	1805	140	1585	785	731	837
2723	INTS1_ENSG00000164880_149814.1	1364	874	2506	1762	536	1166	734	1158
2724	INTS1_ENSG00000164880_149815.2	575	167	931	606	0	965	363	556
2725	INTS1_ENSG00000164880_149816.3	391	179	659	341	0	262	241	385
2726	INTS1_ENSG00000164880_149817.4	122	0	270	0	0	0	47	129
2727	INTS1_ENSG00000164880_149818.5	337	132	764	251	0	0	204	304
2728	INTS1_ENSG00000164880_149819.6	1239	1069	2138	214	1122	343	570	881
2729	INTS10_ENSG00000104613_100335.1	463	147	1122	627	862	0	188	406
2730	INTS10_ENSG00000104613_100336.2	1990	710	3307	338	556	821	1581	1706
2731	INTS10_ENSG00000104613_100337.3	1219	994	2519	646	1212	175	377	985
2732	INTS10_ENSG00000104613_100338.4	931	669	1703	1468	0	362	760	1057
2733	INTS10_ENSG00000104613_100339.5	2482	1489	3858	755	613	1331	1953	1994
2734	INTS10_ENSG00000104613_100340.6	689	1042	1534	559	0	211	152	501
2735	INTS12_ENSG00000138785_58246.1	586	544	1388	612	0	185	377	569
2736	INTS12_ENSG00000138785_58247.2	2237	2295	4559	849	1556	1027	1469	2168
2737	INTS12_ENSG00000138785_58248.3	866	531	1370	824	911	774	238	734
2738	INTS12_ENSG00000138785_58249.4	813	458	1428	307	567	198	556	761
2739	INTS12_ENSG00000138785_58250.5	1482	1059	2449	1780	0	803	227	872
2740	INTS12_ENSG00000138785_58251.6	1163	367	1996	3516	841	408	486	965
2741	INTS2_ENSG00000108506_141290.1	250	62	638	917	12	167	198	330
2742	INTS2_ENSG00000108506_141291.2	1167	533	1859	0	1836	222	760	1023
2743	INTS2_ENSG00000108506_141292.3	1301	1230	3195	1116	685	208	733	1349
2744	INTS2_ENSG00000108506_141293.4	1149	730	2187	920	553	0	608	978
2745	INTS2_ENSG00000108506_141294.5	2328	1259	4476	626	594	812	876	1440
2746	INTS2_ENSG00000108506_141295.6	551	463	793	486	0	562	210	325
2747	INTS3_ENSG00000143624_109181.1	815	146	874	591	0	351	402	486
2748	INTS3_ENSG00000143624_109182.2	922	564	1862	129	141	380	693	814
2749	INTS3_ENSG00000143624_109183.3	899	102	1371	776	538	240	325	593
2750	INTS3_ENSG00000143624_109184.4	571	284	1273	653	1116	362	463	649
2751	INTS3_ENSG00000143624_109185.5	1198	318	2060	555	1102	380	360	677
2752	INTS3_ENSG00000143624_109186.6	1989	1988	3605	1210	573	204	984	1531
2753	INTS4_ENSG00000149262_8570.1	946	157	1997	587	1182	0	281	695
2754	INTS4_ENSG00000149262_8571.2	767	410	1230	0	0	428	419	630
2755	INTS4_ENSG00000149262_8572.3	721	429	1079	639	289	0	173	443
2756	INTS4_ENSG00000149262_8573.4	242	196	396	0	524	0	124	189
2757	INTS4_ENSG00000149262_8574.5	1502	302	3480	265	578	0	1126	1431
2758	INTS4_ENSG00000149262_8575.6	442	0	900	600	0	406	314	397
2759	INTS5_ENSG00000185085_110758.1	755	140	1320	802	492	399	438	580
2760	INTS5_ENSG00000185085_110759.2	1079	515	2023	0	1126	998	545	976
2761	INTS5_ENSG00000185085_110760.3	425	359	493	0	0	181	298	327
2762	INTS5_ENSG00000185085_110761.4	1246	811	2129	1834	2162	511	997	1058
2763	INTS5_ENSG00000185085_110762.5	689	163	1143	0	621	783	97	306
2764	INTS5_ENSG00000185085_110763.6	1181	1034	2177	1053	0	737	959	1184
2765	INTS7_ENSG00000143493_188879.1	1887	1924	3363	603	528	199	1363	1602
2766	INTS7_ENSG00000143493_188880.2	443	350	600	291	0	190	129	225
2767	INTS7_ENSG00000143493_188881.3	1263	340	1835	316	293	1205	957	1148
2768	INTS7_ENSG00000143493_188882.4	1144	474	2305	252	2128	584	283	804
2769	INTS7_ENSG00000143493_188883.5	2339	730	3788	1783	2948	1464	1502	2056
2770	INTS7_ENSG00000143493_188884.6	819	256	1401	404	0	942	339	674
2771	INTS8_ENSG00000164941_26225.1	542	182	715	0	0	0	282	463
2772	INTS8_ENSG00000164941_26226.2	1369	1005	2996	2128	66	782	307	1073
2773	INTS8_ENSG00000164941_26227.3	729	886	1335	992	721	465	298	604
2774	INTS8_ENSG00000164941_26228.4	1801	1385	3160	2123	2538	1157	1181	1535
2775	INTS8_ENSG00000164941_26229.5	340	0	388	0	0	478	158	249
2776	INTS8_ENSG00000164941_26230.6	738	302	1170	543	1176	542	314	659
2777	INTS9_ENSG00000104299_116413.1	650	1	1150	315	0	185	527	580
2778	INTS9_ENSG00000104299_116414.2	707	1026	1343	1	2019	377	399	596
2779	INTS9_ENSG00000104299_116415.3	557	849	1413	626	0	969	272	554
2780	INTS9_ENSG00000104299_116416.4	1741	1452	3120	288	1869	713	1114	1519
2781	INTS9_ENSG00000104299_116417.5	1990	1887	3479	959	861	833	1577	1970
2782	INTS9_ENSG00000104299_116418.6	468	93	1341	621	0	7	338	529
2783	IWS1_ENSG00000163166_124992.1	1519	1284	2720	602	1752	485	848	1199
2784	IWS1_ENSG00000163166_124993.2	1070	490	1744	727	816	416	670	915
2785	IWS1_ENSG00000163166_124994.3	1837	1930	3059	317	614	400	1695	1512
2786	IWS1_ENSG00000163166_124995.4	1046	804	1927	315	17	350	700	914
2787	IWS1_ENSG00000163166_124996.5	1000	987	1803	313	581	200	406	715
2788	IWS1_ENSG00000163166_124997.6	1456	1682	2567	821	2258	1025	1578	1408
2789	JADE1_ENSG00000077684_178995.1	921	305	1366	0	0	811	716	821
2790	JADE1_ENSG00000077684_178996.2	825	581	1755	611	0	1029	395	784
2791	JADE1_ENSG00000077684_178997.3	1548	929	2748	1441	2467	0	1804	1781
2792	JADE1_ENSG00000077684_178998.4	918	607	1881	1285	0	778	210	485
2793	JADE1_ENSG00000077684_178999.5	754	633	1052	0	0	212	608	676
2794	JADE1_ENSG00000077684_179000.6	726	372	1195	0	0	396	627	616
2795	JADE2_ENSG00000043143_25006.1	1012	529	1851	271	0	663	961	922
2796	JADE2_ENSG00000043143_25007.2	967	347	1556	1815	1740	389	656	786
2797	JADE2_ENSG00000043143_25008.3	484	796	832	313	0	0	317	394
2798	JADE2_ENSG00000043143_25009.4	1119	792	2334	786	0	204	736	968
2799	JADE2_ENSG00000043143_25010.5	776	1153	1429	0	0	8	358	584
2800	JADE2_ENSG00000043143_25011.6	720	624	1037	0	602	167	365	474
2801	JADE3_ENSG00000102221_201729.1	2649	1554	4559	603	1539	1890	2004	2325
2802	JADE3_ENSG00000102221_201730.2	770	0	1497	0	0	213	532	721
2803	JADE3_ENSG00000102221_201731.3	1245	679	1904	959	0	1155	443	870
2804	JADE3_ENSG00000102221_201732.4	655	127	1239	0	606	792	268	521
2805	JADE3_ENSG00000102221_201733.5	77	0	202	0	522	0	49	91
2806	JADE3_ENSG00000102221_201734.6	1301	857	2044	1	632	386	1038	1028
2807	JAK2_ENSG00000096968_36135.1	950	974	1778	306	0	191	473	854
2808	JAK2_ENSG00000096968_36136.2	930	721	1826	636	878	197	543	810
2809	JAK2_ENSG00000096968_36137.3	692	306	1147	670	2122	0	441	578
2810	JAK2_ENSG00000096968_36138.4	888	232	1770	2	1	0	544	816
2811	JAK2_ENSG00000096968_36139.5	915	417	1908	337	942	0	867	931
2812	JAK2_ENSG00000096968_36140.6	633	720	1333	622	143	0	350	582
2813	JARID2_ENSG00000008083_159804.1	692	825	1126	0	1113	126	132	387
2814	JARID2_ENSG00000008083_159805.2	380	171	495	512	543	0	127	265
2815	JARID2_ENSG00000008083_159806.3	228	525	342	0	0	0	123	158
2816	JARID2_ENSG00000008083_159807.4	343	1148	770	284	0	552	175	379
2817	JARID2_ENSG00000008083_159808.5	1150	342	1953	319	265	970	731	862
2818	JARID2_ENSG00000008083_159809.6	1679	175	2457	796	1608	360	1394	1469
2819	JMJD1C_ENSG00000171988_45641.1	775	600	1449	789	0	409	747	709
2820	JMJD1C_ENSG00000171988_45642.2	778	597	1279	757	0	350	580	545
2821	JMJD1C_ENSG00000171988_45643.3	756	645	1625	1086	2457	1493	272	656
2822	JMJD1C_ENSG00000171988_45644.4	818	961	1686	1224	495	886	223	611
2823	JMJD1C_ENSG00000171988_45645.5	683	1442	1439	0	577	1050	293	651
2824	JMJD1C_ENSG00000171988_45646.6	664	179	1307	619	0	370	284	597
2825	JMJD4_ENSG00000081692_37724.1	805	717	1593	528	0	193	326	656
2826	JMJD4_ENSG00000081692_37725.2	693	460	1446	576	0	542	263	448
2827	JMJD4_ENSG00000081692_37726.3	414	694	820	620	0	0	154	289
2828	JMJD4_ENSG00000081692_37727.4	121	1	267	0	0	0	128	159
2829	JMJD4_ENSG00000081692_37728.5	898	805	1770	323	517	1069	358	688
2830	JMJD4_ENSG00000081692_37729.6	1901	1205	3506	1531	2824	474	1212	1717
2831	JMJD6_ENSG00000070495_124814.1	783	307	1592	1144	548	627	665	779
2832	JMJD6_ENSG00000070495_124815.2	510	0	1178	0	605	0	553	475
2833	JMJD6_ENSG00000070495_124816.3	419	277	832	444	0	55	77	198
2834	JMJD6_ENSG00000070495_124817.4	240	0	496	1	688	0	67	184
2835	JMJD6_ENSG00000070495_124818.5	1010	1094	1779	0	827	1171	598	713
2836	JMJD6_ENSG00000070495_124819.6	1073	302	1894	0	1125	848	623	885
2837	JMJD7_ENSG00000243789_67913.1	489	295	837	278	0	0	302	384
2838	JMJD7_ENSG00000243789_67914.2	342	0	716	610	0	0	170	326
2839	JMJD7_ENSG00000243789_67915.3	743	158	1016	0	925	404	504	512
2840	JMJD7_ENSG00000243789_67916.4	1230	1072	2032	133	0	289	565	869
2841	JMJD7_ENSG00000243789_67917.5	892	688	1720	280	0	191	850	940
2842	JMJD7_ENSG00000243789_67918.6	493	371	1168	543	442	208	30	188
2843	JMJD8_ENSG00000161999_24616.1	493	288	1048	852	448	603	227	493
2844	JMJD8_ENSG00000161999_24617.2	883	766	1093	1240	1684	0	411	654
2845	JMJD8_ENSG00000161999_24618.3	747	679	1526	1084	0	380	610	760
2846	JMJD8_ENSG00000161999_24619.4	610	738	1024	0	0	405	191	429
2847	JMJD8_ENSG00000161999_24620.5	893	283	2090	158	0	301	242	594
2848	JMJD8_ENSG00000161999_24621.6	411	661	690	251	422	0	351	431
2849	JUNB_ENSG00000171223_144052.1	507	477	765	277	664	1	233	345
2850	JUNB_ENSG00000171223_144053.2	359	123	790	150	0	193	33	245
2851	JUNB_ENSG00000171223_144054.3	308	124	704	1	560	310	219	281
2852	JUNB_ENSG00000171223_144055.4	1065	144	1859	1	160	360	257	609
2853	JUNB_ENSG00000171223_144056.5	1129	907	2560	1002	2064	995	592	1075
2854	JUNB_ENSG00000171223_144057.6	622	160	1119	0	0	0	442	549
2855	KANSL1_ENSG00000120071_135717.1	1047	119	1744	458	503	1421	970	945
2856	KANSL1_ENSG00000120071_135718.2	882	1067	1611	1	0	366	264	810
2857	KANSL1_ENSG00000120071_135719.3	1107	1253	1995	964	16	973	487	888
2858	KANSL1_ENSG00000120071_135720.4	1701	1585	3185	676	559	1258	1386	1673
2859	KANSL1_ENSG00000120071_135721.5	693	901	1166	1	47	388	244	619
2860	KANSL1_ENSG00000120071_135722.6	1204	1201	2483	1279	550	217	960	1342
2861	KAT2A_ENSG00000108773_36005.1	267	0	358	0	0	185	150	221
2862	KAT2A_ENSG00000108773_36006.2	906	90	1535	1868	0	554	468	668
2863	KAT2A_ENSG00000108773_36007.3	612	424	1002	0	786	0	199	405
2864	KAT2A_ENSG00000108773_36008.4	533	0	864	572	1508	214	276	364
2865	KAT2A_ENSG00000108773_36009.5	353	0	813	282	0	423	247	410
2866	KAT2A_ENSG00000108773_36010.6	258	838	562	303	0	0	132	275
2867	KAT2B_ENSG00000114166_85688.1	919	320	1986	506	0	593	237	660
2868	KAT2B_ENSG00000114166_85689.2	491	454	754	0	304	234	176	366
2869	KAT2B_ENSG00000114166_85690.3	998	797	1771	690	582	532	229	631
2870	KAT2B_ENSG00000114166_85691.4	1210	857	2230	666	502	11	605	804
2871	KAT2B_ENSG00000114166_85692.5	1470	794	2606	1652	1826	1209	765	1165
2872	KAT2B_ENSG00000114166_85693.6	519	145	944	0	141	193	277	437
2873	KAT5_ENSG00000172977_40883.1	549	899	835	1003	287	323	298	403
2874	KAT5_ENSG00000172977_40884.2	702	785	1401	635	0	675	495	498
2875	KAT5_ENSG00000172977_40885.3	525	815	1256	670	0	223	821	663
2876	KAT5_ENSG00000172977_40886.4	1053	1071	2114	2505	144	712	285	593
2877	KAT5_ENSG00000172977_40887.5	380	1331	770	1410	588	1263	386	421
2878	KAT5_ENSG00000172977_40888.6	307	189	883	308	293	388	351	487
2879	KAT6A_ENSG00000083168_152091.1	736	828	1601	582	544	224	356	727
2880	KAT6A_ENSG00000083168_152092.2	1220	532	2559	1158	0	787	1133	1112
2881	KAT6A_ENSG00000083168_152093.3	1295	362	2221	328	2373	1177	631	983
2882	KAT6A_ENSG00000083168_152094.4	717	137	1253	317	0	0	491	638
2883	KAT6A_ENSG00000083168_152095.5	455	0	640	0	0	0	282	273
2884	KAT6A_ENSG00000083168_152096.6	579	173	1054	287	1971	411	420	511
2885	KAT6B_ENSG00000156650_125352.1	558	0	1159	353	628	0	480	553
2886	KAT6B_ENSG00000156650_125353.2	2051	1433	2986	295	1939	1544	1393	1529
2887	KAT6B_ENSG00000156650_125354.3	747	437	1199	291	0	194	573	642
2888	KAT6B_ENSG00000156650_125355.4	972	616	1481	0	0	0	284	555
2889	KAT6B_ENSG00000156650_125356.5	314	470	824	1	179	0	208	276
2890	KAT6B_ENSG00000156650_125357.6	1100	746	1803	858	0	882	1003	1208
2891	KAT7_ENSG00000136504_182952.1	476	158	847	302	0	590	340	417
2892	KAT7_ENSG00000136504_182953.2	1077	782	1933	614	548	885	572	1035
2893	KAT7_ENSG00000136504_182954.3	546	237	1256	936	0	1923	186	447
2894	KAT7_ENSG00000136504_182955.4	1150	924	2535	1386	823	0	338	995
2895	KAT7_ENSG00000136504_182956.5	1207	938	2479	1155	0	986	857	1172
2896	KAT7_ENSG00000136504_182957.6	1805	2367	2910	1641	0	1460	1458	1531
2897	KAT8_ENSG00000103510_56401.1	255	130	274	554	0	377	113	191
2898	KAT8_ENSG00000103510_56402.2	672	1676	1450	0	0	746	577	601
2899	KAT8_ENSG00000103510_56403.3	793	179	1377	322	568	771	565	687
2900	KAT8_ENSG00000103510_56404.4	517	134	941	0	0	464	92	256
2901	KAT8_ENSG00000103510_56405.5	366	413	684	0	0	0	252	346
2902	KAT8_ENSG00000103510_56406.6	370	320	855	253	0	187	277	425
2903	KDM1A_ENSG00000004487_37714.1	1359	308	2145	0	517	0	454	887
2904	KDM1A_ENSG00000004487_37715.2	575	288	1007	827	1591	0	92	290
2905	KDM1A_ENSG00000004487_37716.3	428	149	1082	0	59	0	461	597
2906	KDM1A_ENSG00000004487_37717.4	799	400	1246	319	607	0	102	369
2907	KDM1A_ENSG00000004487_37718.5	809	281	1380	282	498	71	224	491
2908	KDM1A_ENSG00000004487_37719.6	907	157	1422	296	0	0	547	600
2909	KDM1B_ENSG00000165097_9147.1	651	229	1301	0	485	199	522	605
2910	KDM1B_ENSG00000165097_9148.2	564	143	1055	656	0	196	331	494
2911	KDM1B_ENSG00000165097_9149.3	358	472	763	279	1273	792	204	256
2912	KDM1B_ENSG00000165097_9150.4	518	515	836	0	0	203	447	585
2913	KDM1B_ENSG00000165097_9151.5	613	683	1284	270	902	249	376	461
2914	KDM1B_ENSG00000165097_9152.6	880	334	1764	1041	0	307	678	748
2915	KDM2A_ENSG00000173120_83116.1	881	649	1661	0	1711	353	358	631
2916	KDM2A_ENSG00000173120_83117.2	179	172	230	253	0	0	136	165
2917	KDM2A_ENSG00000173120_83118.3	594	153	812	0	0	196	219	366
2918	KDM2A_ENSG00000173120_83119.4	2346	2109	3480	648	1086	195	1080	1409
2919	KDM2A_ENSG00000173120_83120.5	470	0	1203	407	0	395	520	567
2920	KDM2A_ENSG00000173120_83121.6	951	2121	2069	0	601	415	726	883
2921	KDM2B_ENSG00000089094_10573.1	1190	1330	2480	0	1129	676	1068	1311
2922	KDM2B_ENSG00000089094_10574.2	431	592	757	0	1424	63	473	452
2923	KDM2B_ENSG00000089094_10575.3	617	416	979	272	0	547	352	507
2924	KDM2B_ENSG00000089094_10576.4	558	167	1334	0	579	663	154	361
2925	KDM2B_ENSG00000089094_10577.5	676	868	1382	290	876	393	459	667
2926	KDM2B_ENSG00000089094_10578.6	246	0	398	0	8	0	68	160
2927	KDM3A_ENSG00000115548_93667.1	852	230	1281	413	580	1053	540	639
2928	KDM3A_ENSG00000115548_93668.2	1201	707	2033	874	0	403	1030	1079
2929	KDM3A_ENSG00000115548_93669.3	1067	436	2605	1525	815	199	332	903
2930	KDM3A_ENSG00000115548_93670.4	1862	1156	3267	708	561	967	1233	1487
2931	KDM3A_ENSG00000115548_93671.5	849	410	1847	373	523	705	363	717
2932	KDM3A_ENSG00000115548_93672.6	422	302	942	293	511	185	111	318
2933	KDM3B_ENSG00000120733_123550.1	520	445	1067	316	139	645	364	539
2934	KDM3B_ENSG00000120733_123551.2	557	507	1062	331	0	392	334	558
2935	KDM3B_ENSG00000120733_123552.3	481	468	1102	855	0	161	125	384
2936	KDM3B_ENSG00000120733_123553.4	947	1180	1806	0	2	1073	767	1016
2937	KDM3B_ENSG00000120733_123554.5	335	0	748	0	1862	0	195	246
2938	KDM3B_ENSG00000120733_123555.6	541	612	1378	610	0	407	540	541
2939	KDM4A_ENSG00000066135_57526.1	1421	601	2189	1796	601	179	924	1085
2940	KDM4A_ENSG00000066135_57527.2	127	0	193	317	307	224	147	205
2941	KDM4A_ENSG00000066135_57528.3	1166	1430	2127	1256	1760	660	648	1271
2942	KDM4A_ENSG00000066135_57529.4	715	429	1308	524	149	1728	187	417
2943	KDM4A_ENSG00000066135_57530.5	572	130	1040	1835	0	221	263	486
2944	KDM4A_ENSG00000066135_57531.6	148	159	359	0	0	0	53	62
2945	KDM4B_ENSG00000127663_83356.1	349	0	592	1	0	324	259	323
2946	KDM4B_ENSG00000127663_83357.2	1718	669	2833	593	7	0	1041	1421
2947	KDM4B_ENSG00000127663_83358.3	919	819	1921	0	781	308	778	891
2948	KDM4B_ENSG00000127663_83359.4	282	307	536	0	0	0	19	109
2949	KDM4B_ENSG00000127663_83360.5	998	808	2249	306	681	670	733	952
2950	KDM4B_ENSG00000127663_83361.6	866	464	1696	338	1068	410	644	816
2951	KDM4C_ENSG00000107077_177961.1	1438	483	2615	1610	1152	2101	1394	1320
2952	KDM4C_ENSG00000107077_177962.2	712	748	1255	311	886	209	383	714
2953	KDM4C_ENSG00000107077_177963.3	1323	659	2428	0	529	502	497	1006
2954	KDM4C_ENSG00000107077_177964.4	419	248	927	0	0	188	433	413
2955	KDM4C_ENSG00000107077_177965.5	1310	894	2621	905	1993	544	1420	1490
2956	KDM4C_ENSG00000107077_177966.6	1184	840	2058	616	614	715	1247	1226
2957	KDM4D_ENSG00000186280_112168.1	1211	443	2138	293	596	587	1061	1143
2958	KDM4D_ENSG00000186280_112169.2	276	279	475	0	882	6	115	214
2959	KDM4D_ENSG00000186280_112170.3	788	781	1071	630	0	233	103	453
2960	KDM4D_ENSG00000186280_112171.4	525	0	1213	936	0	12	126	531
2961	KDM4D_ENSG00000186280_112172.5	715	695	1227	305	0	0	276	557
2962	KDM4D_ENSG00000186280_112173.6	1173	1515	2624	0	1466	464	361	966
2963	KDM5A_ENSG00000073614_125722.1	309	228	576	0	0	0	35	187
2964	KDM5A_ENSG00000073614_125723.2	653	917	1148	1119	0	0	460	550
2965	KDM5A_ENSG00000073614_125724.3	1811	1137	3279	1678	0	1763	1135	1566
2966	KDM5A_ENSG00000073614_125725.4	558	142	1180	321	0	0	352	563
2967	KDM5A_ENSG00000073614_125726.5	598	376	1212	0	853	0	422	646
2968	KDM5A_ENSG00000073614_125727.6	357	262	708	270	530	519	52	231
2969	KDM5B_ENSG00000117139_37584.1	1874	427	3183	1214	3365	1606	994	1353
2970	KDM5B_ENSG00000117139_37585.2	1594	1063	2686	959	593	220	446	1079
2971	KDM5B_ENSG00000117139_37586.3	635	289	1003	312	279	6	236	442
2972	KDM5B_ENSG00000117139_37587.4	1482	853	3214	180	2122	954	1120	1487
2973	KDM5B_ENSG00000117139_37588.5	840	857	1126	660	299	0	382	630
2974	KDM5B_ENSG00000117139_37589.6	327	146	743	1	0	189	102	230
2975	KDM5C_ENSG00000126012_152900.1	508	128	1132	0	0	179	81	289
2976	KDM5C_ENSG00000126012_152901.2	1688	1504	2977	1617	2066	691	1127	1515
2977	KDM5C_ENSG00000126012_152902.3	1574	1093	3356	549	532	651	910	1556
2978	KDM5C_ENSG00000126012_152903.4	3211	1947	4481	1392	1214	682	1686	2463
2979	KDM5C_ENSG00000126012_152904.5	465	315	720	329	551	0	329	407
2980	KDM5C_ENSG00000126012_152905.6	1133	770	2470	1010	521	816	536	1028
2981	KDM5D_ENSG00000012817_112590.1	972	1699	2021	629	440	211	681	1109
2982	KDM5D_ENSG00000012817_112591.2	1597	622	2733	494	484	382	1186	1694
2983	KDM5D_ENSG00000012817_112592.3	1164	569	2589	1213	0	229	617	1288
2984	KDM5D_ENSG00000012817_112593.4	351	442	819	2	576	193	291	378
2985	KDM5D_ENSG00000012817_112594.5	557	426	1125	0	0	0	427	504
2986	KDM5D_ENSG00000012817_112595.6	1369	1744	2436	1376	14	330	835	1167
2987	KDM6A_ENSG00000147050_114240.1	1209	830	2314	1149	534	902	769	1079
2988	KDM6A_ENSG00000147050_114241.2	1026	933	1774	1098	1695	326	618	862
2989	KDM6A_ENSG00000147050_114242.3	724	338	1229	682	0	461	556	734
2990	KDM6A_ENSG00000147050_114243.4	817	171	971	2	1193	394	337	603
2991	KDM6A_ENSG00000147050_114244.5	381	1036	683	547	0	594	100	378
2992	KDM6A_ENSG00000147050_114245.6	1007	1052	1962	854	952	676	688	1005
2993	KDM6B_ENSG00000132510_28933.1	1475	497	2362	790	387	997	1458	1478
2994	KDM6B_ENSG00000132510_28934.2	413	153	840	0	156	0	129	327
2995	KDM6B_ENSG00000132510_28935.3	1271	563	2382	811	0	749	610	1038
2996	KDM6B_ENSG00000132510_28936.4	1348	2223	2457	998	595	1015	669	1080
2997	KDM6B_ENSG00000132510_28937.5	1800	977	3273	12016	996	1115	1233	1676
2998	KDM6B_ENSG00000132510_28938.6	535	0	1161	507	582	0	324	565
2999	KDM7A_ENSG00000006459_48988.1	1548	1480	2808	1240	67	585	1327	1486
3000	KDM7A_ENSG00000006459_48989.2	452	296	922	1	0	4	145	306
3001	KDM7A_ENSG00000006459_48990.3	266	162	575	298	0	0	63	136
3002	KDM7A_ENSG00000006459_48991.4	619	82	937	343	437	655	489	511
3003	KDM7A_ENSG00000006459_48992.5	407	485	594	327	0	181	225	271
3004	KDM7A_ENSG00000006459_48993.6	1148	579	2053	1496	2365	512	973	1123
3005	KDM8_ENSG00000155666_65855.1	606	601	1193	920	10	193	280	405
3006	KDM8_ENSG00000155666_65856.2	868	158	1790	0	586	229	190	646
3007	KDM8_ENSG00000155666_65857.3	289	293	596	0	0	397	234	268
3008	KDM8_ENSG00000155666_65858.4	785	487	1507	646	597	615	674	644
3009	KDM8_ENSG00000155666_65859.5	271	252	412	262	0	0	43	123
3010	KDM8_ENSG00000155666_65860.6	339	180	823	260	1074	197	139	329
3011	KEAP1_ENSG00000079999_158066.1	580	1324	1337	537	4	60	281	548
3012	KEAP1_ENSG00000079999_158067.2	316	290	573	557	403	361	345	360
3013	KEAP1_ENSG00000079999_158068.3	168	452	508	0	0	0	91	144
3014	KEAP1_ENSG00000079999_158069.4	1467	169	2940	906	1601	990	1435	1613
3015	KEAP1_ENSG00000079999_158070.5	1231	736	2135	346	0	528	1088	1324
3016	KEAP1_ENSG00000079999_158071.6	426	0	495	1409	0	0	129	266
3017	KIAA1045_ENSG00000122733_133813.1	977	280	1892	887	1265	64	854	1063
3018	KIAA1045_ENSG00000122733_133814.2	670	184	958	0	942	218	354	439
3019	KIAA1045_ENSG00000122733_133815.3	2105	1513	3860	955	3443	620	1176	2015
3020	KIAA1045_ENSG00000122733_133816.4	527	662	752	459	0	188	310	433
3021	KIAA1045_ENSG00000122733_133817.5	574	360	936	614	1166	782	237	461
3022	KIAA1045_ENSG00000122733_133818.6	694	340	1218	611	528	210	442	586
3023	KIAA1958_ENSG00000165185_122529.1	1110	790	2318	753	1119	812	717	1147
3024	KIAA1958_ENSG00000165185_122530.2	929	766	1761	974	591	576	1017	1067
3025	KIAA1958_ENSG00000165185_122531.3	1274	1197	2419	631	554	817	689	969
3026	KIAA1958_ENSG00000165185_122532.4	425	0	643	263	491	0	208	361
3027	KIAA1958_ENSG00000165185_122533.5	494	0	818	1	0	521	372	431
3028	KIAA1958_ENSG00000165185_122534.6	1021	2582	1588	786	503	1219	595	771
3029	KIAA2026_ENSG00000183354_137366.1	1317	840	2522	415	1368	255	1040	1339
3030	KIAA2026_ENSG00000183354_137367.2	420	0	596	1	0	0	228	319
3031	KIAA2026_ENSG00000183354_137368.3	824	492	1172	167	0	392	456	632
3032	KIAA2026_ENSG00000183354_137369.4	1231	586	2152	612	597	247	656	1185
3033	KIAA2026_ENSG00000183354_137370.5	276	393	642	0	0	0	123	198
3034	KIAA2026_ENSG00000183354_137371.6	913	1098	2115	623	0	1483	284	766
3035	KIF22_ENSG00000079616_48731.1	404	301	720	0	0	0	121	288
3036	KIF22_ENSG00000079616_48732.2	538	400	907	879	601	189	54	201
3037	KIF22_ENSG00000079616_48733.3	1441	1738	2695	1601	2377	583	763	1098
3038	KIF22_ENSG00000079616_48735.5	42	0	113	0	0	0	45	67
3039	KIF22_ENSG00000079616_48736.6	799	284	1580	259	0	943	586	824
3040	KLF1_ENSG00000105610_100095.1	679	464	1292	258	0	0	501	626
3041	KLF1_ENSG00000105610_100096.2	581	272	677	0	0	102	227	301
3042	KLF1_ENSG00000105610_100097.3	863	523	1407	568	0	215	214	653
3043	KLF1_ENSG00000105610_100098.4	487	161	839	0	431	803	387	514
3044	KLF1_ENSG00000105610_100099.5	69	0	120	0	0	204	18	44
3045	KLF1_ENSG00000105610_100100.6	386	161	788	0	0	0	253	296
3046	KLHDC3_ENSG00000124702_111498.1	1378	711	2171	1123	0	1356	967	1119
3047	KLHDC3_ENSG00000124702_111499.2	335	0	573	0	0	0	170	292
3048	KLHDC3_ENSG00000124702_111500.3	1044	1206	1784	1121	132	170	865	814
3049	KLHDC3_ENSG00000124702_111501.4	1355	1407	2574	618	0	523	821	1304
3050	KLHDC3_ENSG00000124702_111502.5	269	280	533	1	0	0	141	252
3051	KLHDC3_ENSG00000124702_111503.6	452	640	801	0	0	589	386	494
3052	KMT2A_ENSG00000118058_33300.1	896	533	1715	319	366	188	472	656
3053	KMT2A_ENSG00000118058_33301.2	310	411	640	146	375	229	130	264
3054	KMT2A_ENSG00000118058_33302.3	323	0	672	0	1136	584	125	256
3055	KMT2A_ENSG00000118058_33303.4	874	1162	1964	625	538	704	246	531
3056	KMT2A_ENSG00000118058_33304.5	618	318	1271	577	603	0	614	525
3057	KMT2A_ENSG00000118058_33305.6	1633	806	2346	1550	1166	216	1092	1197
3058	KMT2B_ENSG00000272333_50089.1	262	152	621	337	0	0	78	219
3059	KMT2B_ENSG00000272333_50090.2	839	1360	1905	936	2100	620	440	849
3060	KMT2B_ENSG00000272333_50091.3	1190	1079	1918	586	1583	1045	543	822
3061	KMT2B_ENSG00000272333_50092.4	535	1024	1101	1090	0	622	416	425
3062	KMT2B_ENSG00000272333_50093.5	1612	1108	2532	280	1345	769	1141	1347
3063	KMT2B_ENSG00000272333_50094.6	217	333	457	0	0	0	163	270
3064	KMT2C_ENSG00000055609_151141.1	2171	2005	4585	607	520	492	2266	1994
3065	KMT2C_ENSG00000055609_151142.2	452	427	742	0	0	5	404	414
3066	KMT2C_ENSG00000055609_151143.3	1195	586	2157	826	617	0	275	983
3067	KMT2C_ENSG00000055609_151144.4	533	608	944	258	2203	448	78	345
3068	KMT2C_ENSG00000055609_151145.5	776	835	1361	866	291	596	856	881
3069	KMT2C_ENSG00000055609_151146.6	1515	1931	3019	1263	631	565	1347	1701
3070	KMT2D_ENSG00000167548_75190.1	994	784	1780	897	3950	777	855	817
3071	KMT2D_ENSG00000167548_75191.2	993	2093	2152	950	1824	982	821	907
3072	KMT2D_ENSG00000167548_75192.3	828	981	1471	610	152	1022	162	541
3073	KMT2D_ENSG00000167548_75193.4	985	1780	1985	12	1586	1245	419	823
3074	KMT2D_ENSG00000167548_75194.5	1003	1824	1773	0	1337	154	828	888
3075	KMT2D_ENSG00000167548_75195.6	1038	1295	2876	1510	970	900	1266	1226
3076	KMT2E_ENSG00000005483_160603.1	969	1020	1786	1160	1157	192	492	759
3077	KMT2E_ENSG00000005483_160604.2	787	784	1415	936	1139	0	418	629
3078	KMT2E_ENSG00000005483_160605.3	984	731	1739	654	454	604	448	719
3079	KMT2E_ENSG00000005483_160606.4	596	277	721	368	0	194	486	597
3080	KMT2E_ENSG00000005483_160607.5	1015	792	1756	1297	564	1068	835	837
3081	KMT2E_ENSG00000005483_160608.6	787	510	1248	1253	493	436	679	778
3082	KNTC1_ENSG00000184445_32693.1	438	430	574	344	0	0	200	305
3083	KNTC1_ENSG00000184445_32694.2	575	646	958	0	0	809	507	502
3084	KNTC1_ENSG00000184445_32695.3	1243	1615	2131	1197	0	1001	1177	1249
3085	KNTC1_ENSG00000184445_32696.4	640	576	987	0	0	604	440	564
3086	KNTC1_ENSG00000184445_32697.5	1360	804	2403	1625	1485	368	949	1085
3087	KNTC1_ENSG00000184445_32698.6	1108	513	2330	1036	0	1205	452	965
3088	L3MBTL2_ENSG00000100395_9371.1	821	162	1461	958	637	0	438	571
3089	L3MBTL2_ENSG00000100395_9372.2	467	569	772	0	139	276	275	426
3090	L3MBTL2_ENSG00000100395_9373.3	1296	422	2278	809	1713	354	868	1122
3091	L3MBTL2_ENSG00000100395_9374.4	1458	607	2172	636	569	202	841	1233
3092	L3MBTL2_ENSG00000100395_9375.5	709	773	1261	263	0	587	360	562
3093	L3MBTL2_ENSG00000100395_9376.6	889	0	1755	590	0	542	604	759
3094	L3MBTL3_ENSG00000198945_77082.1	1576	801	3134	772	0	562	1000	1249
3095	L3MBTL3_ENSG00000198945_77083.2	575	0	1337	1156	0	182	528	676
3096	L3MBTL3_ENSG00000198945_77084.3	391	675	605	291	0	467	330	291
3097	L3MBTL3_ENSG00000198945_77085.4	138	0	422	584	2347	0	37	129
3098	L3MBTL3_ENSG00000198945_77086.5	949	315	1771	293	0	784	553	938
3099	L3MBTL3_ENSG00000198945_77087.6	789	161	1453	613	0	0	582	720
3100	L3MBTL4_ENSG00000154655_180409.1	560	467	989	1	0	0	216	507
3101	L3MBTL4_ENSG00000154655_180410.2	924	365	1229	303	297	0	752	734
3102	L3MBTL4_ENSG00000154655_180411.3	236	289	524	0	0	0	199	307
3103	L3MBTL4_ENSG00000154655_180412.4	1014	953	1713	1296	0	625	509	728
3104	L3MBTL4_ENSG00000154655_180413.5	476	166	1016	620	0	453	320	381
3105	L3MBTL4_ENSG00000154655_180414.6	936	1651	1798	626	563	580	641	864
3106	LARP7_ENSG00000174720_199955.1	634	144	850	1066	1178	303	210	449
3107	LARP7_ENSG00000174720_199956.2	1899	981	3091	814	271	967	1256	1706
3108	LARP7_ENSG00000174720_199957.3	312	693	749	0	0	0	111	290
3109	LARP7_ENSG00000174720_199958.4	119	0	268	338	0	0	6	62
3110	LARP7_ENSG00000174720_199959.5	927	251	1652	301	723	359	322	796
3111	LARP7_ENSG00000174720_199960.6	961	1038	1950	1	0	593	703	884
3112	LBR_ENSG00000143815_84968.1	692	510	1323	323	1660	213	442	592
3113	LBR_ENSG00000143815_84969.2	190	0	484	0	530	384	113	205
3114	LBR_ENSG00000143815_84970.3	309	411	409	0	0	0	141	210
3115	LBR_ENSG00000143815_84971.4	1194	148	2087	629	606	1588	619	868
3116	LBR_ENSG00000143815_84972.5	213	0	256	0	0	33	123	118
3117	LBR_ENSG00000143815_84973.6	398	142	766	0	166	793	130	291
3118	LCOR_ENSG00000196233_5340.1	492	743	1182	841	64	170	427	610
3119	LCOR_ENSG00000196233_5341.2	1289	733	2484	0	671	957	651	1240
3120	LCOR_ENSG00000196233_5342.3	1282	410	2597	433	0	633	1065	1390
3121	LCOR_ENSG00000196233_5343.4	908	791	1458	626	607	207	335	678
3122	LCOR_ENSG00000196233_5344.5	668	717	1099	564	519	0	664	767
3123	LCOR_ENSG00000196233_5345.6	539	321	947	327	515	542	341	494
3124	LCORL_ENSG00000178177_180489.1	321	162	335	0	0	221	94	232
3125	LCORL_ENSG00000178177_180490.2	957	177	1871	0	615	775	491	749
3126	LCORL_ENSG00000178177_180491.3	541	323	959	318	0	0	300	502
3127	LCORL_ENSG00000178177_180492.4	316	311	520	338	0	1060	151	239
3128	LCORL_ENSG00000178177_180493.5	611	138	1072	294	0	880	586	700
3129	LCORL_ENSG00000178177_180494.6	1531	1171	2732	924	1700	464	928	1268
3130	LEO1_ENSG00000166477_58346.1	411	143	860	514	559	759	248	391
3131	LEO1_ENSG00000166477_58347.2	987	1635	1278	1	1738	1404	541	744
3132	LEO1_ENSG00000166477_58348.3	270	330	571	0	204	563	194	260
3133	LEO1_ENSG00000166477_58349.4	787	674	1645	0	0	190	540	797
3134	LEO1_ENSG00000166477_58350.5	1871	2745	3649	2438	1730	3823	1353	1611
3135	LEO1_ENSG00000166477_58351.6	495	197	938	0	621	923	292	376
3136	LMNA_ENSG00000160789_159023.1	1015	496	1811	355	707	581	476	660
3137	LMNA_ENSG00000160789_159024.2	619	476	1351	282	0	176	182	512
3138	LMNA_ENSG00000160789_159025.3	952	488	1369	602	539	852	734	739
3139	LMNA_ENSG00000160789_159026.4	493	224	761	299	3	227	191	396
3140	LMNA_ENSG00000160789_159027.5	648	327	1204	744	0	0	462	520
3141	LMNA_ENSG00000160789_159028.6	1842	2950	2582	1633	519	1621	913	1201
3142	LMNB1_ENSG00000113368_23449.1	522	335	1010	654	587	671	319	352
3143	LMNB1_ENSG00000113368_23450.2	1100	1019	2221	309	615	409	853	1135
3144	LMNB1_ENSG00000113368_23451.3	663	0	1182	530	246	233	456	651
3145	LMNB1_ENSG00000113368_23452.4	2215	1404	3262	1375	811	816	1407	1508
3146	LMNB1_ENSG00000113368_23453.5	938	149	1561	1175	555	328	264	537
3147	LMNB1_ENSG00000113368_23454.6	656	137	1238	281	0	215	321	578
3148	LMNB2_ENSG00000176619_204241.1	989	485	1145	227	0	243	737	789
3149	LMNB2_ENSG00000176619_204242.2	551	661	801	1	0	0	298	462
3150	LMNB2_ENSG00000176619_204243.3	1647	1034	2464	631	327	1179	665	992
3151	LMNB2_ENSG00000176619_204244.4	784	873	1311	2176	581	1327	462	628
3152	LMNB2_ENSG00000176619_204245.5	1184	883	2041	1185	1479	136	400	861
3153	LMNB2_ENSG00000176619_204246.6	997	662	1863	514	561	636	324	803
3154	LNX1_ENSG00000072201_124184.1	1149	936	2035	2541	2592	1207	1150	1175
3155	LNX1_ENSG00000072201_124185.2	659	1	1393	1654	0	606	479	705
3156	LNX1_ENSG00000072201_124186.3	961	256	1511	0	530	207	882	878
3157	LNX1_ENSG00000072201_124187.4	395	461	635	322	242	0	311	449
3158	LNX1_ENSG00000072201_124188.5	251	0	268	0	0	0	175	218
3159	LNX1_ENSG00000072201_124189.6	394	0	973	312	0	391	207	377
3160	LRWD1_ENSG00000161036_98488.1	494	378	835	0	0	0	127	302
3161	LRWD1_ENSG00000161036_98489.2	229	0	484	0	0	2	75	207
3162	LRWD1_ENSG00000161036_98490.3	970	568	1641	511	1733	487	466	781
3163	LRWD1_ENSG00000161036_98491.4	613	0	1050	273	0	736	292	616
3164	LRWD1_ENSG00000161036_98492.5	1205	1417	2275	335	1011	627	639	964
3165	LRWD1_ENSG00000161036_98493.6	1333	621	2629	1854	0	509	332	887
3166	MACROD1_ENSG00000133315_1725.1	396	153	638	0	0	386	264	305
3167	MACROD1_ENSG00000133315_1726.2	290	0	333	1	524	0	61	141
3168	MACROD1_ENSG00000133315_1727.3	509	891	1511	247	0	382	290	539
3169	MACROD1_ENSG00000133315_1728.4	704	450	1195	149	595	592	484	611
3170	MACROD1_ENSG00000133315_1729.5	282	59	538	267	0	205	124	249
3171	MACROD1_ENSG00000133315_1730.6	1630	869	2817	658	1595	306	1071	1150
3172	MACROD2_ENSG00000172264_152690.1	937	534	2363	615	1660	1425	502	1021
3173	MACROD2_ENSG00000172264_152691.2	645	0	1318	233	0	0	612	579
3174	MACROD2_ENSG00000172264_152692.3	684	499	1105	317	615	553	250	494
3175	MACROD2_ENSG00000172264_152693.4	943	1079	1763	649	1787	336	452	818
3176	MACROD2_ENSG00000172264_152694.5	431	1	837	278	0	90	134	355
3177	MACROD2_ENSG00000172264_152695.6	1097	338	1558	560	0	553	631	893
3178	MAEL_ENSG00000143194_51285.1	1509	317	3512	455	882	1236	735	1485
3179	MAEL_ENSG00000143194_51286.2	950	667	1605	1	1440	185	703	815
3180	MAEL_ENSG00000143194_51287.3	418	410	744	0	0	0	276	374
3181	MAEL_ENSG00000143194_51288.4	1024	283	1664	952	1688	70	577	727
3182	MAEL_ENSG00000143194_51289.5	367	138	789	0	0	827	318	459
3183	MAEL_ENSG00000143194_51290.6	692	317	1277	0	0	0	439	552
3184	MAP3K12_ENSG00000139625_141544.1	521	549	941	0	0	580	253	390
3185	MAP3K12_ENSG00000139625_141545.2	785	1055	1093	285	23	194	727	663
3186	MAP3K12_ENSG00000139625_141546.3	883	535	1442	0	545	212	564	764
3187	MAP3K12_ENSG00000139625_141547.4	454	153	761	0	0	210	141	311
3188	MAP3K12_ENSG00000139625_141548.5	1126	756	2101	1516	878	1136	849	1007
3189	MAP3K12_ENSG00000139625_141549.6	519	156	969	317	0	0	253	364
3190	MAU2_ENSG00000129933_78023.1	791	176	1063	260	549	329	379	575
3191	MAU2_ENSG00000129933_78024.2	1098	836	2186	331	1153	408	506	948
3192	MAU2_ENSG00000129933_78025.3	976	322	1399	293	600	427	770	789
3193	MAU2_ENSG00000129933_78026.4	1188	1340	2321	360	614	911	558	1049
3194	MAU2_ENSG00000129933_78027.5	677	552	1374	1208	0	356	471	633
3195	MAU2_ENSG00000129933_78028.6	935	835	1452	571	0	0	347	657
3196	MAZ_ENSG00000103495_143592.1	899	341	1606	449	624	847	863	801
3197	MAZ_ENSG00000103495_143593.2	1062	1378	1906	659	1100	752	582	824
3198	MAZ_ENSG00000103495_143594.3	426	503	1004	0	0	0	354	316
3199	MAZ_ENSG00000103495_143595.4	1956	474	3065	513	1694	185	905	1141
3200	MAZ_ENSG00000103495_143596.5	198	270	565	0	0	0	64	160
3201	MAZ_ENSG00000103495_143597.6	495	425	798	294	523	0	159	416
3202	MBD1_ENSG00000141644_160494.1	813	699	1140	0	0	0	460	715
3203	MBD1_ENSG00000141644_160495.2	851	558	1640	1109	587	50	289	631
3204	MBD1_ENSG00000141644_160496.3	231	176	394	0	565	0	130	162
3205	MBD1_ENSG00000141644_160497.4	752	665	1295	325	0	400	454	632
3206	MBD1_ENSG00000141644_160498.5	771	906	1743	290	1133	220	524	904
3207	MBD1_ENSG00000141644_160499.6	1225	1240	1987	212	573	449	583	866
3208	MBD2_ENSG00000134046_130849.1	329	130	641	0	0	559	158	298
3209	MBD2_ENSG00000134046_130850.2	618	350	1031	180	0	0	405	456
3210	MBD2_ENSG00000134046_130851.3	186	0	215	0	0	0	21	53
3211	MBD2_ENSG00000134046_130852.4	978	1527	1985	148	301	693	218	687
3212	MBD2_ENSG00000134046_130853.5	851	1794	1441	0	1756	781	466	733
3213	MBD2_ENSG00000134046_130854.6	784	636	1436	889	564	388	533	708
3214	MBD3_ENSG00000071655_202811.1	1650	464	2796	618	0	200	1265	1401
3215	MBD3_ENSG00000071655_202812.2	487	197	827	644	564	0	342	385
3216	MBD3_ENSG00000071655_202813.3	690	184	1026	0	0	0	453	431
3217	MBD3_ENSG00000071655_202814.4	1321	634	2558	456	1199	583	724	1269
3218	MBD3_ENSG00000071655_202815.5	782	589	1402	309	0	0	442	783
3219	MBD3_ENSG00000071655_202816.6	1200	628	2174	308	2168	349	503	683
3220	MBD4_ENSG00000129071_37271.1	435	0	565	307	0	0	92	208
3221	MBD4_ENSG00000129071_37272.2	789	262	1488	1153	576	208	388	650
3222	MBD4_ENSG00000129071_37273.3	817	930	1410	1	474	497	356	649
3223	MBD4_ENSG00000129071_37274.4	1117	254	1937	925	582	439	539	890
3224	MBD4_ENSG00000129071_37275.5	848	244	1527	244	693	382	358	664
3225	MBD4_ENSG00000129071_37276.6	796	159	1822	862	1200	1336	599	783
3226	MBD5_ENSG00000204406_88995.1	573	806	974	593	0	580	402	483
3227	MBD5_ENSG00000204406_88996.2	296	208	578	0	713	0	395	270
3228	MBD5_ENSG00000204406_88997.3	770	575	1438	863	0	160	490	850
3229	MBD5_ENSG00000204406_88998.4	480	427	1024	0	0	612	642	505
3230	MBD5_ENSG00000204406_88999.5	2601	2357	4262	192	913	1258	2171	2524
3231	MBD5_ENSG00000204406_89000.6	1134	574	2019	4	516	369	747	1113
3232	MBD6_ENSG00000166987_121354.1	1296	1514	2890	904	595	397	760	1111
3233	MBD6_ENSG00000166987_121355.2	416	302	563	346	600	0	134	237
3234	MBD6_ENSG00000166987_121356.3	668	0	1140	616	137	0	518	545
3235	MBD6_ENSG00000166987_121357.4	1429	836	2190	2	0	688	1134	1215
3236	MBD6_ENSG00000166987_121358.5	902	955	1346	1375	533	1112	109	391
3237	MBD6_ENSG00000166987_121359.6	449	148	898	0	561	58	88	289
3238	MBTD1_ENSG00000011258_69235.1	205	357	349	601	0	0	118	244
3239	MBTD1_ENSG00000011258_69236.2	775	154	1512	266	0	457	535	679
3240	MBTD1_ENSG00000011258_69237.3	684	143	1034	0	286	0	441	630
3241	MBTD1_ENSG00000011258_69238.4	414	667	824	0	0	395	265	305
3242	MBTD1_ENSG00000011258_69239.5	623	515	1112	553	608	0	578	571
3243	MBTD1_ENSG00000011258_69240.6	1223	812	3010	545	458	1000	1074	1301
3244	MCM2_ENSG00000073111_109271.1	1446	814	2489	2486	532	1895	1131	1290
3245	MCM2_ENSG00000073111_109272.2	1387	1376	2443	934	153	761	1236	1418
3246	MCM2_ENSG00000073111_109273.3	333	156	511	292	0	0	110	155
3247	MCM2_ENSG00000073111_109274.4	600	1	919	837	579	324	372	505
3248	MCM2_ENSG00000073111_109275.5	914	640	1134	615	0	509	532	607
3249	MCM2_ENSG00000073111_109276.6	594	172	837	331	0	98	154	372
3250	MCM3_ENSG00000112118_176804.1	498	423	988	0	400	0	249	527
3251	MCM3_ENSG00000112118_176805.2	612	72	1041	0	553	498	303	489
3252	MCM3_ENSG00000112118_176806.3	1192	153	2232	0	0	811	336	848
3253	MCM3_ENSG00000112118_176807.4	669	643	1431	565	0	211	205	550
3254	MCM3_ENSG00000112118_176808.5	960	985	1483	803	0	408	831	897
3255	MCM3_ENSG00000112118_176809.6	400	339	619	0	0	183	452	370
3256	MCM4_ENSG00000104738_48171.1	371	0	575	233	0	200	73	151
3257	MCM4_ENSG00000104738_48172.2	968	332	1969	0	82	218	229	623
3258	MCM4_ENSG00000104738_48173.3	372	320	740	679	626	0	278	343
3259	MCM4_ENSG00000104738_48174.4	516	112	912	311	0	0	274	480
3260	MCM4_ENSG00000104738_48175.5	326	304	528	291	0	226	141	208
3261	MCM4_ENSG00000104738_48176.6	1078	1822	2037	971	164	326	244	842
3262	MCM5_ENSG00000100297_201549.1	336	0	621	0	1052	97	216	257
3263	MCM5_ENSG00000100297_201550.2	1330	836	2371	1	137	0	986	1201
3264	MCM5_ENSG00000100297_201551.3	417	597	717	407	279	365	33	221
3265	MCM5_ENSG00000100297_201552.4	1197	504	2055	832	0	662	1054	1361
3266	MCM5_ENSG00000100297_201553.5	1368	477	2761	628	1594	701	1044	1350
3267	MCM5_ENSG00000100297_201554.6	382	241	696	0	0	0	212	321
3268	MCM6_ENSG00000076003_188345.1	1294	461	2356	1832	662	478	1039	1229
3269	MCM6_ENSG00000076003_188346.2	1508	1130	2758	618	0	1196	409	951
3270	MCM6_ENSG00000076003_188347.3	1311	855	3014	1157	1754	607	684	1358
3271	MCM6_ENSG00000076003_188348.4	2421	1188	3673	3164	1392	1169	1408	1694
3272	MCM6_ENSG00000076003_188349.5	867	207	1713	821	1692	1073	341	715
3273	MCM6_ENSG00000076003_188350.6	17	0	89	0	0	0	11	21
3274	MCM7_ENSG00000166508_28703.1	620	437	1210	230	5	2	265	402
3275	MCM7_ENSG00000166508_28704.2	775	355	1085	307	0	760	519	673
3276	MCM7_ENSG00000166508_28705.3	311	244	467	302	0	203	111	219
3277	MCM7_ENSG00000166508_28706.4	833	733	1333	676	0	1250	861	821
3278	MCM7_ENSG00000166508_28707.5	415	405	995	330	0	0	231	393
3279	MCM7_ENSG00000166508_28708.6	214	417	516	0	0	192	127	185
3280	MCRS1_ENSG00000187778_129365.1	417	0	696	266	0	536	373	389
3281	MCRS1_ENSG00000187778_129366.2	527	468	777	892	0	208	327	348
3282	MCRS1_ENSG00000187778_129367.3	1107	501	2325	930	628	1087	332	978
3283	MCRS1_ENSG00000187778_129368.4	360	152	731	0	0	1	226	325
3284	MCRS1_ENSG00000187778_129369.5	989	1432	1856	591	565	735	411	874
3285	MCRS1_ENSG00000187778_129370.6	1025	1333	2120	1471	594	201	610	950
3286	MDC1_ENSG00000137337_119599.1	1425	1554	2625	289	1006	631	821	1228
3287	MDC1_ENSG00000137337_119600.2	506	80	1006	499	0	0	440	425
3288	MDC1_ENSG00000137337_119601.3	1032	460	1942	1171	0	194	577	698
3289	MDC1_ENSG00000137337_119602.4	100	0	388	285	0	0	45	89
3290	MDC1_ENSG00000137337_119603.5	1048	372	2318	708	0	411	1207	1140
3291	MDC1_ENSG00000137337_119604.6	298	682	585	375	0	169	126	218
3292	MEAF6_ENSG00000163875_201979.1	455	760	708	989	547	866	276	389
3293	MEAF6_ENSG00000163875_201980.2	426	248	1028	691	894	775	443	412
3294	MEAF6_ENSG00000163875_201981.3	327	98	748	1108	755	1008	36	149
3295	MEAF6_ENSG00000163875_201982.4	937	1575	1809	1566	1797	2537	468	761
3296	MEAF6_ENSG00000163875_201983.5	1258	1442	2090	626	458	129	556	1025
3297	MEAF6_ENSG00000163875_201984.6	794	1497	1556	1400	4150	1650	159	514
3298	MECOM_ENSG00000085276_127480.1	702	545	1356	642	0	0	236	598
3299	MECOM_ENSG00000085276_127481.2	1188	1121	2344	281	587	1176	338	887
3300	MECOM_ENSG00000085276_127482.3	732	437	1396	960	837	0	397	657
3301	MECOM_ENSG00000085276_127483.4	175	0	293	159	0	0	153	191
3302	MECOM_ENSG00000085276_127484.5	1425	319	2286	338	1409	595	802	1003
3303	MECOM_ENSG00000085276_127485.6	1292	1052	2539	849	1717	0	891	1243
3304	MECP2_ENSG00000169057_78293.1	329	620	762	0	0	0	85	239
3305	MECP2_ENSG00000169057_78294.2	686	782	1600	626	1170	204	411	677
3306	MECP2_ENSG00000169057_78295.3	751	1164	1348	0	0	385	667	754
3307	MECP2_ENSG00000169057_78296.4	892	302	1530	754	648	618	552	846
3308	MECP2_ENSG00000169057_78297.5	1402	1231	2787	1242	553	2257	1187	1622
3309	MECP2_ENSG00000169057_78298.6	852	727	1488	296	85	1057	347	661
3310	MED1_ENSG00000125686_158726.1	124	0	281	477	1090	0	90	144
3311	MED1_ENSG00000125686_158727.2	821	9	1648	0	582	0	456	781
3312	MED1_ENSG00000125686_158728.3	464	0	1136	654	0	206	313	440
3313	MED1_ENSG00000125686_158729.4	1016	1108	1459	325	0	585	450	865
3314	MED1_ENSG00000125686_158730.5	1322	431	2352	826	502	180	809	1076
3315	MED1_ENSG00000125686_158731.6	338	271	714	244	4	3	150	393
3316	MED11_ENSG00000161920_116140.1	165	0	276	0	0	0	37	97
3317	MED11_ENSG00000161920_116141.2	1824	169	3300	0	0	0	1317	1710
3318	MED11_ENSG00000161920_116142.3	618	145	1080	316	0	198	49	167
3319	MED11_ENSG00000161920_116143.4	544	155	1055	0	0	0	453	544
3320	MED11_ENSG00000161920_116144.5	947	472	1772	0	0	225	530	694
3321	MED11_ENSG00000161920_116145.6	538	340	808	0	0	200	374	471
3322	MED12_ENSG00000184634_197980.1	1047	0	1427	897	0	88	516	740
3323	MED12_ENSG00000184634_197981.2	587	390	1242	575	0	6	225	498
3324	MED12_ENSG00000184634_197982.3	393	0	643	0	0	0	89	196
3325	MED12_ENSG00000184634_197983.4	1286	1085	2380	708	628	393	890	1317
3326	MED12_ENSG00000184634_197984.5	837	142	1389	609	77	200	188	514
3327	MED12_ENSG00000184634_197985.6	637	138	1131	270	0	511	353	621
3328	MED13_ENSG00000108510_36385.1	1198	520	2411	0	0	163	566	1042
3329	MED13_ENSG00000108510_36386.2	672	797	1296	278	1820	208	170	613
3330	MED13_ENSG00000108510_36387.3	211	0	293	0	0	0	114	139
3331	MED13_ENSG00000108510_36388.4	566	501	1107	303	550	294	318	593
3332	MED13_ENSG00000108510_36389.5	851	446	1727	1	616	213	597	880
3333	MED13_ENSG00000108510_36390.6	320	0	642	0	0	207	29	126
3334	MED14_ENSG00000180182_141564.1	821	1707	1625	1364	134	426	459	825
3335	MED14_ENSG00000180182_141565.2	487	0	1018	0	0	0	135	320
3336	MED14_ENSG00000180182_141566.3	1770	178	2611	1	1224	822	1457	1535
3337	MED14_ENSG00000180182_141567.4	157	158	290	0	0	0	70	121
3338	MED14_ENSG00000180182_141568.5	713	286	1484	612	718	109	309	679
3339	MED14_ENSG00000180182_141569.6	423	823	974	317	0	378	314	470
3340	MED15_ENSG00000099917_91808.1	1133	465	1775	321	875	393	243	655
3341	MED15_ENSG00000099917_91809.2	1259	465	2212	0	0	806	547	727
3342	MED15_ENSG00000099917_91810.3	540	156	1075	0	7	718	198	390
3343	MED15_ENSG00000099917_91811.4	812	495	1454	590	706	331	539	612
3344	MED15_ENSG00000099917_91812.5	1065	336	1591	640	579	0	523	605
3345	MED15_ENSG00000099917_91813.6	679	507	1155	0	539	237	520	466
3346	MED16_ENSG00000175221_13295.1	1188	0	2069	0	549	95	1161	1094
3347	MED16_ENSG00000175221_13296.2	725	324	944	274	0	0	375	462
3348	MED16_ENSG00000175221_13297.3	1143	411	2415	823	568	1115	618	1029
3349	MED16_ENSG00000175221_13298.4	626	146	940	301	0	0	427	508
3350	MED16_ENSG00000175221_13299.5	370	179	627	26	0	0	340	401
3351	MED16_ENSG00000175221_13300.6	430	1082	765	614	554	209	221	349
3352	MED17_ENSG00000042429_63138.1	511	0	913	0	0	0	432	465
3353	MED17_ENSG00000042429_63139.2	407	0	662	1	0	0	230	376
3354	MED17_ENSG00000042429_63140.3	532	0	1134	0	0	0	186	404
3355	MED17_ENSG00000042429_63141.4	859	143	1417	311	0	0	410	587
3356	MED17_ENSG00000042429_63142.5	342	0	577	0	0	209	349	323
3357	MED17_ENSG00000042429_63143.6	365	160	635	0	0	0	256	254
3358	MED18_ENSG00000130772_186936.1	890	237	1496	661	0	536	555	640
3359	MED18_ENSG00000130772_186937.2	913	1290	1309	487	448	155	663	817
3360	MED18_ENSG00000130772_186938.3	509	347	1113	294	0	535	338	635
3361	MED18_ENSG00000130772_186939.4	1170	1047	2084	0	2055	276	1082	1122
3362	MED18_ENSG00000130772_186940.5	2261	1453	3619	1927	745	2361	1322	1575
3363	MED18_ENSG00000130772_186941.6	901	883	1851	525	0	0	541	969
3364	MED19_ENSG00000156603_42432.1	1012	325	1651	280	0	0	603	967
3365	MED19_ENSG00000156603_42433.2	1477	0	2503	343	527	212	898	1312
3366	MED19_ENSG00000156603_42434.3	1549	0	2322	0	0	393	682	901
3367	MED19_ENSG00000156603_42435.4	860	0	1209	339	0	228	205	438
3368	MED19_ENSG00000156603_42436.5	958	1	1470	684	0	0	774	810
3369	MED19_ENSG00000156603_42437.6	735	146	1081	605	572	206	446	546
3370	MED20_ENSG00000124641_86751.1	1378	763	2381	291	0	174	1027	1121
3371	MED20_ENSG00000124641_86752.2	404	124	763	276	0	0	115	313
3372	MED20_ENSG00000124641_86753.3	587	700	1200	0	0	209	389	454
3373	MED20_ENSG00000124641_86754.4	1280	412	1822	687	141	0	969	1119
3374	MED20_ENSG00000124641_86755.5	504	0	884	0	0	0	386	368
3375	MED20_ENSG00000124641_86756.6	304	163	518	0	0	0	155	212
3376	MED21_ENSG00000152944_130320.1	1257	0	1859	258	0	189	906	956
3377	MED21_ENSG00000152944_130321.2	351	954	585	0	1628	389	48	226
3378	MED21_ENSG00000152944_130322.3	364	0	512	604	0	0	218	251
3379	MED21_ENSG00000152944_130323.4	1027	663	1843	186	15	340	673	887
3380	MED21_ENSG00000152944_130324.5	429	492	826	320	568	844	250	357
3381	MED21_ENSG00000152944_130325.6	715	1203	1223	1	1403	206	309	599
3382	MED23_ENSG00000112282_5900.1	993	973	2234	729	606	142	300	777
3383	MED23_ENSG00000112282_5901.2	718	164	2396	465	505	0	371	676
3384	MED23_ENSG00000112282_5902.3	908	681	1893	980	556	1155	483	710
3385	MED23_ENSG00000112282_5903.4	838	0	1370	1	0	380	410	657
3386	MED23_ENSG00000112282_5904.5	745	497	1283	0	297	0	368	604
3387	MED23_ENSG00000112282_5905.6	592	179	1350	366	381	370	349	500
3388	MED24_ENSG00000008838_56956.1	785	409	1392	310	0	0	685	696
3389	MED24_ENSG00000008838_56957.2	402	212	1095	303	0	740	292	495
3390	MED24_ENSG00000008838_56958.3	1573	1055	2694	1	1625	386	1649	1547
3391	MED24_ENSG00000008838_56959.4	536	0	1138	350	538	171	362	422
3392	MED24_ENSG00000008838_56960.5	1181	301	2165	328	0	4	890	1089
3393	MED24_ENSG00000008838_56961.6	358	164	594	297	0	30	232	292
3394	MED25_ENSG00000104973_158026.1	785	539	1768	1255	744	0	294	686
3395	MED25_ENSG00000104973_158027.2	570	89	916	774	248	229	376	474
3396	MED25_ENSG00000104973_158028.3	1318	1724	2743	2343	2185	870	1133	1222
3397	MED25_ENSG00000104973_158029.4	830	981	1536	1533	0	191	957	969
3398	MED25_ENSG00000104973_158030.5	625	347	1397	646	623	234	386	650
3399	MED25_ENSG00000104973_158031.6	281	305	470	0	479	322	128	223
3400	MED27_ENSG00000160563_158536.1	765	543	1312	0	637	0	567	627
3401	MED27_ENSG00000160563_158537.2	1367	643	2504	653	2803	924	1020	1289
3402	MED27_ENSG00000160563_158538.3	284	0	470	625	0	0	90	173
3403	MED27_ENSG00000160563_158539.4	567	169	1082	621	161	181	153	334
3404	MED27_ENSG00000160563_158540.5	594	144	1433	0	0	389	412	470
3405	MED27_ENSG00000160563_158541.6	1519	1036	2449	305	836	191	382	1047
3406	MED29_ENSG00000063322_122169.1	695	280	1137	284	554	375	359	483
3407	MED29_ENSG00000063322_122170.2	451	263	959	292	1087	386	250	326
3408	MED29_ENSG00000063322_122171.3	1099	504	1938	294	1120	897	954	1003
3409	MED29_ENSG00000063322_122172.4	536	138	935	0	160	0	354	448
3410	MED29_ENSG00000063322_122173.5	625	138	1122	0	0	0	456	577
3411	MED29_ENSG00000063322_122174.6	1083	1080	2183	918	590	230	1039	1221
3412	MED30_ENSG00000164758_79570.1	336	876	594	312	0	0	120	214
3413	MED30_ENSG00000164758_79571.2	1378	164	2792	1	1626	0	1228	1371
3414	MED30_ENSG00000164758_79572.3	17	0	0	0	0	0	1	8
3415	MED30_ENSG00000164758_79573.4	793	243	1101	274	590	0	188	493
3416	MED30_ENSG00000164758_79574.5	990	0	1808	283	0	181	1055	840
3417	MED30_ENSG00000164758_79575.6	608	160	1058	322	0	0	528	586
3418	MED31_ENSG00000108590_65222.1	1369	716	2499	766	36	459	420	852
3419	MED31_ENSG00000108590_65223.2	1641	325	2855	260	0	552	1228	1577
3420	MED31_ENSG00000108590_65224.3	1067	616	2181	1248	1111	252	477	795
3421	MED31_ENSG00000108590_65225.4	286	23	407	621	0	139	141	219
3422	MED31_ENSG00000108590_65226.5	766	467	1607	319	1039	639	398	692
3423	MED31_ENSG00000108590_65227.6	1204	286	2108	596	968	538	707	1084
3424	MED4_ENSG00000136146_65612.1	940	284	1605	505	63	358	498	799
3425	MED4_ENSG00000136146_65613.2	1337	744	2235	1	857	419	617	996
3426	MED4_ENSG00000136146_65614.3	1166	144	2324	316	9390	1229	300	796
3427	MED4_ENSG00000136146_65615.4	998	276	2050	554	0	0	409	740
3428	MED4_ENSG00000136146_65616.5	497	195	1020	329	288	0	394	468
3429	MED4_ENSG00000136146_65617.6	219	122	445	294	543	0	116	161
3430	MED6_ENSG00000133997_199380.1	662	1311	1220	652	558	641	380	608
3431	MED6_ENSG00000133997_199381.2	1303	994	2396	1205	3	0	427	914
3432	MED6_ENSG00000133997_199382.3	295	231	687	321	0	412	208	366
3433	MED6_ENSG00000133997_199383.4	2180	865	3753	1361	1762	423	1811	1956
3434	MED6_ENSG00000133997_199384.5	1036	0	1937	293	0	197	571	902
3435	MED6_ENSG00000133997_199385.6	132	0	196	0	0	0	132	104
3436	MED8_ENSG00000159479_37854.1	1390	1932	2687	1705	2743	1302	1154	1255
3437	MED8_ENSG00000159479_37855.2	857	296	1413	0	0	596	343	554
3438	MED8_ENSG00000159479_37856.3	766	531	1368	271	1755	571	538	568
3439	MED8_ENSG00000159479_37857.4	976	226	1495	573	0	596	895	697
3440	MED8_ENSG00000159479_37858.5	1804	570	3140	261	0	471	1544	1458
3441	MED8_ENSG00000159479_37859.6	342	0	456	256	0	0	89	214
3442	MED9_ENSG00000141026_11551.1	673	0	1206	1	0	190	300	537
3443	MED9_ENSG00000141026_11552.2	494	485	747	0	0	0	246	349
3444	MED9_ENSG00000141026_11553.3	550	0	949	0	0	0	507	387
3445	MED9_ENSG00000141026_11554.4	2007	644	2779	1008	611	739	1539	1559
3446	MED9_ENSG00000141026_11555.5	2105	408	3405	272	521	411	1464	1806
3447	MED9_ENSG00000141026_11556.6	885	0	1528	293	0	212	331	533
3448	MEN1_ENSG00000133895_157131.1	1054	1056	2331	596	1352	614	863	1023
3449	MEN1_ENSG00000133895_157132.2	651	778	1246	1	0	0	326	521
3450	MEN1_ENSG00000133895_157133.3	1537	1547	2338	288	3850	876	641	1159
3451	MEN1_ENSG00000133895_157134.4	510	0	998	315	1201	848	267	448
3452	MEN1_ENSG00000133895_157135.5	312	79	547	0	291	0	190	300
3453	MEN1_ENSG00000133895_157136.6	144	174	246	0	0	0	182	144
3454	MEPCE_ENSG00000146834_135547.1	641	413	1239	0	504	314	61	306
3455	MEPCE_ENSG00000146834_135548.2	228	158	452	0	0	0	180	298
3456	MEPCE_ENSG00000146834_135549.3	508	233	1010	12	935	1046	206	383
3457	MEPCE_ENSG00000146834_135550.4	1322	413	2719	815	0	643	1172	1474
3458	MEPCE_ENSG00000146834_135551.5	671	608	1047	939	579	787	283	492
3459	MEPCE_ENSG00000146834_135552.6	1464	702	2364	331	2448	309	1145	1502
3460	METTL11B_ENSG00000203740_116313.1	892	564	1530	523	462	193	542	671
3461	METTL11B_ENSG00000203740_116314.2	313	0	524	0	0	599	65	200
3462	METTL11B_ENSG00000203740_116315.3	906	1062	1775	589	296	0	178	596
3463	METTL11B_ENSG00000203740_116316.4	1059	622	1706	932	553	197	331	717
3464	METTL11B_ENSG00000203740_116317.5	821	185	1640	616	237	443	877	888
3465	METTL11B_ENSG00000203740_116318.6	653	523	1090	266	0	199	135	503
3466	METTL13_ENSG00000010165_83852.1	700	584	1263	1156	0	270	309	576
3467	METTL13_ENSG00000010165_83853.2	295	169	543	0	436	179	169	209
3468	METTL13_ENSG00000010165_83854.3	1809	620	3090	1935	582	429	1369	1786
3469	METTL13_ENSG00000010165_83855.4	1831	557	3203	1175	1160	779	1097	1321
3470	METTL13_ENSG00000010165_83856.5	858	332	1536	629	0	0	684	816
3471	METTL13_ENSG00000010165_83857.6	68	191	179	0	0	0	108	78
3472	METTL20_ENSG00000139160_192296.1	603	532	1147	821	571	0	421	497
3473	METTL20_ENSG00000139160_192297.2	742	588	993	906	0	220	415	418
3474	METTL20_ENSG00000139160_192298.3	808	742	1576	776	0	0	475	766
3475	METTL20_ENSG00000139160_192299.4	452	128	693	0	3	186	151	280
3476	METTL20_ENSG00000139160_192300.5	467	0	644	0	0	230	164	203
3477	METTL20_ENSG00000139160_192301.6	691	155	1457	577	0	145	522	566
3478	METTL2A_ENSG00000087995_58306.1	93	54	111	68	8	24	18	22
3479	METTL2A_ENSG00000087995_58307.2	53	19	66	35	5	6	9	14
3480	METTL2A_ENSG00000087995_58308.3	1038	861	2030	637	1489	219	549	1011
3481	METTL2A_ENSG00000087995_58309.4	1059	894	1864	664	0	1005	562	906
3482	METTL2A_ENSG00000087995_58310.5	953	477	1494	1136	0	398	632	712
3483	METTL2A_ENSG00000087995_58311.6	1177	1295	2267	1266	2183	1328	179	796
3484	METTL2B_ENSG00000165055_119226.1	137	40	215	67	7	8	20	44
3485	METTL2B_ENSG00000165055_119227.2	56	33	96	0	7	0	10	9
3486	METTL2B_ENSG00000165055_119228.3	730	761	1615	1185	570	308	353	583
3487	METTL2B_ENSG00000165055_119229.4	1244	521	1943	1	1094	821	317	741
3488	METTL2B_ENSG00000165055_119230.5	598	182	765	1531	0	0	404	467
3489	METTL2B_ENSG00000165055_119231.6	444	263	489	954	0	186	152	306
3490	METTL6_ENSG00000206562_164941.1	240	457	383	295	0	203	37	137
3491	METTL6_ENSG00000206562_164942.2	1215	1283	2262	613	1309	971	518	878
3492	METTL6_ENSG00000206562_164943.3	527	0	1065	352	1453	315	493	585
3493	METTL6_ENSG00000206562_164944.4	666	665	959	718	585	379	470	544
3494	METTL6_ENSG00000206562_164945.5	411	285	791	0	248	341	180	377
3495	METTL6_ENSG00000206562_164946.6	1066	143	2152	1188	984	566	341	870
3496	METTL7A_ENSG00000185432_204470.1	803	469	1274	0	1607	205	283	679
3497	METTL7A_ENSG00000185432_204471.2	696	374	1172	285	0	849	71	370
3498	METTL7A_ENSG00000185432_204472.3	521	151	1048	0	1091	383	397	626
3499	METTL7A_ENSG00000185432_204473.4	261	232	399	0	1017	847	15	97
3500	METTL7A_ENSG00000185432_204474.5	810	748	1819	280	644	805	323	659
3501	METTL7A_ENSG00000185432_204475.6	512	411	771	317	569	661	49	234
3502	METTL7B_ENSG00000170439_154754.1	1001	705	1460	614	0	384	421	641
3503	METTL7B_ENSG00000170439_154755.2	505	144	1134	0	589	394	55	261
3504	METTL7B_ENSG00000170439_154756.3	336	158	681	282	0	209	343	435
3505	METTL7B_ENSG00000170439_154757.4	715	263	1435	1156	0	401	317	576
3506	METTL7B_ENSG00000170439_154758.5	1472	623	2767	1577	2537	1744	392	1092
3507	METTL7B_ENSG00000170439_154759.6	463	188	965	475	0	200	182	334
3508	METTL8_ENSG00000123600_63675.1	982	569	2183	148	0	1414	358	851
3509	METTL8_ENSG00000123600_63676.2	589	156	1129	1	1498	334	176	510
3510	METTL8_ENSG00000123600_63677.3	1347	412	2480	0	261	303	642	1219
3511	METTL8_ENSG00000123600_63678.4	1434	1388	2830	345	2494	524	369	1116
3512	METTL8_ENSG00000123600_63679.5	407	641	1233	0	0	720	363	467
3513	METTL8_ENSG00000123600_63680.6	750	420	1347	602	558	480	337	540
3514	MGEA5_ENSG00000198408_162110.1	308	0	408	616	0	0	90	192
3515	MGEA5_ENSG00000198408_162111.2	831	130	1491	339	0	0	213	593
3516	MGEA5_ENSG00000198408_162112.3	571	634	1100	368	719	185	22	220
3517	MGEA5_ENSG00000198408_162113.4	734	0	1084	0	0	1082	174	471
3518	MGEA5_ENSG00000198408_162114.5	417	365	637	330	518	0	151	309
3519	MGEA5_ENSG00000198408_162115.6	1041	0	1537	1	0	205	533	868
3520	MGMT_ENSG00000170430_167526.1	276	295	399	619	0	0	103	149
3521	MGMT_ENSG00000170430_167527.2	433	351	761	309	0	379	37	221
3522	MGMT_ENSG00000170430_167528.3	1190	307	2005	877	508	228	978	1131
3523	MGMT_ENSG00000170430_167529.4	551	526	1163	308	241	0	418	493
3524	MGMT_ENSG00000170430_167530.5	660	563	1484	0	0	403	110	472
3525	MGMT_ENSG00000170430_167531.6	682	601	1315	547	599	738	526	736
3526	MIER1_ENSG00000198160_13872.1	593	628	1033	0	317	0	379	532
3527	MIER1_ENSG00000198160_13873.2	1355	581	2471	1453	1096	508	822	1252
3528	MIER1_ENSG00000198160_13874.3	721	320	1389	350	511	0	375	617
3529	MIER1_ENSG00000198160_13875.4	715	455	1083	920	526	236	370	709
3530	MIER1_ENSG00000198160_13876.5	1319	402	2740	872	0	0	527	971
3531	MIER1_ENSG00000198160_13877.6	542	195	649	3	0	625	356	413
3532	MIER2_ENSG00000105556_67683.1	283	0	598	0	0	0	165	284
3533	MIER2_ENSG00000105556_67684.2	370	0	544	353	524	0	214	317
3534	MIER2_ENSG00000105556_67685.3	672	573	1483	607	736	115	301	673
3535	MIER2_ENSG00000105556_67686.4	109	151	353	0	0	199	62	134
3536	MIER2_ENSG00000105556_67687.5	726	327	1053	301	1729	518	414	563
3537	MIER2_ENSG00000105556_67688.6	331	0	880	0	0	201	157	249
3538	MIER3_ENSG00000155545_201499.1	1057	486	1993	899	633	428	896	907
3539	MIER3_ENSG00000155545_201500.2	822	588	1531	147	586	226	203	655
3540	MIER3_ENSG00000155545_201501.3	367	0	740	0	0	0	167	344
3541	MIER3_ENSG00000155545_201502.4	772	432	1420	308	0	423	212	587
3542	MIER3_ENSG00000155545_201503.5	707	371	1059	262	295	445	673	605
3543	MIER3_ENSG00000155545_201504.6	1578	1396	3027	547	1437	1899	1306	1526
3544	MINA_ENSG00000170854_73713.1	1390	1615	2100	226	0	250	725	1116
3545	MINA_ENSG00000170854_73714.2	898	516	2036	659	1173	408	835	978
3546	MINA_ENSG00000170854_73715.3	1669	855	2870	976	2244	751	634	1282
3547	MINA_ENSG00000170854_73716.4	822	951	1457	329	642	978	583	739
3548	MINA_ENSG00000170854_73717.5	647	0	1178	289	0	239	121	393
3549	MINA_ENSG00000170854_73718.6	784	476	1259	979	1081	425	435	589
3550	MIS12_ENSG00000167842_25675.1	299	405	563	600	0	0	211	370
3551	MIS12_ENSG00000167842_25676.2	1277	611	2269	915	0	323	910	1252
3552	MIS12_ENSG00000167842_25677.3	583	969	892	580	0	194	507	521
3553	MIS12_ENSG00000167842_25678.4	1094	531	1714	547	8	716	711	921
3554	MIS12_ENSG00000167842_25679.5	1239	752	2294	531	273	584	323	894
3555	MIS12_ENSG00000167842_25680.6	601	465	1139	299	0	420	238	472
3556	MIS18A_ENSG00000159055_79610.1	1004	772	1877	299	0	395	676	1106
3557	MIS18A_ENSG00000159055_79611.2	288	0	410	0	160	0	141	210
3558	MIS18A_ENSG00000159055_79612.3	413	258	847	0	1421	489	450	401
3559	MIS18A_ENSG00000159055_79613.4	994	1161	1904	295	1269	1048	621	909
3560	MIS18A_ENSG00000159055_79614.5	1606	1327	2307	657	0	0	856	1027
3561	MIS18A_ENSG00000159055_79615.6	378	75	957	582	0	0	144	351
3562	MIS18BP1_ENSG00000129534_170531.1	670	0	1143	0	0	452	284	608
3563	MIS18BP1_ENSG00000129534_170532.2	1565	787	2958	1307	389	1020	618	1368
3564	MIS18BP1_ENSG00000129534_170533.3	655	801	1122	495	0	392	330	515
3565	MIS18BP1_ENSG00000129534_170534.4	499	127	830	0	1103	0	180	406
3566	MIS18BP1_ENSG00000129534_170535.5	565	349	1230	739	0	434	406	492
3567	MIS18BP1_ENSG00000129534_170536.6	1641	1251	2981	328	1138	1005	1268	1543
3568	MKRN1_ENSG00000133606_66175.1	580	504	943	274	0	0	433	460
3569	MKRN1_ENSG00000133606_66176.2	328	469	817	588	260	219	89	266
3570	MKRN1_ENSG00000133606_66177.3	1000	736	1838	911	442	443	431	629
3571	MKRN1_ENSG00000133606_66178.4	281	157	380	0	0	206	83	144
3572	MKRN1_ENSG00000133606_66179.5	541	259	771	0	37	335	217	371
3573	MKRN1_ENSG00000133606_66180.6	1004	312	1615	650	847	921	363	631
3574	MLH3_ENSG00000119684_111178.1	1432	549	2635	1215	1114	1155	1324	1523
3575	MLH3_ENSG00000119684_111179.2	504	367	682	208	0	0	306	406
3576	MLH3_ENSG00000119684_111180.3	1610	1152	3146	601	1181	514	872	1583
3577	MLH3_ENSG00000119684_111181.4	954	801	1671	291	629	307	611	885
3578	MLH3_ENSG00000119684_111182.5	1145	691	1781	244	1444	288	666	1063
3579	MLH3_ENSG00000119684_111183.6	613	558	1179	267	0	219	381	568
3580	MLLT1_ENSG00000130382_44993.1	442	165	737	630	543	0	369	321
3581	MLLT1_ENSG00000130382_44994.2	401	183	806	0	0	0	379	357
3582	MLLT1_ENSG00000130382_44995.3	554	147	1540	321	74	391	379	631
3583	MLLT1_ENSG00000130382_44996.4	600	290	1332	773	560	197	430	736
3584	MLLT1_ENSG00000130382_44997.5	957	0	1540	0	0	377	719	706
3585	MLLT1_ENSG00000130382_44998.6	255	0	451	272	0	218	52	171
3586	MLLT10_ENSG00000078403_182202.1	714	562	1255	291	518	364	280	570
3587	MLLT10_ENSG00000078403_182203.2	1443	268	2579	479	580	0	1069	1377
3588	MLLT10_ENSG00000078403_182204.3	659	0	861	336	0	188	491	634
3589	MLLT10_ENSG00000078403_182205.4	598	354	963	334	0	0	389	532
3590	MLLT10_ENSG00000078403_182206.5	1159	844	1841	641	1695	0	528	925
3591	MLLT10_ENSG00000078403_182207.6	1181	465	2297	817	0	0	633	1042
3592	MLLT3_ENSG00000171843_113160.1	716	471	1035	1	83	430	199	545
3593	MLLT3_ENSG00000171843_113161.2	1900	724	3575	2341	1112	1508	1923	1949
3594	MLLT3_ENSG00000171843_113162.3	449	193	772	0	547	301	359	496
3595	MLLT3_ENSG00000171843_113163.4	2169	1843	3035	1130	0	201	2162	2049
3596	MLLT3_ENSG00000171843_113164.5	774	352	1447	298	0	0	681	830
3597	MLLT3_ENSG00000171843_113165.6	1619	1114	2628	610	295	386	930	1300
3598	MLLT6_ENSG00000108292_61825.1	287	352	821	0	633	0	210	261
3599	MLLT6_ENSG00000108292_61826.2	1269	412	2517	1110	540	310	981	1194
3600	MLLT6_ENSG00000108292_61827.3	1781	1008	2771	986	0	1795	1435	1666
3601	MLLT6_ENSG00000108292_61828.4	823	1065	1456	270	275	0	403	726
3602	MLLT6_ENSG00000108292_61829.5	1157	2261	2197	1502	453	750	788	985
3603	MLLT6_ENSG00000108292_61830.6	660	301	1160	0	0	335	658	579
3604	MLTK_ENSG00000091436_68603.1	1763	1819	3034	336	0	1233	1329	1670
3605	MLTK_ENSG00000091436_68604.2	556	476	1116	0	0	44	444	558
3606	MLTK_ENSG00000091436_68605.3	399	0	834	292	0	161	321	364
3607	MLTK_ENSG00000091436_68606.4	299	1	654	306	0	0	206	222
3608	MLTK_ENSG00000091436_68607.5	932	369	1437	884	1628	221	263	631
3609	MLTK_ENSG00000091436_68608.6	808	605	1394	541	583	854	468	661
3610	MNAT1_ENSG00000020426_26165.1	593	160	1028	0	0	115	172	389
3611	MNAT1_ENSG00000020426_26166.2	615	153	982	1136	540	686	257	508
3612	MNAT1_ENSG00000020426_26167.3	437	0	849	287	0	453	565	507
3613	MNAT1_ENSG00000020426_26168.4	299	172	576	0	0	0	144	225
3614	MNAT1_ENSG00000020426_26169.5	2334	913	3705	360	624	626	1561	2081
3615	MNAT1_ENSG00000020426_26170.6	844	141	1786	286	823	0	323	696
3616	MORC1_ENSG00000114487_171488.1	1658	645	2604	949	0	600	905	1365
3617	MORC1_ENSG00000114487_171489.2	1982	958	3502	291	1550	604	1840	1876
3618	MORC1_ENSG00000114487_171490.3	472	281	1169	602	1136	1066	116	308
3619	MORC1_ENSG00000114487_171491.4	869	1236	1654	281	0	611	156	581
3620	MORC1_ENSG00000114487_171492.5	1204	659	2253	698	742	297	845	1027
3621	MORC1_ENSG00000114487_171493.6	1438	949	2422	1499	1587	906	878	1262
3622	MORC2_ENSG00000133422_160554.1	1676	2407	3056	2209	0	180	1817	1885
3623	MORC2_ENSG00000133422_160555.2	718	312	1597	566	1048	467	487	745
3624	MORC2_ENSG00000133422_160556.3	776	437	1791	268	0	549	729	918
3625	MORC2_ENSG00000133422_160557.4	1302	909	2342	605	1126	18	1065	1286
3626	MORC2_ENSG00000133422_160558.5	114	0	154	0	0	157	33	104
3627	MORC2_ENSG00000133422_160559.6	303	292	456	0	285	266	102	292
3628	MORC3_ENSG00000159256_199494.1	800	65	1426	595	1136	206	534	822
3629	MORC3_ENSG00000159256_199495.2	1063	223	2051	1183	0	409	546	818
3630	MORC3_ENSG00000159256_199496.3	1111	785	2270	614	1121	1072	976	1133
3631	MORC3_ENSG00000159256_199497.4	536	257	867	308	0	407	274	542
3632	MORC3_ENSG00000159256_199498.5	407	290	614	307	0	411	70	206
3633	MORC3_ENSG00000159256_199499.6	575	559	1323	0	412	373	257	621
3634	MORC4_ENSG00000133131_93171.1	201	0	421	0	537	0	106	206
3635	MORC4_ENSG00000133131_93172.2	1164	823	2005	298	1472	0	1136	1080
3636	MORC4_ENSG00000133131_93173.3	577	0	722	307	1134	211	402	497
3637	MORC4_ENSG00000133131_93174.4	1368	938	2709	606	916	204	558	1127
3638	MORC4_ENSG00000133131_93175.5	1481	709	2500	845	82	366	376	1052
3639	MORC4_ENSG00000133131_93176.6	938	563	1449	280	576	179	516	854
3640	MORF4L1_ENSG00000185787_80230.1	201	847	433	0	0	0	157	197
3641	MORF4L1_ENSG00000185787_80231.2	1241	1329	2528	603	0	781	833	1144
3642	MORF4L1_ENSG00000185787_80232.3	859	480	1925	1303	0	430	502	775
3643	MORF4L1_ENSG00000185787_80233.4	1142	414	2185	304	0	777	342	841
3644	MORF4L1_ENSG00000185787_80234.5	1166	1403	2052	387	0	462	333	951
3645	MORF4L1_ENSG00000185787_80235.6	461	203	763	0	1118	558	391	490
3646	MORF4L2_ENSG00000123562_31391.1	315	0	613	0	1156	163	188	237
3647	MORF4L2_ENSG00000123562_31392.2	578	529	1052	579	0	231	225	484
3648	MORF4L2_ENSG00000123562_31393.3	1221	872	2046	1198	561	742	678	995
3649	MORF4L2_ENSG00000123562_31394.4	383	134	833	573	0	63	91	350
3650	MORF4L2_ENSG00000123562_31395.5	1048	547	1813	550	160	908	517	885
3651	MORF4L2_ENSG00000123562_31396.6	1658	658	2794	675	0	224	754	1357
3652	MPHOSPH8_ENSG00000196199_175549.1	1092	686	1643	599	658	1035	569	766
3653	MPHOSPH8_ENSG00000196199_175550.2	891	453	2025	538	0	791	417	736
3654	MPHOSPH8_ENSG00000196199_175551.3	522	578	866	860	1379	436	256	481
3655	MPHOSPH8_ENSG00000196199_175552.4	500	0	1092	4	1092	170	369	507
3656	MPHOSPH8_ENSG00000196199_175553.5	1358	545	2382	1167	0	964	1483	1305
3657	MPHOSPH8_ENSG00000196199_175554.6	728	300	1528	0	0	415	362	693
3658	MPL_ENSG00000117400_194751.1	243	207	532	0	0	0	147	174
3659	MPL_ENSG00000117400_194752.2	705	509	1521	324	3459	414	199	570
3660	MPL_ENSG00000117400_194753.3	1496	1828	2421	3319	556	545	1234	1306
3661	MPL_ENSG00000117400_194754.4	678	1053	1513	965	0	586	52	298
3662	MPL_ENSG00000117400_194755.5	2585	1959	4443	1521	0	1446	2383	2589
3663	MPL_ENSG00000117400_194756.6	457	512	783	1383	281	828	308	384
3664	MRE11A_ENSG00000020922_146800.1	948	667	1950	993	455	845	516	902
3665	MRE11A_ENSG00000020922_146801.2	505	277	846	0	1109	290	176	379
3666	MRE11A_ENSG00000020922_146802.3	878	608	1595	317	0	708	590	756
3667	MRE11A_ENSG00000020922_146803.4	697	0	1413	0	1432	233	582	741
3668	MRE11A_ENSG00000020922_146804.5	1064	594	1490	169	0	390	503	841
3669	MRE11A_ENSG00000020922_146805.6	1819	1626	2847	340	1271	1002	1516	1414
3670	MRGBP_ENSG00000101189_119969.1	245	0	457	773	0	0	155	163
3671	MRGBP_ENSG00000101189_119970.2	531	1105	955	0	0	194	393	460
3672	MRGBP_ENSG00000101189_119971.3	101	0	262	0	1	315	42	70
3673	MRGBP_ENSG00000101189_119972.4	448	0	848	304	0	12	125	263
3674	MRGBP_ENSG00000101189_119973.5	1204	776	2098	881	0	296	668	1045
3675	MRGBP_ENSG00000101189_119974.6	1025	555	2345	1689	1919	593	537	866
3676	MSH6_ENSG00000116062_86661.1	634	161	983	1	0	0	417	488
3677	MSH6_ENSG00000116062_86662.2	1676	2886	3452	1971	0	1170	1382	1484
3678	MSH6_ENSG00000116062_86663.3	875	296	1460	626	169	934	500	714
3679	MSH6_ENSG00000116062_86664.4	748	819	1293	810	0	203	229	474
3680	MSH6_ENSG00000116062_86665.5	1664	1530	2784	2841	1061	375	1179	1355
3681	MSH6_ENSG00000116062_86666.6	742	149	1223	279	1170	395	518	667
3682	MSL2_ENSG00000174579_59076.1	1179	793	2603	994	521	958	705	1099
3683	MSL2_ENSG00000174579_59077.2	331	126	614	393	592	220	280	298
3684	MSL2_ENSG00000174579_59078.3	664	306	1342	0	1106	795	385	621
3685	MSL2_ENSG00000174579_59079.4	912	168	1456	1254	0	596	744	812
3686	MSL2_ENSG00000174579_59080.5	1124	490	1855	296	1197	345	462	774
3687	MSL2_ENSG00000174579_59081.6	590	876	1535	1192	0	767	403	604
3688	MST1_ENSG00000173531_189739.1	723	296	1270	1	1172	728	685	577
3689	MST1_ENSG00000173531_189740.2	524	506	934	0	0	0	265	377
3690	MST1_ENSG00000173531_189741.3	2147	745	3588	2286	349	0	998	1566
3691	MST1_ENSG00000173531_189742.4	791	725	1289	330	581	202	363	497
3692	MST1_ENSG00000173531_189743.5	821	548	1123	871	0	186	323	525
3693	MST1_ENSG00000173531_189744.6	440	688	1021	318	6	0	271	381
3694	MTA1_ENSG00000182979_150833.1	669	292	1225	0	0	416	227	503
3695	MTA1_ENSG00000182979_150834.2	1035	416	1807	959	0	97	845	992
3696	MTA1_ENSG00000182979_150835.3	539	339	786	0	550	211	150	319
3697	MTA1_ENSG00000182979_150836.4	743	620	1035	563	663	664	534	708
3698	MTA1_ENSG00000182979_150837.5	1384	1370	2843	960	646	630	569	1204
3699	MTA1_ENSG00000182979_150838.6	1401	538	2434	561	938	1389	725	1166
3700	MTA2_ENSG00000149480_107394.1	1060	1035	2421	315	0	633	278	735
3701	MTA2_ENSG00000149480_107395.2	934	918	1637	0	50	177	709	868
3702	MTA2_ENSG00000149480_107396.3	162	168	291	0	257	93	79	129
3703	MTA2_ENSG00000149480_107397.4	922	134	1837	1229	973	389	581	857
3704	MTA2_ENSG00000149480_107398.5	1308	1076	2311	1682	538	226	524	1165
3705	MTA2_ENSG00000149480_107399.6	321	355	849	1329	0	0	271	314
3706	MTA3_ENSG00000057935_162970.1	537	135	911	306	0	193	201	418
3707	MTA3_ENSG00000057935_162971.2	1046	786	2520	1256	698	909	401	883
3708	MTA3_ENSG00000057935_162972.3	963	802	1518	365	767	303	523	771
3709	MTA3_ENSG00000057935_162973.4	963	547	1980	0	567	1444	586	929
3710	MTA3_ENSG00000057935_162974.5	771	573	1297	1747	0	398	442	792
3711	MTA3_ENSG00000057935_162975.6	281	344	724	275	0	181	200	251
3712	MTERF_ENSG00000127989_138006.1	271	582	435	324	0	617	97	293
3713	MTERF_ENSG00000127989_138007.2	1110	586	1715	315	1	182	396	570
3714	MTERF_ENSG00000127989_138008.3	1667	706	2564	1094	584	1200	864	1183
3715	MTERF_ENSG00000127989_138009.4	740	701	1077	0	0	370	259	554
3716	MTERF_ENSG00000127989_138010.5	345	345	648	227	0	0	256	338
3717	MTERF_ENSG00000127989_138011.6	146	0	206	325	0	0	90	166
3718	MTF1_ENSG00000188786_85648.1	713	0	1239	318	165	531	627	650
3719	MTF1_ENSG00000188786_85649.2	655	160	1363	631	667	309	189	527
3720	MTF1_ENSG00000188786_85650.3	1541	1456	2881	522	531	1492	972	1454
3721	MTF1_ENSG00000188786_85651.4	1221	1201	1853	145	0	353	1162	1055
3722	MTF1_ENSG00000188786_85652.5	466	618	816	1237	535	924	321	367
3723	MTF1_ENSG00000188786_85653.6	1073	563	1706	1562	1296	23	814	1053
3724	MTF2_ENSG00000143033_35795.1	266	585	367	1	0	564	135	169
3725	MTF2_ENSG00000143033_35796.2	1023	291	1660	312	0	33	771	889
3726	MTF2_ENSG00000143033_35797.3	945	612	1809	303	1128	409	484	837
3727	MTF2_ENSG00000143033_35798.4	367	315	871	891	576	470	306	348
3728	MTF2_ENSG00000143033_35799.5	347	76	635	313	269	86	102	260
3729	MTF2_ENSG00000143033_35800.6	1146	1682	2532	971	865	590	839	1075
3730	MTR_ENSG00000116984_33510.1	188	317	349	0	0	0	89	160
3731	MTR_ENSG00000116984_33511.2	729	285	1444	0	13	578	389	653
3732	MTR_ENSG00000116984_33512.3	865	172	1961	428	329	351	933	826
3733	MTR_ENSG00000116984_33513.4	1625	1576	2790	1142	548	744	1433	1604
3734	MTR_ENSG00000116984_33514.5	838	222	1954	649	0	0	662	789
3735	MTR_ENSG00000116984_33515.6	1259	415	1833	913	1	695	440	839
3736	MUL1_ENSG00000090432_55608.1	1877	455	3334	278	1201	767	1353	1623
3737	MUL1_ENSG00000090432_55609.2	592	149	960	0	0	41	512	566
3738	MUL1_ENSG00000090432_55610.3	208	276	402	0	0	244	52	203
3739	MUL1_ENSG00000090432_55611.4	752	780	1559	1178	1113	0	180	562
3740	MUL1_ENSG00000090432_55612.5	700	640	1635	146	1428	409	198	419
3741	MUL1_ENSG00000090432_55613.6	1159	1356	2097	0	0	410	417	843
3742	MUM1_ENSG00000160953_161980.1	1094	351	2014	288	811	228	965	885
3743	MUM1_ENSG00000160953_161981.2	611	470	1163	0	0	241	232	468
3744	MUM1_ENSG00000160953_161982.3	206	0	409	271	0	0	152	152
3745	MUM1_ENSG00000160953_161983.4	1100	349	1597	756	1720	1023	389	786
3746	MUM1_ENSG00000160953_161984.5	708	303	1092	717	555	17	576	614
3747	MUM1_ENSG00000160953_161985.6	1359	1496	2409	596	892	892	829	1193
3748	MUM1L1_ENSG00000157502_83782.1	875	492	1707	0	0	378	651	763
3749	MUM1L1_ENSG00000157502_83783.2	1105	1218	1732	455	66	213	1028	1024
3750	MUM1L1_ENSG00000157502_83784.3	868	441	1399	307	294	311	435	729
3751	MUM1L1_ENSG00000157502_83785.4	662	753	1239	560	621	173	215	571
3752	MUM1L1_ENSG00000157502_83786.5	848	331	1657	320	1190	0	525	710
3753	MUM1L1_ENSG00000157502_83787.6	1338	998	2506	1417	1173	1291	1004	1427
3754	MYB_ENSG00000118513_166551.1	1565	857	2839	967	990	0	1234	1281
3755	MYB_ENSG00000118513_166552.2	388	327	600	860	561	0	629	489
3756	MYB_ENSG00000118513_166553.3	695	169	1113	1	26	273	315	505
3757	MYB_ENSG00000118513_166554.4	705	748	1361	312	4	532	498	565
3758	MYB_ENSG00000118513_166555.5	851	168	1423	0	513	198	792	642
3759	MYB_ENSG00000118513_166556.6	360	0	833	0	0	0	307	401
3760	MYBL1_ENSG00000185697_142533.1	640	319	1835	548	882	566	417	746
3761	MYBL1_ENSG00000185697_142534.2	654	404	1080	857	1081	0	278	534
3762	MYBL1_ENSG00000185697_142535.3	573	304	941	597	1425	808	273	519
3763	MYBL1_ENSG00000185697_142536.4	337	113	475	576	599	283	118	277
3764	MYBL1_ENSG00000185697_142537.5	433	0	819	594	0	388	218	355
3765	MYBL1_ENSG00000185697_142538.6	405	428	850	0	0	214	212	434
3766	MYBL2_ENSG00000101057_180429.1	276	173	376	317	0	0	112	207
3767	MYBL2_ENSG00000101057_180430.2	963	172	1912	814	1083	372	740	948
3768	MYBL2_ENSG00000101057_180431.3	652	743	1027	0	765	100	298	468
3769	MYBL2_ENSG00000101057_180432.4	721	509	1013	360	0	0	380	573
3770	MYBL2_ENSG00000101057_180433.5	1133	484	2187	861	62	275	800	1036
3771	MYBL2_ENSG00000101057_180434.6	489	507	1145	669	162	403	283	545
3772	MYPOP_ENSG00000176182_197010.1	654	0	1003	0	0	193	480	578
3773	MYPOP_ENSG00000176182_197011.2	698	535	1512	1665	0	772	420	611
3774	MYPOP_ENSG00000176182_197012.3	1192	885	1963	0	146	149	944	967
3775	MYPOP_ENSG00000176182_197013.4	587	0	839	740	1156	370	230	530
3776	MYPOP_ENSG00000176182_197014.5	950	1209	1803	1424	595	1300	405	823
3777	MYPOP_ENSG00000176182_197015.6	559	0	582	330	541	196	200	285
3778	MYSM1_ENSG00000162601_108561.1	568	154	1169	794	0	0	193	501
3779	MYSM1_ENSG00000162601_108562.2	757	324	1378	331	0	393	497	598
3780	MYSM1_ENSG00000162601_108563.3	788	477	1507	876	0	0	453	684
3781	MYSM1_ENSG00000162601_108564.4	625	0	1394	0	0	434	407	587
3782	MYSM1_ENSG00000162601_108565.5	933	1332	1512	1	587	825	306	803
3783	MYSM1_ENSG00000162601_108566.6	507	283	949	291	95	744	383	538
3784	NAA10_ENSG00000102030_58286.1	870	273	1559	321	1657	209	428	741
3785	NAA10_ENSG00000102030_58287.2	1634	674	3014	0	575	769	1325	1631
3786	NAA10_ENSG00000102030_58288.3	450	441	660	440	546	720	343	376
3787	NAA10_ENSG00000102030_58289.4	112	0	289	0	0	1	108	163
3788	NAA10_ENSG00000102030_58290.5	937	342	1715	2	0	512	765	864
3789	NAA10_ENSG00000102030_58291.6	470	263	771	0	0	399	367	427
3790	NAA15_ENSG00000164134_55951.1	2651	232	4637	1446	504	859	1919	2132
3791	NAA15_ENSG00000164134_55952.2	911	322	1582	177	1125	0	542	860
3792	NAA15_ENSG00000164134_55953.3	571	265	857	0	1114	190	269	456
3793	NAA15_ENSG00000164134_55954.4	680	728	1571	965	1123	415	491	680
3794	NAA15_ENSG00000164134_55955.5	379	264	620	297	0	192	64	215
3795	NAA15_ENSG00000164134_55956.6	837	330	1457	0	0	194	168	614
3796	NAA60_ENSG00000122390_96783.1	1117	534	1987	674	363	987	1071	906
3797	NAA60_ENSG00000122390_96784.2	645	218	1236	1311	0	591	210	432
3798	NAA60_ENSG00000122390_96785.3	979	144	1296	354	1767	478	412	657
3799	NAA60_ENSG00000122390_96786.4	307	519	571	127	318	783	481	631
3800	NAA60_ENSG00000122390_96787.5	896	675	1782	659	0	649	647	840
3801	NAA60_ENSG00000122390_96788.6	423	327	524	0	0	634	271	346
3802	NAP1L1_ENSG00000187109_50429.1	753	1590	1658	1616	1082	0	364	571
3803	NAP1L1_ENSG00000187109_50430.2	970	359	1564	881	1487	43	706	920
3804	NAP1L1_ENSG00000187109_50431.3	328	597	792	0	563	222	130	340
3805	NAP1L1_ENSG00000187109_50432.4	1104	832	1817	456	703	415	664	1036
3806	NAP1L1_ENSG00000187109_50433.5	480	498	1059	837	0	424	395	371
3807	NAP1L1_ENSG00000187109_50434.6	1729	1371	3160	1267	1130	845	832	1280
3808	NAP1L2_ENSG00000186462_171908.1	561	0	891	310	0	0	419	475
3809	NAP1L2_ENSG00000186462_171909.2	479	533	1033	0	0	195	132	357
3810	NAP1L2_ENSG00000186462_171910.3	1037	165	1991	1406	861	402	1399	1323
3811	NAP1L2_ENSG00000186462_171911.4	696	626	894	772	0	49	498	625
3812	NAP1L2_ENSG00000186462_171912.5	1658	1115	2897	654	416	745	1369	1546
3813	NAP1L2_ENSG00000186462_171913.6	420	523	608	320	1542	43	462	477
3814	NAP1L3_ENSG00000186310_165211.1	1111	1719	2190	575	296	848	379	798
3815	NAP1L3_ENSG00000186310_165212.2	561	811	1144	609	590	32	461	601
3816	NAP1L3_ENSG00000186310_165213.3	698	651	1152	293	609	0	268	585
3817	NAP1L3_ENSG00000186310_165214.4	151	339	275	0	0	455	60	108
3818	NAP1L3_ENSG00000186310_165215.5	510	1	984	0	0	424	173	451
3819	NAP1L3_ENSG00000186310_165216.6	739	136	1331	319	587	617	269	557
3820	NAT10_ENSG00000135372_178215.1	1305	234	3055	0	0	477	1087	1436
3821	NAT10_ENSG00000135372_178216.2	432	453	550	593	1145	0	215	358
3822	NAT10_ENSG00000135372_178217.3	318	443	485	0	0	0	181	252
3823	NAT10_ENSG00000135372_178218.4	875	479	1520	312	0	189	433	701
3824	NAT10_ENSG00000135372_178219.5	1315	1203	2716	1163	1046	1036	801	1221
3825	NAT10_ENSG00000135372_178220.6	1006	272	1601	528	770	0	431	769
3826	NAT6_ENSG00000243477_151671.1	590	0	791	0	0	270	243	381
3827	NAT6_ENSG00000243477_151672.2	169	0	380	432	0	243	192	192
3828	NAT6_ENSG00000243477_151673.3	354	0	655	240	0	198	221	361
3829	NAT6_ENSG00000243477_151674.4	724	354	1097	0	640	616	219	467
3830	NAT6_ENSG00000243477_151675.5	376	466	854	233	0	92	263	446
3831	NAT6_ENSG00000243477_151676.6	517	157	771	325	563	179	362	445
3832	NBN_ENSG00000104320_23239.1	345	301	706	170	0	422	75	231
3833	NBN_ENSG00000104320_23240.2	365	150	832	309	0	217	74	288
3834	NBN_ENSG00000104320_23241.3	514	331	880	0	0	196	578	406
3835	NBN_ENSG00000104320_23242.4	966	89	1618	309	601	539	486	867
3836	NBN_ENSG00000104320_23243.5	1202	927	2235	917	1405	0	934	1196
3837	NBN_ENSG00000104320_23244.6	445	1	698	610	0	235	174	264
3838	NCOA1_ENSG00000084676_302.1	412	78	391	1	0	0	298	285
3839	NCOA1_ENSG00000084676_303.2	204	133	367	0	358	165	90	204
3840	NCOA1_ENSG00000084676_304.3	51	149	182	0	560	0	15	67
3841	NCOA1_ENSG00000084676_305.4	435	341	714	571	0	0	178	325
3842	NCOA1_ENSG00000084676_306.5	1091	1562	1642	311	0	0	966	1017
3843	NCOA1_ENSG00000084676_307.6	727	1114	1646	315	182	0	682	778
3844	NCOA3_ENSG00000124151_102713.1	886	323	2446	0	0	596	592	800
3845	NCOA3_ENSG00000124151_102714.2	723	0	1260	565	0	0	306	651
3846	NCOA3_ENSG00000124151_102715.3	125	418	176	0	0	0	66	77
3847	NCOA3_ENSG00000124151_102716.4	1191	994	2331	1602	263	182	517	1031
3848	NCOA3_ENSG00000124151_102717.5	1066	1086	1980	0	561	571	341	911
3849	NCOA3_ENSG00000124151_102718.6	2249	352	3463	617	614	1131	1675	1970
3850	NCOA6_ENSG00000198646_163800.1	224	0	448	0	0	0	42	140
3851	NCOA6_ENSG00000198646_163801.2	785	432	1377	0	11	601	421	749
3852	NCOA6_ENSG00000198646_163802.3	673	669	1170	315	564	218	121	283
3853	NCOA6_ENSG00000198646_163803.4	1319	618	2102	1153	270	1344	1025	1017
3854	NCOA6_ENSG00000198646_163804.5	1335	658	2064	916	1150	517	942	1124
3855	NCOA6_ENSG00000198646_163805.6	731	270	1096	528	0	197	560	707
3856	NCOR1_ENSG00000141027_1735.1	352	0	738	0	0	191	83	210
3857	NCOR1_ENSG00000141027_1736.2	632	506	1405	0	0	163	685	846
3858	NCOR1_ENSG00000141027_1737.3	143	324	248	0	0	558	153	159
3859	NCOR1_ENSG00000141027_1738.4	1842	1205	3565	1143	1222	630	1208	1507
3860	NCOR1_ENSG00000141027_1739.5	1416	432	2321	1189	685	1982	480	1035
3861	NCOR1_ENSG00000141027_1740.6	452	71	868	309	0	0	64	283
3862	NCOR2_ENSG00000196498_6060.1	763	610	1564	871	0	730	230	643
3863	NCOR2_ENSG00000196498_6061.2	1046	1000	1887	1192	0	337	361	701
3864	NCOR2_ENSG00000196498_6062.3	1800	1415	2799	1155	3184	988	1326	1420
3865	NCOR2_ENSG00000196498_6063.4	594	756	1030	874	0	486	221	500
3866	NCOR2_ENSG00000196498_6064.5	869	458	1786	615	0	42	35	193
3867	NCOR2_ENSG00000196498_6065.6	190	490	551	0	0	122	146	227
3868	NDC80_ENSG00000080986_16314.1	1268	1445	2497	558	637	407	608	1106
3869	NDC80_ENSG00000080986_16315.2	681	347	1545	846	0	493	154	494
3870	NDC80_ENSG00000080986_16316.3	536	188	1156	759	1071	401	88	388
3871	NDC80_ENSG00000080986_16317.4	599	389	1070	631	584	0	154	326
3872	NDC80_ENSG00000080986_16318.5	708	918	1251	894	573	414	314	655
3873	NDC80_ENSG00000080986_16319.6	602	324	1153	597	0	414	456	445
3874	NDUFAF5_ENSG00000101247_168286.1	923	750	1571	265	0	185	253	652
3875	NDUFAF5_ENSG00000101247_168287.2	1172	1411	2142	1511	778	203	525	920
3876	NDUFAF5_ENSG00000101247_168288.3	165	0	412	297	0	402	167	220
3877	NDUFAF5_ENSG00000101247_168289.4	1322	413	2454	574	603	420	466	977
3878	NDUFAF5_ENSG00000101247_168290.5	543	732	1340	319	1194	398	185	448
3879	NDUFAF5_ENSG00000101247_168291.6	485	0	780	335	0	225	348	398
3880	NEDD4L_ENSG00000049759_177861.1	1475	1230	2369	633	576	631	730	1201
3881	NEDD4L_ENSG00000049759_177862.2	857	378	1758	0	847	0	168	656
3882	NEDD4L_ENSG00000049759_177863.3	538	656	941	609	1051	207	186	418
3883	NEDD4L_ENSG00000049759_177864.4	560	403	656	295	0	183	286	428
3884	NEDD4L_ENSG00000049759_177865.5	1102	674	2211	1712	0	1393	870	990
3885	NEDD4L_ENSG00000049759_177866.6	816	465	1100	317	2	616	452	624
3886	NEK6_ENSG00000119408_87051.1	1551	1172	2540	156	1734	649	949	1250
3887	NEK6_ENSG00000119408_87052.2	979	154	1838	1704	0	397	840	950
3888	NEK6_ENSG00000119408_87053.3	385	1	810	878	0	421	192	346
3889	NEK6_ENSG00000119408_87054.4	1153	1035	1853	310	451	405	1103	1093
3890	NEK6_ENSG00000119408_87055.5	800	0	1396	0	0	0	565	563
3891	NEK6_ENSG00000119408_87056.6	887	279	1544	1292	1799	1033	748	938
3892	NEK9_ENSG00000119638_75649.1	1530	737	2726	1178	2595	218	490	1326
3893	NEK9_ENSG00000119638_75650.2	323	518	747	585	0	364	86	238
3894	NEK9_ENSG00000119638_75651.3	1490	1101	2594	860	0	213	571	1429
3895	NEK9_ENSG00000119638_75652.4	1049	806	2076	633	564	879	705	898
3896	NEK9_ENSG00000119638_75653.5	2153	1097	4059	961	1992	1186	1065	1748
3897	NEK9_ENSG00000119638_75654.6	1363	760	2310	1237	586	1203	733	1350
3898	NELFA_ENSG00000185049_154396.1	1127	1205	1775	1699	436	695	522	867
3899	NELFA_ENSG00000185049_154397.2	1181	1587	2113	845	0	182	782	915
3900	NELFA_ENSG00000185049_154398.3	820	759	1561	579	1190	682	890	946
3901	NELFA_ENSG00000185049_154399.4	177	1	283	0	0	0	183	195
3902	NELFA_ENSG00000185049_154400.5	1114	791	1804	1	33	599	1167	784
3903	NELFA_ENSG00000185049_154401.6	1017	1390	1687	1	893	1408	453	595
3904	NELFB_ENSG00000188986_199156.1	739	1301	1344	645	2832	269	522	648
3905	NELFB_ENSG00000188986_199157.2	1045	1577	1398	0	1151	593	654	728
3906	NELFB_ENSG00000188986_199158.3	236	62	547	284	0	229	171	255
3907	NELFB_ENSG00000188986_199159.4	747	943	1415	585	1207	429	233	463
3908	NELFB_ENSG00000188986_199160.5	1380	1107	2122	1499	1475	1157	853	1063
3909	NELFB_ENSG00000188986_199161.6	40	0	53	340	0	0	2	6
3910	NELFCD_ENSG00000101158_138995.1	922	471	1909	1388	876	570	646	1033
3911	NELFCD_ENSG00000101158_138996.2	915	952	1474	0	0	278	578	916
3912	NELFCD_ENSG00000101158_138997.3	1113	1091	2069	136	600	198	481	758
3913	NELFCD_ENSG00000101158_138998.4	1047	1161	2079	266	495	1447	743	1064
3914	NELFCD_ENSG00000101158_138999.5	179	260	211	0	543	199	48	125
3915	NELFCD_ENSG00000101158_139000.6	1061	875	2191	918	1533	601	890	1091
3916	NELFE_ENSG00000204356_145822.1	813	1173	1521	258	687	1059	172	752
3917	NELFE_ENSG00000204356_145823.2	1410	292	2887	286	0	668	750	1192
3918	NELFE_ENSG00000204356_145824.3	754	195	1188	0	842	0	396	577
3919	NELFE_ENSG00000204356_145825.4	637	298	1032	271	2036	710	508	557
3920	NELFE_ENSG00000204356_145826.5	516	0	1040	293	2004	1353	295	366
3921	NELFE_ENSG00000204356_145827.6	835	1260	1719	0	0	470	469	666
3922	NFE2_ENSG00000123405_84868.1	1844	471	3131	1539	1127	315	808	1476
3923	NFE2_ENSG00000123405_84869.2	362	500	770	164	563	636	300	240
3924	NFE2_ENSG00000123405_84870.3	691	741	1300	377	0	355	472	534
3925	NFE2_ENSG00000123405_84871.4	697	225	1102	949	0	157	485	577
3926	NFE2_ENSG00000123405_84872.5	1989	2097	3796	550	385	1307	1415	1697
3927	NFE2_ENSG00000123405_84873.6	1148	1239	1647	0	1	1064	485	799
3928	NFRKB_ENSG00000170322_181375.1	982	682	1507	302	1284	228	425	759
3929	NFRKB_ENSG00000170322_181376.2	880	458	1478	539	0	1150	504	729
3930	NFRKB_ENSG00000170322_181377.3	45	393	188	0	0	0	11	77
3931	NFRKB_ENSG00000170322_181378.4	1155	294	2320	1151	641	57	686	1140
3932	NFRKB_ENSG00000170322_181379.5	1050	558	1739	1415	2993	112	580	1033
3933	NFRKB_ENSG00000170322_181380.6	542	539	1267	648	552	265	214	473
3934	NFYA_ENSG00000001167_161121.1	258	158	494	0	0	0	133	248
3935	NFYA_ENSG00000001167_161122.2	212	266	406	1287	1336	0	180	267
3936	NFYA_ENSG00000001167_161123.3	468	327	874	592	0	205	420	414
3937	NFYA_ENSG00000001167_161124.4	915	303	1470	292	0	323	659	901
3938	NFYA_ENSG00000001167_161125.5	1213	1354	1993	969	544	1261	746	972
3939	NFYA_ENSG00000001167_161126.6	1251	161	2298	276	657	822	1010	1147
3940	NFYB_ENSG00000120837_64188.1	1608	350	2887	948	570	1474	566	1384
3941	NFYB_ENSG00000120837_64189.2	772	121	1146	0	259	0	261	521
3942	NFYB_ENSG00000120837_64190.3	761	285	1423	2	565	428	398	619
3943	NFYB_ENSG00000120837_64191.4	890	862	1659	1	1100	781	521	876
3944	NFYB_ENSG00000120837_64192.5	1244	1108	2385	557	569	800	581	1063
3945	NFYB_ENSG00000120837_64193.6	1065	836	1610	0	588	94	438	697
3946	NFYC_ENSG00000066136_57496.1	1695	1547	2462	586	0	834	919	1307
3947	NFYC_ENSG00000066136_57497.2	648	638	1198	1	0	0	287	444
3948	NFYC_ENSG00000066136_57498.3	1557	639	2318	638	611	207	937	1070
3949	NFYC_ENSG00000066136_57499.4	1075	1100	1732	849	1085	0	476	934
3950	NFYC_ENSG00000066136_57500.5	708	533	1151	636	0	180	226	581
3951	NFYC_ENSG00000066136_57501.6	929	205	1356	313	0	0	502	625
3952	NNMT_ENSG00000166741_145345.1	691	154	1177	1103	547	430	230	509
3953	NNMT_ENSG00000166741_145346.2	1603	1341	2943	1147	1172	1090	1331	1556
3954	NNMT_ENSG00000166741_145347.3	1042	280	1915	801	0	753	274	749
3955	NNMT_ENSG00000166741_145348.4	403	310	804	0	0	0	305	444
3956	NNMT_ENSG00000166741_145349.5	909	474	1607	672	558	716	725	806
3957	NNMT_ENSG00000166741_145350.6	1811	378	2705	757	504	568	1191	1495
3958	NOC2L_ENSG00000188976_140802.1	915	648	1516	269	1030	220	340	536
3959	NOC2L_ENSG00000188976_140803.2	2059	1201	3059	467	857	922	158	795
3960	NOC2L_ENSG00000188976_140804.3	1305	809	2516	638	1698	545	945	1033
3961	NOC2L_ENSG00000188976_140805.4	509	313	1083	290	0	0	499	565
3962	NOC2L_ENSG00000188976_140806.5	41	0	71	0	556	0	51	48
3963	NOC2L_ENSG00000188976_140807.6	361	322	815	85	306	0	70	249
3964	none_0None_211306.7	1843	1661	3036	0	540	557	1768	1536
3965	none_0None_211334.4	690	136	1032	763	0	0	494	637
3966	none_0None_211338.4	1223	613	2183	610	392	373	556	1018
3967	none_0None_211377.8	1188	1382	1895	1183	1010	575	668	1083
3968	none_0None_211425.1	695	402	938	270	0	924	134	409
3969	none_0None_211435.1	695	307	1662	403	559	0	391	716
3970	none_0None_211502.2	326	168	729	439	0	0	224	374
3971	none_0None_211514.2	959	627	2017	807	1873	405	1047	1089
3972	none_0None_211517.2	1032	969	2110	605	1754	535	744	1058
3973	none_0None_211536.2	337	340	623	521	558	164	217	425
3974	none_0None_211575.3	1331	754	2145	1202	23	649	808	1134
3975	none_0None_211601.3	889	766	1236	615	625	437	894	760
3976	none_0None_211606.3	1202	135	2338	888	0	377	779	1190
3977	none_0None_211626.3	258	394	486	0	596	0	231	348
3978	none_0None_211698.4	264	0	483	317	0	0	86	167
3979	none_0None_211711.4	6	0	5	0	0	0	3	0
3980	none_0None_211750.5	943	1409	1488	297	0	553	456	732
3981	none_0None_211817.5	153	173	443	269	0	0	153	169
3982	none_0None_211840.5	1563	507	2602	1625	624	464	1353	1355
3983	none_0None_211863.6	94	0	149	0	0	0	23	60
3984	none_0None_211890.6	1312	518	2220	939	1285	626	991	1157
3985	none_0None_211912.6	1814	1370	3796	309	4246	1769	1956	1830
3986	none_0None_211916.6	1085	179	2341	810	1354	619	1090	1064
3987	none_0None_211971.7	449	178	685	0	618	290	225	365
3988	none_0None_211987.7	244	0	569	0	491	0	203	269
3989	none_0None_212069.8	164	170	221	0	0	0	192	198
3990	none_0None_212097.8	761	462	1710	919	92	395	686	981
3991	none_0None_212114.8	925	544	1282	666	0	423	218	601
3992	none_0None_212140.8	671	484	1190	323	0	204	814	763
3993	none_0None_212161.9	880	1080	1571	496	1107	568	552	843
3994	none_0None_212202.9	1316	811	1989	801	552	728	903	1025
3995	none_0None_212237.9	674	580	1579	301	1696	580	230	615
3996	none_0None_212268	1421	914	2145	1	643	629	947	960
3997	none_0None_212357.1	1227	151	2500	334	0	355	888	1064
3998	none_0None_212388.1	634	205	1204	338	66	202	472	534
3999	none_0None_212403.1	1218	487	2319	537	1172	221	1047	1132
4000	none_0None_212414.1	1685	1676	3803	2327	0	1070	1209	1807
4001	none_0None_212421.1	683	128	1294	641	0	544	216	571
4002	none_0None_212450.1	1816	2089	2861	319	505	384	1276	1540
4003	none_0None_212549.1	747	207	1146	0	0	231	904	812
4004	none_0None_212593.1	431	0	922	0	0	406	272	520
4005	none_0None_212605.1	535	0	948	1320	0	385	301	489
4006	none_0None_212695.1	486	0	777	1	0	287	317	354
4007	none_0None_212696.1	668	0	1125	2	855	288	709	706
4008	none_0None_212725.1	1081	277	2039	917	618	203	961	1054
4009	none_0None_212753.1	1314	1432	2027	574	885	192	1216	1265
4010	none_0None_212755.1	519	148	857	0	296	99	382	480
4011	none_0None_212789.1	356	83	618	0	0	0	289	306
4012	none_0None_212806.2	634	164	1288	0	493	393	374	597
4013	none_0None_212810.2	1248	1000	1946	1017	2029	968	1187	1201
4014	none_0None_212870.2	308	0	699	313	268	479	180	311
4015	none_0None_212943.2	591	1413	1270	655	609	359	307	624
4016	none_0None_213003.2	1622	2627	2747	601	0	396	1343	1457
4017	none_0None_213021.2	883	380	1341	1165	566	297	625	767
4018	none_0None_213107.2	451	304	1123	0	1183	0	462	429
4019	none_0None_213151.2	1157	527	2172	1634	177	211	781	1132
4020	none_0None_213159.2	1041	1518	1869	285	244	4	1156	1197
4021	none_0None_213180.2	600	500	1092	624	0	32	235	528
4022	none_0None_213201.2	484	795	1015	453	0	209	187	464
4023	none_0None_213222.2	1176	549	2268	0	591	299	1003	1086
4024	none_0None_213301.2	272	146	449	0	0	0	170	249
4025	none_0None_213344.2	537	334	1186	941	1204	0	196	529
4026	none_0None_213393.2	2325	1808	4103	2041	1122	789	3592	2751
4027	none_0None_213447.2	1216	1287	2521	620	1143	195	1082	1142
4028	none_0None_213455.2	448	347	995	0	921	561	509	522
4029	none_0None_213483.2	570	323	1010	328	576	0	386	507
4030	none_0None_213486.2	693	338	1519	1	601	290	336	672
4031	none_0None_213508.2	279	151	465	0	0	205	105	189
4032	none_0None_213555.2	664	1106	924	309	0	392	587	653
4033	none_0None_213558.2	1214	798	2020	286	496	593	1186	1091
4034	none_0None_213562.2	919	305	1505	982	0	331	968	938
4035	none_0None_213607.2	429	337	840	0	0	131	137	289
4036	none_0None_213632.2	443	292	874	334	0	0	186	372
4037	none_0None_213672.2	928	384	1747	623	1403	212	688	916
4038	none_0None_213704.2	267	141	534	764	0	493	332	401
4039	none_0None_213784.2	866	400	1283	0	0	13	633	823
4040	none_0None_213830.3	148	0	307	262	0	587	105	165
4041	none_0None_213844.3	1484	1738	2126	275	1772	80	1010	1154
4042	none_0None_213850.3	2373	473	4723	634	1445	911	2336	2793
4043	none_0None_213863.3	293	156	452	0	1014	0	325	321
4044	none_0None_213875.3	782	165	1133	0	0	372	752	748
4045	none_0None_213939.3	1062	847	1545	183	1492	462	248	612
4046	none_0None_213958.3	647	1311	1519	569	1052	219	665	671
4047	none_0None_213965.3	1178	584	1931	797	155	508	863	982
4048	none_0None_213976.3	1695	763	3102	615	838	220	1764	1716
4049	none_0None_214001.3	1772	630	3418	904	1785	719	1861	2034
4050	none_0None_214025.3	1125	2046	2019	481	1047	765	545	978
4051	none_0None_214029.3	823	367	1645	633	587	183	1143	993
4052	none_0None_214035.3	1283	362	2166	1271	0	787	1060	1103
4053	none_0None_214041.3	687	0	1060	887	549	449	653	670
4054	none_0None_214198.3	1054	557	2226	1416	574	1002	488	923
4055	none_0None_214225.3	343	0	544	542	0	331	283	450
4056	none_0None_214234.3	440	158	931	0	0	0	348	449
4057	none_0None_214241.3	339	155	652	294	0	0	228	278
4058	none_0None_214242.3	596	645	1246	1510	1120	0	386	645
4059	none_0None_214284.3	710	394	1104	0	0	560	281	589
4060	none_0None_214301.3	168	0	176	0	0	0	107	100
4061	none_0None_214326.3	776	1520	1385	313	1143	569	649	698
4062	none_0None_214418.3	530	414	1352	0	0	368	368	583
4063	none_0None_214451.3	259	188	488	283	0	0	331	316
4064	none_0None_214453.3	190	152	336	575	0	82	39	141
4065	none_0None_214465.3	419	467	835	0	0	413	273	335
4066	none_0None_214548.3	633	298	1128	835	611	0	262	445
4067	none_0None_214583.3	691	145	1088	247	513	394	552	915
4068	none_0None_214592.3	1005	678	1515	252	41	796	261	667
4069	none_0None_214601.3	549	483	1050	295	992	197	246	425
4070	none_0None_214603.3	592	632	1052	1221	1140	371	574	593
4071	none_0None_214629.3	798	462	2126	368	39	0	394	584
4072	none_0None_214685.3	795	805	1387	2022	0	688	612	793
4073	none_0None_214722.3	1333	1094	2433	300	842	0	302	791
4074	none_0None_214788.3	1069	378	2143	0	673	1006	443	866
4075	none_0None_214811.4	173	61	413	648	0	29	50	156
4076	none_0None_214820.4	320	159	508	272	0	176	232	284
4077	none_0None_214824.4	225	0	293	303	0	0	150	190
4078	none_0None_214829.4	236	100	406	205	0	392	66	246
4079	none_0None_214956.4	918	361	1860	0	598	629	242	609
4080	none_0None_214987.4	350	116	657	0	0	187	226	324
4081	none_0None_215008.4	3349	927	6145	1293	1176	594	3074	3111
4082	none_0None_215019.4	719	180	1423	666	595	443	524	751
4083	none_0None_215055.4	1054	1446	1745	643	1442	290	649	880
4084	none_0None_215080.4	1138	996	2115	789	297	399	603	1093
4085	none_0None_215096.4	1303	346	2114	1	608	713	1201	1127
4086	none_0None_215102.4	1634	662	2592	1539	1045	203	1310	1501
4087	none_0None_215120.4	393	153	631	0	0	199	351	448
4088	none_0None_215133.4	345	164	598	647	0	0	214	253
4089	none_0None_215169.4	1671	497	2937	814	0	999	1472	1692
4090	none_0None_215182.4	415	162	975	627	594	0	347	519
4091	none_0None_215214.4	782	885	1005	423	0	227	515	624
4092	none_0None_215227.4	136	173	98	0	0	0	59	138
4093	none_0None_215297.4	1296	1417	2478	784	235	1562	1155	1219
4094	none_0None_215336.4	779	183	1403	310	0	190	626	736
4095	none_0None_215339.4	502	396	917	0	0	247	302	407
4096	none_0None_215389.4	899	894	1757	959	567	421	549	655
4097	none_0None_215465.4	1742	1613	3068	598	526	657	1061	1686
4098	none_0None_215473.4	583	379	1279	533	0	592	574	655
4099	none_0None_215486.4	904	610	1911	280	257	1362	309	759
4100	none_0None_215525.4	2269	1163	4331	1359	562	812	2137	2119
4101	none_0None_215545.4	302	235	692	0	0	289	336	294
4102	none_0None_215556.4	1138	846	2158	2072	1214	694	938	1274
4103	none_0None_215620.4	907	310	1485	230	0	804	401	758
4104	none_0None_215659.4	662	763	1217	602	510	368	661	745
4105	none_0None_215694.4	1108	804	2019	895	3	1265	1116	1253
4106	none_0None_215735.4	1215	153	1990	341	793	185	668	995
4107	none_0None_215780.4	93	0	254	0	0	399	111	134
4108	none_0None_215781.4	512	145	869	656	0	126	92	262
4109	none_0None_215824.5	507	263	1139	488	1671	321	133	498
4110	none_0None_215847.5	1095	966	1939	1207	492	483	801	1117
4111	none_0None_215853.5	948	1036	1751	622	1569	548	935	958
4112	none_0None_215867.5	961	344	1870	975	287	203	978	990
4113	none_0None_215924.5	1254	782	2376	274	1185	640	777	961
4114	none_0None_215925.5	965	100	2560	315	537	25	582	851
4115	none_0None_215978.5	386	162	774	0	0	192	468	448
4116	none_0None_216051.5	131	0	275	0	0	205	21	115
4117	none_0None_216071.5	1109	851	1797	680	0	499	576	909
4118	none_0None_216107.5	647	336	1088	968	0	132	615	800
4119	none_0None_216118.5	191	199	332	557	0	0	200	252
4120	none_0None_216230.5	351	671	645	880	0	0	624	449
4121	none_0None_216238.5	1208	1111	2324	946	1123	730	741	1081
4122	none_0None_216268.5	974	905	1338	493	2318	428	790	765
4123	none_0None_216310.5	922	646	1682	0	1176	79	991	919
4124	none_0None_216332.5	1733	1484	3068	930	583	219	1547	1786
4125	none_0None_216341.5	270	311	418	0	542	209	242	293
4126	none_0None_216394.5	913	692	2054	1	1124	765	820	1175
4127	none_0None_216411.5	1425	772	2880	770	1064	689	1090	1572
4128	none_0None_216420.5	374	255	978	337	490	4	181	392
4129	none_0None_216478.5	381	968	600	894	0	233	229	357
4130	none_0None_216487.5	981	957	1645	599	259	962	492	725
4131	none_0None_216490.5	988	909	1526	332	0	0	875	916
4132	none_0None_216551.5	327	274	872	275	0	212	249	373
4133	none_0None_216604.5	739	505	1522	482	586	434	667	868
4134	none_0None_216605.5	856	364	1481	307	0	622	1027	1013
4135	none_0None_216614.5	342	141	738	315	0	170	108	296
4136	none_0None_216618.5	1508	1770	3283	940	0	1352	1531	1779
4137	none_0None_216620.5	2208	781	4192	1670	1298	1643	1373	1890
4138	none_0None_216697.5	505	87	864	309	0	788	321	514
4139	none_0None_216713.5	1320	2846	2309	1492	582	581	736	1268
4140	none_0None_216734.5	190	0	346	0	0	92	181	204
4141	none_0None_216754.5	890	538	1336	302	575	809	440	755
4142	none_0None_216780.5	786	176	1367	298	1141	188	752	766
4143	none_0None_216803.6	1537	587	2860	1437	1023	1352	1521	1577
4144	none_0None_216824.6	1788	1699	3531	929	859	1197	1076	1613
4145	none_0None_216860.6	2180	1594	3759	906	2195	472	2671	2436
4146	none_0None_216866.6	1499	475	2537	1283	1701	431	1024	1156
4147	none_0None_216911.6	1462	830	2960	284	2415	648	1064	1276
4148	none_0None_216914.6	1030	626	1988	842	0	76	947	1186
4149	none_0None_216917.6	497	479	934	0	304	560	236	463
4150	none_0None_216942.6	1049	294	2402	411	630	403	451	970
4151	NONO_ENSG00000147140_104127.1	216	107	387	300	0	5	146	251
4152	NONO_ENSG00000147140_104128.2	505	441	930	266	137	0	213	426
4153	NONO_ENSG00000147140_104129.3	873	961	1472	604	501	639	661	859
4154	NONO_ENSG00000147140_104130.4	903	549	1880	1138	1163	517	933	914
4155	NONO_ENSG00000147140_104131.5	948	685	2110	739	579	1078	829	843
4156	NONO_ENSG00000147140_104132.6	131	0	200	0	0	0	104	107
4157	NR0B2_ENSG00000131910_93081.1	199	161	511	299	580	0	38	152
4158	NR0B2_ENSG00000131910_93082.2	1363	1612	2171	1590	1633	1635	728	1133
4159	NR0B2_ENSG00000131910_93083.3	323	136	549	264	0	0	139	282
4160	NR0B2_ENSG00000131910_93084.4	661	573	1206	358	1354	0	400	626
4161	NR0B2_ENSG00000131910_93085.5	440	888	1264	763	2256	828	84	333
4162	NR0B2_ENSG00000131910_93086.6	761	350	1171	663	492	0	371	620
4163	NR2C1_ENSG00000120798_87611.1	645	475	1297	209	2243	351	294	511
4164	NR2C1_ENSG00000120798_87612.2	1803	1255	2577	628	1322	581	1359	1456
4165	NR2C1_ENSG00000120798_87613.3	2079	1248	3821	1514	1	1057	1335	1830
4166	NR2C1_ENSG00000120798_87614.4	662	234	1348	0	0	359	464	649
4167	NR2C1_ENSG00000120798_87615.5	1263	712	2674	1092	0	186	908	1222
4168	NR2C1_ENSG00000120798_87616.6	2122	2067	4053	725	641	1215	1724	2262
4169	NSD1_ENSG00000165671_108081.1	659	160	949	648	0	625	518	519
4170	NSD1_ENSG00000165671_108082.2	245	153	563	0	0	0	105	200
4171	NSD1_ENSG00000165671_108083.3	996	1052	1620	578	989	222	474	793
4172	NSD1_ENSG00000165671_108084.4	34	0	175	415	0	0	62	69
4173	NSD1_ENSG00000165671_108085.5	968	126	1950	999	2620	642	1102	1153
4174	NSD1_ENSG00000165671_108086.6	1257	208	2535	0	551	755	606	1164
4175	NSL1_ENSG00000117697_55518.1	829	150	1361	633	578	232	677	604
4176	NSL1_ENSG00000117697_55519.2	522	0	1075	0	0	0	240	457
4177	NSL1_ENSG00000117697_55520.3	209	427	424	1	0	0	124	154
4178	NSL1_ENSG00000117697_55521.4	952	313	1876	939	0	604	289	653
4179	NSL1_ENSG00000117697_55522.5	405	62	576	0	0	194	180	343
4180	NSL1_ENSG00000117697_55523.6	289	0	741	233	568	218	138	318
4181	NSMCE2_ENSG00000156831_24110.1	1044	734	1642	727	524	946	618	884
4182	NSMCE2_ENSG00000156831_24111.2	1107	646	2227	551	0	437	305	776
4183	NSMCE2_ENSG00000156831_24112.3	428	103	865	1	553	0	261	414
4184	NSMCE2_ENSG00000156831_24113.4	1259	419	2336	313	0	194	806	1310
4185	NSMCE2_ENSG00000156831_24114.5	771	337	1519	617	578	400	508	662
4186	NSMCE2_ENSG00000156831_24115.6	781	373	1156	311	0	0	415	652
4187	NSUN2_ENSG00000037474_60450.1	1094	320	1694	879	0	982	877	983
4188	NSUN2_ENSG00000037474_60451.2	891	556	1933	155	888	648	444	886
4189	NSUN2_ENSG00000037474_60452.3	657	183	1145	1	568	379	535	542
4190	NSUN2_ENSG00000037474_60453.4	806	318	1367	0	0	571	431	731
4191	NSUN2_ENSG00000037474_60454.5	733	399	1698	207	576	0	265	646
4192	NSUN2_ENSG00000037474_60455.6	562	352	1288	325	709	456	463	661
4193	NSUN3_ENSG00000178694_77402.1	260	227	466	0	0	602	37	125
4194	NSUN3_ENSG00000178694_77403.2	730	1110	1319	1249	525	192	141	483
4195	NSUN3_ENSG00000178694_77404.3	750	435	1594	1	2338	0	464	772
4196	NSUN3_ENSG00000178694_77405.4	783	302	1767	1491	1223	552	345	686
4197	NSUN3_ENSG00000178694_77406.5	1028	959	1935	1145	0	0	359	789
4198	NSUN3_ENSG00000178694_77407.6	868	457	1642	549	493	1149	661	839
4199	NSUN4_ENSG00000117481_40863.1	623	83	1111	292	0	206	448	602
4200	NSUN4_ENSG00000117481_40864.2	727	669	1656	0	4	184	458	558
4201	NSUN4_ENSG00000117481_40865.3	1091	1396	2351	1192	384	685	742	1292
4202	NSUN4_ENSG00000117481_40866.4	1163	332	2105	616	1129	682	951	1077
4203	NSUN4_ENSG00000117481_40867.5	1761	734	3231	1336	2058	2011	574	1338
4204	NSUN4_ENSG00000117481_40868.6	1473	962	2590	1541	940	205	1178	1277
4205	NSUN5_ENSG00000130305_16124.1	985	630	1669	616	1299	218	327	749
4206	NSUN5_ENSG00000130305_16125.2	1579	264	3389	901	1570	1088	1179	1630
4207	NSUN5_ENSG00000130305_16126.3	366	251	658	273	0	0	56	222
4208	NSUN5_ENSG00000130305_16127.4	473	633	997	346	0	415	298	417
4209	NSUN5_ENSG00000130305_16128.5	604	440	1037	211	856	553	359	570
4210	NSUN5_ENSG00000130305_16129.6	1205	709	1983	912	167	429	665	1114
4211	NSUN6_ENSG00000241058_4239.1	87	0	267	0	0	207	38	66
4212	NSUN6_ENSG00000241058_4240.2	375	243	869	0	0	144	142	296
4213	NSUN6_ENSG00000241058_4243.5	932	437	1903	905	163	1696	433	766
4214	NSUN6_ENSG00000241058_4244.6	2217	2812	3928	1703	608	1161	1902	2129
4215	NSUN6_ENSG00000241058_4246.8	505	278	756	0	557	404	169	327
4216	NSUN6_ENSG00000241058_4247.9	483	502	1075	1	0	0	200	383
4217	NSUN7_ENSG00000179299_18470.1	592	703	1045	496	541	0	367	541
4218	NSUN7_ENSG00000179299_18471.2	1275	1704	2138	303	0	206	840	1049
4219	NSUN7_ENSG00000179299_18472.3	1048	920	2289	1054	889	1099	319	855
4220	NSUN7_ENSG00000179299_18473.4	404	344	848	285	613	378	320	516
4221	NSUN7_ENSG00000179299_18474.5	2025	425	3491	2490	3270	791	965	1541
4222	NSUN7_ENSG00000179299_18475.6	796	47	1530	261	1461	1326	51	346
4223	NTMT1_ENSG00000148335_144868.1	392	590	527	0	0	1	309	278
4224	NTMT1_ENSG00000148335_144869.2	512	129	987	0	644	891	152	361
4225	NTMT1_ENSG00000148335_144870.3	461	335	845	0	0	201	362	381
4226	NTMT1_ENSG00000148335_144871.4	895	210	1476	302	0	205	785	828
4227	NTMT1_ENSG00000148335_144872.5	859	660	1452	0	554	770	507	687
4228	NTMT1_ENSG00000148335_144873.6	425	167	1024	246	598	780	254	362
4229	NUF2_ENSG00000143228_109650.1	1125	490	2148	531	0	698	758	946
4230	NUF2_ENSG00000143228_109651.2	705	317	1301	349	0	352	364	628
4231	NUF2_ENSG00000143228_109652.3	393	288	542	0	0	379	165	295
4232	NUF2_ENSG00000143228_109653.4	1338	857	2115	528	647	751	606	1177
4233	NUF2_ENSG00000143228_109654.5	451	613	1015	0	0	309	117	248
4234	NUF2_ENSG00000143228_109655.6	1278	992	2229	658	1644	953	514	973
4235	NUFIP1_ENSG00000083635_4079.1	263	0	358	322	0	244	188	180
4236	NUFIP1_ENSG00000083635_4080.2	682	464	1369	860	308	734	35	268
4237	NUFIP1_ENSG00000083635_4081.3	431	392	898	292	0	0	247	350
4238	NUFIP1_ENSG00000083635_4082.4	834	815	1735	538	0	409	618	860
4239	NUFIP1_ENSG00000083635_4083.5	496	351	864	631	0	0	527	471
4240	NUFIP1_ENSG00000083635_4084.6	265	1	662	0	0	0	165	261
4241	OARD1_ENSG00000124596_106347.1	748	220	1181	574	1116	1	380	542
4242	OARD1_ENSG00000124596_106348.2	466	179	1041	611	0	0	242	364
4243	OARD1_ENSG00000124596_106349.3	1155	804	1955	0	1188	1045	237	811
4244	OARD1_ENSG00000124596_106350.4	886	1289	1269	1467	589	616	364	748
4245	OARD1_ENSG00000124596_106351.5	1653	779	2537	1592	733	576	1152	1307
4246	OARD1_ENSG00000124596_106352.6	558	293	1028	297	0	572	385	494
4247	OGT_ENSG00000147162_96903.1	606	169	987	0	0	473	321	507
4248	OGT_ENSG00000147162_96904.2	258	339	475	0	0	0	91	171
4249	OGT_ENSG00000147162_96905.3	1181	1295	2044	334	0	0	960	1070
4250	OGT_ENSG00000147162_96906.4	593	700	1307	326	0	788	282	575
4251	OGT_ENSG00000147162_96907.5	545	91	883	0	1121	411	574	421
4252	OGT_ENSG00000147162_96908.6	872	487	1625	0	782	692	678	707
4253	OIP5_ENSG00000104147_57056.1	429	769	751	0	627	0	213	421
4254	OIP5_ENSG00000104147_57057.2	731	343	1412	0	383	738	289	520
4255	OIP5_ENSG00000104147_57058.3	276	0	730	986	0	194	228	259
4256	OIP5_ENSG00000104147_57059.4	897	1348	1654	266	0	425	978	875
4257	OIP5_ENSG00000104147_57060.5	275	319	555	0	574	0	118	220
4258	OIP5_ENSG00000104147_57061.6	483	72	809	160	271	0	238	307
4259	ORC1_ENSG00000085840_81005.1	214	239	450	298	568	305	61	95
4260	ORC1_ENSG00000085840_81006.2	729	803	1342	0	598	0	545	696
4261	ORC1_ENSG00000085840_81007.3	821	280	1548	241	24	0	441	714
4262	ORC1_ENSG00000085840_81008.4	1468	918	2575	1262	1645	760	952	1347
4263	ORC1_ENSG00000085840_81009.5	311	426	679	0	0	0	221	278
4264	ORC1_ENSG00000085840_81010.6	1016	267	1796	728	592	283	766	862
4265	ORC2_ENSG00000115942_198460.1	409	736	827	0	0	422	177	367
4266	ORC2_ENSG00000115942_198461.2	1353	679	2397	354	2261	212	696	998
4267	ORC2_ENSG00000115942_198462.3	566	383	1141	1	0	0	144	351
4268	ORC2_ENSG00000115942_198463.4	471	290	806	1213	550	0	168	364
4269	ORC2_ENSG00000115942_198464.5	2035	1150	3838	1473	2240	388	1249	1890
4270	ORC2_ENSG00000115942_198465.6	1284	567	2192	905	871	198	749	1243
4271	PADI1_ENSG00000142623_174939.1	783	1053	2024	1158	1	0	406	729
4272	PADI1_ENSG00000142623_174940.2	1364	1915	2549	1033	1596	935	385	908
4273	PADI1_ENSG00000142623_174941.3	542	510	1005	611	595	328	333	425
4274	PADI1_ENSG00000142623_174942.4	985	497	1880	581	0	766	606	815
4275	PADI1_ENSG00000142623_174943.5	1489	390	2895	889	1345	1125	1179	1328
4276	PADI1_ENSG00000142623_174944.6	588	919	915	1	0	0	124	368
4277	PADI2_ENSG00000117115_30557.1	782	851	1417	525	0	169	644	635
4278	PADI2_ENSG00000117115_30558.2	1414	124	2360	1713	1535	550	622	1031
4279	PADI2_ENSG00000117115_30559.3	1254	834	2474	318	1729	1121	612	914
4280	PADI2_ENSG00000117115_30560.4	973	705	1633	478	0	0	248	580
4281	PADI2_ENSG00000117115_30561.5	989	191	1835	344	0	616	657	793
4282	PADI2_ENSG00000117115_30562.6	305	108	736	565	0	0	48	141
4283	PADI3_ENSG00000142619_94852.1	337	162	638	228	0	0	137	239
4284	PADI3_ENSG00000142619_94853.2	517	0	1033	299	6	174	364	527
4285	PADI3_ENSG00000142619_94854.3	1153	0	1973	1378	291	214	930	963
4286	PADI3_ENSG00000142619_94855.4	944	850	1828	1260	551	592	617	870
4287	PADI3_ENSG00000142619_94856.5	1877	1118	3987	1350	580	0	1535	1972
4288	PADI3_ENSG00000142619_94857.6	1561	466	2425	281	1624	468	984	1201
4289	PADI4_ENSG00000159339_26565.1	538	0	1067	1	290	31	534	481
4290	PADI4_ENSG00000159339_26566.2	239	651	561	0	0	381	94	204
4291	PADI4_ENSG00000159339_26567.3	846	71	1107	1262	0	6	502	466
4292	PADI4_ENSG00000159339_26568.4	1175	1099	1989	296	543	201	1079	1149
4293	PADI4_ENSG00000159339_26569.5	394	314	708	559	0	343	302	363
4294	PADI4_ENSG00000159339_26570.6	1195	1014	1975	268	368	210	249	805
4295	PAF1_ENSG00000006712_44653.1	215	0	496	0	0	391	168	236
4296	PAF1_ENSG00000006712_44654.2	1744	2244	2805	1610	2064	1138	943	1448
4297	PAF1_ENSG00000006712_44655.3	917	355	1375	854	610	198	479	507
4298	PAF1_ENSG00000006712_44656.4	455	592	904	265	1091	558	202	473
4299	PAF1_ENSG00000006712_44657.5	420	516	544	0	0	0	479	501
4300	PAF1_ENSG00000006712_44658.6	512	0	873	170	551	714	426	432
4301	PAG1_ENSG00000076641_12425.1	765	0	1240	0	1159	181	322	507
4302	PAG1_ENSG00000076641_12426.2	707	647	902	508	841	0	483	540
4303	PAG1_ENSG00000076641_12427.3	227	180	249	873	0	0	108	190
4304	PAG1_ENSG00000076641_12428.4	1976	1858	3825	1561	2257	849	1920	2231
4305	PAG1_ENSG00000076641_12429.5	285	144	554	0	1357	179	60	156
4306	PAG1_ENSG00000076641_12430.6	811	661	1480	0	623	423	287	566
4307	PAK2_ENSG00000180370_183282.1	997	362	2255	1835	1277	185	1035	1125
4308	PAK2_ENSG00000180370_183283.2	1595	693	2413	1469	1521	195	855	1463
4309	PAK2_ENSG00000180370_183284.3	816	185	1718	3675	0	184	633	835
4310	PAK2_ENSG00000180370_183285.4	427	0	747	882	0	0	306	429
4311	PAK2_ENSG00000180370_183286.5	514	525	1169	322	682	301	421	504
4312	PAK2_ENSG00000180370_183287.6	1100	702	2153	793	275	1024	574	1055
4313	PARG_ENSG00000227345_65785.1	732	972	1194	1261	531	611	262	580
4314	PARG_ENSG00000227345_65786.2	783	82	1170	0	0	0	520	585
4315	PARG_ENSG00000227345_65787.3	1285	566	2074	360	1727	751	1276	1318
4316	PARG_ENSG00000227345_65788.4	1264	908	2307	638	842	174	576	1017
4317	PARG_ENSG00000227345_65789.5	1183	427	2018	1141	555	0	737	971
4318	PARG_ENSG00000227345_65790.6	1539	1018	2752	1	2520	1088	770	1324
4319	PARP1_ENSG00000143799_110180.1	1257	1728	1983	302	1161	822	614	831
4320	PARP1_ENSG00000143799_110181.2	841	613	1686	337	0	588	583	625
4321	PARP1_ENSG00000143799_110182.3	414	0	704	287	0	195	78	311
4322	PARP1_ENSG00000143799_110183.4	666	466	1206	896	520	466	423	648
4323	PARP1_ENSG00000143799_110184.5	363	147	688	88	30	309	436	394
4324	PARP1_ENSG00000143799_110185.6	800	1595	1215	279	564	286	581	575
4325	PARP10_ENSG00000178685_183092.1	1520	1186	2060	788	560	1040	589	879
4326	PARP10_ENSG00000178685_183093.2	1040	634	1752	725	745	578	298	670
4327	PARP10_ENSG00000178685_183094.3	688	1089	1135	1111	561	0	412	713
4328	PARP10_ENSG00000178685_183095.4	210	0	467	135	0	0	103	156
4329	PARP10_ENSG00000178685_183096.5	195	1	418	0	608	205	89	180
4330	PARP10_ENSG00000178685_183097.6	828	167	1597	938	1532	259	614	715
4331	PARP11_ENSG00000111224_18790.1	197	0	258	0	0	0	213	251
4332	PARP11_ENSG00000111224_18791.2	1309	939	2948	814	2058	0	725	1262
4333	PARP11_ENSG00000111224_18792.3	1015	1147	1999	219	2	438	866	901
4334	PARP11_ENSG00000111224_18793.4	1118	682	2107	851	0	952	511	918
4335	PARP11_ENSG00000111224_18794.5	396	146	589	337	0	659	164	286
4336	PARP11_ENSG00000111224_18795.6	752	807	1427	645	585	881	391	586
4337	PARP12_ENSG00000059378_195211.1	900	364	1653	1330	622	576	241	618
4338	PARP12_ENSG00000059378_195212.2	743	674	1234	413	0	0	318	585
4339	PARP12_ENSG00000059378_195213.3	255	475	688	269	0	0	141	290
4340	PARP12_ENSG00000059378_195214.4	1315	156	2405	271	1205	0	1174	944
4341	PARP12_ENSG00000059378_195215.5	460	307	1125	0	579	0	350	492
4342	PARP12_ENSG00000059378_195216.6	452	537	920	0	295	274	403	420
4343	PARP14_ENSG00000173193_15562.1	1062	927	2221	323	1807	44	952	1069
4344	PARP14_ENSG00000173193_15563.2	532	512	571	769	857	401	150	367
4345	PARP14_ENSG00000173193_15564.3	836	1494	1353	81	85	438	246	671
4346	PARP14_ENSG00000173193_15565.4	560	940	1108	1	566	205	276	463
4347	PARP14_ENSG00000173193_15566.5	678	919	1080	518	0	0	148	445
4348	PARP14_ENSG00000173193_15567.6	404	144	751	643	0	206	288	465
4349	PARP16_ENSG00000138617_29777.1	716	695	1225	0	543	1020	412	522
4350	PARP16_ENSG00000138617_29778.2	1353	1343	2760	1235	1089	302	694	1061
4351	PARP16_ENSG00000138617_29779.3	1288	1111	2320	587	0	239	691	1057
4352	PARP16_ENSG00000138617_29780.4	839	354	1205	0	1	430	490	635
4353	PARP16_ENSG00000138617_29781.5	374	181	762	1	0	0	237	342
4354	PARP16_ENSG00000138617_29782.6	560	302	1180	629	885	186	373	493
4355	PARP2_ENSG00000129484_71342.1	1036	545	1651	1868	0	0	495	870
4356	PARP2_ENSG00000129484_71343.2	596	150	1008	0	306	0	248	484
4357	PARP2_ENSG00000129484_71344.3	803	819	1486	0	0	173	430	658
4358	PARP2_ENSG00000129484_71345.4	1639	935	2911	597	8889	1033	1047	1307
4359	PARP2_ENSG00000129484_71346.5	743	260	1254	874	2634	730	318	618
4360	PARP2_ENSG00000129484_71347.6	1231	603	2403	939	783	532	1067	1220
4361	PARP3_ENSG00000041880_176595.1	492	0	680	273	0	0	147	352
4362	PARP3_ENSG00000041880_176596.2	142	447	424	0	0	0	48	151
4363	PARP3_ENSG00000041880_176597.3	933	921	1671	652	0	0	543	707
4364	PARP3_ENSG00000041880_176598.4	1294	1202	1953	553	862	98	1002	1229
4365	PARP3_ENSG00000041880_176599.5	253	435	676	0	0	0	307	298
4366	PARP3_ENSG00000041880_176600.6	716	700	1407	318	5	191	380	593
4367	PARP4_ENSG00000102699_190876.1	213	642	534	153	534	0	86	221
4368	PARP4_ENSG00000102699_190877.2	756	725	1758	1129	1414	381	511	656
4369	PARP4_ENSG00000102699_190878.3	1125	710	2007	292	312	1292	1015	947
4370	PARP4_ENSG00000102699_190879.4	1372	1615	2499	1848	725	397	890	1183
4371	PARP4_ENSG00000102699_190880.5	818	318	1643	831	654	380	626	814
4372	PARP4_ENSG00000102699_190881.6	377	339	817	568	0	0	200	393
4373	PARP6_ENSG00000137817_37076.1	874	664	1213	242	241	211	627	749
4374	PARP6_ENSG00000137817_37077.2	824	324	1495	0	0	1160	581	743
4375	PARP6_ENSG00000137817_37078.3	1008	649	1771	1366	1627	363	241	701
4376	PARP6_ENSG00000137817_37079.4	389	178	780	0	605	195	383	375
4377	PARP6_ENSG00000137817_37080.5	640	542	1031	572	624	196	426	530
4378	PARP6_ENSG00000137817_37081.6	1074	2118	2060	0	0	955	556	938
4379	PARP8_ENSG00000151883_122149.1	1157	489	1795	906	600	365	643	889
4380	PARP8_ENSG00000151883_122150.2	472	0	765	774	0	214	154	275
4381	PARP8_ENSG00000151883_122151.3	278	0	496	331	0	79	168	232
4382	PARP8_ENSG00000151883_122152.4	562	308	1012	1	0	188	283	432
4383	PARP8_ENSG00000151883_122153.5	498	146	969	486	0	412	169	422
4384	PARP8_ENSG00000151883_122154.6	1153	540	2312	1476	926	412	843	1069
4385	PARP9_ENSG00000138496_167923.1	951	1180	1831	926	585	592	278	775
4386	PARP9_ENSG00000138496_167924.2	817	487	1586	1334	0	226	490	725
4387	PARP9_ENSG00000138496_167925.3	1137	162	1859	560	14	365	885	1161
4388	PARP9_ENSG00000138496_167926.4	1927	1477	3696	330	1833	662	1032	1565
4389	PARP9_ENSG00000138496_167927.5	402	653	727	309	571	622	229	332
4390	PARP9_ENSG00000138496_167928.6	553	571	1063	0	0	711	423	454
4391	PAX5_ENSG00000196092_134853.1	810	1060	1433	149	1112	849	507	651
4392	PAX5_ENSG00000196092_134854.2	1204	1226	1879	612	593	1010	1009	1074
4393	PAX5_ENSG00000196092_134855.3	796	445	1591	313	528	613	745	666
4394	PAX5_ENSG00000196092_134856.4	447	228	1078	302	307	98	209	395
4395	PAX5_ENSG00000196092_134857.5	795	332	1198	0	635	1880	444	597
4396	PAX5_ENSG00000196092_134858.6	748	385	1314	319	608	898	458	542
4397	PAX6_ENSG00000007372_131809.1	1058	0	1725	1608	1741	395	451	810
4398	PAX6_ENSG00000007372_131810.2	355	605	503	53	0	0	89	224
4399	PAX6_ENSG00000007372_131811.3	486	139	696	0	549	354	43	175
4400	PAX6_ENSG00000007372_131812.4	211	728	535	0	0	195	237	249
4401	PAX6_ENSG00000007372_131813.5	7	0	62	0	0	0	2	18
4402	PAX6_ENSG00000007372_131814.6	152	310	403	263	543	178	140	182
4403	PAX9_ENSG00000198807_64872.1	643	459	1331	328	0	1214	225	488
4404	PAX9_ENSG00000198807_64873.2	1161	576	1433	699	0	545	309	736
4405	PAX9_ENSG00000198807_64874.3	458	136	794	0	563	0	278	413
4406	PAX9_ENSG00000198807_64875.4	261	316	383	0	0	67	143	198
4407	PAX9_ENSG00000198807_64876.5	169	0	330	0	0	398	116	147
4408	PAX9_ENSG00000198807_64877.6	669	960	1297	327	182	614	746	779
4409	PAXIP1_ENSG00000157212_5380.1	449	412	744	265	0	0	207	323
4410	PAXIP1_ENSG00000157212_5381.2	1519	1557	2545	644	0	630	306	925
4411	PAXIP1_ENSG00000157212_5382.3	747	912	1135	588	1291	432	800	684
4412	PAXIP1_ENSG00000157212_5383.4	612	670	1351	470	0	716	352	643
4413	PAXIP1_ENSG00000157212_5384.5	1186	702	2044	282	1509	175	184	595
4414	PAXIP1_ENSG00000157212_5385.6	855	554	1630	947	0	82	495	920
4415	PBRM1_ENSG00000163939_189699.1	487	748	910	293	303	165	196	393
4416	PBRM1_ENSG00000163939_189700.2	487	263	1008	0	535	389	165	402
4417	PBRM1_ENSG00000163939_189701.3	695	286	1430	241	548	207	424	814
4418	PBRM1_ENSG00000163939_189702.4	668	114	1134	0	0	359	214	560
4419	PBRM1_ENSG00000163939_189703.5	479	0	840	0	391	206	274	316
4420	PBRM1_ENSG00000163939_189704.6	267	597	566	287	1104	109	119	217
4421	PBX1_ENSG00000185630_57636.1	457	164	555	541	0	181	385	399
4422	PBX1_ENSG00000185630_57637.2	961	841	2160	1900	1407	604	784	1037
4423	PBX1_ENSG00000185630_57638.3	293	141	494	598	0	1	164	266
4424	PBX1_ENSG00000185630_57639.4	1270	837	2187	1	1470	86	843	1137
4425	PBX1_ENSG00000185630_57640.5	378	0	621	0	556	0	116	261
4426	PBX1_ENSG00000185630_57641.6	1026	488	1898	161	0	0	401	768
4427	PCGF1_ENSG00000115289_171131.1	855	1181	1116	0	541	0	677	648
4428	PCGF1_ENSG00000115289_171132.2	1137	1738	2206	0	604	876	670	954
4429	PCGF1_ENSG00000115289_171133.3	1151	1358	2065	274	536	985	649	1013
4430	PCGF1_ENSG00000115289_171134.4	438	344	632	0	0	569	237	402
4431	PCGF1_ENSG00000115289_171135.5	848	549	1370	318	0	818	194	550
4432	PCGF1_ENSG00000115289_171136.6	612	455	917	285	1205	302	285	414
4433	PCGF5_ENSG00000180628_21594.1	1316	594	2579	617	1803	1066	790	1144
4434	PCGF5_ENSG00000180628_21595.2	2028	777	3553	886	569	569	1425	1765
4435	PCGF5_ENSG00000180628_21596.3	241	0	635	0	570	557	167	295
4436	PCGF5_ENSG00000180628_21597.4	1050	605	1715	607	721	306	613	834
4437	PCGF5_ENSG00000180628_21598.5	1195	803	1813	968	272	406	520	909
4438	PCGF5_ENSG00000180628_21599.6	678	135	1121	279	0	557	427	615
4439	PCGF6_ENSG00000156374_7164.1	2060	1257	3012	131	1044	1301	1921	1686
4440	PCGF6_ENSG00000156374_7165.2	484	236	1173	164	0	196	242	480
4441	PCGF6_ENSG00000156374_7166.3	207	160	282	283	0	0	27	85
4442	PCGF6_ENSG00000156374_7167.4	1190	838	1952	595	0	0	287	746
4443	PCGF6_ENSG00000156374_7168.5	155	0	188	620	0	194	59	103
4444	PCGF6_ENSG00000156374_7169.6	472	418	700	331	0	0	243	382
4445	PCMT1_ENSG00000120265_80390.1	529	723	858	530	0	1	327	338
4446	PCMT1_ENSG00000120265_80391.2	2488	1252	3681	1480	818	526	550	1467
4447	PCMT1_ENSG00000120265_80392.3	842	0	1233	300	999	355	772	591
4448	PCMT1_ENSG00000120265_80393.4	1115	1550	2388	608	613	213	569	937
4449	PCMT1_ENSG00000120265_80394.5	600	399	1094	660	1295	192	307	539
4450	PCMT1_ENSG00000120265_80395.6	1363	677	2627	0	850	394	1233	1389
4451	PCNA_ENSG00000132646_64378.1	1225	472	1802	149	0	0	785	819
4452	PCNA_ENSG00000132646_64379.2	351	166	854	338	0	201	226	264
4453	PCNA_ENSG00000132646_64380.3	541	179	754	0	29	0	319	273
4454	PCNA_ENSG00000132646_64381.4	1666	1161	3173	1	82	0	1233	1111
4455	PCNA_ENSG00000132646_64382.5	391	126	622	308	13	392	85	154
4456	PCNA_ENSG00000132646_64383.6	702	276	1412	0	1152	246	427	662
4457	PHC1_ENSG00000111752_60330.1	289	259	638	529	542	0	146	292
4458	PHC1_ENSG00000111752_60331.2	528	138	1062	0	1156	315	170	475
4459	PHC1_ENSG00000111752_60332.3	1095	1047	1792	161	0	408	518	764
4460	PHC1_ENSG00000111752_60333.4	1296	719	2480	637	1123	194	537	1023
4461	PHC1_ENSG00000111752_60334.5	830	1088	1178	0	1596	1015	626	588
4462	PHC1_ENSG00000111752_60335.6	876	267	1451	41	153	212	604	746
4463	PHC2_ENSG00000134686_162490.1	252	0	241	320	0	0	79	167
4464	PHC2_ENSG00000134686_162491.2	441	343	875	214	0	395	135	375
4465	PHC2_ENSG00000134686_162492.3	292	494	501	0	536	738	139	245
4466	PHC2_ENSG00000134686_162493.4	878	667	1846	522	516	755	656	893
4467	PHC2_ENSG00000134686_162494.5	343	135	661	618	0	359	78	253
4468	PHC2_ENSG00000134686_162495.6	638	264	1095	1034	434	585	258	476
4469	PHC3_ENSG00000173889_73193.1	300	297	505	290	0	350	91	264
4470	PHC3_ENSG00000173889_73194.2	416	149	799	0	554	427	399	396
4471	PHC3_ENSG00000173889_73195.3	869	334	1330	0	0	236	674	671
4472	PHC3_ENSG00000173889_73196.4	496	145	894	619	0	383	220	327
4473	PHC3_ENSG00000173889_73197.5	655	675	1657	1	334	178	901	805
4474	PHC3_ENSG00000173889_73198.6	600	652	1044	1438	1143	0	474	694
4475	PHF1_ENSG00000112511_126682.1	1348	981	2588	475	210	933	1329	1337
4476	PHF1_ENSG00000112511_126683.2	1537	1068	3074	798	567	822	1064	1497
4477	PHF1_ENSG00000112511_126684.3	309	479	935	0	1174	0	384	369
4478	PHF1_ENSG00000112511_126685.4	1257	830	2189	938	543	830	706	892
4479	PHF1_ENSG00000112511_126686.5	421	551	837	977	0	653	368	340
4480	PHF1_ENSG00000112511_126687.6	232	0	246	0	0	0	60	128
4481	PHF10_ENSG00000130024_165261.1	563	152	773	823	497	370	237	386
4482	PHF10_ENSG00000130024_165262.2	965	138	1835	638	0	200	385	848
4483	PHF10_ENSG00000130024_165263.3	1245	988	1829	1628	1014	596	965	1182
4484	PHF10_ENSG00000130024_165264.4	90	0	49	0	0	0	81	52
4485	PHF10_ENSG00000130024_165265.5	355	393	635	203	0	183	138	354
4486	PHF10_ENSG00000130024_165266.6	846	1596	1420	0	35	0	348	595
4487	PHF11_ENSG00000136147_65602.1	432	325	806	319	592	246	39	261
4488	PHF11_ENSG00000136147_65603.2	802	812	1834	610	1613	578	619	825
4489	PHF11_ENSG00000136147_65604.3	484	456	1197	617	0	219	372	472
4490	PHF11_ENSG00000136147_65605.4	622	490	1237	571	556	599	429	667
4491	PHF11_ENSG00000136147_65606.5	904	519	1751	543	154	617	692	789
4492	PHF11_ENSG00000136147_65607.6	1465	872	2598	1080	873	906	1170	1319
4493	PHF12_ENSG00000109118_99755.1	657	164	1097	328	782	0	435	618
4494	PHF12_ENSG00000109118_99756.2	1411	348	2568	333	0	0	1062	1022
4495	PHF12_ENSG00000109118_99757.3	1946	741	2827	328	1082	769	1911	1708
4496	PHF12_ENSG00000109118_99758.4	745	1	1002	0	0	0	619	565
4497	PHF12_ENSG00000109118_99759.5	468	1	767	310	0	193	374	375
4498	PHF12_ENSG00000109118_99760.6	543	1	1122	1	0	0	348	510
4499	PHF13_ENSG00000116273_2306.1	260	0	501	311	602	331	191	223
4500	PHF13_ENSG00000116273_2307.2	821	817	1478	1041	936	329	526	583
4501	PHF13_ENSG00000116273_2308.3	577	443	958	918	581	487	244	441
4502	PHF13_ENSG00000116273_2309.4	793	852	1526	0	592	1161	545	685
4503	PHF13_ENSG00000116273_2310.5	554	110	1176	266	0	584	168	366
4504	PHF13_ENSG00000116273_2311.6	875	256	1398	240	0	823	767	693
4505	PHF14_ENSG00000106443_163999.1	837	532	1497	0	1137	389	413	638
4506	PHF14_ENSG00000106443_164000.2	996	824	1757	1	0	0	646	774
4507	PHF14_ENSG00000106443_164001.3	1277	311	2191	1530	1054	538	813	1154
4508	PHF14_ENSG00000106443_164002.4	1407	1034	2423	268	758	564	501	1160
4509	PHF14_ENSG00000106443_164003.5	808	1039	1462	792	1189	460	662	785
4510	PHF14_ENSG00000106443_164004.6	959	1249	1587	1622	582	214	720	1006
4511	PHF19_ENSG00000119403_86961.1	498	296	718	0	0	581	60	173
4512	PHF19_ENSG00000119403_86962.2	1027	333	1823	237	212	786	663	874
4513	PHF19_ENSG00000119403_86963.3	400	359	567	0	0	0	246	346
4514	PHF19_ENSG00000119403_86964.4	721	1445	1390	320	568	809	407	614
4515	PHF19_ENSG00000119403_86965.5	379	0	735	0	0	186	216	393
4516	PHF19_ENSG00000119403_86966.6	895	1024	1601	1908	373	311	190	679
4517	PHF2_ENSG00000197724_120125.1	1423	317	2213	610	1152	637	1209	1314
4518	PHF2_ENSG00000197724_120126.2	1076	595	1928	639	581	394	630	764
4519	PHF2_ENSG00000197724_120127.3	1214	842	2692	308	1	385	604	1063
4520	PHF2_ENSG00000197724_120128.4	1193	649	2429	1631	795	0	1278	1042
4521	PHF2_ENSG00000197724_120129.5	461	0	855	0	0	214	257	384
4522	PHF2_ENSG00000197724_120130.6	536	472	1021	626	0	954	315	468
4523	PHF20_ENSG00000025293_89605.1	813	560	1215	1186	675	4	638	604
4524	PHF20_ENSG00000025293_89606.2	784	417	1355	830	1008	1655	71	439
4525	PHF20_ENSG00000025293_89607.3	1484	808	3124	1	1756	865	1091	1405
4526	PHF20_ENSG00000025293_89608.4	494	148	1034	866	0	625	195	399
4527	PHF20_ENSG00000025293_89609.5	1277	1027	2053	484	1052	381	694	1090
4528	PHF20_ENSG00000025293_89610.6	1503	1692	2604	474	651	748	433	1134
4529	PHF20L1_ENSG00000129292_154113.1	1031	747	1950	550	0	494	675	993
4530	PHF20L1_ENSG00000129292_154114.2	1120	142	2247	607	0	0	385	830
4531	PHF20L1_ENSG00000129292_154115.3	413	166	966	308	0	573	365	446
4532	PHF20L1_ENSG00000129292_154116.4	682	540	1545	272	0	383	310	681
4533	PHF20L1_ENSG00000129292_154117.5	759	774	1734	914	420	386	137	640
4534	PHF20L1_ENSG00000129292_154118.6	1054	114	2024	906	275	1056	624	932
4535	PHF21A_ENSG00000135365_78203.1	330	454	785	0	583	0	71	175
4536	PHF21A_ENSG00000135365_78204.2	605	601	1510	1255	0	22	263	648
4537	PHF21A_ENSG00000135365_78205.3	892	324	1732	865	499	393	902	820
4538	PHF21A_ENSG00000135365_78206.4	862	358	1530	602	0	643	678	819
4539	PHF21A_ENSG00000135365_78207.5	1229	502	1982	625	497	320	745	1037
4540	PHF21A_ENSG00000135365_78208.6	899	655	1224	780	0	0	477	693
4541	PHF21B_ENSG00000056487_179135.1	1044	486	2169	615	506	179	710	932
4542	PHF21B_ENSG00000056487_179136.2	1037	634	1388	905	0	0	726	952
4543	PHF21B_ENSG00000056487_179137.3	761	489	1553	326	0	654	517	811
4544	PHF21B_ENSG00000056487_179138.4	1304	1014	2252	353	2760	567	853	1166
4545	PHF21B_ENSG00000056487_179139.5	86	0	182	379	0	0	126	161
4546	PHF21B_ENSG00000056487_179140.6	357	459	708	832	0	285	227	379
4547	PHF23_ENSG00000040633_141142.1	1555	545	2966	615	883	602	559	1272
4548	PHF23_ENSG00000040633_141143.2	305	301	707	0	466	0	178	304
4549	PHF23_ENSG00000040633_141144.3	241	367	658	0	540	263	118	240
4550	PHF23_ENSG00000040633_141145.4	927	1174	1552	613	1655	481	320	673
4551	PHF23_ENSG00000040633_141146.5	458	188	1007	316	0	570	35	280
4552	PHF23_ENSG00000040633_141147.6	468	0	935	237	0	438	245	416
4553	PHF3_ENSG00000118482_78633.1	614	549	970	304	805	466	220	421
4554	PHF3_ENSG00000118482_78634.2	1402	1158	2419	1232	582	1273	723	1206
4555	PHF3_ENSG00000118482_78635.3	520	344	1043	0	1711	212	130	388
4556	PHF3_ENSG00000118482_78636.4	516	411	883	534	0	225	338	500
4557	PHF3_ENSG00000118482_78637.5	1479	824	2930	1543	232	1818	1016	1576
4558	PHF3_ENSG00000118482_78638.6	704	396	1148	969	300	409	398	561
4559	PHF5A_ENSG00000100410_181204.1	799	1575	1455	947	1634	289	476	591
4560	PHF5A_ENSG00000100410_181206.3	380	311	534	0	0	769	189	244
4561	PHF5A_ENSG00000100410_181207.4	844	709	1867	1183	865	610	457	552
4562	PHF5A_ENSG00000100410_181208.5	360	609	704	0	0	699	162	412
4563	PHF5A_ENSG00000100410_181209.6	1155	1470	1977	3198	1487	759	823	960
4564	PHF6_ENSG00000156531_172158.1	993	430	2036	296	1044	1480	130	601
4565	PHF6_ENSG00000156531_172159.2	920	172	1514	1821	142	199	552	682
4566	PHF6_ENSG00000156531_172160.3	1435	861	2001	853	2192	931	821	1179
4567	PHF6_ENSG00000156531_172161.4	528	148	1045	940	0	0	529	569
4568	PHF6_ENSG00000156531_172162.5	953	621	1836	318	0	404	395	816
4569	PHF6_ENSG00000156531_172163.6	781	139	1499	306	272	67	510	654
4570	PHF7_ENSG00000010318_94304.1	893	305	1774	767	0	489	327	726
4571	PHF7_ENSG00000010318_94305.2	1554	924	2656	612	577	563	1182	1454
4572	PHF7_ENSG00000010318_94306.3	469	1	1092	264	0	0	267	443
4573	PHF7_ENSG00000010318_94307.4	786	1142	1374	275	861	0	704	804
4574	PHF7_ENSG00000010318_94308.5	548	1085	866	0	0	0	331	411
4575	PHF7_ENSG00000010318_94309.6	516	152	867	256	0	0	285	450
4576	PHF8_ENSG00000172943_179675.1	1293	1802	2463	641	559	774	1067	1407
4577	PHF8_ENSG00000172943_179676.2	145	328	292	258	0	0	50	116
4578	PHF8_ENSG00000172943_179677.3	989	161	2112	1547	373	317	933	1211
4579	PHF8_ENSG00000172943_179678.4	761	514	1263	624	0	0	315	544
4580	PHF8_ENSG00000172943_179679.5	799	685	1332	633	1153	415	443	743
4581	PHF8_ENSG00000172943_179680.6	555	460	1120	384	0	376	353	518
4582	PHIP_ENSG00000146247_22434.1	364	146	900	0	168	0	196	378
4583	PHIP_ENSG00000146247_22435.2	2009	767	3974	1913	2441	871	1659	2045
4584	PHIP_ENSG00000146247_22436.3	678	162	1187	634	0	189	390	611
4585	PHIP_ENSG00000146247_22437.4	236	0	560	296	0	0	154	301
4586	PHIP_ENSG00000146247_22438.5	1273	601	3081	969	564	480	579	1211
4587	PHIP_ENSG00000146247_22439.6	1510	672	2966	1165	2657	1023	1236	1370
4588	PHRF1_ENSG00000070047_58006.1	1443	419	2737	1264	1414	786	1000	1401
4589	PHRF1_ENSG00000070047_58007.2	743	241	1120	0	506	206	258	503
4590	PHRF1_ENSG00000070047_58008.3	1750	1312	2818	520	160	627	1753	1688
4591	PHRF1_ENSG00000070047_58009.4	775	1268	1680	0	1204	340	589	709
4592	PHRF1_ENSG00000070047_58010.5	297	115	437	416	327	0	48	158
4593	PHRF1_ENSG00000070047_58011.6	465	0	814	726	0	977	119	329
4594	PIAS1_ENSG00000033800_155694.1	970	1200	1375	2	513	358	645	698
4595	PIAS1_ENSG00000033800_155695.2	348	189	644	610	593	0	277	285
4596	PIAS1_ENSG00000033800_155696.3	820	519	1873	299	0	250	313	783
4597	PIAS1_ENSG00000033800_155697.4	745	397	1031	635	581	577	282	529
4598	PIAS1_ENSG00000033800_155698.5	718	625	1069	552	276	507	547	729
4599	PIAS1_ENSG00000033800_155699.6	388	1015	908	342	0	576	407	471
4600	PIAS2_ENSG00000078043_93191.1	468	457	1531	312	557	601	478	548
4601	PIAS2_ENSG00000078043_93192.2	1345	970	2176	0	0	750	1072	1101
4602	PIAS2_ENSG00000078043_93193.3	723	480	1233	284	2312	452	140	518
4603	PIAS2_ENSG00000078043_93194.4	469	256	841	788	0	483	80	337
4604	PIAS2_ENSG00000078043_93195.5	798	544	1776	1428	0	587	630	973
4605	PIAS2_ENSG00000078043_93196.6	924	0	1731	693	578	204	749	845
4606	PIAS3_ENSG00000131788_60646.1	501	271	1185	1197	0	0	388	621
4607	PIAS3_ENSG00000131788_60647.2	885	880	1660	1141	869	134	592	739
4608	PIAS3_ENSG00000131788_60648.3	467	0	952	0	0	0	297	435
4609	PIAS3_ENSG00000131788_60649.4	364	0	612	531	497	0	72	222
4610	PIAS3_ENSG00000131788_60650.5	585	475	1433	253	1255	0	397	583
4611	PIAS3_ENSG00000131788_60651.6	2094	2940	3857	528	663	823	1618	1932
4612	PIAS4_ENSG00000105229_141152.1	1818	1010	3285	1265	564	377	1228	1629
4613	PIAS4_ENSG00000105229_141153.2	498	460	944	300	0	212	315	539
4614	PIAS4_ENSG00000105229_141154.3	758	213	1037	1	0	0	584	566
4615	PIAS4_ENSG00000105229_141155.4	1116	139	1812	631	565	512	670	974
4616	PIAS4_ENSG00000105229_141156.5	858	567	1884	571	0	194	465	811
4617	PIAS4_ENSG00000105229_141157.6	153	0	312	1	0	0	222	136
4618	PKN1_ENSG00000123143_68163.1	2214	2804	4468	860	1394	1137	1386	1970
4619	PKN1_ENSG00000123143_68164.2	626	0	1428	277	570	710	170	460
4620	PKN1_ENSG00000123143_68165.3	125	0	185	0	0	0	45	124
4621	PKN1_ENSG00000123143_68166.4	1021	600	1917	716	0	184	281	694
4622	PKN1_ENSG00000123143_68167.5	1429	1387	2278	331	0	653	581	876
4623	PKN1_ENSG00000123143_68168.6	586	392	1228	850	0	0	104	286
4624	PKNOX1_ENSG00000160199_146960.1	1257	288	2047	0	1168	0	625	1017
4625	PKNOX1_ENSG00000160199_146961.2	1271	1094	2280	664	539	753	647	887
4626	PKNOX1_ENSG00000160199_146962.3	929	471	1790	898	860	774	750	983
4627	PKNOX1_ENSG00000160199_146963.4	995	897	1834	0	41	0	832	1044
4628	PKNOX1_ENSG00000160199_146964.5	1051	752	1829	325	292	1079	800	861
4629	PKNOX1_ENSG00000160199_146965.6	626	285	1073	0	0	212	251	407
4630	PNMT_ENSG00000141744_141884.1	245	0	445	631	0	211	8	67
4631	PNMT_ENSG00000141744_141885.2	696	179	1269	631	1725	106	418	547
4632	PNMT_ENSG00000141744_141886.3	422	325	824	304	0	0	195	289
4633	PNMT_ENSG00000141744_141887.4	1279	560	2186	887	1796	207	315	831
4634	PNMT_ENSG00000141744_141888.5	632	521	952	295	0	650	596	625
4635	PNMT_ENSG00000141744_141889.6	582	481	1024	0	0	209	505	595
4636	POGZ_ENSG00000143442_102933.1	842	720	1873	540	1219	375	656	956
4637	POGZ_ENSG00000143442_102934.2	644	1428	1032	910	1067	0	443	471
4638	POGZ_ENSG00000143442_102935.3	371	382	935	0	572	0	139	279
4639	POGZ_ENSG00000143442_102936.4	915	703	1667	1	0	186	810	930
4640	POGZ_ENSG00000143442_102937.5	604	538	1054	291	0	512	399	469
4641	POGZ_ENSG00000143442_102938.6	1120	1355	1813	1350	708	657	864	974
4642	POLE3_ENSG00000148229_183757.1	524	2	830	0	0	413	371	382
4643	POLE3_ENSG00000148229_183758.2	674	338	1212	1	555	0	553	559
4644	POLE3_ENSG00000148229_183759.3	1031	370	1772	632	1676	1393	508	1015
4645	POLE3_ENSG00000148229_183760.4	1006	514	1628	1048	874	614	618	857
4646	POLE3_ENSG00000148229_183761.5	267	219	736	287	0	0	282	300
4647	POLE3_ENSG00000148229_183762.6	585	880	1327	906	1191	188	269	485
4648	POLQ_ENSG00000051341_194911.1	1205	806	2110	1698	68	889	438	927
4649	POLQ_ENSG00000051341_194912.2	1552	1522	3028	2019	943	1406	1128	1432
4650	POLQ_ENSG00000051341_194913.3	515	681	1109	298	0	182	396	532
4651	POLQ_ENSG00000051341_194914.4	1625	1232	2809	450	513	893	979	1331
4652	POLQ_ENSG00000051341_194915.5	472	619	942	564	591	191	395	473
4653	POLQ_ENSG00000051341_194916.6	1119	897	2187	583	0	1272	1099	1275
4654	POLR1B_ENSG00000125630_154804.1	779	0	1690	0	0	202	233	562
4655	POLR1B_ENSG00000125630_154805.2	477	138	777	598	512	0	105	274
4656	POLR1B_ENSG00000125630_154806.3	635	1	1158	271	0	0	372	452
4657	POLR1B_ENSG00000125630_154807.4	236	186	370	0	193	210	176	145
4658	POLR1B_ENSG00000125630_154808.5	1299	2053	2197	1152	580	730	295	933
4659	POLR1B_ENSG00000125630_154809.6	424	161	754	1	0	0	109	297
4660	POLR2A_ENSG00000181222_34294.1	564	568	1087	0	0	0	278	360
4661	POLR2A_ENSG00000181222_34295.2	632	0	965	287	0	59	260	329
4662	POLR2A_ENSG00000181222_34296.3	424	131	926	547	0	103	176	286
4663	POLR2A_ENSG00000181222_34297.4	1501	685	2299	0	0	376	628	606
4664	POLR2A_ENSG00000181222_34298.5	522	305	1072	329	329	0	71	174
4665	POLR2A_ENSG00000181222_34299.6	1358	855	2738	748	0	0	454	911
4666	POLR2B_ENSG00000047315_201619.1	1741	1139	2879	1177	0	444	732	1241
4667	POLR2B_ENSG00000047315_201620.2	207	127	601	0	0	0	86	147
4668	POLR2B_ENSG00000047315_201621.3	992	1024	1529	338	181	368	458	624
4669	POLR2B_ENSG00000047315_201622.4	484	498	1113	0	0	180	349	414
4670	POLR2B_ENSG00000047315_201623.5	1371	318	2421	605	0	90	1064	1256
4671	POLR2B_ENSG00000047315_201624.6	770	147	1417	637	591	465	652	772
4672	POLR2C_ENSG00000102978_125302.1	91	0	131	0	0	0	104	126
4673	POLR2C_ENSG00000102978_125303.2	1795	722	3075	1738	1152	712	946	1566
4674	POLR2C_ENSG00000102978_125304.3	1623	938	2554	1889	861	1177	1157	1522
4675	POLR2C_ENSG00000102978_125305.4	1160	1022	1395	1091	0	193	231	714
4676	POLR2C_ENSG00000102978_125306.5	1078	415	2043	306	0	0	641	820
4677	POLR2C_ENSG00000102978_125307.6	1022	198	1394	0	76	102	844	911
4678	POLR2D_ENSG00000144231_48071.1	820	705	1319	0	0	645	424	573
4679	POLR2D_ENSG00000144231_48072.2	241	0	547	0	622	223	122	203
4680	POLR2D_ENSG00000144231_48073.3	274	0	540	0	1932	205	256	268
4681	POLR2D_ENSG00000144231_48074.4	215	543	366	0	0	0	148	230
4682	POLR2D_ENSG00000144231_48075.5	654	609	1419	0	1195	0	485	581
4683	POLR2D_ENSG00000144231_48076.6	744	132	1141	0	1638	433	345	575
4684	POLR2E_ENSG00000099817_131699.1	132	525	154	0	0	0	215	146
4685	POLR2E_ENSG00000099817_131700.2	760	639	1552	1002	0	0	551	721
4686	POLR2E_ENSG00000099817_131701.3	493	262	846	283	0	208	102	330
4687	POLR2E_ENSG00000099817_131702.4	542	0	911	0	559	585	277	348
4688	POLR2E_ENSG00000099817_131703.5	383	0	954	609	0	363	333	395
4689	POLR2E_ENSG00000099817_131704.6	527	0	868	540	15	407	154	334
4690	POLR2F_ENSG00000100142_135707.1	426	130	1056	319	0	840	511	546
4691	POLR2F_ENSG00000100142_135708.2	1120	290	2112	565	576	1290	1022	1082
4692	POLR2F_ENSG00000100142_135709.3	992	749	1790	274	486	794	673	901
4693	POLR2F_ENSG00000100142_135710.4	769	790	1133	0	575	0	198	517
4694	POLR2F_ENSG00000100142_135711.5	1313	592	1995	0	0	216	720	799
4695	POLR2F_ENSG00000100142_135712.6	961	171	2312	1078	0	495	1208	1389
4696	POLR2G_ENSG00000168002_89025.1	850	584	1655	0	1181	0	661	766
4697	POLR2G_ENSG00000168002_89026.2	254	263	368	0	166	200	128	180
4698	POLR2G_ENSG00000168002_89027.3	1126	522	2022	531	948	206	836	1061
4699	POLR2G_ENSG00000168002_89028.4	821	151	1275	163	0	205	424	670
4700	POLR2G_ENSG00000168002_89029.5	1656	817	2663	1162	664	1121	777	1188
4701	POLR2G_ENSG00000168002_89030.6	262	260	513	0	152	192	120	159
4702	POLR2H_ENSG00000163882_151013.1	357	245	740	343	0	0	237	292
4703	POLR2H_ENSG00000163882_151014.2	1650	654	2368	0	0	1268	1016	1285
4704	POLR2H_ENSG00000163882_151015.3	762	539	1550	497	587	139	778	677
4705	POLR2H_ENSG00000163882_151016.4	713	507	1264	947	0	0	122	491
4706	POLR2H_ENSG00000163882_151017.5	449	342	806	1	0	207	505	431
4707	POLR2H_ENSG00000163882_151018.6	457	156	677	304	0	400	356	395
4708	POLR2J_ENSG00000005075_112820.1	320	414	881	0	90	0	156	296
4709	POLR2J_ENSG00000005075_112822.3	791	447	1559	585	510	194	536	758
4710	POLR2J_ENSG00000005075_112823.4	1237	1105	2717	947	0	799	486	1016
4711	POLR2J_ENSG00000005075_112824.5	814	543	1372	505	644	1335	217	586
4712	POLR2J_ENSG00000005075_112825.6	402	0	744	782	592	527	129	286
4713	POLR2J2_ENSG00000228049_52728.9	483	494	784	1	576	209	98	283
4714	POLR2J2_ENSG00000228049_52729.1	681	569	1143	0	278	1	367	589
4715	POLR2J2_ENSG00000267645_193072.1	544	620	706	1	570	573	256	488
4716	POLR2J2_ENSG00000267645_193073.2	933	571	1940	0	0	917	727	758
4717	POLR2J2_ENSG00000267645_193074.3	1216	1170	2243	0	471	363	596	933
4718	POLR2J2_ENSG00000267645_193075.4	108	0	213	0	0	0	77	148
4719	POLR2J2_ENSG00000267645_193076.5	661	497	1028	705	0	304	589	640
4720	POLR2J2_ENSG00000267645_193077.6	256	462	446	0	0	219	187	215
4721	POLR2J3_ENSG00000168255_189809.1	1290	1574	2866	587	478	790	1703	1592
4722	POLR2J3_ENSG00000168255_189810.2	230	0	559	298	0	0	36	157
4723	POLR2J3_ENSG00000168255_189811.3	1724	665	3036	872	1697	603	1207	1503
4724	POLR2J3_ENSG00000168255_189812.4	2004	1469	3728	1528	1069	954	1390	1734
4725	POLR2J3_ENSG00000168255_189813.5	862	563	1533	542	2064	565	639	932
4726	POLR2J3_ENSG00000168255_189814.6	236	208	376	0	873	0	16	154
4727	POLR2K_ENSG00000147669_182116.2	506	818	610	0	0	184	237	348
4728	POLR2K_ENSG00000147669_182117.3	563	111	961	917	1067	196	100	425
4729	POLR2K_ENSG00000147669_182118.4	625	291	1064	1002	0	420	215	436
4730	POLR2K_ENSG00000147669_182119.5	578	98	781	0	604	0	63	288
4731	POLR2L_ENSG00000177700_729.1	640	958	1135	0	0	425	471	496
4732	POLR2L_ENSG00000177700_731.3	1208	668	2118	170	0	774	1062	1052
4733	POLR2L_ENSG00000177700_732.4	1660	1007	2768	1364	559	735	577	1008
4734	POLR2L_ENSG00000177700_733.5	972	668	1689	691	598	0	963	833
4735	POLR2L_ENSG00000177700_734.6	367	161	413	0	0	170	233	255
4736	POP7_ENSG00000172336_130470.1	490	1	555	0	583	577	273	339
4737	POP7_ENSG00000172336_130471.2	1584	1096	2660	2	1973	176	1283	1426
4738	POP7_ENSG00000172336_130472.3	907	305	1461	860	304	893	381	727
4739	POP7_ENSG00000172336_130473.4	222	0	455	273	524	0	4	57
4740	POP7_ENSG00000172336_130474.5	1476	1	2583	1109	2209	1240	1046	1186
4741	POP7_ENSG00000172336_130475.6	324	445	620	306	0	193	55	171
4742	PPARGC1A_ENSG00000109819_82276.1	536	159	982	803	156	976	331	536
4743	PPARGC1A_ENSG00000109819_82277.2	400	321	1027	1521	0	749	439	570
4744	PPARGC1A_ENSG00000109819_82278.3	614	474	777	0	0	686	172	451
4745	PPARGC1A_ENSG00000109819_82279.4	893	492	1412	276	0	0	544	780
4746	PPARGC1A_ENSG00000109819_82280.5	2470	1771	4325	874	1678	702	2199	2430
4747	PPARGC1A_ENSG00000109819_82281.6	531	403	1025	679	0	357	453	542
4748	PPHLN1_ENSG00000134283_136489.1	1259	326	2384	297	2010	628	663	857
4749	PPHLN1_ENSG00000134283_136490.2	1971	985	3549	1123	2438	505	775	1490
4750	PPHLN1_ENSG00000134283_136491.3	624	0	1189	216	1213	305	421	567
4751	PPHLN1_ENSG00000134283_136492.4	288	152	491	278	0	185	166	200
4752	PPHLN1_ENSG00000134283_136493.5	1986	2509	3889	2140	4	154	1278	1605
4753	PPHLN1_ENSG00000134283_136494.6	2544	1668	5307	606	3024	2030	1750	2530
4754	PPIB_ENSG00000166794_131332.1	339	300	968	530	595	0	342	490
4755	PPIB_ENSG00000166794_131333.2	673	706	982	308	0	128	52	281
4756	PPIB_ENSG00000166794_131334.3	391	70	757	1	157	180	261	404
4757	PPIB_ENSG00000166794_131335.4	397	698	862	0	0	0	192	309
4758	PPIB_ENSG00000166794_131336.5	990	1784	1742	612	630	766	494	745
4759	PPIB_ENSG00000166794_131337.6	379	0	948	306	0	289	190	295
4760	PPP4C_ENSG00000149923_112560.1	943	624	1367	1154	531	689	389	588
4761	PPP4C_ENSG00000149923_112561.2	537	74	685	315	1329	393	325	395
4762	PPP4C_ENSG00000149923_112562.3	357	595	772	1	532	588	378	339
4763	PPP4C_ENSG00000149923_112563.4	797	1208	1779	610	569	560	293	500
4764	PPP4C_ENSG00000149923_112564.5	625	0	1120	1	1164	167	520	578
4765	PPP4C_ENSG00000149923_112565.6	193	0	359	285	552	0	135	171
4766	PPP5C_ENSG00000011485_123650.1	827	150	1550	296	887	157	316	616
4767	PPP5C_ENSG00000011485_123651.2	655	1208	1177	1530	532	0	278	562
4768	PPP5C_ENSG00000011485_123652.3	330	300	765	297	0	523	77	218
4769	PPP5C_ENSG00000011485_123653.4	476	140	771	306	0	403	91	266
4770	PPP5C_ENSG00000011485_123654.5	1199	1356	2250	1650	492	1098	568	946
4771	PPP5C_ENSG00000011485_123655.6	1142	590	1810	1512	528	449	504	839
4772	PPP5D1_ENSG00000230510_171358.1	1113	749	2318	1172	652	1324	1002	1281
4773	PPP5D1_ENSG00000230510_171359.2	1391	1609	2231	0	799	547	1080	1363
4774	PPP5D1_ENSG00000230510_171360.3	1457	1303	2819	836	0	1398	1342	1352
4775	PPP5D1_ENSG00000230510_171361.4	2289	659	3561	569	633	1334	1770	1977
4776	PPP5D1_ENSG00000230510_171362.5	1583	1297	3259	2360	306	1136	705	1318
4777	PPP5D1_ENSG00000230510_171363.6	866	562	1163	1629	0	0	386	503
4778	PRDM1_ENSG00000057657_144688.1	776	411	1262	0	0	419	356	577
4779	PRDM1_ENSG00000057657_144689.2	1021	1	1467	606	345	281	344	617
4780	PRDM1_ENSG00000057657_144690.3	1330	1053	1724	329	759	539	617	961
4781	PRDM1_ENSG00000057657_144691.4	1023	155	1878	1829	560	408	637	933
4782	PRDM1_ENSG00000057657_144692.5	571	294	860	2	509	202	60	283
4783	PRDM1_ENSG00000057657_144693.6	509	579	944	618	0	407	271	421
4784	PRDM10_ENSG00000170325_119999.1	800	127	1052	1	1649	212	477	677
4785	PRDM10_ENSG00000170325_120000.2	467	1012	736	1	1189	0	148	324
4786	PRDM10_ENSG00000170325_120001.3	256	1	405	0	1105	0	91	198
4787	PRDM10_ENSG00000170325_120002.4	1597	752	2748	587	1042	412	1320	1515
4788	PRDM10_ENSG00000170325_120003.5	1168	159	1490	650	0	368	556	818
4789	PRDM10_ENSG00000170325_120004.6	691	329	1238	1	0	0	431	540
4790	PRDM11_ENSG00000019485_185253.1	735	558	1361	1	0	0	489	646
4791	PRDM11_ENSG00000019485_185254.2	1278	994	2328	1501	770	1473	298	903
4792	PRDM11_ENSG00000019485_185255.3	119	0	209	0	0	4	89	119
4793	PRDM11_ENSG00000019485_185256.4	1625	2015	2991	583	484	769	948	1395
4794	PRDM11_ENSG00000019485_185257.5	334	494	417	0	680	391	162	302
4795	PRDM11_ENSG00000019485_185258.6	940	1260	1876	437	540	477	913	1051
4796	PRDM12_ENSG00000130711_196250.1	314	156	640	0	0	0	61	137
4797	PRDM12_ENSG00000130711_196251.2	777	0	1341	171	0	289	638	675
4798	PRDM12_ENSG00000130711_196252.3	1025	1546	1676	903	0	227	994	988
4799	PRDM12_ENSG00000130711_196253.4	1569	884	3245	788	1201	626	903	1235
4800	PRDM12_ENSG00000130711_196254.5	125	1	265	1	0	0	90	157
4801	PRDM12_ENSG00000130711_196255.6	944	736	2075	727	11	428	532	860
4802	PRDM13_ENSG00000112238_84309.1	354	0	645	333	0	1197	195	264
4803	PRDM13_ENSG00000112238_84310.2	407	182	982	110	0	225	460	473
4804	PRDM13_ENSG00000112238_84311.3	847	733	1178	0	1036	770	595	697
4805	PRDM13_ENSG00000112238_84312.4	179	167	531	168	520	191	97	264
4806	PRDM13_ENSG00000112238_84313.5	610	318	1356	0	149	387	251	546
4807	PRDM13_ENSG00000112238_84314.6	864	983	1573	0	3074	0	1097	916
4808	PRDM14_ENSG00000147596_151591.1	293	146	636	615	0	0	67	150
4809	PRDM14_ENSG00000147596_151592.2	488	602	847	0	0	537	77	311
4810	PRDM14_ENSG00000147596_151593.3	553	252	723	688	915	176	122	390
4811	PRDM14_ENSG00000147596_151594.4	292	152	500	0	0	0	218	193
4812	PRDM14_ENSG00000147596_151595.5	719	840	808	295	302	449	88	324
4813	PRDM14_ENSG00000147596_151596.6	645	141	1343	299	1196	815	318	656
4814	PRDM15_ENSG00000141956_137226.1	1559	1130	2493	291	0	178	769	1295
4815	PRDM15_ENSG00000141956_137227.2	921	512	1333	1004	578	1142	791	706
4816	PRDM15_ENSG00000141956_137228.3	207	0	514	0	0	0	162	285
4817	PRDM15_ENSG00000141956_137229.4	629	456	765	257	771	478	550	637
4818	PRDM15_ENSG00000141956_137230.5	931	808	1648	626	568	1232	880	798
4819	PRDM15_ENSG00000141956_137231.6	72	147	155	588	0	0	62	53
4820	PRDM16_ENSG00000142611_160184.1	728	853	1318	437	0	457	628	649
4821	PRDM16_ENSG00000142611_160185.2	163	0	294	0	0	163	24	65
4822	PRDM16_ENSG00000142611_160186.3	146	0	370	0	0	0	136	152
4823	PRDM16_ENSG00000142611_160187.4	942	1060	1565	1384	553	488	655	680
4824	PRDM16_ENSG00000142611_160188.5	1282	839	2372	536	1015	366	911	909
4825	PRDM16_ENSG00000142611_160189.6	484	194	646	1235	0	195	444	384
4826	PRDM2_ENSG00000116731_66195.1	1106	578	1805	1190	0	515	1251	1102
4827	PRDM2_ENSG00000116731_66196.2	293	131	463	0	0	0	83	170
4828	PRDM2_ENSG00000116731_66197.3	1115	1030	2129	882	1085	191	908	1128
4829	PRDM2_ENSG00000116731_66198.4	667	184	1273	636	1130	220	551	746
4830	PRDM2_ENSG00000116731_66199.5	1124	552	1897	295	0	763	441	709
4831	PRDM2_ENSG00000116731_66200.6	1404	1385	2461	1228	277	207	821	1241
4832	PRDM4_ENSG00000110851_148375.1	968	632	2075	713	2188	392	770	951
4833	PRDM4_ENSG00000110851_148376.2	1491	653	1851	1342	316	669	1116	1040
4834	PRDM4_ENSG00000110851_148377.3	862	310	1554	317	0	813	472	849
4835	PRDM4_ENSG00000110851_148378.4	516	793	944	285	0	488	425	660
4836	PRDM4_ENSG00000110851_148379.5	344	462	594	0	553	400	39	150
4837	PRDM4_ENSG00000110851_148380.6	608	696	1557	0	674	207	624	758
4838	PRDM5_ENSG00000138738_101437.1	898	852	1609	589	0	799	216	648
4839	PRDM5_ENSG00000138738_101438.2	654	693	1082	336	0	408	463	562
4840	PRDM5_ENSG00000138738_101439.3	561	0	911	280	553	488	374	528
4841	PRDM5_ENSG00000138738_101440.4	693	605	1545	295	0	1272	383	715
4842	PRDM5_ENSG00000138738_101441.5	1295	954	2196	1317	0	980	707	1149
4843	PRDM5_ENSG00000138738_101442.6	1081	1080	1725	2	529	515	723	1144
4844	PRDM6_ENSG00000061455_58326.1	472	511	1039	344	0	711	387	505
4845	PRDM6_ENSG00000061455_58327.2	976	579	1889	1090	587	355	109	476
4846	PRDM6_ENSG00000061455_58328.3	163	0	246	0	0	672	2	26
4847	PRDM6_ENSG00000061455_58329.4	1137	771	1822	910	490	526	443	909
4848	PRDM6_ENSG00000061455_58330.5	863	605	1365	263	546	298	212	454
4849	PRDM6_ENSG00000061455_58331.6	1105	658	2061	331	539	421	617	770
4850	PRDM7_ENSG00000126856_80520.1	210	181	660	0	0	202	94	166
4851	PRDM7_ENSG00000126856_80521.2	1464	177	2048	306	765	205	1206	1207
4852	PRDM7_ENSG00000126856_80522.3	691	822	1242	560	0	0	227	444
4853	PRDM7_ENSG00000126856_80523.4	293	415	733	551	0	419	145	248
4854	PRDM7_ENSG00000126856_80524.5	731	396	973	0	0	380	271	464
4855	PRDM7_ENSG00000126856_80525.6	690	476	1094	603	524	234	399	650
4856	PRDM8_ENSG00000152784_125272.1	2408	893	4253	1284	2108	1089	2092	2340
4857	PRDM8_ENSG00000152784_125273.2	568	775	1117	0	0	491	372	502
4858	PRDM8_ENSG00000152784_125274.3	733	709	1379	578	0	788	435	604
4859	PRDM8_ENSG00000152784_125275.4	213	169	220	169	0	0	75	147
4860	PRDM8_ENSG00000152784_125276.5	478	467	1010	1165	0	496	365	472
4861	PRDM8_ENSG00000152784_125277.6	755	1042	1302	269	526	935	462	694
4862	PRKAA1_ENSG00000132356_79380.1	1606	1154	2666	2660	310	1290	1077	1314
4863	PRKAA1_ENSG00000132356_79381.2	969	206	1372	366	523	700	644	592
4864	PRKAA1_ENSG00000132356_79382.3	1377	1194	1847	1249	450	0	758	964
4865	PRKAA1_ENSG00000132356_79383.4	519	411	835	351	647	413	213	313
4866	PRKAA1_ENSG00000132356_79384.5	567	562	1167	564	769	389	253	484
4867	PRKAA1_ENSG00000132356_79385.6	1209	157	1943	0	0	613	664	773
4868	PRKAA2_ENSG00000162409_29499.1	891	701	1959	0	1297	145	931	966
4869	PRKAA2_ENSG00000162409_29500.2	1663	1038	2364	1606	0	972	1445	1461
4870	PRKAA2_ENSG00000162409_29501.3	834	781	1529	289	2031	1109	613	722
4871	PRKAA2_ENSG00000162409_29502.4	150	303	287	0	0	198	82	106
4872	PRKAA2_ENSG00000162409_29503.5	1684	919	3290	1469	0	836	1515	1877
4873	PRKAA2_ENSG00000162409_29504.6	696	462	1354	315	726	633	383	555
4874	PRKCB_ENSG00000166501_22304.1	140	0	245	355	629	0	96	132
4875	PRKCB_ENSG00000166501_22305.2	1861	0	2731	1339	0	1276	1147	1512
4876	PRKCB_ENSG00000166501_22306.3	1232	744	2247	0	1457	535	1086	1246
4877	PRKCB_ENSG00000166501_22307.4	326	0	649	260	0	192	82	237
4878	PRKCB_ENSG00000166501_22308.5	1090	681	2307	119	1988	334	737	1045
4879	PRKCB_ENSG00000166501_22309.6	1311	983	2584	231	1664	601	760	1121
4880	PRKCD_ENSG00000163932_134353.1	1275	802	1944	295	1209	938	838	1011
4881	PRKCD_ENSG00000163932_134354.2	240	140	467	0	308	165	264	291
4882	PRKCD_ENSG00000163932_134355.3	1102	920	1808	621	1701	527	1092	1010
4883	PRKCD_ENSG00000163932_134356.4	940	1062	1661	0	5	180	807	979
4884	PRKCD_ENSG00000163932_134357.5	1100	514	1943	623	618	496	978	930
4885	PRKCD_ENSG00000163932_134358.6	728	0	1204	543	0	210	481	628
4886	PRKDC_ENSG00000253729_181465.1	764	987	1228	619	288	0	734	684
4887	PRKDC_ENSG00000253729_181466.2	343	165	646	0	960	192	174	274
4888	PRKDC_ENSG00000253729_181467.3	299	466	723	0	0	164	129	290
4889	PRKDC_ENSG00000253729_181468.4	1440	1436	2364	688	574	389	1393	1331
4890	PRKDC_ENSG00000253729_181469.5	819	612	1482	264	1712	364	379	678
4891	PRKDC_ENSG00000253729_181470.6	445	311	860	839	0	433	353	456
4892	PRMT1_ENSG00000126457_36405.1	832	931	1492	958	2363	367	650	769
4893	PRMT1_ENSG00000126457_36406.2	2120	710	3110	1523	1331	1867	1551	1679
4894	PRMT1_ENSG00000126457_36407.3	766	678	1264	955	1	0	725	639
4895	PRMT1_ENSG00000126457_36408.4	450	965	688	126	0	328	144	262
4896	PRMT1_ENSG00000126457_36409.5	578	1185	1281	924	0	0	310	522
4897	PRMT1_ENSG00000126457_36410.6	647	0	780	335	0	574	440	507
4898	PRMT10_ENSG00000164169_176994.1	549	935	862	1180	0	0	251	432
4899	PRMT10_ENSG00000164169_176995.2	644	0	1067	279	543	102	316	442
4900	PRMT10_ENSG00000164169_176996.3	468	350	475	0	596	0	255	238
4901	PRMT10_ENSG00000164169_176997.4	620	601	1170	587	0	590	361	418
4902	PRMT10_ENSG00000164169_176998.5	929	761	1443	597	767	738	520	656
4903	PRMT10_ENSG00000164169_176999.6	696	311	1132	0	282	395	454	632
4904	PRMT2_ENSG00000160310_9959.1	831	278	1967	1169	529	1259	459	700
4905	PRMT2_ENSG00000160310_9960.2	281	0	606	290	0	0	179	333
4906	PRMT2_ENSG00000160310_9961.3	673	1	1255	571	0	1072	472	551
4907	PRMT2_ENSG00000160310_9962.4	596	159	1288	0	1231	0	283	439
4908	PRMT2_ENSG00000160310_9963.5	113	456	242	901	0	0	69	127
4909	PRMT2_ENSG00000160310_9964.6	304	337	728	301	0	196	176	355
4910	PRMT3_ENSG00000185238_73503.1	375	0	686	313	0	0	307	294
4911	PRMT3_ENSG00000185238_73504.2	1309	851	2467	0	626	201	1473	1495
4912	PRMT3_ENSG00000185238_73505.3	672	813	1319	469	0	231	526	614
4913	PRMT3_ENSG00000185238_73506.4	1799	1366	3392	1791	1777	555	1375	1628
4914	PRMT3_ENSG00000185238_73507.5	1564	844	3077	1242	3455	729	1224	1460
4915	PRMT3_ENSG00000185238_73508.6	354	236	788	613	1067	0	326	356
4916	PRMT5_ENSG00000100462_65815.1	975	887	1860	0	0	474	653	946
4917	PRMT5_ENSG00000100462_65816.2	1628	876	3162	1807	1439	1515	1057	1465
4918	PRMT5_ENSG00000100462_65817.3	224	440	502	177	1110	0	82	162
4919	PRMT5_ENSG00000100462_65818.4	1178	624	2095	1319	846	632	500	947
4920	PRMT5_ENSG00000100462_65819.5	1196	1419	1991	962	313	380	819	1209
4921	PRMT5_ENSG00000100462_65820.6	2043	1178	3190	3337	2188	914	1573	1594
4922	PRMT6_ENSG00000198890_1806.1	106	0	198	214	0	0	27	57
4923	PRMT6_ENSG00000198890_1807.2	225	0	271	739	0	0	113	160
4924	PRMT6_ENSG00000198890_1808.3	203	535	305	0	0	966	103	154
4925	PRMT6_ENSG00000198890_1809.4	1230	729	1980	329	0	695	868	963
4926	PRMT6_ENSG00000198890_1810.5	540	337	1063	322	1388	0	239	405
4927	PRMT6_ENSG00000198890_1811.6	514	935	1409	642	0	597	204	557
4928	PRMT7_ENSG00000132600_79016.1	253	0	555	0	0	315	68	180
4929	PRMT7_ENSG00000132600_79017.2	993	654	1799	260	0	132	576	867
4930	PRMT7_ENSG00000132600_79018.3	1576	134	3146	1950	588	830	818	1070
4931	PRMT7_ENSG00000132600_79019.4	1432	1462	2669	602	2612	391	910	1103
4932	PRMT7_ENSG00000132600_79020.5	1244	1745	2566	1	2483	802	216	817
4933	PRMT7_ENSG00000132600_79021.6	1959	1705	3289	619	325	689	2059	1849
4934	PRMT8_ENSG00000111218_46391.1	551	476	1186	0	0	820	455	633
4935	PRMT8_ENSG00000111218_46392.2	721	428	1660	313	490	222	484	805
4936	PRMT8_ENSG00000111218_46393.3	469	317	900	316	0	557	437	522
4937	PRMT8_ENSG00000111218_46394.4	868	525	1755	981	6	199	427	727
4938	PRMT8_ENSG00000111218_46395.5	895	909	1749	928	0	0	871	867
4939	PRMT8_ENSG00000111218_46396.6	330	418	586	1	456	347	163	318
4940	PSIP1_ENSG00000164985_199350.1	1355	1252	2068	304	1659	2551	1116	1243
4941	PSIP1_ENSG00000164985_199351.2	745	326	1447	324	1046	202	613	720
4942	PSIP1_ENSG00000164985_199352.3	1076	959	2193	960	40	744	153	675
4943	PSIP1_ENSG00000164985_199353.4	720	345	1314	0	528	59	79	411
4944	PSIP1_ENSG00000164985_199354.5	493	0	926	0	0	401	238	478
4945	PSIP1_ENSG00000164985_199355.6	1166	1319	2379	625	0	512	187	831
4946	PWWP2B_ENSG00000171813_67803.1	1353	1149	2796	899	3416	502	1230	1371
4947	PWWP2B_ENSG00000171813_67804.2	309	617	572	0	0	101	177	253
4948	PWWP2B_ENSG00000171813_67805.3	1052	1107	1788	552	272	363	796	996
4949	PWWP2B_ENSG00000171813_67806.4	1776	857	2757	603	1215	726	476	1044
4950	PWWP2B_ENSG00000171813_67807.5	1347	162	2171	306	41	258	1257	1202
4951	PWWP2B_ENSG00000171813_67808.6	1102	498	2334	884	425	752	844	1101
4952	PYGO1_ENSG00000171016_196490.1	1577	1123	2981	1034	1464	190	815	1387
4953	PYGO1_ENSG00000171016_196491.2	331	155	600	0	0	415	161	234
4954	PYGO1_ENSG00000171016_196492.3	566	143	1278	294	2	444	341	498
4955	PYGO1_ENSG00000171016_196493.4	1156	1383	2420	563	1209	208	827	1138
4956	PYGO1_ENSG00000171016_196494.5	174	471	570	0	0	0	168	183
4957	PYGO1_ENSG00000171016_196495.6	1005	1231	2089	598	0	202	1076	935
4958	PYGO2_ENSG00000163348_126132.1	1191	169	2217	933	0	174	1088	1221
4959	PYGO2_ENSG00000163348_126133.2	1154	716	2504	911	0	358	315	1152
4960	PYGO2_ENSG00000163348_126134.3	691	449	1024	321	0	799	386	601
4961	PYGO2_ENSG00000163348_126135.4	1215	1064	2180	602	1094	736	680	954
4962	PYGO2_ENSG00000163348_126136.5	1412	656	3326	1952	1	243	739	1261
4963	PYGO2_ENSG00000163348_126137.6	691	1687	1400	624	0	607	395	646
4964	RAD18_ENSG00000070950_22424.1	446	79	913	0	0	407	304	339
4965	RAD18_ENSG00000070950_22425.2	413	845	560	0	0	0	134	241
4966	RAD18_ENSG00000070950_22426.3	803	413	1366	2313	1703	925	169	450
4967	RAD18_ENSG00000070950_22427.4	524	0	933	314	281	276	323	474
4968	RAD18_ENSG00000070950_22428.5	1453	654	2749	1369	0	771	490	1070
4969	RAD18_ENSG00000070950_22429.6	1161	776	2113	1157	549	210	672	981
4970	RAD51_ENSG00000051180_43431.1	244	150	379	0	0	0	118	165
4971	RAD51_ENSG00000051180_43432.2	1688	1470	3366	1239	738	1191	944	1558
4972	RAD51_ENSG00000051180_43433.3	1119	625	1847	793	0	598	574	755
4973	RAD51_ENSG00000051180_43434.4	563	337	778	0	368	0	50	301
4974	RAD51_ENSG00000051180_43435.5	1445	652	2538	598	1320	197	1369	1255
4975	RAD51_ENSG00000051180_43436.6	818	296	1713	624	1203	833	648	814
4976	RAD54B_ENSG00000197275_12301.1	1149	681	2056	490	647	1086	958	1109
4977	RAD54B_ENSG00000197275_12302.2	937	384	1290	0	3	452	419	700
4978	RAD54B_ENSG00000197275_12303.3	730	168	1371	0	977	612	559	622
4979	RAD54B_ENSG00000197275_12304.4	1026	302	1616	648	624	920	673	822
4980	RAD54B_ENSG00000197275_12305.5	955	179	1719	912	0	199	569	847
4981	RAD54B_ENSG00000197275_12306.6	988	249	1739	1337	318	200	144	602
4982	RAD54L_ENSG00000085999_37544.1	1441	1037	3012	1186	1910	851	800	1214
4983	RAD54L_ENSG00000085999_37545.2	470	0	699	650	589	407	188	261
4984	RAD54L_ENSG00000085999_37546.3	1178	688	2086	677	1421	373	182	595
4985	RAD54L_ENSG00000085999_37547.4	1214	795	2441	1481	1557	672	609	1118
4986	RAD54L_ENSG00000085999_37548.5	1112	918	2154	0	719	100	778	890
4987	RAD54L_ENSG00000085999_37549.6	566	490	881	895	0	265	207	351
4988	RAD54L2_ENSG00000164080_150261.1	28	0	61	0	0	0	2	11
4989	RAD54L2_ENSG00000164080_150262.2	267	0	507	260	0	0	122	180
4990	RAD54L2_ENSG00000164080_150263.3	1137	110	1800	306	1250	127	1005	1138
4991	RAD54L2_ENSG00000164080_150264.4	1037	1195	1819	600	1054	724	734	995
4992	RAD54L2_ENSG00000164080_150265.5	2521	1316	4536	939	516	654	1265	2243
4993	RAD54L2_ENSG00000164080_150266.6	483	0	978	0	0	0	304	358
4994	RAG1_ENSG00000166349_100135.1	289	1	750	239	0	530	71	287
4995	RAG1_ENSG00000166349_100136.2	1269	1129	2771	659	1973	372	945	1116
4996	RAG1_ENSG00000166349_100137.3	728	477	1386	133	0	846	493	559
4997	RAG1_ENSG00000166349_100138.4	904	490	1966	580	597	537	462	745
4998	RAG1_ENSG00000166349_100139.5	603	646	976	337	563	0	222	426
4999	RAG1_ENSG00000166349_100140.6	30	0	84	0	0	0	13	28
5000	RAG2_ENSG00000175097_49512.1	977	507	1857	321	538	185	239	651
5001	RAG2_ENSG00000175097_49513.2	259	203	631	0	0	166	4	61
5002	RAG2_ENSG00000175097_49514.3	1985	1109	4004	1522	1622	1277	591	1517
5003	RAG2_ENSG00000175097_49515.4	868	708	1754	0	865	1565	427	816
5004	RAG2_ENSG00000175097_49516.5	855	693	1928	327	798	0	780	914
5005	RAG2_ENSG00000175097_49517.6	582	0	1204	588	0	320	295	565
5006	RAI1_ENSG00000108557_22711.1	658	116	925	765	1	0	434	628
5007	RAI1_ENSG00000108557_22712.2	1192	1268	2066	1219	0	806	403	890
5008	RAI1_ENSG00000108557_22713.3	444	131	1030	570	0	0	245	394
5009	RAI1_ENSG00000108557_22714.4	110	0	231	0	0	0	53	110
5010	RAI1_ENSG00000108557_22715.5	827	855	1505	320	0	199	732	815
5011	RAI1_ENSG00000108557_22716.6	704	273	1580	454	282	756	285	632
5012	RASD2_ENSG00000100302_142653.1	1449	607	2340	603	563	0	1028	1106
5013	RASD2_ENSG00000100302_142654.2	769	448	1376	182	0	586	364	576
5014	RASD2_ENSG00000100302_142655.3	638	94	1104	616	614	409	405	590
5015	RASD2_ENSG00000100302_142656.4	435	548	948	0	0	359	170	463
5016	RASD2_ENSG00000100302_142657.5	734	222	1338	0	0	219	79	435
5017	RASD2_ENSG00000100302_142658.6	1127	1016	2081	558	1155	542	198	506
5018	RB1_ENSG00000139687_163250.1	360	77	852	0	909	205	16	211
5019	RB1_ENSG00000139687_163251.2	211	0	222	0	0	0	14	69
5020	RB1_ENSG00000139687_163252.3	435	0	523	0	0	412	272	381
5021	RB1_ENSG00000139687_163253.4	1574	1572	3364	1083	1152	598	1822	1992
5022	RB1_ENSG00000139687_163254.5	129	0	276	0	551	0	46	145
5023	RB1_ENSG00000139687_163255.6	74	0	167	173	0	0	91	81
5024	RBBP4_ENSG00000162521_83096.1	462	312	920	308	0	333	470	456
5025	RBBP4_ENSG00000162521_83097.2	1373	974	2469	464	1318	648	1022	1399
5026	RBBP4_ENSG00000162521_83098.3	690	1018	1346	272	0	389	457	626
5027	RBBP4_ENSG00000162521_83099.4	844	378	1944	342	2026	375	679	973
5028	RBBP4_ENSG00000162521_83100.5	1077	331	1801	1190	1799	840	693	674
5029	RBBP4_ENSG00000162521_83101.6	1430	642	2497	634	1117	538	970	1035
5030	RBBP5_ENSG00000117222_3329.1	2039	900	4073	1199	533	1259	1408	1788
5031	RBBP5_ENSG00000117222_3330.2	1787	987	2886	2630	1370	1857	1067	1640
5032	RBBP5_ENSG00000117222_3331.3	461	988	708	944	929	888	332	429
5033	RBBP5_ENSG00000117222_3332.4	566	915	1228	626	563	385	730	707
5034	RBBP5_ENSG00000117222_3333.5	542	2048	956	2754	2583	2271	212	521
5035	RBBP5_ENSG00000117222_3334.6	1785	4761	3154	6178	3284	5037	838	1280
5036	RBBP7_ENSG00000102054_150883.1	838	420	2019	318	621	501	497	998
5037	RBBP7_ENSG00000102054_150884.2	814	480	1826	217	319	4	735	904
5038	RBBP7_ENSG00000102054_150885.3	1022	269	1918	617	1643	1627	561	997
5039	RBBP7_ENSG00000102054_150886.4	1636	696	2608	1718	625	1009	1282	1523
5040	RBBP7_ENSG00000102054_150887.5	1139	838	1946	304	298	0	1084	1254
5041	RBBP7_ENSG00000102054_150888.6	908	878	1399	1250	0	392	181	711
5042	RBL1_ENSG00000080839_183403.2	197	0	383	316	0	0	67	123
5043	RBL1_ENSG00000080839_183405.4	667	613	1420	564	0	0	318	573
5044	RBL1_ENSG00000080839_183406.5	1168	969	2237	658	1148	1447	556	1006
5045	RBL1_ENSG00000080839_183407.6	1724	605	2566	2225	292	885	1260	1167
5046	RBL1_ENSG00000080839_183408.7	267	180	542	307	0	250	227	349
5047	RBL1_ENSG00000080839_183409.8	315	0	671	0	268	195	175	219
5048	RBL2_ENSG00000103479_85678.1	786	718	1404	562	1014	169	329	672
5049	RBL2_ENSG00000103479_85679.2	723	315	1464	670	563	0	386	598
5050	RBL2_ENSG00000103479_85680.3	608	501	1031	276	839	0	445	516
5051	RBL2_ENSG00000103479_85681.4	455	623	993	0	0	395	329	475
5052	RBL2_ENSG00000103479_85682.5	577	0	817	0	0	0	347	454
5053	RBL2_ENSG00000103479_85683.6	395	393	697	1	1091	274	101	256
5054	RC3H1_ENSG00000135870_144958.1	386	291	796	274	851	198	171	359
5055	RC3H1_ENSG00000135870_144959.2	1441	166	2829	1448	561	1212	828	1016
5056	RC3H1_ENSG00000135870_144960.3	1272	519	2274	273	0	533	963	1097
5057	RC3H1_ENSG00000135870_144961.4	1003	331	1693	582	554	384	535	838
5058	RC3H1_ENSG00000135870_144962.5	1715	904	2403	396	1126	993	624	1119
5059	RC3H1_ENSG00000135870_144963.6	742	74	1214	301	729	377	310	500
5060	RCBTB1_ENSG00000136144_65592.1	1065	422	1746	954	475	816	317	812
5061	RCBTB1_ENSG00000136144_65593.2	600	364	1132	161	0	715	429	559
5062	RCBTB1_ENSG00000136144_65594.3	1250	1187	2014	580	1161	422	402	856
5063	RCBTB1_ENSG00000136144_65595.4	880	380	1469	0	0	107	920	842
5064	RCBTB1_ENSG00000136144_65596.5	280	287	546	0	456	0	166	222
5065	RCBTB1_ENSG00000136144_65597.6	1038	1493	1802	608	1186	686	481	892
5066	RCOR1_ENSG00000089902_57836.1	72	149	78	0	0	0	20	82
5067	RCOR1_ENSG00000089902_57837.2	258	0	350	300	0	0	218	179
5068	RCOR1_ENSG00000089902_57838.3	623	443	969	158	0	638	165	425
5069	RCOR1_ENSG00000089902_57839.4	354	100	838	271	1079	382	28	177
5070	RCOR1_ENSG00000089902_57840.5	685	0	1404	0	1	223	538	714
5071	RCOR1_ENSG00000089902_57841.6	2186	1167	3715	192	78	668	1668	1845
5072	RCOR2_ENSG00000167771_96073.1	873	163	1340	1074	0	189	375	693
5073	RCOR2_ENSG00000167771_96074.2	836	330	1667	1	0	953	334	606
5074	RCOR2_ENSG00000167771_96075.3	930	501	1584	1233	1083	697	742	925
5075	RCOR2_ENSG00000167771_96076.4	1115	726	2463	1133	909	841	930	1130
5076	RCOR2_ENSG00000167771_96077.5	1057	1052	2097	164	0	0	211	612
5077	RCOR2_ENSG00000167771_96078.6	367	0	597	0	0	343	224	315
5078	RCOR3_ENSG00000117625_200259.1	2179	1129	3630	2038	2319	1199	772	1623
5079	RCOR3_ENSG00000117625_200260.2	287	0	464	0	0	0	83	162
5080	RCOR3_ENSG00000117625_200261.3	328	463	533	0	284	0	312	264
5081	RCOR3_ENSG00000117625_200262.4	319	0	765	541	0	0	181	236
5082	RCOR3_ENSG00000117625_200263.5	501	328	854	326	0	191	230	462
5083	RCOR3_ENSG00000117625_200264.6	570	297	950	250	587	378	141	392
5084	REC8_ENSG00000100918_112343.1	933	403	2185	588	0	817	1063	1080
5085	REC8_ENSG00000100918_112344.2	1222	727	1846	958	557	785	1259	1113
5086	REC8_ENSG00000100918_112345.3	849	296	1527	584	0	0	576	672
5087	REC8_ENSG00000100918_112346.4	664	449	1299	374	517	391	38	303
5088	REC8_ENSG00000100918_112347.5	653	557	1283	2023	612	376	387	576
5089	REC8_ENSG00000100918_112348.6	876	753	1475	887	0	1011	273	548
5090	RECQL_ENSG00000004700_6160.1	1688	1190	3005	1446	1189	383	609	1337
5091	RECQL_ENSG00000004700_6161.2	742	596	1054	0	0	199	205	500
5092	RECQL_ENSG00000004700_6162.3	1029	444	1781	1	277	652	589	845
5093	RECQL_ENSG00000004700_6163.4	412	166	778	0	605	27	215	341
5094	RECQL_ENSG00000004700_6164.5	945	888	1664	1290	1957	704	912	1000
5095	RECQL_ENSG00000004700_6165.6	1286	514	2267	2376	1756	602	593	1021
5096	RECQL4_ENSG00000160957_183472.1	398	1	607	0	0	374	243	269
5097	RECQL4_ENSG00000160957_183473.2	214	0	362	1	252	0	101	161
5098	RECQL4_ENSG00000160957_183474.3	1322	180	2364	606	845	502	783	1182
5099	RECQL4_ENSG00000160957_183475.4	615	741	1053	337	171	105	301	550
5100	RECQL4_ENSG00000160957_183476.5	479	571	956	0	1917	673	387	497
5101	RECQL4_ENSG00000160957_183477.6	399	654	819	553	520	220	28	194
5102	RECQL5_ENSG00000108469_101087.1	1146	586	2000	299	555	1210	882	1224
5103	RECQL5_ENSG00000108469_101088.2	874	153	1493	258	734	1166	519	711
5104	RECQL5_ENSG00000108469_101089.3	1267	1314	1948	1320	0	368	1006	1219
5105	RECQL5_ENSG00000108469_101090.4	683	1061	1668	1074	0	0	655	861
5106	RECQL5_ENSG00000108469_101091.5	373	152	927	618	0	191	222	461
5107	RECQL5_ENSG00000108469_101092.6	1116	1248	2195	644	1252	1425	774	1061
5108	RERE_ENSG00000142599_67493.1	492	144	1067	617	1492	176	419	464
5109	RERE_ENSG00000142599_67494.2	873	224	1521	345	542	620	78	321
5110	RERE_ENSG00000142599_67495.3	1028	718	1799	0	0	939	862	1028
5111	RERE_ENSG00000142599_67496.4	862	672	1439	672	1099	600	471	529
5112	RERE_ENSG00000142599_67497.5	844	1097	1661	334	599	571	735	788
5113	RERE_ENSG00000142599_67498.6	597	265	1532	798	0	649	524	568
5114	REST_ENSG00000084093_28218.1	671	267	1368	585	18	1058	433	685
5115	REST_ENSG00000084093_28219.2	587	468	1105	587	498	0	524	583
5116	REST_ENSG00000084093_28220.3	340	261	603	0	0	0	104	237
5117	REST_ENSG00000084093_28221.4	2014	1038	3732	963	1356	1347	1447	1616
5118	REST_ENSG00000084093_28222.5	970	243	2007	558	0	605	884	859
5119	REST_ENSG00000084093_28223.6	1553	820	2647	936	1312	856	1477	1436
5120	RFWD2_ENSG00000143207_98518.1	512	324	889	314	883	275	89	295
5121	RFWD2_ENSG00000143207_98519.2	983	750	1815	807	1063	911	729	950
5122	RFWD2_ENSG00000143207_98520.3	809	553	1519	282	941	1033	497	842
5123	RFWD2_ENSG00000143207_98521.4	1167	787	1719	147	1924	182	688	919
5124	RFWD2_ENSG00000143207_98522.5	338	623	693	0	1213	202	190	339
5125	RFWD2_ENSG00000143207_98523.6	1218	1688	1912	1262	1670	689	503	691
5126	RFX4_ENSG00000111783_89135.1	985	831	2092	273	511	808	584	1095
5127	RFX4_ENSG00000111783_89136.2	757	613	1798	0	0	500	569	694
5128	RFX4_ENSG00000111783_89137.3	1235	563	2272	1	484	6	524	934
5129	RFX4_ENSG00000111783_89138.4	411	302	824	0	0	0	208	423
5130	RFX4_ENSG00000111783_89139.5	503	0	976	635	0	0	374	456
5131	RFX4_ENSG00000111783_89140.6	1338	1625	2347	662	361	1128	608	1169
5132	RFX5_ENSG00000143390_94144.1	2326	1610	4660	1109	1358	1440	823	1650
5133	RFX5_ENSG00000143390_94145.2	451	877	818	1	0	0	149	311
5134	RFX5_ENSG00000143390_94146.3	654	293	1135	216	0	177	422	583
5135	RFX5_ENSG00000143390_94147.4	412	482	731	1	748	0	329	369
5136	RFX5_ENSG00000143390_94148.5	1673	1684	2611	302	576	1163	921	1250
5137	RFX5_ENSG00000143390_94149.6	257	132	493	618	583	294	116	234
5138	RFXANK_ENSG00000064490_151701.1	966	146	1524	1633	0	377	589	743
5139	RFXANK_ENSG00000064490_151702.2	960	467	1925	880	140	744	644	933
5140	RFXANK_ENSG00000064490_151703.3	653	484	1108	316	796	61	331	625
5141	RFXANK_ENSG00000064490_151704.4	1542	2281	3228	627	568	209	1055	1564
5142	RFXANK_ENSG00000064490_151705.5	981	1313	1987	431	293	625	974	1149
5143	RFXANK_ENSG00000064490_151706.6	1325	457	2221	1476	881	679	449	1116
5144	RFXAP_ENSG00000133111_22134.1	127	1871	422	1029	0	0	27	104
5145	RFXAP_ENSG00000133111_22135.2	446	296	781	0	0	0	342	421
5146	RFXAP_ENSG00000133111_22136.3	226	0	398	0	0	0	63	157
5147	RFXAP_ENSG00000133111_22137.4	922	1437	1652	319	277	338	536	818
5148	RFXAP_ENSG00000133111_22138.5	969	1191	1624	445	340	607	397	703
5149	RFXAP_ENSG00000133111_22139.6	1026	1114	1970	621	0	745	457	1039
5150	RING1_ENSG00000204227_66035.1	827	498	1651	599	0	0	524	672
5151	RING1_ENSG00000204227_66036.2	1098	774	2230	296	266	211	550	969
5152	RING1_ENSG00000204227_66037.3	729	659	1441	625	660	671	687	883
5153	RING1_ENSG00000204227_66038.4	513	147	842	0	569	190	274	418
5154	RING1_ENSG00000204227_66039.5	1623	976	3037	897	588	975	1004	1210
5155	RING1_ENSG00000204227_66040.6	380	0	600	923	500	191	86	243
5156	RNASEK-C17orf49_ENSG00000161939_204221.1	562	124	737	558	0	0	167	374
5157	RNASEK-C17orf49_ENSG00000161939_204222.2	745	783	1588	548	847	0	269	621
5158	RNASEK-C17orf49_ENSG00000161939_204223.3	1340	824	1900	313	16	1168	701	1064
5159	RNASEK-C17orf49_ENSG00000161939_204224.4	180	0	567	0	0	0	28	121
5160	RNASEK-C17orf49_ENSG00000161939_204225.5	323	180	499	0	0	548	181	300
5161	RNASEK-C17orf49_ENSG00000161939_204226.6	533	112	1212	0	0	162	309	512
5162	RNF168_ENSG00000163961_68403.1	636	531	1075	232	0	0	334	419
5163	RNF168_ENSG00000163961_68404.2	313	414	470	0	0	0	114	254
5164	RNF168_ENSG00000163961_68405.3	1390	321	2629	2	585	107	872	1031
5165	RNF168_ENSG00000163961_68406.4	499	359	680	294	300	0	240	357
5166	RNF168_ENSG00000163961_68407.5	2273	2360	3441	1875	954	4	815	1787
5167	RNF168_ENSG00000163961_68408.6	604	664	1016	0	0	326	348	462
5168	RNF17_ENSG00000132972_79824.1	982	1075	1973	505	266	810	772	1005
5169	RNF17_ENSG00000132972_79825.2	1562	768	3207	622	528	1362	886	1180
5170	RNF17_ENSG00000132972_79826.3	770	832	1525	302	516	412	631	651
5171	RNF17_ENSG00000132972_79827.4	1244	1323	2368	899	494	371	954	1120
5172	RNF17_ENSG00000132972_79828.5	893	0	1682	1214	22	1310	798	873
5173	RNF17_ENSG00000132972_79829.6	883	486	1601	476	589	401	344	712
5174	RNF2_ENSG00000121481_39945.1	467	435	998	311	519	0	232	334
5175	RNF2_ENSG00000121481_39946.2	1049	597	2083	1736	0	1121	765	1024
5176	RNF2_ENSG00000121481_39947.3	918	453	1796	0	619	739	412	742
5177	RNF2_ENSG00000121481_39948.4	800	479	1461	0	1071	204	391	718
5178	RNF2_ENSG00000121481_39949.5	767	316	1272	903	0	733	679	715
5179	RNF2_ENSG00000121481_39950.6	1515	344	2315	360	496	647	862	1209
5180	RNF20_ENSG00000155827_78986.1	979	295	1404	268	1161	615	248	601
5181	RNF20_ENSG00000155827_78987.2	1095	826	1975	869	618	412	458	805
5182	RNF20_ENSG00000155827_78988.3	1498	1713	3000	872	0	588	1035	1586
5183	RNF20_ENSG00000155827_78989.4	495	699	926	0	566	109	304	410
5184	RNF20_ENSG00000155827_78990.5	1844	745	3507	300	872	1160	989	1602
5185	RNF20_ENSG00000155827_78991.6	1675	1067	3124	550	0	2215	1224	1480
5186	RNF217_ENSG00000146373_145075.1	736	869	1538	1537	22	765	837	873
5187	RNF217_ENSG00000146373_145076.2	421	184	1120	308	0	185	404	480
5188	RNF217_ENSG00000146373_145077.3	459	527	654	304	0	318	230	316
5189	RNF217_ENSG00000146373_145078.4	521	893	898	0	0	84	429	460
5190	RNF217_ENSG00000146373_145079.5	2021	1513	3419	650	1064	963	1759	1838
5191	RNF217_ENSG00000146373_145080.6	1529	1512	2687	523	1020	861	966	1471
5192	RNF40_ENSG00000103549_35152.1	552	342	1304	881	343	0	173	305
5193	RNF40_ENSG00000103549_35153.2	111	154	263	0	0	0	26	92
5194	RNF40_ENSG00000103549_35154.3	503	239	1067	562	579	430	289	382
5195	RNF40_ENSG00000103549_35155.4	1378	780	2892	706	1747	2096	244	731
5196	RNF40_ENSG00000103549_35156.5	1143	962	1699	1	0	829	303	730
5197	RNF40_ENSG00000103549_35157.6	834	774	1431	1138	550	1216	370	722
5198	RNF8_ENSG00000112130_62495.1	1088	1250	1941	0	0	225	264	607
5199	RNF8_ENSG00000112130_62496.2	825	504	1282	269	0	146	546	511
5200	RNF8_ENSG00000112130_62497.3	808	583	1180	277	1068	0	267	524
5201	RNF8_ENSG00000112130_62498.4	1809	318	3289	798	1101	1011	762	1135
5202	RNF8_ENSG00000112130_62499.5	620	464	766	0	1148	0	254	338
5203	RNF8_ENSG00000112130_62500.6	739	744	1431	604	2090	237	428	697
5204	RP1-27O5.3_ENSG00000254553_119146.1	549	759	1099	0	1189	991	403	562
5205	RP1-27O5.3_ENSG00000254553_119147.2	564	289	1069	298	456	428	285	535
5206	RP1-27O5.3_ENSG00000254553_119148.3	863	399	1768	857	1832	970	308	746
5207	RP1-27O5.3_ENSG00000254553_119149.4	904	852	1418	2199	577	758	744	913
5208	RP1-27O5.3_ENSG00000254553_119150.5	1092	1394	1751	1586	1419	287	672	915
5209	RP1-27O5.3_ENSG00000254553_119151.6	1077	712	1955	1194	1540	703	572	1029
5210	RP11-12J10.3_ENSG00000258539_171454.7	470	136	899	607	0	229	138	401
5211	RP11-12J10.3_ENSG00000258539_171456.9	685	78	1168	309	574	1887	548	706
5212	RP11-212D19.4_ENSG00000255663_62602.8	399	347	892	331	0	351	109	320
5213	RP11-212D19.4_ENSG00000255663_62603.9	626	345	731	932	581	234	506	479
5214	RP11-212D19.4_ENSG00000255663_62604.1	874	904	1353	383	577	551	169	521
5215	RP11-371E8.4_ENSG00000259066_33030.8	622	478	1312	269	1	366	515	697
5216	RP11-371E8.4_ENSG00000259066_33031.9	1104	142	1882	1340	1169	987	584	956
5217	RP11-371E8.4_ENSG00000259066_33032.1	745	297	1183	1	0	208	416	585
5218	RP11-529K1.3_ENSG00000260537_51996.8	586	992	893	343	540	0	339	575
5219	RP11-529K1.3_ENSG00000260537_51997.9	184	0	395	0	308	212	46	99
5220	RP11-529K1.3_ENSG00000260537_51998.1	584	334	770	0	0	378	222	340
5221	RP11-603J24.9_ENSG00000257411_94845.4	627	563	1259	0	0	415	316	587
5222	RP11-603J24.9_ENSG00000257411_94846.5	631	274	908	612	0	408	201	326
5223	RP11-603J24.9_ENSG00000257411_94847.6	482	133	755	278	0	221	205	301
5224	RP11-603J24.9_ENSG00000257411_94849.8	579	561	1043	0	157	0	203	324
5225	RP11-603J24.9_ENSG00000257411_94850.9	963	1110	1950	891	0	200	607	727
5226	RP11-793H13.10_ENSG00000267281_47679.1	329	0	621	1	0	0	260	276
5227	RPA1_ENSG00000132383_133883.1	1277	332	2354	1496	2263	0	694	1057
5228	RPA1_ENSG00000132383_133884.2	456	301	1076	0	616	209	183	427
5229	RPA1_ENSG00000132383_133885.3	854	674	1367	656	2386	525	584	786
5230	RPA1_ENSG00000132383_133886.4	941	2077	1508	285	1116	895	366	672
5231	RPA1_ENSG00000132383_133887.5	738	386	1613	301	159	198	521	723
5232	RPA1_ENSG00000132383_133888.6	1557	1442	2911	1149	1177	779	1076	1454
5233	RPA3_ENSG00000106399_201789.1	448	271	635	0	511	230	196	337
5234	RPA3_ENSG00000106399_201790.2	834	150	1670	1028	519	214	204	598
5235	RPA3_ENSG00000106399_201791.3	497	334	974	863	644	433	422	611
5236	RPA3_ENSG00000106399_201792.4	1490	188	2562	1045	0	1243	1235	1394
5237	RPA3_ENSG00000106399_201793.5	1091	687	2276	2223	1649	399	1176	1119
5238	RPA3_ENSG00000106399_201794.6	398	0	892	660	572	382	232	482
5239	RPH3A_ENSG00000089169_106502.1	738	0	1372	326	448	590	458	837
5240	RPH3A_ENSG00000089169_106503.2	1403	501	2563	934	734	614	1097	1181
5241	RPH3A_ENSG00000089169_106504.3	925	810	1592	324	531	182	788	971
5242	RPH3A_ENSG00000089169_106505.4	405	163	754	288	615	0	184	264
5243	RPH3A_ENSG00000089169_106506.5	359	0	472	0	0	0	113	259
5244	RPH3A_ENSG00000089169_106507.6	793	363	1423	321	0	288	634	762
5245	RPP25_ENSG00000178718_70843.1	1210	966	2152	1252	81	601	652	789
5246	RPP25_ENSG00000178718_70844.2	1367	1161	2024	528	566	546	524	893
5247	RPP25_ENSG00000178718_70845.3	872	307	1737	304	0	683	352	682
5248	RPP25_ENSG00000178718_70846.4	993	223	1938	1188	582	383	1222	904
5249	RPP25_ENSG00000178718_70847.5	513	148	788	0	962	0	140	381
5250	RPP25_ENSG00000178718_70848.6	140	286	247	0	0	202	171	182
5251	RPP25L_ENSG00000164967_188165.1	807	281	1550	854	504	1241	410	653
5252	RPP25L_ENSG00000164967_188166.2	1127	733	2466	278	1076	501	329	891
5253	RPP25L_ENSG00000164967_188167.3	502	0	1059	530	0	0	258	404
5254	RPP25L_ENSG00000164967_188168.4	507	390	1227	1129	1016	181	232	410
5255	RPP25L_ENSG00000164967_188169.5	472	161	1060	289	1455	201	173	376
5256	RPP25L_ENSG00000164967_188170.6	1153	771	2167	613	364	1884	656	997
5257	RPS19BP1_ENSG00000187051_122379.1	1269	805	2161	952	819	139	775	1137
5258	RPS19BP1_ENSG00000187051_122380.2	1068	981	1764	305	0	445	351	641
5259	RPS19BP1_ENSG00000187051_122381.3	1049	366	1963	404	651	1132	470	1059
5260	RPS19BP1_ENSG00000187051_122382.4	701	1239	1476	612	0	396	522	647
5261	RPS19BP1_ENSG00000187051_122383.5	677	1206	1338	356	580	0	521	591
5262	RPS19BP1_ENSG00000187051_122384.6	218	0	269	0	0	173	52	105
5263	RPS6KA3_ENSG00000177189_64448.1	596	470	1005	856	0	112	581	678
5264	RPS6KA3_ENSG00000177189_64449.2	1265	1057	2450	279	1761	0	1075	1253
5265	RPS6KA3_ENSG00000177189_64450.3	834	0	1519	587	147	432	316	708
5266	RPS6KA3_ENSG00000177189_64451.4	1121	1128	2065	922	0	554	584	1060
5267	RPS6KA3_ENSG00000177189_64452.5	408	177	926	293	0	209	335	410
5268	RPS6KA3_ENSG00000177189_64453.6	437	602	691	324	271	1	271	439
5269	RPS6KA4_ENSG00000162302_74891.1	344	688	686	0	0	240	243	330
5270	RPS6KA4_ENSG00000162302_74892.2	1202	184	1627	311	0	284	1053	994
5271	RPS6KA4_ENSG00000162302_74893.3	1332	297	2594	983	1089	182	508	1108
5272	RPS6KA4_ENSG00000162302_74894.4	746	514	1092	876	851	0	637	575
5273	RPS6KA4_ENSG00000162302_74895.5	317	1	637	0	0	4	163	251
5274	RPS6KA4_ENSG00000162302_74896.6	355	168	623	0	0	594	184	317
5275	RPS6KA5_ENSG00000100784_40926.1	599	598	1031	320	0	386	533	677
5276	RPS6KA5_ENSG00000100784_40927.2	1190	1964	2425	610	690	209	708	1315
5277	RPS6KA5_ENSG00000100784_40928.3	311	0	386	0	0	0	79	132
5278	RPS6KA5_ENSG00000100784_40929.4	887	695	1460	293	554	0	454	690
5279	RPS6KA5_ENSG00000100784_40930.5	529	614	1114	325	296	609	524	483
5280	RPS6KA5_ENSG00000100784_40931.6	727	499	1141	0	0	517	453	550
5281	RSF1_ENSG00000048649_3569.1	1024	306	1483	905	464	207	610	822
5282	RSF1_ENSG00000048649_3570.2	464	158	859	243	0	398	337	344
5283	RSF1_ENSG00000048649_3571.3	182	318	256	0	0	0	165	167
5284	RSF1_ENSG00000048649_3572.4	916	596	1549	830	0	200	409	576
5285	RSF1_ENSG00000048649_3573.5	475	145	970	962	0	201	356	565
5286	RSF1_ENSG00000048649_3574.6	1736	1751	2377	847	2252	546	1047	1475
5287	RTEL1_ENSG00000258366_108771.1	383	174	528	0	1753	0	221	275
5288	RTEL1_ENSG00000258366_108772.2	910	1223	2054	252	1115	929	733	843
5289	RTEL1_ENSG00000258366_108773.3	704	0	1333	497	0	750	533	675
5290	RTEL1_ENSG00000258366_108774.4	869	404	1571	349	46	309	512	739
5291	RTEL1_ENSG00000258366_108775.5	291	149	702	0	316	596	210	350
5292	RTEL1_ENSG00000258366_108776.6	550	146	830	0	0	0	185	473
5293	RTF1_ENSG00000137815_37056.1	787	531	1576	0	0	176	417	682
5294	RTF1_ENSG00000137815_37057.2	423	424	898	404	1329	484	74	211
5295	RTF1_ENSG00000137815_37058.3	391	248	734	642	0	955	75	296
5296	RTF1_ENSG00000137815_37059.4	161	155	316	0	527	188	19	67
5297	RTF1_ENSG00000137815_37060.5	718	773	1359	950	0	208	571	595
5298	RTF1_ENSG00000137815_37061.6	274	166	485	0	0	0	90	164
5299	RUNX1_ENSG00000159216_85708.1	772	361	1330	601	0	519	415	739
5300	RUNX1_ENSG00000159216_85709.2	733	945	1092	640	0	360	580	602
5301	RUNX1_ENSG00000159216_85710.3	2191	1492	3755	1617	334	1149	1899	1738
5302	RUNX1_ENSG00000159216_85711.4	316	1	666	445	163	190	243	283
5303	RUNX1_ENSG00000159216_85712.5	1028	167	1586	613	0	366	609	867
5304	RUNX1_ENSG00000159216_85713.6	416	262	894	1020	0	206	146	353
5305	RUVBL1_ENSG00000175792_125742.1	879	711	1741	914	1340	724	607	879
5306	RUVBL1_ENSG00000175792_125743.2	208	561	383	476	41	157	62	139
5307	RUVBL1_ENSG00000175792_125744.3	971	1197	1656	604	612	1123	866	989
5308	RUVBL1_ENSG00000175792_125745.4	609	343	1140	0	0	311	309	351
5309	RUVBL1_ENSG00000175792_125746.5	839	910	1306	317	297	586	352	602
5310	RUVBL1_ENSG00000175792_125747.6	454	1847	983	1882	1065	422	167	431
5311	RUVBL2_ENSG00000183207_159313.1	1167	1008	2093	584	767	203	743	997
5312	RUVBL2_ENSG00000183207_159314.2	667	921	1544	1154	831	0	320	671
5313	RUVBL2_ENSG00000183207_159315.3	1096	1192	2108	1735	928	0	1139	1064
5314	RUVBL2_ENSG00000183207_159316.4	750	1718	1213	1281	604	735	274	477
5315	RUVBL2_ENSG00000183207_159317.5	822	713	1623	903	863	855	372	811
5316	RUVBL2_ENSG00000183207_159318.6	1196	1092	2191	593	538	852	975	1128
5317	SAE1_ENSG00000142230_14042.1	1376	620	2461	729	230	1034	1151	1329
5318	SAE1_ENSG00000142230_14043.2	602	844	1466	1	506	959	455	699
5319	SAE1_ENSG00000142230_14044.3	736	481	859	854	605	653	306	546
5320	SAE1_ENSG00000142230_14045.4	724	342	1268	839	0	0	379	624
5321	SAE1_ENSG00000142230_14046.5	589	841	1215	315	0	394	254	439
5322	SAE1_ENSG00000142230_14047.6	198	181	321	0	0	0	169	195
5323	safe_0Safe_204560.5	1374	1793	2337	2	1654	627	695	1001
5324	safe_0Safe_204575.5	469	0	1230	0	0	91	315	521
5325	safe_0Safe_204579.5	784	826	1395	962	0	215	266	706
5326	safe_0Safe_204603.5	791	458	1157	350	1287	1519	406	576
5327	safe_0Safe_204613.5	867	894	1604	291	0	6	867	821
5328	safe_0Safe_204633.5	441	96	904	572	0	399	89	329
5329	safe_0Safe_204670.5	563	160	1195	0	1095	0	398	491
5330	safe_0Safe_204718.5	1024	633	1769	1230	2333	842	250	749
5331	safe_0Safe_204751.5	912	645	2105	290	1237	205	875	1024
5332	safe_0Safe_204762.5	1395	1774	2151	348	0	0	328	975
5333	safe_0Safe_204770.5	631	1	988	456	1	596	126	535
5334	safe_0Safe_204838.5	1070	1426	2379	883	1708	1105	393	910
5335	safe_0Safe_204891.5	399	161	621	277	0	2	251	360
5336	safe_0Safe_204904.5	568	312	1486	639	0	178	438	581
5337	safe_0Safe_204933.5	785	0	1721	604	1171	200	551	747
5338	safe_0Safe_204972.5	980	468	1826	771	590	1049	486	825
5339	safe_0Safe_204997.5	492	279	816	0	0	261	180	337
5340	safe_0Safe_205010.5	292	138	596	0	574	226	255	309
5341	safe_0Safe_205184.5	1264	1121	1792	305	0	276	249	790
5342	safe_0Safe_205191.5	836	330	1370	280	468	785	783	676
5343	safe_0Safe_205212.5	729	284	1217	0	0	311	548	646
5344	safe_0Safe_205214.5	405	339	638	0	0	0	175	283
5345	safe_0Safe_205216.5	1847	1120	2865	1198	683	631	1102	1647
5346	safe_0Safe_205252.5	479	493	583	318	0	0	438	345
5347	safe_0Safe_205259.5	603	126	963	1499	298	0	166	519
5348	safe_0Safe_205267.5	2173	2102	3778	1178	0	536	1490	1873
5349	safe_0Safe_205281.5	1012	968	1973	951	0	519	625	952
5350	safe_0Safe_205290.5	680	575	930	1182	0	388	60	391
5351	safe_0Safe_205367.5	1204	1558	1833	323	0	535	749	1050
5352	safe_0Safe_205399.5	2091	1740	3776	2087	1431	1897	1172	1783
5353	safe_0Safe_205403.5	1504	447	2468	1036	0	689	585	1120
5354	safe_0Safe_205451.5	974	433	1584	280	698	635	365	720
5355	safe_0Safe_205497.5	1186	932	1729	252	1629	419	222	706
5356	safe_0Safe_205542.5	1017	802	1740	917	291	115	673	824
5357	safe_0Safe_205569.6	408	108	841	529	0	1057	86	319
5358	safe_0Safe_205588.6	417	288	708	0	0	0	199	340
5359	safe_0Safe_205612.6	611	370	962	601	0	460	740	650
5360	safe_0Safe_205637.6	448	364	824	0	595	0	214	388
5361	safe_0Safe_205641.6	1022	545	1831	266	557	672	344	778
5362	safe_0Safe_205677.6	297	455	741	0	575	0	155	292
5363	safe_0Safe_205719.6	1111	827	2096	2501	0	634	505	932
5364	safe_0Safe_205750.6	611	708	1045	340	470	574	222	499
5365	safe_0Safe_205787.6	424	150	778	985	12	388	174	419
5366	safe_0Safe_205847.6	594	657	1144	0	0	862	427	701
5367	safe_0Safe_205848.6	746	809	1638	317	0	173	483	697
5368	safe_0Safe_205870.6	369	413	749	306	1037	0	219	268
5369	safe_0Safe_205886.6	658	0	1337	318	2197	304	166	446
5370	safe_0Safe_205948.6	645	269	1748	323	1191	569	475	786
5371	safe_0Safe_205954.6	565	617	1031	1145	1574	739	121	478
5372	safe_0Safe_205992.6	351	581	474	147	1117	211	257	315
5373	safe_0Safe_206008.6	977	599	1525	0	213	174	565	800
5374	safe_0Safe_206010.6	1198	292	2027	1165	552	1	372	972
5375	safe_0Safe_206029.6	835	436	1652	63	898	208	366	683
5376	safe_0Safe_206077.2	656	390	1420	594	0	597	443	690
5377	safe_0Safe_206080.2	214	0	637	0	0	1	151	233
5378	safe_0Safe_206114.2	1451	160	2536	566	1182	347	626	1257
5379	safe_0Safe_206146.2	704	276	1315	0	0	639	376	703
5380	safe_0Safe_206190.2	908	712	1348	340	802	394	518	658
5381	safe_0Safe_206256.2	856	479	1753	828	609	535	565	817
5382	safe_0Safe_206263.2	528	466	1248	591	1050	0	414	527
5383	safe_0Safe_206428.2	821	940	1408	1251	0	604	432	759
5384	safe_0Safe_206437.2	530	483	988	477	0	477	345	554
5385	safe_0Safe_206457.2	1852	785	3034	994	135	1281	934	1478
5386	safe_0Safe_206465.2	1596	1006	2975	325	1253	605	845	1303
5387	safe_0Safe_206474.2	1302	680	2394	612	0	378	796	1159
5388	safe_0Safe_206478.2	730	649	1720	556	0	401	346	664
5389	safe_0Safe_206484.2	923	836	1304	0	751	448	277	719
5390	safe_0Safe_206496.2	975	1042	1736	300	1080	563	536	751
5391	safe_0Safe_206518.2	691	477	1137	281	0	811	257	502
5392	safe_0Safe_206648.2	348	339	654	0	0	193	271	387
5393	safe_0Safe_206653.2	591	0	1206	695	564	589	168	455
5394	safe_0Safe_206665.2	842	829	1934	307	901	134	915	912
5395	safe_0Safe_206685.2	1579	647	2741	966	1964	207	1011	1446
5396	safe_0Safe_206711.2	273	0	396	0	0	368	35	166
5397	safe_0Safe_206747.2	785	598	1338	263	0	2	554	655
5398	safe_0Safe_206791.2	443	735	1073	287	325	0	132	268
5399	safe_0Safe_206832.1	450	488	878	299	0	777	410	359
5400	safe_0Safe_206929.1	1248	667	2618	1481	1133	220	1040	1299
5401	safe_0Safe_206933.1	1334	786	2691	1383	0	600	863	1149
5402	safe_0Safe_206946.1	659	377	1115	332	62	307	186	432
5403	safe_0Safe_206954.1	773	1666	1661	841	1057	196	577	696
5404	safe_0Safe_206980.1	430	228	712	354	636	340	36	241
5405	safe_0Safe_207065.1	972	790	1572	666	1112	224	488	912
5406	safe_0Safe_207079.1	445	142	1031	680	0	202	319	485
5407	safe_0Safe_207118.1	604	643	1356	0	0	359	469	673
5408	safe_0Safe_207153.1	1230	223	2209	889	0	762	1034	1164
5409	safe_0Safe_207157.1	837	534	1394	336	128	638	444	564
5410	safe_0Safe_207214.1	630	600	1119	292	0	0	463	559
5411	safe_0Safe_207218.1	614	480	913	0	0	319	383	528
5412	safe_0Safe_207294.1	799	336	1764	1459	0	178	812	924
5413	safe_0Safe_207301.8	647	271	1542	302	0	99	227	602
5414	safe_0Safe_207302.8	1024	1071	2005	815	1565	979	1074	1141
5415	safe_0Safe_207330.8	540	194	897	576	0	0	301	432
5416	safe_0Safe_207405.9	1609	1959	2732	1185	1490	1309	936	1444
5417	safe_0Safe_207443.9	891	1337	2252	66	328	0	657	907
5418	safe_0Safe_207447.9	1297	336	2296	600	1152	599	1436	1401
5419	safe_0Safe_207468.9	270	0	507	1	70	411	95	217
5420	safe_0Safe_207475.9	506	310	1094	314	1074	210	339	488
5421	safe_0Safe_207494.9	388	0	1006	549	5	343	357	509
5422	safe_0Safe_207496.9	931	703	1739	1188	1181	171	629	798
5423	safe_0Safe_207531	603	440	782	314	0	522	231	505
5424	safe_0Safe_207544	532	0	905	0	319	84	343	481
5425	safe_0Safe_207554.2	1280	1226	2182	315	1204	920	547	1072
5426	safe_0Safe_207620.2	414	459	689	341	0	0	156	291
5427	safe_0Safe_207626.2	1325	1102	2267	649	1066	333	703	1243
5428	safe_0Safe_207660.2	515	301	875	596	274	132	393	536
5429	safe_0Safe_207678.2	629	846	868	628	1119	386	360	411
5430	safe_0Safe_207750.2	618	459	825	0	0	367	506	480
5431	safe_0Safe_207796.2	1697	1164	3588	2184	1158	1950	1700	1743
5432	safe_0Safe_207833.3	434	158	645	0	0	0	358	324
5433	safe_0Safe_207850.3	2121	1239	4131	1556	1161	1176	1899	2206
5434	safe_0Safe_207878.3	461	0	791	316	0	214	233	436
5435	safe_0Safe_207904.3	372	360	477	300	800	216	116	180
5436	safe_0Safe_207934.3	619	97	1051	324	0	285	371	549
5437	safe_0Safe_207985.3	240	320	362	296	0	0	266	277
5438	safe_0Safe_208006.3	586	475	1386	341	571	191	430	589
5439	safe_0Safe_208133.3	705	362	1052	432	0	485	396	609
5440	safe_0Safe_208144.3	1503	1320	2420	291	472	850	1142	1309
5441	safe_0Safe_208150.3	1324	751	2583	950	562	405	656	1287
5442	safe_0Safe_208185.3	323	218	632	507	634	152	32	185
5443	safe_0Safe_208199.3	933	657	1409	1757	271	798	676	841
5444	safe_0Safe_208211.3	791	652	1743	1504	0	617	701	788
5445	safe_0Safe_208244.3	233	215	545	1	0	29	88	189
5446	safe_0Safe_208255.3	410	312	572	0	0	0	269	374
5447	safe_0Safe_208410.2	768	147	1123	597	39	2	460	471
5448	safe_0Safe_208423.2	535	217	802	619	582	193	404	496
5449	safe_0Safe_208431.2	456	0	913	0	272	0	237	430
5450	safe_0Safe_208475.3	1035	705	1970	281	0	599	825	999
5451	safe_0Safe_208493.3	453	597	766	69	0	481	183	352
5452	safe_0Safe_208514.3	157	150	211	0	0	0	52	111
5453	safe_0Safe_208522.3	767	1818	1066	1	0	0	226	578
5454	safe_0Safe_208568.3	1353	689	2524	1449	610	401	1074	1189
5455	safe_0Safe_208610.4	1051	729	1959	848	911	844	981	1155
5456	safe_0Safe_208613.4	671	602	1062	331	0	648	431	584
5457	safe_0Safe_208625.4	291	162	768	0	74	0	143	317
5458	safe_0Safe_208643.4	771	801	1577	1	601	907	334	653
5459	safe_0Safe_208646.4	678	655	1419	11	605	0	284	554
5460	safe_0Safe_208657.4	575	543	1099	279	453	223	401	657
5461	safe_0Safe_208726.5	501	1042	763	280	0	191	313	518
5462	safe_0Safe_208744.5	822	152	1478	314	0	192	436	633
5463	safe_0Safe_208808.6	403	493	875	0	332	277	355	468
5464	safe_0Safe_208813.6	622	843	1153	447	0	220	492	595
5465	safe_0Safe_208819.6	1476	505	2680	1014	421	945	1092	1251
5466	safe_0Safe_208826.6	390	514	505	0	513	587	153	306
5467	safe_0Safe_208839.6	555	508	780	0	1110	100	341	500
5468	safe_0Safe_208849.6	438	163	1017	278	0	0	318	426
5469	safe_0Safe_208861.6	772	419	1394	940	0	199	772	837
5470	safe_0Safe_208868.6	274	0	458	0	0	575	127	236
5471	safe_0Safe_208922.7	677	773	1334	0	0	623	492	537
5472	safe_0Safe_208923.7	781	742	1805	1	0	192	549	633
5473	safe_0Safe_209000.7	865	136	1986	411	2048	519	474	926
5474	safe_0Safe_209110.4	514	302	1006	277	1054	259	309	455
5475	safe_0Safe_209121.4	832	969	1522	938	874	581	661	691
5476	safe_0Safe_209123.4	526	0	897	0	185	641	256	448
5477	safe_0Safe_209125.4	509	115	901	561	0	620	144	407
5478	safe_0Safe_209211.4	707	1151	1566	316	0	0	422	713
5479	safe_0Safe_209241.4	476	139	686	322	0	397	215	295
5480	safe_0Safe_209275.4	381	0	736	0	0	404	420	346
5481	safe_0Safe_209287.4	1372	1664	2370	602	3353	396	1092	1306
5482	safe_0Safe_209337.4	836	165	1806	310	0	213	622	857
5483	safe_0Safe_209350.4	700	257	1148	328	585	982	153	437
5484	safe_0Safe_209413.4	910	291	1423	846	275	259	610	880
5485	safe_0Safe_209433.4	1856	1341	3116	120	77	561	1129	1546
5486	safe_0Safe_209449.4	584	371	1212	317	806	199	132	387
5487	safe_0Safe_209469.4	821	382	1355	0	0	760	457	630
5488	safe_0Safe_209486.4	329	138	684	319	0	0	93	211
5489	safe_0Safe_209501.4	468	270	1237	311	0	319	147	343
5490	safe_0Safe_209503.4	470	400	1357	1	515	102	265	528
5491	safe_0Safe_209558.4	524	322	1101	551	0	731	221	356
5492	safe_0Safe_209727.4	2714	2022	4994	904	1209	903	2474	2816
5493	safe_0Safe_209860.3	452	0	1099	582	0	187	238	388
5494	safe_0Safe_209937.3	394	199	723	0	0	0	377	417
5495	safe_0Safe_209998.3	872	1099	1756	663	645	12	430	684
5496	safe_0Safe_210030.3	285	590	575	0	0	0	95	238
5497	safe_0Safe_210111.3	1208	1625	2345	885	191	421	619	1026
5498	safe_0Safe_210118.3	697	526	1372	992	582	414	447	620
5499	safe_0Safe_210157.3	491	807	1231	286	682	0	564	579
5500	safe_0Safe_210168.3	809	300	1256	621	360	0	354	588
5501	safe_0Safe_210189.3	1789	1488	3152	1256	1932	623	448	1233
5502	safe_0Safe_210195.3	1172	740	2673	829	2236	348	896	1198
5503	safe_0Safe_210212.3	744	749	1006	0	0	243	486	536
5504	safe_0Safe_210215.3	1159	1911	2626	279	316	886	837	1361
5505	safe_0Safe_210224.3	677	810	1334	282	211	484	558	748
5506	safe_0Safe_210226.3	1374	2065	2900	2147	247	760	309	1023
5507	safe_0Safe_210237.3	380	342	711	1	576	0	343	394
5508	safe_0Safe_210238.3	1618	872	2915	1299	480	1166	1046	1570
5509	safe_0Safe_210311.4	759	302	1376	1183	596	356	394	603
5510	safe_0Safe_210320.4	421	215	651	0	1139	42	4	105
5511	safe_0Safe_210335.4	498	431	795	0	579	830	171	447
5512	safe_0Safe_210405.4	247	139	378	612	0	247	112	211
5513	safe_0Safe_210410.4	1297	889	2115	1927	747	536	97	567
5514	safe_0Safe_210418.4	1343	1296	2525	3154	1138	603	1085	1753
5515	safe_0Safe_210534.4	841	818	1667	1206	925	199	519	744
5516	safe_0Safe_210577.6	402	476	856	262	309	0	269	401
5517	safe_0Safe_210621.6	736	292	1549	278	569	200	255	678
5518	safe_0Safe_210630.6	971	663	1945	310	0	153	515	765
5519	safe_0Safe_210656.6	189	0	329	0	0	0	98	162
5520	safe_0Safe_210688.6	1223	1006	2018	1357	1167	708	165	740
5521	safe_0Safe_210747.6	708	420	1201	0	0	815	291	600
5522	safe_0Safe_210755.6	879	348	1908	740	0	943	491	997
5523	safe_0Safe_210798.6	508	302	889	260	554	0	60	323
5524	safe_0Safe_210813.6	315	0	789	628	0	0	68	281
5525	safe_0Safe_210828.6	557	311	993	271	542	0	406	485
5526	safe_0Safe_210845.6	881	502	1702	1	637	350	651	1020
5527	safe_0Safe_210870.6	807	971	1363	0	2401	15	674	749
5528	safe_0Safe_210899.6	983	239	1907	0	1093	1011	975	911
5529	safe_0Safe_210906.6	691	829	1507	842	0	183	712	819
5530	safe_0Safe_210932.6	829	1206	1724	593	0	1	776	884
5531	safe_0Safe_210957.6	362	0	654	301	0	416	136	286
5532	safe_0Safe_210960.6	679	1008	1327	1	0	0	152	527
5533	safe_0Safe_211007.6	626	458	1505	304	1140	711	410	705
5534	safe_0Safe_211036.6	712	776	1414	486	645	650	513	648
5535	safe_0Safe_211091.7	373	235	448	515	0	2	113	241
5536	safe_0Safe_211097.7	324	1	684	339	0	181	147	258
5537	safe_0Safe_211136.7	965	452	2253	636	1149	644	761	907
5538	safe_0Safe_211176.7	459	1097	630	0	1395	382	332	468
5539	safe_0Safe_211185.7	1286	530	2281	798	0	910	445	1041
5540	safe_0Safe_211198.7	614	299	1120	547	633	0	285	537
5541	safe_0Safe_211201.7	1762	947	2802	1628	384	1374	1185	1651
5542	safe_0Safe_211258.7	1150	801	2046	1805	0	811	714	1053
5543	safe_0Safe_211261.7	1068	661	2070	296	658	0	686	1303
5544	safe_0Safe_211279.7	537	237	1024	1	0	0	366	441
5545	safe_0Safe_211281.7	1385	0	2106	1502	1372	379	987	1070
5546	SAP130_ENSG00000136715_195131.1	503	540	624	0	1	191	413	390
5547	SAP130_ENSG00000136715_195132.2	1309	1526	2378	1467	510	190	490	868
5548	SAP130_ENSG00000136715_195133.3	123	0	194	0	0	0	26	75
5549	SAP130_ENSG00000136715_195134.4	367	157	563	931	0	810	291	343
5550	SAP130_ENSG00000136715_195135.5	195	154	413	583	1123	0	72	104
5551	SAP130_ENSG00000136715_195136.6	943	162	1114	608	0	348	772	801
5552	SAP18_ENSG00000150459_44813.1	860	268	1480	0	1282	583	156	504
5553	SAP18_ENSG00000150459_44814.2	2541	612	4748	1606	2931	739	1363	2074
5554	SAP18_ENSG00000150459_44815.3	685	500	1553	827	272	194	342	552
5555	SAP18_ENSG00000150459_44816.4	822	285	1376	287	70	176	415	647
5556	SAP18_ENSG00000150459_44817.5	919	685	1365	587	0	59	99	474
5557	SAP18_ENSG00000150459_44818.6	431	673	718	0	579	651	128	278
5558	SAP25_ENSG00000205307_83296.1	945	538	1805	322	1702	0	510	847
5559	SAP25_ENSG00000205307_83297.2	464	421	728	172	1725	207	215	336
5560	SAP25_ENSG00000205307_83298.3	176	0	378	1	612	0	114	115
5561	SAP25_ENSG00000205307_83299.4	294	285	218	0	0	208	93	110
5562	SAP25_ENSG00000205307_83300.5	396	467	728	0	599	216	123	289
5563	SAP25_ENSG00000205307_83301.6	709	462	1418	284	267	1584	503	639
5564	SAP30_ENSG00000164105_169163.1	261	346	265	0	0	0	146	156
5565	SAP30_ENSG00000164105_169164.2	1026	568	2015	542	0	784	381	942
5566	SAP30_ENSG00000164105_169165.3	508	811	954	838	0	308	397	481
5567	SAP30_ENSG00000164105_169166.4	815	304	1233	276	1107	205	67	394
5568	SAP30_ENSG00000164105_169167.5	1560	1027	2632	423	957	364	517	1076
5569	SAP30_ENSG00000164105_169168.6	503	248	948	1208	0	0	184	422
5570	SAP30L_ENSG00000164576_163710.1	543	159	1055	617	603	10	362	489
5571	SAP30L_ENSG00000164576_163711.2	485	172	829	283	0	184	241	382
5572	SAP30L_ENSG00000164576_163712.3	821	521	1268	350	0	0	503	615
5573	SAP30L_ENSG00000164576_163713.4	839	1276	1552	678	0	799	514	598
5574	SAP30L_ENSG00000164576_163714.5	566	337	1040	271	295	0	477	537
5575	SAP30L_ENSG00000164576_163715.6	355	545	555	532	0	68	102	232
5576	SATB1_ENSG00000182568_168706.1	1516	721	2768	1277	614	773	627	1296
5577	SATB1_ENSG00000182568_168707.2	1178	919	2386	882	0	271	697	955
5578	SATB1_ENSG00000182568_168708.3	1062	1288	2245	820	128	592	811	913
5579	SATB1_ENSG00000182568_168709.4	874	1033	1634	981	1830	569	219	601
5580	SATB1_ENSG00000182568_168710.5	1119	930	1934	1610	0	286	582	925
5581	SATB1_ENSG00000182568_168711.6	531	493	749	0	0	1333	209	432
5582	SBNO1_ENSG00000139697_64650.1	995	932	2056	1326	0	401	1052	913
5583	SBNO1_ENSG00000139697_64651.2	113	0	110	293	0	0	41	72
5584	SBNO1_ENSG00000139697_64652.3	591	386	990	637	575	0	177	367
5585	SBNO1_ENSG00000139697_64653.4	760	226	1152	297	0	0	674	643
5586	SBNO1_ENSG00000139697_64654.5	629	1311	1342	622	277	171	693	570
5587	SBNO1_ENSG00000139697_64655.6	768	168	1569	300	746	348	355	649
5588	SCMH1_ENSG00000010803_134203.1	242	456	414	320	594	198	116	186
5589	SCMH1_ENSG00000010803_134204.2	632	288	1017	1203	0	1027	624	728
5590	SCMH1_ENSG00000010803_134205.3	1967	410	3580	575	1772	366	1089	1765
5591	SCMH1_ENSG00000010803_134206.4	185	143	430	340	0	0	78	182
5592	SCMH1_ENSG00000010803_134207.5	884	0	1370	773	268	595	576	720
5593	SCMH1_ENSG00000010803_134208.6	799	687	1503	1285	47	373	612	686
5594	SCML2_ENSG00000102098_136357.1	802	499	1564	288	0	386	204	677
5595	SCML2_ENSG00000102098_136358.2	481	509	685	570	1698	1	294	488
5596	SCML2_ENSG00000102098_136359.3	517	606	1176	152	0	181	453	580
5597	SCML2_ENSG00000102098_136360.4	861	267	1126	313	1479	12	516	613
5598	SCML2_ENSG00000102098_136361.5	1115	776	1758	651	0	590	676	914
5599	SCML2_ENSG00000102098_136362.6	964	631	1894	899	0	508	551	882
5600	SCML4_ENSG00000146285_36055.1	69	0	92	288	0	0	7	48
5601	SCML4_ENSG00000146285_36056.2	1684	578	3311	1806	1892	1863	981	1615
5602	SCML4_ENSG00000146285_36057.3	658	371	1059	0	0	241	425	614
5603	SCML4_ENSG00000146285_36058.4	653	170	1174	891	952	790	539	572
5604	SCML4_ENSG00000146285_36059.5	468	544	964	310	1464	77	98	381
5605	SCML4_ENSG00000146285_36060.6	507	355	796	317	0	369	431	450
5606	SENP1_ENSG00000079387_88407.1	939	756	1707	1	568	1088	594	914
5607	SENP1_ENSG00000079387_88408.2	242	0	315	304	0	46	158	209
5608	SENP1_ENSG00000079387_88409.3	650	565	1046	582	0	2	194	364
5609	SENP1_ENSG00000079387_88410.4	446	642	900	0	0	197	117	297
5610	SENP1_ENSG00000079387_88411.5	461	455	878	1265	407	569	189	364
5611	SENP1_ENSG00000079387_88412.6	819	570	1530	0	0	713	374	810
5612	SENP3_ENSG00000161956_10179.1	446	378	758	1034	0	574	96	353
5613	SENP3_ENSG00000161956_10180.2	977	649	1714	543	583	306	465	819
5614	SENP3_ENSG00000161956_10181.3	619	304	1305	915	869	660	300	583
5615	SENP3_ENSG00000161956_10182.4	833	564	1770	770	0	207	503	672
5616	SENP3_ENSG00000161956_10183.5	138	0	315	249	0	0	11	108
5617	SENP3_ENSG00000161956_10184.6	629	274	1290	902	563	607	269	500
5618	SENP5_ENSG00000119231_4566.1	1792	1874	3352	537	1946	461	1085	1570
5619	SENP5_ENSG00000119231_4567.2	1618	914	2984	863	722	1070	1181	1375
5620	SENP5_ENSG00000119231_4568.3	401	783	601	249	0	0	134	335
5621	SENP5_ENSG00000119231_4569.4	645	901	957	340	1496	253	30	364
5622	SENP5_ENSG00000119231_4570.5	1163	833	1709	305	1123	401	835	936
5623	SENP5_ENSG00000119231_4571.6	1703	1187	2913	298	552	601	1040	1520
5624	SENP6_ENSG00000112701_115741.1	277	0	311	0	37	0	102	175
5625	SENP6_ENSG00000112701_115742.2	979	806	1832	334	219	815	579	899
5626	SENP6_ENSG00000112701_115743.3	853	732	1693	314	0	421	175	691
5627	SENP6_ENSG00000112701_115744.4	472	261	1195	0	565	186	346	512
5628	SENP6_ENSG00000112701_115745.5	1328	644	2395	928	1708	716	810	1050
5629	SENP6_ENSG00000112701_115746.6	710	326	1338	0	44	620	531	673
5630	SENP7_ENSG00000138468_19325.1	819	686	1657	453	0	399	831	766
5631	SENP7_ENSG00000138468_19326.2	900	1042	1720	0	1741	585	530	786
5632	SENP7_ENSG00000138468_19327.3	403	0	549	1	556	0	340	412
5633	SENP7_ENSG00000138468_19328.4	1395	1159	2355	985	0	689	781	976
5634	SENP7_ENSG00000138468_19329.5	643	251	1263	617	1022	172	304	589
5635	SENP7_ENSG00000138468_19330.6	680	148	1097	471	0	0	270	501
5636	SENP8_ENSG00000166192_18890.1	961	477	1761	1517	133	1159	872	889
5637	SENP8_ENSG00000166192_18891.2	526	1001	1203	576	308	0	408	494
5638	SENP8_ENSG00000166192_18892.3	173	0	280	0	0	192	124	142
5639	SENP8_ENSG00000166192_18893.4	383	386	565	945	0	110	215	329
5640	SENP8_ENSG00000166192_18894.5	413	149	935	0	0	401	219	391
5641	SENP8_ENSG00000166192_18895.6	575	490	1081	939	1165	0	63	331
5642	SERPINE1_ENSG00000106366_201559.1	346	410	675	345	0	393	199	260
5643	SERPINE1_ENSG00000106366_201560.2	1054	1407	1902	874	0	759	1032	1112
5644	SERPINE1_ENSG00000106366_201561.3	1502	591	2832	1260	1161	673	922	1392
5645	SERPINE1_ENSG00000106366_201562.4	338	0	683	0	523	403	85	213
5646	SERPINE1_ENSG00000106366_201563.5	1955	1545	3471	1537	527	1527	909	1549
5647	SERPINE1_ENSG00000106366_201564.6	399	148	609	0	0	160	366	322
5648	SETD1B_ENSG00000139718_75689.1	947	869	1793	883	2753	303	221	673
5649	SETD1B_ENSG00000139718_75690.2	229	456	743	0	768	0	70	214
5650	SETD1B_ENSG00000139718_75691.3	891	718	1516	612	600	378	228	557
5651	SETD1B_ENSG00000139718_75692.4	921	1004	1932	1244	1378	0	716	915
5652	SETD1B_ENSG00000139718_75693.5	238	0	389	0	575	0	45	137
5653	SETD1B_ENSG00000139718_75694.6	2059	2777	3839	590	1744	570	2011	1918
5654	SETD2_ENSG00000181555_29419.1	981	637	1869	921	0	264	874	870
5655	SETD2_ENSG00000181555_29420.2	797	329	1291	0	1036	0	575	639
5656	SETD2_ENSG00000181555_29421.3	1117	1219	2170	545	539	549	358	777
5657	SETD2_ENSG00000181555_29422.4	197	122	328	0	0	0	40	84
5658	SETD2_ENSG00000181555_29423.5	836	220	1551	586	534	1058	248	618
5659	SETD2_ENSG00000181555_29424.6	1352	1022	2639	340	1731	740	678	1186
5660	SETD3_ENSG00000183576_133154.1	878	600	1356	760	0	385	77	421
5661	SETD3_ENSG00000183576_133155.2	1122	1309	2232	142	303	974	883	1074
5662	SETD3_ENSG00000183576_133156.3	1712	1424	2614	2122	1066	1090	962	1482
5663	SETD3_ENSG00000183576_133157.4	1427	739	2484	1538	0	423	627	1095
5664	SETD3_ENSG00000183576_133158.5	656	631	1171	164	593	371	273	626
5665	SETD3_ENSG00000183576_133159.6	1760	2071	3515	1212	2090	351	762	1536
5666	SETD4_ENSG00000185917_140872.1	216	262	349	304	8	0	39	209
5667	SETD4_ENSG00000185917_140873.2	798	455	1238	951	590	313	467	822
5668	SETD4_ENSG00000185917_140874.3	918	184	1160	1183	0	213	488	622
5669	SETD4_ENSG00000185917_140875.4	607	301	1543	425	0	0	607	704
5670	SETD4_ENSG00000185917_140876.5	611	164	1262	136	457	0	540	631
5671	SETD4_ENSG00000185917_140877.6	448	275	1109	0	0	0	185	389
5672	SETD5_ENSG00000168137_24566.1	1265	598	2082	819	278	631	456	961
5673	SETD5_ENSG00000168137_24567.2	1199	1453	2468	1431	1130	522	812	1192
5674	SETD5_ENSG00000168137_24568.3	1681	1110	2958	583	1322	0	973	1256
5675	SETD5_ENSG00000168137_24569.4	756	1068	1393	619	1	387	490	688
5676	SETD5_ENSG00000168137_24570.5	609	1	982	0	0	0	351	489
5677	SETD5_ENSG00000168137_24571.6	639	627	1518	0	2332	0	536	711
5678	SETD6_ENSG00000103037_70963.1	894	498	1627	1063	609	414	821	837
5679	SETD6_ENSG00000103037_70964.2	951	1319	2094	452	1113	1060	810	1032
5680	SETD6_ENSG00000103037_70965.3	483	418	779	303	581	551	179	356
5681	SETD6_ENSG00000103037_70966.4	1492	917	2805	518	1105	1269	1249	1480
5682	SETD6_ENSG00000103037_70967.5	799	1651	1363	269	67	160	542	899
5683	SETD6_ENSG00000103037_70968.6	661	105	1327	911	859	831	309	539
5684	SETD7_ENSG00000145391_36535.1	618	1	1627	1105	0	289	521	762
5685	SETD7_ENSG00000145391_36536.2	235	396	600	1	0	0	72	169
5686	SETD7_ENSG00000145391_36537.3	403	395	644	289	93	0	456	404
5687	SETD7_ENSG00000145391_36538.4	1049	223	1985	0	545	760	520	849
5688	SETD7_ENSG00000145391_36539.5	678	620	1316	271	0	209	207	475
5689	SETD7_ENSG00000145391_36540.6	539	0	723	0	872	205	295	366
5690	SETD8_ENSG00000183955_81095.1	258	346	577	0	137	408	107	257
5691	SETD8_ENSG00000183955_81096.2	916	355	1471	880	1124	205	498	569
5692	SETD8_ENSG00000183955_81097.3	1292	0	2165	865	531	290	496	994
5693	SETD8_ENSG00000183955_81098.4	540	151	826	1	2186	80	161	322
5694	SETD8_ENSG00000183955_81099.5	861	618	1661	339	546	424	813	794
5695	SETD8_ENSG00000183955_81100.6	1208	1338	2389	914	281	530	745	1155
5696	SETDB1_ENSG00000143379_31691.1	582	559	851	0	0	373	296	437
5697	SETDB1_ENSG00000143379_31692.2	258	0	392	0	0	195	206	193
5698	SETDB1_ENSG00000143379_31693.3	437	0	772	0	0	0	180	345
5699	SETDB1_ENSG00000143379_31694.4	956	1580	2095	926	0	449	750	805
5700	SETDB1_ENSG00000143379_31695.5	1482	816	2480	307	554	204	1220	1259
5701	SETDB1_ENSG00000143379_31696.6	369	464	837	955	0	0	292	506
5702	SETDB2_ENSG00000136169_57686.1	392	140	897	0	0	0	321	375
5703	SETDB2_ENSG00000136169_57687.2	623	269	955	0	0	51	430	521
5704	SETDB2_ENSG00000136169_57688.3	1441	1538	2313	301	1171	679	1051	1400
5705	SETDB2_ENSG00000136169_57689.4	101	0	181	0	0	0	31	84
5706	SETDB2_ENSG00000136169_57690.5	1061	333	2271	663	0	876	1000	1054
5707	SETDB2_ENSG00000136169_57691.6	988	124	1828	595	1172	1316	570	819
5708	SF3B1_ENSG00000115524_71672.1	1352	1090	2560	1665	2607	1589	620	1185
5709	SF3B1_ENSG00000115524_71673.2	540	1058	1140	0	1089	932	346	404
5710	SF3B1_ENSG00000115524_71674.3	1121	1034	2329	584	1144	0	1003	1341
5711	SF3B1_ENSG00000115524_71675.4	955	893	1780	635	1171	198	744	800
5712	SF3B1_ENSG00000115524_71676.5	1620	2109	2815	2426	2895	3319	779	1396
5713	SF3B1_ENSG00000115524_71677.6	178	0	324	286	1266	229	146	123
5714	SF3B3_ENSG00000189091_63888.1	384	971	468	897	0	1247	166	151
5715	SF3B3_ENSG00000189091_63889.2	157	233	401	315	23	0	112	175
5716	SF3B3_ENSG00000189091_63890.3	985	1447	1593	901	589	2520	573	818
5717	SF3B3_ENSG00000189091_63891.4	1706	2205	2707	2678	1751	4093	1208	1100
5718	SF3B3_ENSG00000189091_63892.5	690	1224	1577	1143	1076	1644	379	586
5719	SF3B3_ENSG00000189091_63893.6	1198	3425	2072	2885	3107	1436	573	658
5720	SFMBT1_ENSG00000163935_200539.1	725	339	1508	0	545	0	295	590
5721	SFMBT1_ENSG00000163935_200540.2	277	0	408	0	552	174	88	210
5722	SFMBT1_ENSG00000163935_200541.3	1363	1227	2959	1017	0	0	640	1479
5723	SFMBT1_ENSG00000163935_200542.4	569	150	871	303	43	393	371	564
5724	SFMBT1_ENSG00000163935_200543.5	1166	716	2040	306	0	612	496	968
5725	SFMBT1_ENSG00000163935_200544.6	1376	1281	2430	596	1427	551	981	1268
5726	SFMBT2_ENSG00000198879_199360.1	717	178	987	574	10	63	432	501
5727	SFMBT2_ENSG00000198879_199361.2	628	155	1288	289	0	26	491	678
5728	SFMBT2_ENSG00000198879_199362.3	372	137	598	0	163	0	281	325
5729	SFMBT2_ENSG00000198879_199363.4	359	133	558	287	0	0	138	324
5730	SFMBT2_ENSG00000198879_199364.5	367	0	948	650	2165	189	491	572
5731	SFMBT2_ENSG00000198879_199365.6	289	0	615	0	250	406	274	185
5732	SHPRH_ENSG00000146414_148865.1	489	0	811	0	605	193	364	379
5733	SHPRH_ENSG00000146414_148866.2	344	297	650	297	0	163	148	246
5734	SHPRH_ENSG00000146414_148867.3	748	437	1248	0	595	808	524	699
5735	SHPRH_ENSG00000146414_148868.4	791	538	1647	569	945	438	838	848
5736	SHPRH_ENSG00000146414_148869.5	291	310	506	298	0	0	141	245
5737	SHPRH_ENSG00000146414_148870.6	976	852	1802	606	1746	226	370	733
5738	SIAH2_ENSG00000181788_32053.1	332	307	663	326	0	213	154	271
5739	SIAH2_ENSG00000181788_32054.2	122	294	245	0	0	0	61	83
5740	SIAH2_ENSG00000181788_32055.3	828	372	1217	673	66	196	393	695
5741	SIAH2_ENSG00000181788_32056.4	1161	1433	2103	2174	0	605	627	985
5742	SIAH2_ENSG00000181788_32057.5	551	0	868	0	0	752	199	333
5743	SIAH2_ENSG00000181788_32058.6	366	617	651	0	844	0	280	331
5744	SIK1_ENSG00000142178_120215.1	522	392	1158	330	543	372	8	134
5745	SIK1_ENSG00000142178_120216.2	1580	1829	3290	1456	1648	310	1581	1600
5746	SIK1_ENSG00000142178_120217.3	727	259	1214	309	1109	0	302	564
5747	SIK1_ENSG00000142178_120218.4	1151	2	2702	921	1189	1099	485	1163
5748	SIK1_ENSG00000142178_120219.5	399	1022	1079	300	106	190	145	349
5749	SIK1_ENSG00000142178_120220.6	719	382	1586	151	1624	579	222	647
5750	SIN3A_ENSG00000169375_67103.1	305	258	472	0	0	0	83	142
5751	SIN3A_ENSG00000169375_67104.2	61	178	190	0	0	0	9	28
5752	SIN3A_ENSG00000169375_67105.3	1007	654	1439	1275	613	519	646	850
5753	SIN3A_ENSG00000169375_67106.4	1718	1538	3126	758	1691	672	1444	1372
5754	SIN3A_ENSG00000169375_67107.5	764	338	1306	612	1167	581	316	621
5755	SIN3A_ENSG00000169375_67108.6	1444	1502	2454	1452	1233	578	693	1126
5756	SIN3B_ENSG00000127511_141954.1	113	0	137	0	0	0	6	45
5757	SIN3B_ENSG00000127511_141955.2	139	132	310	293	0	138	31	136
5758	SIN3B_ENSG00000127511_141956.3	441	363	785	1	579	41	239	432
5759	SIN3B_ENSG00000127511_141957.4	2180	943	3989	2423	1674	1955	1467	1959
5760	SIN3B_ENSG00000127511_141958.5	182	153	398	0	0	0	99	147
5761	SIN3B_ENSG00000127511_141959.6	1009	318	1946	0	0	0	607	834
5762	SIRT1_ENSG00000096717_32021.1	858	463	1566	561	1972	437	492	659
5763	SIRT1_ENSG00000096717_32022.2	1246	1163	2264	191	601	211	782	985
5764	SIRT1_ENSG00000096717_32023.3	1129	745	1773	297	311	429	937	939
5765	SIRT1_ENSG00000096717_32024.4	484	332	1102	319	383	98	369	502
5766	SIRT1_ENSG00000096717_32025.5	1341	1427	2138	292	0	388	856	1211
5767	SIRT1_ENSG00000096717_32026.6	264	192	556	0	0	0	138	357
5768	SIRT2_ENSG00000068903_17850.1	422	444	949	255	0	0	169	387
5769	SIRT2_ENSG00000068903_17851.2	825	427	1652	315	783	779	401	636
5770	SIRT2_ENSG00000068903_17852.3	1238	292	2193	801	1801	370	805	1104
5771	SIRT2_ENSG00000068903_17853.4	118	149	310	0	0	208	39	116
5772	SIRT2_ENSG00000068903_17854.5	593	315	1038	321	0	0	283	379
5773	SIRT2_ENSG00000068903_17855.6	421	160	968	1	582	424	176	342
5774	SIRT3_ENSG00000142082_201669.1	307	136	417	0	0	86	86	223
5775	SIRT3_ENSG00000142082_201670.2	570	146	1639	529	506	157	176	509
5776	SIRT3_ENSG00000142082_201671.3	537	358	1134	1498	557	232	323	519
5777	SIRT3_ENSG00000142082_201672.4	375	910	803	1	0	0	194	303
5778	SIRT3_ENSG00000142082_201673.5	371	389	692	0	0	14	270	379
5779	SIRT3_ENSG00000142082_201674.6	967	493	1547	319	598	351	524	685
5780	SIRT4_ENSG00000089163_83482.1	1010	1264	2231	652	1483	191	430	748
5781	SIRT4_ENSG00000089163_83483.2	563	454	906	0	0	200	459	483
5782	SIRT4_ENSG00000089163_83484.3	692	434	1254	541	1172	189	540	722
5783	SIRT4_ENSG00000089163_83485.4	607	999	1452	0	503	89	463	688
5784	SIRT4_ENSG00000089163_83486.5	328	144	506	691	0	384	161	246
5785	SIRT4_ENSG00000089163_83487.6	907	640	1655	293	432	0	589	680
5786	SIRT5_ENSG00000124523_178135.1	695	831	1354	0	0	844	457	708
5787	SIRT5_ENSG00000124523_178136.2	1385	1136	2580	584	854	894	554	1129
5788	SIRT5_ENSG00000124523_178137.3	195	383	424	0	0	0	124	160
5789	SIRT5_ENSG00000124523_178138.4	540	765	1078	2	0	377	618	598
5790	SIRT5_ENSG00000124523_178139.5	271	222	271	932	571	176	101	191
5791	SIRT5_ENSG00000124523_178140.6	529	377	985	329	0	585	333	424
5792	SIRT6_ENSG00000077463_118146.1	929	617	1134	606	149	0	575	566
5793	SIRT6_ENSG00000077463_118147.2	501	273	1100	0	0	202	91	271
5794	SIRT6_ENSG00000077463_118148.3	1104	1191	1660	255	666	997	941	945
5795	SIRT6_ENSG00000077463_118149.4	380	190	719	305	1195	172	301	322
5796	SIRT6_ENSG00000077463_118150.5	499	356	1274	295	0	388	626	659
5797	SIRT6_ENSG00000077463_118151.6	914	1068	1456	550	0	599	388	564
5798	SIRT7_ENSG00000187531_142371.1	669	253	1034	336	562	0	177	389
5799	SIRT7_ENSG00000187531_142372.2	658	0	1202	0	0	0	286	503
5800	SIRT7_ENSG00000187531_142373.3	750	273	1490	231	0	209	628	754
5801	SIRT7_ENSG00000187531_142374.4	530	130	1018	680	1116	212	103	314
5802	SIRT7_ENSG00000187531_142375.5	2098	1693	2980	311	601	821	949	1314
5803	SIRT7_ENSG00000187531_142376.6	789	370	1249	236	0	836	194	452
5804	SKA1_ENSG00000154839_130810.1	595	370	1166	320	985	0	142	437
5805	SKA1_ENSG00000154839_130811.2	887	802	1272	309	525	332	695	853
5806	SKA1_ENSG00000154839_130812.3	262	1	479	0	0	0	63	207
5807	SKA1_ENSG00000154839_130813.4	572	137	980	319	0	207	340	481
5808	SKA1_ENSG00000154839_130814.5	210	305	554	452	0	0	154	206
5809	SKA1_ENSG00000154839_130815.6	438	280	742	0	269	0	213	373
5810	SKA3_ENSG00000165480_47459.1	597	334	1226	1314	0	533	14	180
5811	SKA3_ENSG00000165480_47460.2	1707	822	3157	346	1145	358	1308	1406
5812	SKA3_ENSG00000165480_47461.3	1301	739	2302	931	708	0	505	934
5813	SKA3_ENSG00000165480_47462.4	1075	1446	2400	1202	1135	314	209	771
5814	SKA3_ENSG00000165480_47463.5	701	0	1144	326	512	582	145	442
5815	SKA3_ENSG00000165480_47464.6	434	320	603	609	539	177	242	347
5816	SKIV2L_ENSG00000204351_145792.1	1464	1428	2729	2175	561	666	833	1323
5817	SKIV2L_ENSG00000204351_145793.2	299	263	416	0	0	0	102	195
5818	SKIV2L_ENSG00000204351_145794.3	283	0	531	0	143	0	223	241
5819	SKIV2L_ENSG00000204351_145795.4	492	315	747	615	1	603	129	224
5820	SKIV2L_ENSG00000204351_145796.5	974	909	1634	583	569	712	467	571
5821	SKIV2L_ENSG00000204351_145797.6	894	648	1683	295	135	380	513	767
5822	SKIV2L2_ENSG00000039123_52557.1	532	137	972	740	2283	775	74	345
5823	SKIV2L2_ENSG00000039123_52558.2	706	603	1250	219	0	1	380	530
5824	SKIV2L2_ENSG00000039123_52559.3	638	0	1086	881	505	397	601	525
5825	SKIV2L2_ENSG00000039123_52560.4	1318	1120	2421	634	1562	352	1190	1342
5826	SKIV2L2_ENSG00000039123_52561.5	959	194	1765	658	1141	0	777	873
5827	SKIV2L2_ENSG00000039123_52562.6	915	940	2039	864	901	216	739	1133
5828	SLBP_ENSG00000163950_167201.1	1130	321	1857	0	634	409	516	653
5829	SLBP_ENSG00000163950_167202.2	480	1	800	0	282	198	370	374
5830	SLBP_ENSG00000163950_167203.3	319	0	483	0	567	0	154	238
5831	SLBP_ENSG00000163950_167204.4	434	162	898	285	68	315	243	302
5832	SLBP_ENSG00000163950_167205.5	1183	431	1977	1874	586	819	330	728
5833	SLBP_ENSG00000163950_167206.6	79	0	177	324	0	0	42	78
5834	SLK_ENSG00000065613_113240.1	1173	331	2245	1549	0	912	623	1133
5835	SLK_ENSG00000065613_113241.2	1129	995	1857	1163	1029	364	858	1077
5836	SLK_ENSG00000065613_113242.3	211	1	476	486	0	298	81	206
5837	SLK_ENSG00000065613_113243.4	735	174	1216	343	591	202	721	668
5838	SLK_ENSG00000065613_113244.5	934	834	1764	307	608	428	900	839
5839	SLK_ENSG00000065613_113245.6	847	957	1578	1446	553	587	427	636
5840	SMARCA1_ENSG00000102038_174199.1	862	365	1603	595	1079	0	458	665
5841	SMARCA1_ENSG00000102038_174200.2	1330	836	2048	1446	314	549	665	1069
5842	SMARCA1_ENSG00000102038_174201.3	429	167	1106	291	1240	614	282	520
5843	SMARCA1_ENSG00000102038_174202.4	2166	1943	3869	1168	901	2159	1078	1953
5844	SMARCA1_ENSG00000102038_174203.5	606	141	739	340	0	588	152	397
5845	SMARCA1_ENSG00000102038_174204.6	404	340	796	628	1142	199	181	297
5846	SMARCA2_ENSG00000080503_115821.1	389	0	674	3	0	197	205	338
5847	SMARCA2_ENSG00000080503_115822.2	1159	703	1764	550	999	946	624	861
5848	SMARCA2_ENSG00000080503_115823.3	512	1	882	0	0	191	52	273
5849	SMARCA2_ENSG00000080503_115824.4	1303	2642	2654	674	627	1190	745	1118
5850	SMARCA2_ENSG00000080503_115825.5	382	525	678	327	0	0	248	284
5851	SMARCA2_ENSG00000080503_115826.6	1319	793	2700	302	615	397	903	1341
5852	SMARCA4_ENSG00000127616_160921.1	338	938	585	0	0	387	94	199
5853	SMARCA4_ENSG00000127616_160922.2	392	264	730	824	0	352	31	186
5854	SMARCA4_ENSG00000127616_160923.3	615	475	1049	342	0	843	456	581
5855	SMARCA4_ENSG00000127616_160924.4	1066	2011	1715	1026	578	372	550	935
5856	SMARCA4_ENSG00000127616_160925.5	494	152	1073	565	0	0	212	422
5857	SMARCA4_ENSG00000127616_160926.6	158	499	235	0	641	17	22	170
5858	SMARCA5_ENSG00000153147_25286.1	1303	1667	2330	803	270	22	522	790
5859	SMARCA5_ENSG00000153147_25287.2	224	0	453	306	0	186	64	206
5860	SMARCA5_ENSG00000153147_25288.3	699	484	1258	0	1	918	509	637
5861	SMARCA5_ENSG00000153147_25289.4	85	0	320	0	142	217	33	90
5862	SMARCA5_ENSG00000153147_25290.5	667	549	1382	1061	0	0	549	703
5863	SMARCA5_ENSG00000153147_25291.6	3434	2300	5241	2743	2622	820	2929	2857
5864	SMARCAD1_ENSG00000163104_133364.1	184	138	510	0	0	423	192	211
5865	SMARCAD1_ENSG00000163104_133365.2	849	1285	1267	294	1007	409	524	816
5866	SMARCAD1_ENSG00000163104_133366.3	1130	643	1888	1482	558	730	498	1090
5867	SMARCAD1_ENSG00000163104_133367.4	291	0	581	0	0	199	170	254
5868	SMARCAD1_ENSG00000163104_133368.5	877	916	1795	326	0	779	582	924
5869	SMARCAD1_ENSG00000163104_133369.6	1421	2088	3000	886	518	715	886	1405
5870	SMARCAL1_ENSG00000138375_97473.1	116	167	163	0	0	234	29	83
5871	SMARCAL1_ENSG00000138375_97474.2	742	388	1065	972	0	610	142	389
5872	SMARCAL1_ENSG00000138375_97475.3	1011	406	1643	896	420	200	360	885
5873	SMARCAL1_ENSG00000138375_97476.4	986	748	1562	239	1949	609	568	768
5874	SMARCAL1_ENSG00000138375_97477.5	628	292	1238	642	73	0	411	631
5875	SMARCAL1_ENSG00000138375_97478.6	200	268	428	0	0	416	85	125
5876	SMARCB1_ENSG00000099956_105797.1	1087	2705	1954	2691	5248	2447	914	1093
5877	SMARCB1_ENSG00000099956_105798.2	437	185	1066	317	0	208	201	323
5878	SMARCB1_ENSG00000099956_105799.3	970	1389	1895	1484	2825	593	458	870
5879	SMARCB1_ENSG00000099956_105800.4	107	0	329	0	0	0	67	104
5880	SMARCB1_ENSG00000099956_105801.5	328	411	691	257	1025	190	53	269
5881	SMARCB1_ENSG00000099956_105802.6	399	1045	757	320	1036	1450	237	367
5882	SMARCC1_ENSG00000173473_20386.1	816	2636	1442	1477	4036	690	467	703
5883	SMARCC1_ENSG00000173473_20387.2	713	860	967	0	694	784	410	485
5884	SMARCC1_ENSG00000173473_20388.3	1508	1783	2152	2687	2673	819	674	891
5885	SMARCC1_ENSG00000173473_20389.4	426	1215	1084	316	4	320	197	389
5886	SMARCC1_ENSG00000173473_20390.5	669	713	1295	1148	733	924	195	498
5887	SMARCC1_ENSG00000173473_20391.6	233	442	603	275	586	417	83	226
5888	SMARCC2_ENSG00000139613_24256.1	2114	864	3172	0	1823	653	2030	2024
5889	SMARCC2_ENSG00000139613_24257.2	405	154	1207	272	0	0	292	418
5890	SMARCC2_ENSG00000139613_24258.3	1156	547	1659	499	0	781	293	512
5891	SMARCC2_ENSG00000139613_24259.4	736	149	1208	265	0	214	400	447
5892	SMARCC2_ENSG00000139613_24260.5	915	1194	1409	1209	0	909	364	670
5893	SMARCC2_ENSG00000139613_24261.6	631	463	1404	0	9	0	588	543
5894	SMARCD1_ENSG00000066117_50539.1	557	423	926	311	1141	593	194	443
5895	SMARCD1_ENSG00000066117_50540.2	722	765	1151	556	0	188	137	372
5896	SMARCD1_ENSG00000066117_50541.3	675	271	1387	328	1508	330	385	581
5897	SMARCD1_ENSG00000066117_50542.4	812	878	1643	529	0	180	302	673
5898	SMARCD1_ENSG00000066117_50543.5	513	310	721	345	0	0	306	516
5899	SMARCD1_ENSG00000066117_50544.6	555	324	901	0	0	205	164	390
5900	SMARCD2_ENSG00000108604_114769.1	611	0	952	902	0	554	213	389
5901	SMARCD2_ENSG00000108604_114770.2	151	107	275	0	0	0	20	87
5902	SMARCD2_ENSG00000108604_114771.3	1324	897	2139	343	0	0	607	951
5903	SMARCD2_ENSG00000108604_114772.4	439	0	850	0	465	0	345	491
5904	SMARCD2_ENSG00000108604_114773.5	417	0	585	356	0	0	289	390
5905	SMARCD2_ENSG00000108604_114774.6	225	0	335	0	0	0	93	139
5906	SMARCD3_ENSG00000082014_3309.1	878	920	1693	0	0	281	245	570
5907	SMARCD3_ENSG00000082014_3310.2	310	287	509	267	551	0	91	230
5908	SMARCD3_ENSG00000082014_3311.3	540	131	967	557	1123	329	169	393
5909	SMARCD3_ENSG00000082014_3312.4	761	233	1676	0	47	0	698	834
5910	SMARCD3_ENSG00000082014_3313.5	942	748	1623	290	853	413	669	757
5911	SMARCD3_ENSG00000082014_3314.6	1188	675	1951	881	587	1016	765	1027
5912	SMARCE1_ENSG00000073584_165101.1	286	200	682	635	604	590	200	299
5913	SMARCE1_ENSG00000073584_165102.2	1558	1260	2783	1209	906	820	736	1325
5914	SMARCE1_ENSG00000073584_165103.3	712	490	937	0	0	387	184	349
5915	SMARCE1_ENSG00000073584_165104.4	311	261	559	863	0	283	28	155
5916	SMARCE1_ENSG00000073584_165105.5	785	390	1256	640	248	385	179	470
5917	SMARCE1_ENSG00000073584_165106.6	920	296	2038	394	0	767	607	808
5918	SMC1A_ENSG00000072501_166991.1	506	298	697	940	432	595	171	273
5919	SMC1A_ENSG00000072501_166992.2	330	710	436	0	261	81	129	235
5920	SMC1A_ENSG00000072501_166993.3	198	147	587	321	0	0	64	218
5921	SMC1A_ENSG00000072501_166994.4	603	616	1021	0	1137	789	259	463
5922	SMC1A_ENSG00000072501_166995.5	411	340	775	589	0	524	130	320
5923	SMC1A_ENSG00000072501_166996.6	2269	2206	4084	2091	2515	1618	2145	2446
5924	SMC1B_ENSG00000077935_48721.1	756	1115	1444	1132	0	183	57	444
5925	SMC1B_ENSG00000077935_48722.2	296	0	324	0	621	0	68	161
5926	SMC1B_ENSG00000077935_48723.3	456	289	841	908	432	0	282	421
5927	SMC1B_ENSG00000077935_48724.4	896	244	1226	979	53	442	183	640
5928	SMC1B_ENSG00000077935_48725.5	2151	514	3552	1559	0	1483	1242	1981
5929	SMC1B_ENSG00000077935_48726.6	780	161	1825	309	563	308	616	827
5930	SMN1_ENSG00000172062_57436.1	957	287	1789	315	0	370	609	900
5931	SMN1_ENSG00000172062_57437.2	1023	1287	2242	323	0	754	618	916
5932	SMN1_ENSG00000172062_57438.3	807	305	1552	1	0	203	676	727
5933	SMN1_ENSG00000172062_57439.4	411	0	743	126	10	0	207	342
5934	SMN1_ENSG00000172062_57440.5	1066	948	1972	609	0	118	541	873
5935	SMN1_ENSG00000172062_57441.6	1036	481	1751	808	0	695	545	836
5936	SMN2_ENSG00000205571_50864.1	404	76	765	0	873	570	208	325
5937	SMNDC1_ENSG00000119953_115861.1	762	317	1154	1	521	0	468	553
5938	SMNDC1_ENSG00000119953_115862.2	1435	806	1864	0	248	398	1056	1120
5939	SMNDC1_ENSG00000119953_115863.3	528	210	735	519	552	1005	213	424
5940	SMNDC1_ENSG00000119953_115864.4	1056	613	1680	0	0	0	189	597
5941	SMNDC1_ENSG00000119953_115865.5	883	309	1657	573	729	816	394	723
5942	SMNDC1_ENSG00000119953_115866.6	492	507	847	0	83	0	368	422
5943	SMYD1_ENSG00000115593_149005.1	93	213	247	301	0	16	44	89
5944	SMYD1_ENSG00000115593_149006.2	1424	1159	2473	2023	604	0	402	893
5945	SMYD1_ENSG00000115593_149007.3	426	263	630	301	0	0	123	228
5946	SMYD1_ENSG00000115593_149008.4	1146	1184	2186	323	1132	571	977	1088
5947	SMYD1_ENSG00000115593_149009.5	954	777	1331	755	240	553	504	653
5948	SMYD1_ENSG00000115593_149010.6	1853	1291	2942	2663	0	1037	948	1296
5949	SMYD2_ENSG00000143499_88417.1	1372	756	2199	279	297	657	1670	1397
5950	SMYD2_ENSG00000143499_88418.2	547	127	947	0	424	543	145	414
5951	SMYD2_ENSG00000143499_88419.3	2091	792	3543	1237	638	1711	1669	1806
5952	SMYD2_ENSG00000143499_88420.4	816	403	1500	164	0	364	163	479
5953	SMYD2_ENSG00000143499_88421.5	277	0	649	648	425	0	22	174
5954	SMYD2_ENSG00000143499_88422.6	499	208	840	1350	0	0	265	426
5955	SMYD3_ENSG00000185420_55268.1	557	286	1407	640	0	144	208	453
5956	SMYD3_ENSG00000185420_55269.2	1045	0	2076	615	0	572	781	1246
5957	SMYD3_ENSG00000185420_55270.3	807	757	1249	402	0	192	718	691
5958	SMYD3_ENSG00000185420_55271.4	1942	1763	3764	1433	0	1051	1263	1782
5959	SMYD3_ENSG00000185420_55272.5	1663	909	2655	1864	1100	223	1524	1368
5960	SMYD3_ENSG00000185420_55273.6	2080	1662	3794	949	1117	578	1335	2099
5961	SMYD4_ENSG00000186532_111758.1	1316	1357	2833	592	727	409	1495	1551
5962	SMYD4_ENSG00000186532_111759.2	1569	1138	3340	519	1397	602	1069	1562
5963	SMYD4_ENSG00000186532_111760.3	990	0	1994	273	570	925	595	914
5964	SMYD4_ENSG00000186532_111761.4	1017	534	1784	1064	0	140	425	864
5965	SMYD4_ENSG00000186532_111762.5	813	1219	1643	765	535	272	558	732
5966	SMYD4_ENSG00000186532_111763.6	940	1684	1896	250	0	175	557	853
5967	SMYD5_ENSG00000135632_41253.1	740	408	1375	848	1994	904	340	615
5968	SMYD5_ENSG00000135632_41254.2	1717	1555	2828	488	511	659	1565	1628
5969	SMYD5_ENSG00000135632_41255.3	740	2	1371	295	0	219	688	628
5970	SMYD5_ENSG00000135632_41256.4	1031	583	2243	267	1109	1196	888	1051
5971	SMYD5_ENSG00000135632_41257.5	772	76	1412	590	5	359	431	599
5972	SMYD5_ENSG00000135632_41258.6	1926	336	3016	435	1232	895	1468	1621
5973	SNAPC4_ENSG00000165684_54619.1	2229	675	3790	288	1194	637	1393	1493
5974	SNAPC4_ENSG00000165684_54620.2	830	1556	1297	1	0	204	533	697
5975	SNAPC4_ENSG00000165684_54621.3	228	0	421	0	0	730	84	115
5976	SNAPC4_ENSG00000165684_54622.4	942	594	1719	300	168	343	419	821
5977	SNAPC4_ENSG00000165684_54623.5	833	637	1707	393	1552	84	689	832
5978	SNAPC4_ENSG00000165684_54624.6	778	436	1203	332	713	488	426	544
5979	SND1_ENSG00000197157_75942.1	604	0	1396	553	0	211	481	763
5980	SND1_ENSG00000197157_75943.2	737	789	1195	297	544	199	325	553
5981	SND1_ENSG00000197157_75944.3	795	1017	1527	608	0	521	542	753
5982	SND1_ENSG00000197157_75945.4	642	1456	1220	636	160	826	398	550
5983	SND1_ENSG00000197157_75946.5	783	232	1525	354	0	0	356	573
5984	SND1_ENSG00000197157_75947.6	1338	636	1808	340	1913	954	356	719
5985	SNRNP200_ENSG00000144028_150231.1	845	681	1454	1991	279	3	791	814
5986	SNRNP200_ENSG00000144028_150232.2	472	412	1018	1	297	12	400	423
5987	SNRNP200_ENSG00000144028_150233.3	1096	1086	2182	905	346	578	701	939
5988	SNRNP200_ENSG00000144028_150234.4	445	0	979	510	742	0	333	348
5989	SNRNP200_ENSG00000144028_150235.5	368	421	766	266	1248	209	219	396
5990	SNRNP200_ENSG00000144028_150236.6	602	683	927	0	0	214	118	297
5991	SOX10_ENSG00000100146_118176.1	777	140	1431	292	616	388	201	526
5992	SOX10_ENSG00000100146_118177.2	724	886	1454	276	915	644	360	543
5993	SOX10_ENSG00000100146_118178.3	926	333	1572	536	997	577	653	870
5994	SOX10_ENSG00000100146_118179.4	599	737	1021	576	0	781	465	589
5995	SOX10_ENSG00000100146_118180.5	390	0	1054	277	0	144	269	391
5996	SOX10_ENSG00000100146_118181.6	474	0	844	477	8	0	216	373
5997	SOX15_ENSG00000129194_5690.1	1014	735	1970	302	0	471	269	694
5998	SOX15_ENSG00000129194_5691.2	645	874	1015	586	1763	0	230	557
5999	SOX15_ENSG00000129194_5692.3	420	375	841	254	520	257	124	367
6000	SOX15_ENSG00000129194_5693.4	1480	1264	2712	1610	333	1130	452	978
6001	SOX15_ENSG00000129194_5694.5	1155	827	2041	328	592	608	669	1046
6002	SOX15_ENSG00000129194_5695.6	548	228	873	632	0	318	268	488
6003	SP110_ENSG00000135899_198300.1	1618	595	2568	922	1120	0	1280	1617
6004	SP110_ENSG00000135899_198301.2	1840	1131	3771	1380	1558	1116	1280	1874
6005	SP110_ENSG00000135899_198302.3	745	486	1973	0	221	871	743	837
6006	SP110_ENSG00000135899_198303.4	1344	1184	3057	1192	322	1264	719	1266
6007	SP110_ENSG00000135899_198304.5	1216	897	2210	609	126	504	377	914
6008	SP110_ENSG00000135899_198305.6	1265	1104	2198	1580	808	397	788	1158
6009	SP140_ENSG00000079263_99495.1	645	326	1359	0	1717	1142	242	479
6010	SP140_ENSG00000079263_99496.2	776	818	1222	317	0	502	470	691
6011	SP140_ENSG00000079263_99497.3	763	378	1531	309	0	512	385	779
6012	SP140_ENSG00000079263_99498.4	516	162	1079	312	668	411	260	417
6013	SP140_ENSG00000079263_99499.5	655	170	1172	157	1257	398	527	581
6014	SP140_ENSG00000079263_99500.6	845	551	1089	419	1658	323	596	551
6015	SPC24_ENSG00000161888_169731.1	437	296	894	303	570	168	312	298
6016	SPC24_ENSG00000161888_169732.2	868	199	1335	969	511	0	441	558
6017	SPC24_ENSG00000161888_169733.3	278	689	483	0	0	0	216	293
6018	SPC24_ENSG00000161888_169734.4	1751	625	2967	277	0	840	971	1433
6019	SPC24_ENSG00000161888_169735.5	402	563	856	1023	0	596	56	207
6020	SPC24_ENSG00000161888_169736.6	391	1	927	816	0	350	241	407
6021	SPC25_ENSG00000152253_161487.1	1105	567	1880	1128	0	790	832	919
6022	SPC25_ENSG00000152253_161488.2	670	143	1370	875	0	395	642	673
6023	SPC25_ENSG00000152253_161489.3	1493	2110	2895	373	1675	799	1058	1489
6024	SPC25_ENSG00000152253_161490.4	740	851	994	0	506	196	191	561
6025	SPC25_ENSG00000152253_161491.5	931	694	1640	293	1015	0	412	765
6026	SPC25_ENSG00000152253_161492.6	1555	921	2324	1020	2049	636	743	1340
6027	SRC_ENSG00000197122_103967.1	664	577	1153	1732	558	295	527	572
6028	SRC_ENSG00000197122_103968.2	2199	936	3850	1767	1530	1292	852	1437
6029	SRC_ENSG00000197122_103969.3	985	185	2181	1011	0	99	1025	1065
6030	SRC_ENSG00000197122_103970.4	1609	918	3293	2223	572	652	1210	1531
6031	SRC_ENSG00000197122_103971.5	909	567	1955	301	1102	784	483	734
6032	SRC_ENSG00000197122_103972.6	3947	3816	6893	1792	1062	894	3563	3578
6033	SRCAP_ENSG00000080603_50349.1	631	365	1174	930	154	405	135	335
6034	SRCAP_ENSG00000080603_50350.2	1011	1298	1837	1573	0	170	953	955
6035	SRCAP_ENSG00000080603_50351.3	1276	539	2177	303	837	10	445	1042
6036	SRCAP_ENSG00000080603_50352.4	602	803	1141	0	1137	1396	366	614
6037	SRCAP_ENSG00000080603_50353.5	1235	1098	2613	1983	1684	173	846	1290
6038	SRCAP_ENSG00000080603_50354.6	681	509	1340	1137	743	668	609	747
6039	SS18_ENSG00000141380_82966.1	361	794	844	694	423	367	168	368
6040	SS18_ENSG00000141380_82967.2	444	0	682	340	282	169	170	304
6041	SS18_ENSG00000141380_82968.3	355	850	612	267	0	571	266	322
6042	SS18_ENSG00000141380_82969.4	908	1028	2079	0	561	355	433	769
6043	SS18_ENSG00000141380_82970.5	1539	2457	2295	480	625	212	963	1320
6044	SS18_ENSG00000141380_82971.6	1190	511	1962	623	3327	718	591	823
6045	SS18L1_ENSG00000184402_47299.1	536	460	976	80	614	95	152	390
6046	SS18L1_ENSG00000184402_47300.2	2587	942	4086	1822	815	507	3201	2548
6047	SS18L1_ENSG00000184402_47301.3	432	0	534	321	1121	0	109	262
6048	SS18L1_ENSG00000184402_47302.4	674	286	1260	517	20	427	367	620
6049	SS18L1_ENSG00000184402_47303.5	754	1084	1391	72	607	172	325	528
6050	SS18L1_ENSG00000184402_47304.6	957	630	1854	326	535	0	848	818
6051	SSRP1_ENSG00000149136_72062.1	634	587	920	293	0	0	337	543
6052	SSRP1_ENSG00000149136_72063.2	2343	1311	4143	969	1262	623	1341	1765
6053	SSRP1_ENSG00000149136_72064.3	383	232	736	480	479	425	83	267
6054	SSRP1_ENSG00000149136_72065.4	470	0	1087	323	827	0	350	398
6055	SSRP1_ENSG00000149136_72066.5	367	298	716	257	0	108	132	277
6056	SSRP1_ENSG00000149136_72067.6	295	0	719	580	0	0	244	370
6057	STAG1_ENSG00000118007_122905.1	1109	593	1859	511	511	1114	631	984
6058	STAG1_ENSG00000118007_122906.2	1120	413	1949	861	905	1043	343	857
6059	STAG1_ENSG00000118007_122907.3	545	0	1072	307	0	432	194	413
6060	STAG1_ENSG00000118007_122908.4	1182	736	2104	601	286	437	644	1098
6061	STAG1_ENSG00000118007_122909.5	842	432	1484	0	1163	363	549	780
6062	STAG1_ENSG00000118007_122910.6	939	1065	1527	635	552	404	340	586
6063	STAG2_ENSG00000101972_2296.1	550	578	1139	340	1176	0	165	448
6064	STAG2_ENSG00000101972_2297.2	606	1	1182	874	2781	531	408	647
6065	STAG2_ENSG00000101972_2298.3	738	724	1303	265	605	741	123	457
6066	STAG2_ENSG00000101972_2299.4	340	539	736	554	1105	180	181	353
6067	STAG2_ENSG00000101972_2300.5	913	1027	1867	1175	2598	353	576	930
6068	STAG2_ENSG00000101972_2301.6	303	119	846	325	538	654	29	192
6069	STAG3_ENSG00000066923_97323.1	1080	549	1981	647	585	781	681	988
6070	STAG3_ENSG00000066923_97324.2	388	0	724	2	10	388	168	271
6071	STAG3_ENSG00000066923_97325.3	763	163	1423	945	0	206	388	516
6072	STAG3_ENSG00000066923_97326.4	1606	614	2779	665	797	610	1043	1599
6073	STAG3_ENSG00000066923_97327.5	577	367	984	212	0	166	415	515
6074	STAG3_ENSG00000066923_97328.6	1029	115	1647	819	0	384	167	541
6075	STAT5B_ENSG00000173757_108811.1	1101	320	1755	295	0	211	746	873
6076	STAT5B_ENSG00000173757_108812.2	1085	0	2016	331	292	505	779	828
6077	STAT5B_ENSG00000173757_108813.3	620	174	1141	0	0	201	418	422
6078	STAT5B_ENSG00000173757_108814.4	270	300	410	305	0	0	97	167
6079	STAT5B_ENSG00000173757_108815.5	489	275	679	298	0	0	96	210
6080	STAT5B_ENSG00000173757_108816.6	973	158	1959	230	0	159	502	591
6081	STK31_ENSG00000196335_153833.1	1871	2363	3545	2513	572	835	956	1548
6082	STK31_ENSG00000196335_153834.2	568	562	916	1166	0	184	482	466
6083	STK31_ENSG00000196335_153835.3	1166	539	2037	566	301	780	600	839
6084	STK31_ENSG00000196335_153836.4	268	138	445	0	709	375	51	255
6085	STK31_ENSG00000196335_153837.5	839	1042	1420	0	1582	342	348	664
6086	STK31_ENSG00000196335_153838.6	582	0	1137	1	728	537	307	548
6087	STK4_ENSG00000101109_48401.1	103	0	237	0	0	0	31	91
6088	STK4_ENSG00000101109_48402.2	754	725	1046	0	0	420	345	560
6089	STK4_ENSG00000101109_48403.3	770	356	1003	653	634	535	107	442
6090	STK4_ENSG00000101109_48404.4	394	0	563	232	822	398	83	251
6091	STK4_ENSG00000101109_48405.5	374	483	653	0	0	0	287	490
6092	STK4_ENSG00000101109_48406.6	588	391	945	970	0	0	313	448
6093	SUB1_ENSG00000113387_16264.1	555	172	1241	859	854	425	321	546
6094	SUB1_ENSG00000113387_16265.2	168	0	378	464	0	104	38	120
6095	SUB1_ENSG00000113387_16267.4	680	660	1179	604	0	0	580	690
6096	SUB1_ENSG00000113387_16268.5	237	156	427	269	0	0	36	140
6097	SUB1_ENSG00000113387_16269.6	607	272	1104	0	535	513	206	394
6098	SUDS3_ENSG00000111707_60190.1	145	0	241	0	0	397	3	21
6099	SUDS3_ENSG00000111707_60191.2	785	283	1564	272	0	1252	352	731
6100	SUDS3_ENSG00000111707_60192.3	1020	2566	1723	868	291	215	1055	966
6101	SUDS3_ENSG00000111707_60193.4	951	956	1761	942	1214	207	634	938
6102	SUDS3_ENSG00000111707_60194.5	483	0	878	305	273	305	119	355
6103	SUDS3_ENSG00000111707_60195.6	1071	1031	1903	1185	0	578	742	1019
6104	SUMO1_ENSG00000116030_132824.1	855	0	1836	607	575	0	634	854
6105	SUMO1_ENSG00000116030_132826.3	709	0	1003	562	0	449	325	518
6106	SUMO1_ENSG00000116030_132827.4	609	291	902	554	1186	0	202	280
6107	SUMO1_ENSG00000116030_132828.5	871	447	1212	667	539	198	278	558
6108	SUMO1_ENSG00000116030_132829.6	229	1	478	0	471	622	156	210
6109	SUMO3_ENSG00000184900_72582.1	1934	653	3471	2256	895	385	1923	1923
6110	SUMO3_ENSG00000184900_72583.2	664	1244	1297	251	0	374	556	744
6111	SUMO3_ENSG00000184900_72584.3	1020	223	1838	692	1953	398	716	1129
6112	SUMO3_ENSG00000184900_72585.4	1178	672	2527	641	312	293	1048	1276
6113	SUMO3_ENSG00000184900_72586.5	1115	519	1600	738	0	368	595	744
6114	SUMO3_ENSG00000184900_72587.6	1586	590	2355	226	1823	0	1223	1421
6115	SUPT16H_ENSG00000092201_166401.1	1021	162	1891	1	0	158	939	895
6116	SUPT16H_ENSG00000092201_166402.2	319	329	677	327	0	176	208	341
6117	SUPT16H_ENSG00000092201_166403.3	1034	685	1560	315	556	347	973	999
6118	SUPT16H_ENSG00000092201_166404.4	675	268	1307	0	1740	0	377	609
6119	SUPT16H_ENSG00000092201_166405.5	569	359	1117	662	0	184	87	388
6120	SUPT16H_ENSG00000092201_166406.6	1459	900	2548	966	632	736	1034	1399
6121	SUPT20H_ENSG00000102710_110487.1	737	174	1362	0	0	197	740	612
6122	SUPT20H_ENSG00000102710_110488.2	699	305	1197	0	1012	189	413	600
6123	SUPT20H_ENSG00000102710_110489.3	1521	270	2465	364	0	174	865	1202
6124	SUPT20H_ENSG00000102710_110490.4	570	315	1260	0	0	0	317	432
6125	SUPT20H_ENSG00000102710_110491.5	464	391	801	0	0	1183	132	308
6126	SUPT20H_ENSG00000102710_110492.6	1017	621	1959	258	1660	221	648	977
6127	SUPT3H_ENSG00000196284_160174.1	264	0	462	0	0	0	74	187
6128	SUPT3H_ENSG00000196284_160175.2	692	0	1473	929	0	156	442	634
6129	SUPT3H_ENSG00000196284_160176.3	976	701	1713	1498	1052	642	281	803
6130	SUPT3H_ENSG00000196284_160177.4	584	475	997	0	0	178	419	365
6131	SUPT3H_ENSG00000196284_160178.5	796	425	1401	281	0	0	145	487
6132	SUPT3H_ENSG00000196284_160179.6	569	878	941	267	0	0	186	368
6133	SUPT4H1_ENSG00000213246_17090.1	242	138	394	0	553	0	130	255
6134	SUPT4H1_ENSG00000213246_17091.2	651	1059	1528	0	0	93	332	718
6135	SUPT4H1_ENSG00000213246_17092.3	770	224	1527	769	684	219	443	739
6136	SUPT4H1_ENSG00000213246_17093.4	2069	140	3493	955	902	1069	1648	1733
6137	SUPT4H1_ENSG00000213246_17094.5	535	212	904	301	0	153	243	423
6138	SUPT4H1_ENSG00000213246_17095.6	565	207	936	0	0	2	143	359
6139	SUPT5H_ENSG00000196235_5300.1	1150	148	1929	917	564	280	544	797
6140	SUPT5H_ENSG00000196235_5301.2	2135	1404	2487	339	269	433	604	1008
6141	SUPT5H_ENSG00000196235_5302.3	631	325	958	0	567	0	306	404
6142	SUPT5H_ENSG00000196235_5303.4	657	347	1842	1075	552	574	723	758
6143	SUPT5H_ENSG00000196235_5304.5	409	1	888	0	0	0	386	371
6144	SUPT5H_ENSG00000196235_5305.6	829	425	1657	1777	1665	144	393	703
6145	SUPT6H_ENSG00000109111_99795.1	397	329	536	0	33	0	130	240
6146	SUPT6H_ENSG00000109111_99796.2	1127	287	1976	2	1058	888	468	888
6147	SUPT6H_ENSG00000109111_99797.3	558	131	959	592	0	233	219	409
6148	SUPT6H_ENSG00000109111_99798.4	479	126	1101	0	0	0	180	430
6149	SUPT6H_ENSG00000109111_99799.5	452	0	966	816	413	0	218	360
6150	SUPT6H_ENSG00000109111_99800.6	1413	792	2249	300	541	546	1003	1138
6151	SUPT7L_ENSG00000119760_18210.1	541	691	953	330	23	0	361	461
6152	SUPT7L_ENSG00000119760_18211.2	695	1130	1367	275	197	255	341	630
6153	SUPT7L_ENSG00000119760_18212.3	156	159	281	0	543	0	101	95
6154	SUPT7L_ENSG00000119760_18213.4	1704	1629	3050	916	849	761	469	1075
6155	SUPT7L_ENSG00000119760_18214.5	571	1023	1096	0	0	0	503	557
6156	SUPT7L_ENSG00000119760_18215.6	432	235	786	464	0	197	148	339
6157	SUPV3L1_ENSG00000156502_17060.1	998	456	1463	264	0	0	489	588
6158	SUPV3L1_ENSG00000156502_17061.2	861	510	1608	288	612	0	573	779
6159	SUPV3L1_ENSG00000156502_17062.3	833	561	1403	289	570	212	340	635
6160	SUPV3L1_ENSG00000156502_17063.4	346	127	559	0	1352	0	208	313
6161	SUPV3L1_ENSG00000156502_17064.5	1705	651	3045	314	604	629	902	1344
6162	SUPV3L1_ENSG00000156502_17065.6	426	130	584	276	73	49	233	385
6163	SUV39H1_ENSG00000101945_90744.1	112	0	205	285	0	0	8	72
6164	SUV39H1_ENSG00000101945_90745.2	834	454	1791	768	1144	503	298	588
6165	SUV39H1_ENSG00000101945_90746.3	1359	571	2509	573	0	197	772	1244
6166	SUV39H1_ENSG00000101945_90747.4	1419	1623	2119	593	263	681	493	1028
6167	SUV39H1_ENSG00000101945_90748.5	167	0	315	0	0	0	8	65
6168	SUV39H1_ENSG00000101945_90749.6	2122	1709	2890	629	0	601	1015	1402
6169	SUV39H2_ENSG00000152455_164871.1	630	581	919	315	647	189	33	343
6170	SUV39H2_ENSG00000152455_164872.2	1311	898	2873	563	475	966	495	1281
6171	SUV39H2_ENSG00000152455_164873.3	751	791	1456	1293	501	716	595	684
6172	SUV39H2_ENSG00000152455_164874.4	1931	1202	3778	944	3548	667	1968	2049
6173	SUV39H2_ENSG00000152455_164875.5	1090	594	1794	329	0	226	436	732
6174	SUV39H2_ENSG00000152455_164876.6	337	0	494	1	0	410	107	179
6175	SUV420H1_ENSG00000110066_91608.1	839	224	1228	774	531	186	288	539
6176	SUV420H1_ENSG00000110066_91609.2	1045	713	1865	583	0	196	402	812
6177	SUV420H1_ENSG00000110066_91610.3	985	1076	1812	298	548	404	803	1064
6178	SUV420H1_ENSG00000110066_91611.4	200	0	468	0	0	0	90	209
6179	SUV420H1_ENSG00000110066_91612.5	869	1505	1443	345	0	1000	295	745
6180	SUV420H1_ENSG00000110066_91613.6	437	171	731	0	0	197	374	343
6181	SUV420H2_ENSG00000133247_159464.1	725	198	1099	0	0	579	517	496
6182	SUV420H2_ENSG00000133247_159465.2	194	280	550	0	0	187	117	228
6183	SUV420H2_ENSG00000133247_159466.3	741	515	911	0	0	204	402	463
6184	SUV420H2_ENSG00000133247_159467.4	751	613	1187	1128	76	674	158	564
6185	SUV420H2_ENSG00000133247_159468.5	528	397	1001	0	0	544	132	330
6186	SUV420H2_ENSG00000133247_159469.6	732	319	1270	1	1837	464	332	592
6187	SUZ12_ENSG00000178691_77412.1	409	126	557	0	0	381	20	155
6188	SUZ12_ENSG00000178691_77413.2	454	556	757	297	1855	0	199	342
6189	SUZ12_ENSG00000178691_77414.3	328	254	488	0	0	172	153	189
6190	SUZ12_ENSG00000178691_77415.4	903	552	1679	238	495	26	598	863
6191	SUZ12_ENSG00000178691_77416.5	421	859	581	0	36	227	178	246
6192	SUZ12_ENSG00000178691_77417.6	437	171	793	9	0	430	325	347
6193	SVEP1_ENSG00000165124_87341.1	1140	1271	1812	789	544	1016	642	930
6194	SVEP1_ENSG00000165124_87342.2	194	0	256	308	0	359	61	128
6195	SVEP1_ENSG00000165124_87343.3	1151	1122	1831	304	864	730	586	960
6196	SVEP1_ENSG00000165124_87344.4	251	876	423	1	0	0	145	255
6197	SVEP1_ENSG00000165124_87345.5	128	0	199	0	0	176	6	59
6198	SVEP1_ENSG00000165124_87346.6	1842	2339	3552	1825	2966	668	1293	1499
6199	T_ENSG00000164458_199423.1	1172	591	2471	151	63	1069	170	531
6200	T_ENSG00000164458_199424.2	409	303	632	0	0	181	248	337
6201	T_ENSG00000164458_199425.3	1293	304	2525	1518	293	658	1304	1354
6202	T_ENSG00000164458_199426.4	1101	986	2130	1784	1465	365	756	956
6203	T_ENSG00000164458_199427.5	914	142	1417	304	601	1184	366	695
6204	T_ENSG00000164458_199428.6	613	0	777	0	598	180	279	484
6205	TADA1_ENSG00000152382_3429.1	954	1012	2241	318	0	180	491	800
6206	TADA1_ENSG00000152382_3430.2	880	333	1505	340	436	197	501	696
6207	TADA1_ENSG00000152382_3431.3	1861	458	3492	1147	2637	1476	823	1619
6208	TADA1_ENSG00000152382_3432.4	977	386	1618	314	0	306	520	818
6209	TADA1_ENSG00000152382_3433.5	496	0	1060	0	553	266	292	460
6210	TADA1_ENSG00000152382_3434.6	325	134	560	277	550	215	104	220
6211	TADA2B_ENSG00000173011_149282.1	647	1024	1335	1029	566	92	217	632
6212	TADA2B_ENSG00000173011_149283.2	1640	1904	3435	2195	0	895	2145	1995
6213	TADA2B_ENSG00000173011_149284.3	227	473	552	285	0	0	123	215
6214	TADA2B_ENSG00000173011_149285.4	1025	557	1910	458	586	478	795	890
6215	TADA2B_ENSG00000173011_149286.5	1028	182	1733	0	0	391	1105	902
6216	TADA2B_ENSG00000173011_149287.6	277	0	255	1	0	0	98	153
6217	TADA3_ENSG00000171148_88667.1	1303	269	2170	875	163	388	704	912
6218	TADA3_ENSG00000171148_88668.2	538	412	1080	322	1764	207	98	297
6219	TADA3_ENSG00000171148_88669.3	477	0	878	0	0	0	351	511
6220	TADA3_ENSG00000171148_88670.4	1037	1083	1610	267	589	605	543	785
6221	TADA3_ENSG00000171148_88671.5	471	0	837	282	0	575	446	392
6222	TADA3_ENSG00000171148_88672.6	1175	315	2419	318	549	173	268	796
6223	TAF1_ENSG00000147133_122079.1	123	26	236	32	39	37	57	39
6224	TAF1_ENSG00000147133_122080.2	957	262	1625	0	182	196	373	688
6225	TAF1_ENSG00000147133_122081.3	1703	479	2745	600	1040	187	1430	1462
6226	TAF1_ENSG00000147133_122082.4	481	79	849	0	0	164	115	261
6227	TAF1_ENSG00000147133_122083.5	738	487	1080	0	0	0	775	649
6228	TAF1_ENSG00000147133_122084.6	84	75	199	33	4	9	20	23
6229	TAF10_ENSG00000166337_30327.1	728	441	1351	99	164	221	354	597
6230	TAF10_ENSG00000166337_30328.2	485	427	922	344	513	0	151	420
6231	TAF10_ENSG00000166337_30329.3	1541	380	3377	900	552	573	1353	1566
6232	TAF10_ENSG00000166337_30330.4	414	156	669	450	322	395	218	429
6233	TAF10_ENSG00000166337_30331.5	982	777	1943	590	0	347	515	856
6234	TAF10_ENSG00000166337_30332.6	1845	1241	2880	0	97	214	1291	1394
6235	TAF11_ENSG00000064995_39446.2	698	0	1265	0	0	1044	232	472
6236	TAF11_ENSG00000064995_39447.3	1156	339	1924	942	0	557	667	886
6237	TAF11_ENSG00000064995_39448.4	1005	843	1827	900	314	828	504	751
6238	TAF11_ENSG00000064995_39449.5	354	224	644	569	0	0	150	251
6239	TAF11_ENSG00000064995_39450.6	578	284	718	0	0	0	322	379
6240	TAF12_ENSG00000120656_153243.1	472	346	914	1098	1	218	190	434
6241	TAF12_ENSG00000120656_153244.2	302	719	574	0	1	0	110	279
6242	TAF12_ENSG00000120656_153245.3	589	711	901	1223	0	205	235	429
6243	TAF12_ENSG00000120656_153246.4	335	532	439	351	0	174	330	296
6244	TAF12_ENSG00000120656_153247.5	1394	1186	2514	658	1153	383	1150	1183
6245	TAF12_ENSG00000120656_153248.6	780	524	1297	647	542	3	616	644
6246	TAF13_ENSG00000197780_157711.1	390	125	565	0	1147	0	60	260
6247	TAF13_ENSG00000197780_157712.2	602	491	918	582	556	0	512	515
6248	TAF13_ENSG00000197780_157713.3	601	228	834	314	1127	181	283	364
6249	TAF13_ENSG00000197780_157714.4	549	0	989	72	0	299	238	394
6250	TAF13_ENSG00000197780_157715.5	444	270	688	592	575	0	162	368
6251	TAF13_ENSG00000197780_157716.6	549	543	1090	599	789	947	269	442
6252	TAF15_ENSG00000172660_108311.1	657	0	1110	345	260	662	414	502
6253	TAF15_ENSG00000172660_108312.2	1783	353	3116	616	1797	824	2101	1768
6254	TAF15_ENSG00000172660_108313.3	614	807	1555	0	16	249	601	634
6255	TAF15_ENSG00000172660_108314.4	558	960	976	515	968	170	203	446
6256	TAF15_ENSG00000172660_108315.5	938	656	1600	907	265	423	527	745
6257	TAF15_ENSG00000172660_108316.6	1665	162	2965	1175	144	378	1275	1621
6258	TAF1A_ENSG00000143498_187705.1	132	288	332	0	117	0	29	127
6259	TAF1A_ENSG00000143498_187706.2	532	237	653	0	341	26	370	488
6260	TAF1A_ENSG00000143498_187707.3	689	1195	1177	0	0	414	166	415
6261	TAF1A_ENSG00000143498_187708.4	471	476	676	0	0	0	189	363
6262	TAF1A_ENSG00000143498_187709.5	668	1182	1174	812	999	0	232	403
6263	TAF1A_ENSG00000143498_187710.6	251	328	494	350	0	0	116	194
6264	TAF1B_ENSG00000115750_171578.1	1441	1314	2329	665	1677	446	770	1215
6265	TAF1B_ENSG00000115750_171579.2	1227	871	2037	883	0	403	1061	1114
6266	TAF1B_ENSG00000115750_171580.3	1057	12	1436	285	499	813	832	911
6267	TAF1B_ENSG00000115750_171581.4	237	0	585	0	0	0	168	224
6268	TAF1B_ENSG00000115750_171582.5	273	0	644	0	0	443	188	260
6269	TAF1B_ENSG00000115750_171583.6	460	183	896	0	0	0	424	433
6270	TAF1C_ENSG00000103168_128385.1	902	890	1656	287	1	307	361	739
6271	TAF1C_ENSG00000103168_128386.2	487	536	691	291	0	208	264	378
6272	TAF1C_ENSG00000103168_128387.3	819	1077	1268	2	300	352	432	718
6273	TAF1C_ENSG00000103168_128388.4	897	389	1511	0	581	757	207	531
6274	TAF1C_ENSG00000103168_128389.5	668	213	1110	143	0	402	257	583
6275	TAF1C_ENSG00000103168_128390.6	1124	1070	1505	644	0	310	646	819
6276	TAF1L_ENSG00000122728_11981.1	194	154	290	0	0	131	80	124
6277	TAF1L_ENSG00000122728_11982.2	621	498	1222	623	0	0	452	549
6278	TAF1L_ENSG00000122728_11983.3	94	137	162	184	55	16	37	35
6279	TAF1L_ENSG00000122728_11984.4	940	496	1834	1701	0	1065	766	847
6280	TAF1L_ENSG00000122728_11985.5	1194	1372	2229	2459	597	800	287	725
6281	TAF1L_ENSG00000122728_11986.6	965	231	1386	1163	0	808	519	833
6282	TAF2_ENSG00000064313_177664.1	1860	463	3098	4732	1179	1240	619	1235
6283	TAF2_ENSG00000064313_177665.2	812	1	1216	296	0	0	441	483
6284	TAF2_ENSG00000064313_177666.3	362	143	774	0	0	0	248	405
6285	TAF2_ENSG00000064313_177667.4	875	726	1498	272	0	0	612	827
6286	TAF2_ENSG00000064313_177668.5	1143	411	1715	584	1106	420	666	894
6287	TAF2_ENSG00000064313_177669.6	349	0	665	0	0	396	283	362
6288	TAF3_ENSG00000165632_122159.1	206	0	202	0	513	0	100	139
6289	TAF3_ENSG00000165632_122160.2	1427	498	2398	294	0	374	811	1000
6290	TAF3_ENSG00000165632_122161.3	732	0	664	142	0	531	690	471
6291	TAF3_ENSG00000165632_122162.4	998	284	1677	0	0	190	487	618
6292	TAF3_ENSG00000165632_122163.5	1406	624	2421	294	392	1802	768	1072
6293	TAF3_ENSG00000165632_122164.6	487	462	753	314	0	904	173	332
6294	TAF4_ENSG00000130699_58746.1	245	134	187	0	0	0	33	64
6295	TAF4_ENSG00000130699_58747.2	1782	260	3206	683	302	378	985	1437
6296	TAF4_ENSG00000130699_58748.3	300	0	448	312	43	0	147	194
6297	TAF4_ENSG00000130699_58749.4	1191	317	1873	1	759	177	632	856
6298	TAF4_ENSG00000130699_58750.5	795	187	1232	262	280	0	500	633
6299	TAF4_ENSG00000130699_58751.6	1163	486	1996	301	0	573	373	896
6300	TAF4B_ENSG00000141384_102293.1	366	282	633	335	531	21	85	209
6301	TAF4B_ENSG00000141384_102294.2	998	547	1808	307	1102	0	580	703
6302	TAF4B_ENSG00000141384_102295.3	431	993	844	519	453	0	80	271
6303	TAF4B_ENSG00000141384_102296.4	988	1241	1578	275	1908	158	754	852
6304	TAF4B_ENSG00000141384_102297.5	911	338	1323	0	401	802	518	712
6305	TAF4B_ENSG00000141384_102298.6	669	472	1178	0	567	0	389	460
6306	TAF5_ENSG00000148835_141444.1	1233	818	2237	747	538	750	364	859
6307	TAF5_ENSG00000148835_141445.2	789	512	1235	0	0	517	416	555
6308	TAF5_ENSG00000148835_141446.3	1081	1027	2064	597	0	164	639	779
6309	TAF5_ENSG00000148835_141447.4	306	0	640	0	0	0	83	191
6310	TAF5_ENSG00000148835_141448.5	323	355	686	0	0	330	170	195
6311	TAF5_ENSG00000148835_141449.6	514	79	586	690	0	205	290	400
6312	TAF5L_ENSG00000135801_60956.1	847	345	1385	0	0	905	570	676
6313	TAF5L_ENSG00000135801_60957.2	419	71	856	538	0	0	235	444
6314	TAF5L_ENSG00000135801_60958.3	1368	654	2450	254	1622	188	633	956
6315	TAF5L_ENSG00000135801_60959.4	1340	900	2633	350	578	406	923	1303
6316	TAF5L_ENSG00000135801_60960.5	1522	505	2913	0	0	322	847	1182
6317	TAF5L_ENSG00000135801_60961.6	438	0	896	1	0	0	217	301
6318	TAF6_ENSG00000106290_117019.1	493	0	849	301	0	283	108	307
6319	TAF6_ENSG00000106290_117020.2	1293	345	2117	915	1142	783	693	922
6320	TAF6_ENSG00000106290_117021.3	1523	601	2492	333	289	1056	1246	1373
6321	TAF6_ENSG00000106290_117022.4	223	128	399	0	0	0	40	154
6322	TAF6_ENSG00000106290_117023.5	777	149	1282	305	0	0	504	496
6323	TAF6_ENSG00000106290_117024.6	455	170	968	0	0	0	308	392
6324	TAF7_ENSG00000178913_47761.1	1693	339	2280	630	541	225	1653	1152
6325	TAF7_ENSG00000178913_47762.2	2225	651	3852	879	1434	414	1234	1487
6326	TAF7_ENSG00000178913_47763.3	674	369	1522	327	597	0	670	837
6327	TAF7_ENSG00000178913_47764.4	578	230	1012	503	0	0	458	501
6328	TAF7_ENSG00000178913_47765.5	1123	731	1956	164	547	197	467	715
6329	TAF7_ENSG00000178913_47766.6	1554	859	3088	583	0	448	1447	1554
6330	TAF7L_ENSG00000102387_110948.1	796	1313	1328	145	1039	323	646	770
6331	TAF7L_ENSG00000102387_110949.2	1176	777	1724	618	560	181	575	856
6332	TAF7L_ENSG00000102387_110950.3	1977	920	3108	2252	991	890	1556	1927
6333	TAF7L_ENSG00000102387_110951.4	1895	910	3394	1893	15	618	1771	1930
6334	TAF7L_ENSG00000102387_110952.5	889	580	1744	724	609	167	475	699
6335	TAF7L_ENSG00000102387_110953.6	583	1728	979	263	543	227	169	486
6336	TAF8_ENSG00000137413_140142.1	998	1	1632	1194	0	0	588	757
6337	TAF8_ENSG00000137413_140143.2	252	161	414	301	834	0	174	240
6338	TAF8_ENSG00000137413_140144.3	771	0	1541	921	0	367	465	485
6339	TAF8_ENSG00000137413_140145.4	1465	786	2245	1251	0	690	1189	1059
6340	TAF8_ENSG00000137413_140146.5	1371	223	3065	279	25	374	811	1318
6341	TAF8_ENSG00000137413_140147.6	191	0	242	0	0	177	94	100
6342	TAF9_ENSG00000085231_142431.1	943	541	1630	671	1135	792	486	712
6343	TAF9_ENSG00000085231_142432.2	2218	1440	3698	1167	466	750	1889	1742
6344	TAF9_ENSG00000085231_142433.3	871	179	1544	1071	2372	0	663	778
6345	TAF9_ENSG00000085231_142434.4	1485	1210	2799	1244	1174	734	1615	1420
6346	TAF9_ENSG00000085231_142435.5	1529	663	2502	1177	0	785	1013	1457
6347	TAF9_ENSG00000085231_142436.6	602	548	693	89	0	0	347	394
6348	TAF9B_ENSG00000187325_197960.1	985	381	1714	572	0	1000	165	507
6349	TAF9B_ENSG00000187325_197961.2	908	170	1574	2037	553	561	639	986
6350	TAF9B_ENSG00000187325_197962.3	667	162	1191	343	860	193	515	626
6351	TAF9B_ENSG00000187325_197963.4	1755	897	3042	287	0	186	1668	1627
6352	TAF9B_ENSG00000187325_197964.5	675	135	1217	0	0	0	463	478
6353	TAF9B_ENSG00000187325_197965.6	556	312	956	308	478	971	484	657
6354	TBL1X_ENSG00000101849_138675.1	176	164	284	679	0	0	106	192
6355	TBL1X_ENSG00000101849_138676.2	1012	615	2099	814	706	0	1126	1034
6356	TBL1X_ENSG00000101849_138677.3	258	551	314	536	20	538	102	163
6357	TBL1X_ENSG00000101849_138678.4	758	1029	1344	549	0	808	575	689
6358	TBL1X_ENSG00000101849_138679.5	178	251	621	0	552	414	68	167
6359	TBL1X_ENSG00000101849_138680.6	1936	1307	3493	608	235	1900	479	1305
6360	TBL1XR1_ENSG00000177565_2556.1	597	501	1266	328	1486	323	449	615
6361	TBL1XR1_ENSG00000177565_2557.2	764	636	1285	664	0	752	225	630
6362	TBL1XR1_ENSG00000177565_2558.3	1726	1939	2892	1221	1218	1859	1504	1566
6363	TBL1XR1_ENSG00000177565_2559.4	607	411	959	347	0	1252	131	414
6364	TBL1XR1_ENSG00000177565_2560.5	733	339	901	0	0	324	503	550
6365	TBL1XR1_ENSG00000177565_2561.6	652	320	1138	327	150	590	406	513
6366	TBL1Y_ENSG00000092377_114648.1	575	449	765	0	0	0	294	394
6367	TBL1Y_ENSG00000092377_114649.2	1747	609	3001	2832	950	723	1370	1656
6368	TBL1Y_ENSG00000092377_114650.3	686	410	1447	2	1001	184	432	708
6369	TBL1Y_ENSG00000092377_114651.4	500	668	828	0	0	493	179	392
6370	TBL1Y_ENSG00000092377_114652.5	1139	423	2618	984	591	715	841	1145
6371	TBL1Y_ENSG00000092377_114653.6	236	0	479	125	543	0	179	238
6372	TBP_ENSG00000112592_156884.1	283	158	485	0	0	0	152	207
6373	TBP_ENSG00000112592_156885.2	551	237	812	0	944	589	240	437
6374	TBP_ENSG00000112592_156886.3	679	154	1672	315	0	0	685	771
6375	TBP_ENSG00000112592_156887.4	885	0	1543	1	0	650	671	755
6376	TBP_ENSG00000112592_156888.5	540	343	1330	324	0	204	354	528
6377	TBP_ENSG00000112592_156889.6	167	0	279	0	569	0	59	125
6378	TCEA1_ENSG00000187735_170941.1	105	0	125	0	563	0	76	37
6379	TCEA1_ENSG00000187735_170942.2	752	314	1218	263	1666	421	366	576
6380	TCEA1_ENSG00000187735_170943.3	1581	372	2872	601	0	0	732	1113
6381	TCEA1_ENSG00000187735_170944.4	864	680	1594	1208	0	600	275	750
6382	TCEA1_ENSG00000187735_170945.5	1045	764	1724	541	1738	396	619	930
6383	TCEA1_ENSG00000187735_170946.6	1109	166	2121	619	258	368	1031	1205
6384	TCEA2_ENSG00000171703_4546.1	988	1151	2089	296	1171	0	246	660
6385	TCEA2_ENSG00000171703_4547.2	1025	871	1884	750	1844	191	328	879
6386	TCEA2_ENSG00000171703_4548.3	1730	631	3526	828	899	1528	1045	1535
6387	TCEA2_ENSG00000171703_4549.4	548	0	868	0	1082	0	244	354
6388	TCEA2_ENSG00000171703_4550.5	1163	1897	2417	782	539	1125	1332	1250
6389	TCEA2_ENSG00000171703_4551.6	276	162	763	0	0	182	201	284
6390	TCEB1_ENSG00000154582_112650.1	1276	930	2106	678	87	500	581	704
6391	TCEB1_ENSG00000154582_112651.2	1268	155	2294	1148	1488	1400	853	1351
6392	TCEB1_ENSG00000154582_112652.3	928	323	1852	808	0	413	686	925
6393	TCEB1_ENSG00000154582_112653.4	222	0	460	0	0	268	86	136
6394	TCEB1_ENSG00000154582_112654.5	625	472	1147	0	559	0	439	670
6395	TCEB1_ENSG00000154582_112655.6	1396	147	2403	1523	1005	648	709	1222
6396	TCEB2_ENSG00000103363_135397.1	557	0	1053	543	0	7	483	580
6397	TCEB2_ENSG00000103363_135398.2	530	215	957	887	1287	432	365	366
6398	TCEB2_ENSG00000103363_135399.3	1365	1108	2052	544	0	397	1064	1148
6399	TCEB2_ENSG00000103363_135400.4	1965	1198	3155	847	20	916	2061	2238
6400	TCEB2_ENSG00000103363_135401.5	1332	225	2371	1	607	0	698	1158
6401	TCEB2_ENSG00000103363_135402.6	914	154	1817	289	1459	1	565	917
6402	TCEB3_ENSG00000011007_79350.1	805	315	1441	335	500	0	585	678
6403	TCEB3_ENSG00000011007_79351.2	1116	874	1842	818	0	546	427	825
6404	TCEB3_ENSG00000011007_79352.3	527	139	1020	158	607	0	202	403
6405	TCEB3_ENSG00000011007_79353.4	635	1140	1309	0	0	595	582	838
6406	TCEB3_ENSG00000011007_79354.5	214	249	235	0	0	418	79	106
6407	TCEB3_ENSG00000011007_79355.6	398	324	675	329	0	2	197	322
6408	TCF19_ENSG00000137310_111898.1	817	462	1561	1124	0	606	457	682
6409	TCF19_ENSG00000137310_111899.2	105	0	257	299	569	0	76	151
6410	TCF19_ENSG00000137310_111900.3	1612	2038	2714	461	1525	383	1137	1382
6411	TCF19_ENSG00000137310_111901.4	254	203	518	261	111	0	3	22
6412	TCF19_ENSG00000137310_111902.5	146	0	177	0	0	0	78	86
6413	TCF19_ENSG00000137310_111903.6	449	150	882	306	210	26	182	328
6414	TCF20_ENSG00000100207_95203.1	161	0	130	1	0	156	90	91
6415	TCF20_ENSG00000100207_95204.2	279	432	649	0	517	0	156	286
6416	TCF20_ENSG00000100207_95205.3	1377	166	2260	1159	1610	630	1063	1016
6417	TCF20_ENSG00000100207_95206.4	1571	1084	2761	589	749	531	632	1352
6418	TCF20_ENSG00000100207_95207.5	1015	287	2209	0	553	1480	341	836
6419	TCF20_ENSG00000100207_95208.6	580	685	1338	0	0	178	534	573
6420	TCP1_ENSG00000120438_196830.1	510	824	671	152	545	282	201	290
6421	TCP1_ENSG00000120438_196831.2	824	350	1407	613	609	623	558	665
6422	TCP1_ENSG00000120438_196832.3	1090	620	1850	587	487	189	550	845
6423	TCP1_ENSG00000120438_196833.4	435	329	789	236	0	0	214	352
6424	TCP1_ENSG00000120438_196834.5	837	899	1724	604	1689	524	507	805
6425	TCP1_ENSG00000120438_196835.6	907	410	1368	283	1902	276	627	764
6426	TDG_ENSG00000139372_38855.1	2486	1949	4377	1281	2748	1130	1490	2301
6427	TDG_ENSG00000139372_38856.2	1692	763	3343	1168	17	545	1428	1800
6428	TDG_ENSG00000139372_38857.3	807	833	1367	858	0	654	112	398
6429	TDG_ENSG00000139372_38858.4	648	260	1180	298	0	685	287	657
6430	TDG_ENSG00000139372_38859.5	611	483	1235	303	276	733	270	520
6431	TDG_ENSG00000139372_38860.6	589	763	1101	0	0	0	317	505
6432	TDRD1_ENSG00000095627_112760.1	389	0	663	318	0	0	92	283
6433	TDRD1_ENSG00000095627_112761.2	1353	1538	2516	258	613	282	957	1191
6434	TDRD1_ENSG00000095627_112762.3	1210	614	1663	0	1111	0	579	955
6435	TDRD1_ENSG00000095627_112763.4	678	148	1000	354	0	0	228	353
6436	TDRD1_ENSG00000095627_112764.5	678	488	1222	264	564	195	428	598
6437	TDRD1_ENSG00000095627_112765.6	602	457	904	317	134	225	275	412
6438	TDRD12_ENSG00000173809_101397.1	409	192	736	259	0	1184	5	127
6439	TDRD12_ENSG00000173809_101398.2	876	512	1678	1254	1436	609	496	849
6440	TDRD12_ENSG00000173809_101399.3	797	1263	1446	454	875	439	937	770
6441	TDRD12_ENSG00000173809_101400.4	675	504	1212	259	0	180	230	459
6442	TDRD12_ENSG00000173809_101401.5	582	295	946	740	0	177	208	395
6443	TDRD12_ENSG00000173809_101402.6	910	598	1793	1729	0	626	476	928
6444	TDRD3_ENSG00000083544_75130.1	476	324	1091	320	2709	0	445	583
6445	TDRD3_ENSG00000083544_75131.2	478	0	1195	0	1	0	292	333
6446	TDRD3_ENSG00000083544_75132.3	1212	468	1932	590	852	421	875	1044
6447	TDRD3_ENSG00000083544_75133.4	803	390	1312	0	0	392	274	606
6448	TDRD3_ENSG00000083544_75134.5	658	286	1198	0	3605	652	309	510
6449	TDRD3_ENSG00000083544_75135.6	1604	939	3213	619	569	385	1155	1395
6450	TDRD5_ENSG00000162782_68093.1	1171	447	2006	1718	558	769	821	1043
6451	TDRD5_ENSG00000162782_68094.2	1030	1758	2129	1275	1755	233	636	825
6452	TDRD5_ENSG00000162782_68095.3	461	883	609	999	0	623	292	406
6453	TDRD5_ENSG00000162782_68096.4	689	511	1176	320	303	0	217	559
6454	TDRD5_ENSG00000162782_68097.5	574	310	866	601	0	205	276	310
6455	TDRD5_ENSG00000162782_68098.6	835	738	1503	321	527	224	531	820
6456	TDRD6_ENSG00000180113_64660.1	741	296	1194	657	0	427	719	802
6457	TDRD6_ENSG00000180113_64661.2	485	88	948	318	362	206	289	394
6458	TDRD6_ENSG00000180113_64662.3	1235	441	2445	287	294	979	918	1202
6459	TDRD6_ENSG00000180113_64663.4	603	462	1356	169	711	0	273	600
6460	TDRD6_ENSG00000180113_64664.5	670	70	1394	634	1	209	309	565
6461	TDRD6_ENSG00000180113_64665.6	675	319	852	0	604	156	396	602
6462	TDRD7_ENSG00000196116_198936.1	765	488	1587	0	0	757	233	506
6463	TDRD7_ENSG00000196116_198937.2	548	0	1080	0	564	710	476	687
6464	TDRD7_ENSG00000196116_198938.3	429	147	841	1	0	216	176	370
6465	TDRD7_ENSG00000196116_198939.4	1572	805	2865	2964	943	115	1505	1568
6466	TDRD7_ENSG00000196116_198940.5	716	746	943	616	685	418	450	494
6467	TDRD7_ENSG00000196116_198941.6	874	696	1568	301	846	305	588	623
6468	TDRD9_ENSG00000156414_161577.1	590	473	964	0	562	167	125	381
6469	TDRD9_ENSG00000156414_161578.2	1906	779	3605	1589	649	437	1279	1900
6470	TDRD9_ENSG00000156414_161579.3	1534	978	2434	590	465	546	1365	1470
6471	TDRD9_ENSG00000156414_161580.4	156	243	454	1	0	0	6	37
6472	TDRD9_ENSG00000156414_161581.5	831	456	1342	0	824	0	620	748
6473	TDRD9_ENSG00000156414_161582.6	775	418	1454	1	0	210	425	673
6474	TDRKH_ENSG00000182134_33550.1	291	265	312	0	0	181	69	144
6475	TDRKH_ENSG00000182134_33551.2	807	496	1738	910	549	359	223	717
6476	TDRKH_ENSG00000182134_33552.3	1117	1520	2116	1586	567	562	757	1015
6477	TDRKH_ENSG00000182134_33553.4	1052	828	2257	1330	2314	1300	781	1010
6478	TDRKH_ENSG00000182134_33554.5	881	165	1342	1296	0	745	451	721
6479	TDRKH_ENSG00000182134_33555.6	671	0	1411	621	606	612	581	668
6480	TERF1_ENSG00000147601_174769.1	320	155	455	0	0	0	88	188
6481	TERF1_ENSG00000147601_174770.2	213	0	406	0	0	179	85	146
6482	TERF1_ENSG00000147601_174771.3	1774	2062	3029	879	1762	420	610	1298
6483	TERF1_ENSG00000147601_174772.4	232	476	336	295	91	191	134	185
6484	TERF1_ENSG00000147601_174773.5	578	220	982	4879	1190	192	378	558
6485	TERF1_ENSG00000147601_174774.6	612	792	1008	312	0	192	253	374
6486	TERF2_ENSG00000132604_79036.1	636	284	1288	966	1094	294	405	557
6487	TERF2_ENSG00000132604_79037.2	798	229	1152	267	0	801	272	550
6488	TERF2_ENSG00000132604_79038.3	971	1260	1631	1143	523	413	321	672
6489	TERF2_ENSG00000132604_79039.4	263	835	709	0	0	0	208	243
6490	TERF2_ENSG00000132604_79040.5	658	570	1041	0	477	391	216	527
6491	TERF2_ENSG00000132604_79041.6	840	319	1884	0	0	0	593	822
6492	TET1_ENSG00000138336_111618.1	1056	600	1961	571	781	357	660	1077
6493	TET1_ENSG00000138336_111619.2	584	310	1002	0	0	611	174	472
6494	TET1_ENSG00000138336_111620.3	1738	175	3402	311	0	850	837	1526
6495	TET1_ENSG00000138336_111621.4	1282	1137	1977	885	2512	650	921	942
6496	TET1_ENSG00000138336_111622.5	664	925	1166	646	0	0	319	524
6497	TET1_ENSG00000138336_111623.6	1297	758	2037	1285	1058	104	993	1412
6498	TET2_ENSG00000168769_63928.1	684	546	1336	0	0	330	606	675
6499	TET2_ENSG00000168769_63929.2	847	480	1374	840	545	0	395	651
6500	TET2_ENSG00000168769_63930.3	626	961	984	516	0	736	214	395
6501	TET2_ENSG00000168769_63931.4	191	204	435	337	0	0	84	121
6502	TET2_ENSG00000168769_63932.5	451	124	595	1	0	204	179	299
6503	TET2_ENSG00000168769_63933.6	572	706	983	0	699	678	414	510
6504	TET3_ENSG00000187605_104067.1	1068	597	2134	1352	0	216	561	949
6505	TET3_ENSG00000187605_104068.2	587	320	947	1149	0	549	534	469
6506	TET3_ENSG00000187605_104069.3	749	330	1909	617	0	821	341	735
6507	TET3_ENSG00000187605_104070.4	739	436	1354	0	571	775	583	685
6508	TET3_ENSG00000187605_104071.5	951	802	1828	1165	904	216	914	1049
6509	TET3_ENSG00000187605_104072.6	603	328	1020	1119	69	349	478	552
6510	TFPT_ENSG00000105619_4656.1	1711	693	3189	1	1435	1451	1147	1339
6511	TFPT_ENSG00000105619_4657.2	663	210	1160	945	511	630	94	316
6512	TFPT_ENSG00000105619_4658.3	572	304	1005	310	0	329	192	471
6513	TFPT_ENSG00000105619_4659.4	235	246	485	242	185	0	122	190
6514	TFPT_ENSG00000105619_4660.5	569	0	858	0	0	457	373	419
6515	TFPT_ENSG00000105619_4661.6	703	161	1292	909	643	512	436	553
6516	TIPARP_ENSG00000163659_201899.1	397	632	1003	0	0	255	408	471
6517	TIPARP_ENSG00000163659_201900.2	363	105	638	315	0	376	287	311
6518	TIPARP_ENSG00000163659_201901.3	638	581	1238	884	13	670	256	579
6519	TIPARP_ENSG00000163659_201902.4	990	881	1605	1205	0	215	194	601
6520	TIPARP_ENSG00000163659_201903.5	1419	786	2388	725	52	190	906	1168
6521	TIPARP_ENSG00000163659_201904.6	2032	2253	4114	1473	576	1017	989	1801
6522	TLE1_ENSG00000196781_157081.1	889	637	1546	310	633	370	438	884
6523	TLE1_ENSG00000196781_157082.2	195	0	493	277	0	0	146	236
6524	TLE1_ENSG00000196781_157083.3	622	465	1050	0	0	740	244	504
6525	TLE1_ENSG00000196781_157084.4	771	627	1120	846	1209	746	675	770
6526	TLE1_ENSG00000196781_157085.5	467	713	973	309	602	169	448	637
6527	TLE1_ENSG00000196781_157086.6	1291	918	2096	635	309	814	1163	1192
6528	TLE4_ENSG00000106829_100715.1	692	264	1665	685	0	1254	140	424
6529	TLE4_ENSG00000106829_100716.2	92	313	195	0	0	0	112	122
6530	TLE4_ENSG00000106829_100717.3	595	677	879	227	0	0	194	456
6531	TLE4_ENSG00000106829_100718.4	423	398	709	0	0	273	316	364
6532	TLE4_ENSG00000106829_100719.5	1177	816	2025	313	884	972	910	1235
6533	TLE4_ENSG00000106829_100720.6	739	1209	1203	549	0	412	739	687
6534	TLK1_ENSG00000198586_191613.1	225	123	444	0	0	0	73	175
6535	TLK1_ENSG00000198586_191614.2	314	133	739	0	0	164	249	364
6536	TLK1_ENSG00000198586_191615.3	2145	2110	4057	1686	1132	1575	1738	2037
6537	TLK1_ENSG00000198586_191616.4	588	249	1127	839	0	267	272	462
6538	TLK1_ENSG00000198586_191617.5	611	599	1405	0	610	1150	193	396
6539	TLK1_ENSG00000198586_191618.6	1120	713	2382	621	0	230	479	969
6540	TLK2_ENSG00000146872_120644.1	538	187	940	332	0	210	305	370
6541	TLK2_ENSG00000146872_120645.2	559	170	886	575	0	435	271	404
6542	TLK2_ENSG00000146872_120646.3	1321	878	2516	608	1082	533	760	1079
6543	TLK2_ENSG00000146872_120647.4	497	0	772	617	0	589	102	299
6544	TLK2_ENSG00000146872_120648.5	667	732	1141	0	1081	175	402	486
6545	TLK2_ENSG00000146872_120649.6	821	821	1617	1157	610	218	429	788
6546	TMPO_ENSG00000120802_34924.1	319	0	393	0	528	142	90	177
6547	TMPO_ENSG00000120802_34925.2	398	879	695	245	0	0	319	435
6548	TMPO_ENSG00000120802_34926.3	1105	534	1988	1415	609	538	881	948
6549	TMPO_ENSG00000120802_34927.4	769	970	1784	316	585	0	522	715
6550	TMPO_ENSG00000120802_34928.5	551	463	694	0	0	0	233	401
6551	TMPO_ENSG00000120802_34929.6	1361	787	3020	732	1340	218	1378	1522
6552	TNKS_ENSG00000173273_89195.1	919	477	1440	868	0	205	575	664
6553	TNKS_ENSG00000173273_89196.2	563	482	1222	406	1064	181	484	628
6554	TNKS_ENSG00000173273_89197.3	609	443	1082	627	0	0	60	266
6555	TNKS_ENSG00000173273_89198.4	466	130	909	331	0	0	226	392
6556	TNKS_ENSG00000173273_89199.5	970	323	2047	829	1054	0	644	946
6557	TNKS_ENSG00000173273_89200.6	1077	608	2143	1272	976	590	632	949
6558	TNKS2_ENSG00000107854_24010.1	1120	0	2227	1651	767	1217	160	554
6559	TNKS2_ENSG00000107854_24011.2	360	0	808	0	0	0	447	439
6560	TNKS2_ENSG00000107854_24012.3	521	281	758	0	0	421	277	468
6561	TNKS2_ENSG00000107854_24013.4	1269	619	1971	1473	0	1164	715	983
6562	TNKS2_ENSG00000107854_24014.5	296	855	692	0	0	0	150	307
6563	TNKS2_ENSG00000107854_24015.6	1082	316	2892	236	1601	715	1283	1488
6564	TNRC18_ENSG00000182095_203400.1	1096	714	1827	698	117	240	475	820
6565	TNRC18_ENSG00000182095_203401.2	576	133	1167	305	663	323	337	471
6566	TNRC18_ENSG00000182095_203402.3	271	0	461	0	0	0	77	143
6567	TNRC18_ENSG00000182095_203403.4	522	1	782	302	529	328	295	406
6568	TNRC18_ENSG00000182095_203404.5	918	909	1679	0	1389	395	650	735
6569	TNRC18_ENSG00000182095_203405.6	616	354	1606	0	0	743	315	650
6570	TOPORS_ENSG00000197579_109630.1	1157	391	2305	610	0	689	896	1023
6571	TOPORS_ENSG00000197579_109631.2	341	147	569	339	554	610	235	254
6572	TOPORS_ENSG00000197579_109632.3	862	721	1590	889	14	0	410	758
6573	TOPORS_ENSG00000197579_109633.4	588	120	1041	494	0	899	141	441
6574	TOPORS_ENSG00000197579_109634.5	996	1025	1956	1201	0	287	804	986
6575	TOPORS_ENSG00000197579_109635.6	1134	970	2178	261	1164	775	810	903
6576	TOX4_ENSG00000092203_166381.1	616	181	1327	599	526	431	542	678
6577	TOX4_ENSG00000092203_166382.2	770	596	1508	475	1314	192	358	714
6578	TOX4_ENSG00000092203_166383.3	279	498	484	679	0	387	249	354
6579	TOX4_ENSG00000092203_166384.4	998	319	1986	1057	0	201	474	808
6580	TOX4_ENSG00000092203_166385.5	834	0	1069	337	0	201	263	507
6581	TOX4_ENSG00000092203_166386.6	1314	1547	2473	1463	251	1182	750	1367
6582	TP53BP1_ENSG00000067369_134753.1	723	617	1315	331	589	0	333	527
6583	TP53BP1_ENSG00000067369_134754.2	1372	822	2201	1508	2599	377	1185	1241
6584	TP53BP1_ENSG00000067369_134755.3	228	0	332	0	1129	0	101	154
6585	TP53BP1_ENSG00000067369_134756.4	181	303	359	0	0	0	162	165
6586	TP53BP1_ENSG00000067369_134757.5	1834	1303	3006	1559	1066	2133	607	1384
6587	TP53BP1_ENSG00000067369_134758.6	442	138	1009	608	317	317	298	486
6588	TRAF7_ENSG00000131653_172278.1	597	305	1022	1056	0	623	118	383
6589	TRAF7_ENSG00000131653_172279.2	430	684	862	302	0	333	266	531
6590	TRAF7_ENSG00000131653_172280.3	731	0	1196	587	0	402	510	535
6591	TRAF7_ENSG00000131653_172281.4	1493	896	2570	1736	789	91	750	1172
6592	TRAF7_ENSG00000131653_172282.5	524	0	725	0	0	0	170	378
6593	TRAF7_ENSG00000131653_172283.6	746	0	1313	276	296	586	557	602
6594	TRDMT1_ENSG00000107614_45731.1	1081	546	1667	641	0	345	377	662
6595	TRDMT1_ENSG00000107614_45732.2	527	314	1014	638	0	0	440	700
6596	TRDMT1_ENSG00000107614_45733.3	490	159	906	304	263	221	210	370
6597	TRDMT1_ENSG00000107614_45734.4	308	0	509	0	0	190	85	235
6598	TRDMT1_ENSG00000107614_45735.5	818	253	1364	568	0	555	463	655
6599	TRDMT1_ENSG00000107614_45736.6	285	371	705	542	0	0	221	394
6600	TRIM13_ENSG00000204977_60776.1	961	1362	1901	1	0	462	975	1037
6601	TRIM13_ENSG00000204977_60777.2	1574	365	2317	2	0	354	1317	1316
6602	TRIM13_ENSG00000204977_60778.3	521	0	1124	0	0	196	480	472
6603	TRIM13_ENSG00000204977_60779.4	313	320	563	301	0	596	305	309
6604	TRIM13_ENSG00000204977_60780.5	1006	942	2226	461	0	312	1060	996
6605	TRIM13_ENSG00000204977_60781.6	738	499	1409	904	0	215	345	640
6606	TRIM24_ENSG00000122779_123215.1	560	325	784	566	0	151	361	490
6607	TRIM24_ENSG00000122779_123216.2	1184	1253	2309	888	0	27	936	1116
6608	TRIM24_ENSG00000122779_123217.3	500	150	1126	0	0	537	391	489
6609	TRIM24_ENSG00000122779_123218.4	1876	1842	2669	307	0	211	1422	1344
6610	TRIM24_ENSG00000122779_123219.5	1982	510	3363	1	1089	763	1368	1802
6611	TRIM24_ENSG00000122779_123220.6	292	432	620	0	0	0	143	252
6612	TRIM28_ENSG00000130726_106749.1	1000	804	1790	560	300	177	739	824
6613	TRIM28_ENSG00000130726_106750.2	1088	311	1830	0	600	399	932	998
6614	TRIM28_ENSG00000130726_106751.3	2136	911	4021	1516	39	558	1811	1855
6615	TRIM28_ENSG00000130726_106752.4	916	368	1707	0	1071	399	612	696
6616	TRIM28_ENSG00000130726_106753.5	376	1	488	621	0	210	217	261
6617	TRIM28_ENSG00000130726_106754.6	29	0	179	0	0	0	14	40
6618	TRIM33_ENSG00000197323_48521.1	652	676	921	1098	490	506	375	601
6619	TRIM33_ENSG00000197323_48522.2	548	1417	993	303	574	30	243	357
6620	TRIM33_ENSG00000197323_48523.3	777	996	1449	1225	137	326	344	759
6621	TRIM33_ENSG00000197323_48524.4	2243	1309	4194	1236	1441	2084	1621	2307
6622	TRIM33_ENSG00000197323_48525.5	1932	2698	3160	2440	596	940	1439	1789
6623	TRIM33_ENSG00000197323_48526.6	323	320	710	3	584	0	256	316
6624	TRIM37_ENSG00000108395_115681.1	1072	328	1985	688	0	188	617	998
6625	TRIM37_ENSG00000108395_115682.2	1028	314	1713	582	1080	416	687	872
6626	TRIM37_ENSG00000108395_115683.3	1012	0	2575	855	516	457	673	988
6627	TRIM37_ENSG00000108395_115684.4	515	694	898	319	0	95	230	389
6628	TRIM37_ENSG00000108395_115685.5	756	492	1545	337	1	987	80	495
6629	TRIM37_ENSG00000108395_115686.6	934	636	1516	622	598	7	531	740
6630	TRIM5_ENSG00000132256_118346.1	525	283	1087	258	0	0	215	433
6631	TRIM5_ENSG00000132256_118347.2	427	160	748	1068	0	221	252	396
6632	TRIM5_ENSG00000132256_118348.3	387	121	755	268	0	230	170	330
6633	TRIM5_ENSG00000132256_118349.4	1187	930	1840	561	0	390	763	1046
6634	TRIM5_ENSG00000132256_118350.5	944	875	1741	541	626	986	937	1061
6635	TRIM5_ENSG00000132256_118351.6	1586	392	2926	1073	591	13	945	1226
6636	TRIM66_ENSG00000166436_72372.1	1133	931	1543	590	0	177	760	764
6637	TRIM66_ENSG00000166436_72373.2	588	154	1213	291	559	189	362	487
6638	TRIM66_ENSG00000166436_72374.3	2205	447	4385	1289	2572	2201	2474	2129
6639	TRIM66_ENSG00000166436_72375.4	513	248	955	0	0	205	59	306
6640	TRIM66_ENSG00000166436_72376.5	687	798	1305	0	253	221	486	782
6641	TRIM66_ENSG00000166436_72377.6	1268	824	2735	1141	0	1463	1371	1555
6642	TRRAP_ENSG00000196367_62385.1	286	346	461	0	0	0	292	253
6643	TRRAP_ENSG00000196367_62386.2	669	249	1350	620	1204	514	442	464
6644	TRRAP_ENSG00000196367_62387.3	607	283	1103	664	771	52	396	560
6645	TRRAP_ENSG00000196367_62388.4	943	350	1447	1	534	180	410	662
6646	TRRAP_ENSG00000196367_62389.5	805	348	1699	0	0	340	629	750
6647	TRRAP_ENSG00000196367_62390.6	2482	1844	4419	2122	1709	416	1431	2340
6648	TSPYL2_ENSG00000184205_179525.1	783	303	1363	170	0	458	180	445
6649	TSPYL2_ENSG00000184205_179526.2	1362	1296	2429	497	1414	297	1050	1396
6650	TSPYL2_ENSG00000184205_179527.3	1235	633	1805	571	888	539	623	981
6651	TSPYL2_ENSG00000184205_179528.4	1216	493	2571	749	0	929	267	775
6652	TSPYL2_ENSG00000184205_179529.5	503	0	783	1197	599	186	346	453
6653	TSPYL2_ENSG00000184205_179530.6	712	652	864	1170	0	1172	660	565
6654	TSSK6_ENSG00000178093_172497.1	768	133	1145	238	819	216	266	577
6655	TSSK6_ENSG00000178093_172498.2	870	159	1562	307	590	282	644	685
6656	TSSK6_ENSG00000178093_172499.3	3116	2090	6133	2812	4190	1814	1564	2726
6657	TSSK6_ENSG00000178093_172500.4	184	0	141	0	0	0	72	106
6658	TSSK6_ENSG00000178093_172501.5	638	937	1163	333	602	200	442	506
6659	TSSK6_ENSG00000178093_172502.6	1807	1836	3257	618	287	577	1833	1827
6660	TTF1_ENSG00000125482_128020.1	369	1	806	303	0	0	320	368
6661	TTF1_ENSG00000125482_128021.2	327	302	427	0	97	299	190	298
6662	TTF1_ENSG00000125482_128022.3	782	611	1576	706	0	729	522	804
6663	TTF1_ENSG00000125482_128023.4	1149	1340	1838	581	569	146	350	813
6664	TTF1_ENSG00000125482_128024.5	957	886	1684	0	0	823	269	658
6665	TTF1_ENSG00000125482_128025.6	254	89	601	280	0	0	152	266
6666	TTF2_ENSG00000116830_142330.1	2683	2115	5111	1413	578	1698	1842	2550
6667	TTF2_ENSG00000116830_142331.2	822	497	1895	890	507	1361	622	809
6668	TTF2_ENSG00000116830_142332.3	1584	1390	2713	1228	1158	924	437	874
6669	TTF2_ENSG00000116830_142333.4	1537	460	2516	1066	1184	813	687	1022
6670	TTF2_ENSG00000116830_142334.5	1456	1434	2743	1513	2424	1537	470	1120
6671	TTF2_ENSG00000116830_142335.6	1786	2148	2834	1248	1135	2168	1307	1469
6672	UBA1_ENSG00000130985_153583.1	1126	331	1677	579	790	219	713	1060
6673	UBA1_ENSG00000130985_153584.2	497	0	523	0	631	0	258	361
6674	UBA1_ENSG00000130985_153585.3	527	1373	874	896	1399	685	295	466
6675	UBA1_ENSG00000130985_153586.4	195	821	327	579	578	216	208	149
6676	UBA1_ENSG00000130985_153587.5	896	1599	1509	597	0	411	433	820
6677	UBA1_ENSG00000130985_153588.6	901	546	1390	960	921	1088	536	590
6678	UBA2_ENSG00000126261_179860.1	1224	594	2260	284	850	168	432	963
6679	UBA2_ENSG00000126261_179861.2	378	142	592	273	0	0	280	344
6680	UBA2_ENSG00000126261_179862.3	353	640	660	0	0	0	244	319
6681	UBA2_ENSG00000126261_179863.4	861	1179	1552	289	596	0	611	696
6682	UBA2_ENSG00000126261_179864.5	1637	1637	3468	998	2504	1568	1697	1718
6683	UBA2_ENSG00000126261_179865.6	1163	300	1755	628	0	698	432	801
6684	UBA7_ENSG00000182179_19475.1	854	343	1627	1266	1159	197	771	815
6685	UBA7_ENSG00000182179_19476.2	453	293	915	263	0	0	280	355
6686	UBA7_ENSG00000182179_19477.3	1476	562	2541	1219	1245	2135	813	1132
6687	UBA7_ENSG00000182179_19478.4	406	0	816	282	0	0	177	387
6688	UBA7_ENSG00000182179_19479.5	1678	878	2806	641	0	459	1995	1623
6689	UBA7_ENSG00000182179_19480.6	1251	462	2112	534	1028	0	729	994
6690	UBE2A_ENSG00000077721_200005.1	1406	1049	2233	798	1057	1411	442	899
6691	UBE2A_ENSG00000077721_200006.2	408	155	968	605	0	0	285	362
6692	UBE2A_ENSG00000077721_200007.3	279	296	414	272	284	0	94	211
6693	UBE2A_ENSG00000077721_200008.4	453	343	721	0	598	0	294	351
6694	UBE2A_ENSG00000077721_200009.5	769	1125	1705	1465	450	505	471	760
6695	UBE2A_ENSG00000077721_200010.6	732	271	1320	298	628	1184	554	672
6696	UBE2B_ENSG00000119048_29698.2	134	621	258	0	0	304	92	191
6697	UBE2B_ENSG00000119048_29699.3	530	547	1236	1	0	809	431	535
6698	UBE2B_ENSG00000119048_29700.4	1489	1087	3196	433	1028	809	1199	1620
6699	UBE2B_ENSG00000119048_29701.5	570	139	1004	259	417	979	194	532
6700	UBE2C_ENSG00000175063_124584.1	844	636	1480	201	0	246	129	491
6701	UBE2C_ENSG00000175063_124585.2	613	157	1104	0	1	0	293	462
6702	UBE2C_ENSG00000175063_124586.3	592	325	1196	1065	0	302	278	570
6703	UBE2C_ENSG00000175063_124587.4	120	0	457	0	0	0	56	111
6704	UBE2C_ENSG00000175063_124588.5	623	166	1145	297	0	215	660	542
6705	UBE2C_ENSG00000175063_124589.6	1932	1567	3756	1131	0	1213	922	1502
6706	UBE2E1_ENSG00000170142_191643.1	459	209	857	0	583	499	258	434
6707	UBE2E1_ENSG00000170142_191644.2	677	439	981	282	559	0	388	651
6708	UBE2E1_ENSG00000170142_191645.3	817	524	1261	0	165	209	789	746
6709	UBE2E1_ENSG00000170142_191646.4	518	1334	774	272	0	184	180	328
6710	UBE2E1_ENSG00000170142_191647.5	1296	179	2857	334	1864	192	554	1100
6711	UBE2E1_ENSG00000170142_191648.6	753	181	1454	624	0	398	408	553
6712	UBE2E3_ENSG00000170035_146002.1	930	728	2270	1196	1115	2	449	868
6713	UBE2E3_ENSG00000170035_146003.2	274	159	584	0	0	454	161	259
6714	UBE2E3_ENSG00000170035_146004.3	491	153	1094	303	318	215	232	446
6715	UBE2E3_ENSG00000170035_146005.4	1051	469	1623	902	1743	955	746	734
6716	UBE2E3_ENSG00000170035_146006.5	681	376	1273	1	300	219	554	637
6717	UBE2E3_ENSG00000170035_146007.6	471	325	755	294	517	420	259	417
6718	UBE2I_ENSG00000103275_62915.1	1672	1136	2975	639	607	634	1107	1322
6719	UBE2I_ENSG00000103275_62916.2	852	0	1744	616	580	391	434	774
6720	UBE2I_ENSG00000103275_62917.3	425	156	907	310	863	375	220	409
6721	UBE2I_ENSG00000103275_62918.4	772	62	1332	1	0	6	437	582
6722	UBE2I_ENSG00000103275_62919.5	1255	523	2528	481	0	346	696	1062
6723	UBE2I_ENSG00000103275_62920.6	1733	2787	3355	2353	15	921	1128	1443
6724	UBE2M_ENSG00000130725_80470.1	804	500	1234	604	523	0	651	669
6725	UBE2M_ENSG00000130725_80471.2	1313	1769	2403	1598	1755	1050	537	976
6726	UBE2M_ENSG00000130725_80472.3	1553	849	2657	1	1588	1517	1224	1503
6727	UBE2M_ENSG00000130725_80473.4	747	313	977	697	623	460	340	485
6728	UBE2M_ENSG00000130725_80474.5	331	83	548	297	185	0	128	213
6729	UBE2M_ENSG00000130725_80475.6	1064	1485	1680	619	524	587	553	775
6730	UBE2Q2_ENSG00000140367_196204.1	768	178	1475	232	539	151	589	845
6731	UBE2Q2_ENSG00000140367_196205.2	1410	2205	2816	595	1442	426	1067	1568
6732	UBE2Q2_ENSG00000140367_196206.3	1732	1029	3240	1988	624	594	956	1277
6733	UBE2Q2_ENSG00000140367_196207.4	826	609	1279	319	765	402	403	654
6734	UBE2Q2_ENSG00000140367_196208.5	484	975	726	877	470	0	361	434
6735	UBE2Q2_ENSG00000140367_196209.6	1131	1266	2070	342	584	793	863	983
6736	UBE3A_ENSG00000114062_117986.1	421	444	899	957	1836	284	191	361
6737	UBE3A_ENSG00000114062_117987.2	1091	493	2776	577	1195	901	570	997
6738	UBE3A_ENSG00000114062_117988.3	443	373	818	0	1119	775	402	445
6739	UBE3A_ENSG00000114062_117989.4	1167	645	2382	526	602	624	902	1206
6740	UBE3A_ENSG00000114062_117990.5	493	720	765	991	0	378	26	232
6741	UBE3A_ENSG00000114062_117991.6	348	147	539	0	550	220	148	290
6742	UBE4A_ENSG00000110344_42241.1	924	1085	2096	347	550	772	728	931
6743	UBE4A_ENSG00000110344_42242.2	1634	1318	3060	344	0	1497	1400	1768
6744	UBE4A_ENSG00000110344_42243.3	495	643	752	334	0	0	316	452
6745	UBE4A_ENSG00000110344_42244.4	888	474	1924	0	531	380	483	937
6746	UBE4A_ENSG00000110344_42245.5	1068	1224	2060	986	0	97	520	865
6747	UBE4A_ENSG00000110344_42246.6	760	482	1331	1521	904	570	452	629
6748	UBR1_ENSG00000159459_201819.1	352	134	757	616	0	227	187	338
6749	UBR1_ENSG00000159459_201820.2	72	354	310	0	600	0	85	84
6750	UBR1_ENSG00000159459_201821.3	736	256	1263	605	0	0	314	575
6751	UBR1_ENSG00000159459_201822.4	1103	512	1360	568	0	0	686	898
6752	UBR1_ENSG00000159459_201823.5	1009	631	2153	297	0	219	792	951
6753	UBR1_ENSG00000159459_201824.6	385	0	482	268	923	42	128	280
6754	UBR2_ENSG00000024048_101307.1	1498	515	2450	627	718	644	860	1212
6755	UBR2_ENSG00000024048_101308.2	1385	853	2820	1848	947	1072	802	1134
6756	UBR2_ENSG00000024048_101309.3	461	281	683	337	0	0	84	284
6757	UBR2_ENSG00000024048_101310.4	1599	1230	3410	569	485	670	1275	1645
6758	UBR2_ENSG00000024048_101311.5	345	315	613	300	0	57	181	316
6759	UBR2_ENSG00000024048_101312.6	513	0	721	401	575	204	346	380
6760	UBR3_ENSG00000144357_124414.1	347	388	770	342	543	0	80	236
6761	UBR3_ENSG00000144357_124415.2	1709	1016	2350	1224	0	806	1296	1379
6762	UBR3_ENSG00000144357_124416.3	568	548	1147	544	0	771	293	428
6763	UBR3_ENSG00000144357_124417.4	649	414	1433	285	502	203	320	526
6764	UBR3_ENSG00000144357_124418.5	272	316	797	596	0	198	257	359
6765	UBR3_ENSG00000144357_124419.6	902	350	2186	0	386	184	1089	1025
6766	UBR4_ENSG00000127481_130700.1	877	433	1506	600	0	769	534	752
6767	UBR4_ENSG00000127481_130701.2	664	446	1289	1200	0	303	344	572
6768	UBR4_ENSG00000127481_130702.3	1305	366	2293	1162	1174	386	622	905
6769	UBR4_ENSG00000127481_130703.4	1119	624	2362	617	517	433	718	1123
6770	UBR4_ENSG00000127481_130704.5	872	636	1446	307	494	435	541	785
6771	UBR4_ENSG00000127481_130705.6	606	137	1082	0	834	835	246	522
6772	UBR5_ENSG00000104517_34414.1	963	369	1316	567	0	151	745	896
6773	UBR5_ENSG00000104517_34415.2	847	1001	1359	291	0	239	59	278
6774	UBR5_ENSG00000104517_34416.3	1415	542	2972	942	1118	612	741	1471
6775	UBR5_ENSG00000104517_34417.4	500	87	848	298	0	91	157	328
6776	UBR5_ENSG00000104517_34418.5	1304	2008	2775	820	532	1273	1058	1289
6777	UBR5_ENSG00000104517_34419.6	1147	176	1947	937	1745	1248	774	1058
6778	UBR7_ENSG00000012963_53270.1	940	1210	1582	309	303	813	497	827
6779	UBR7_ENSG00000012963_53271.2	1758	604	2512	1244	38	551	1816	1559
6780	UBR7_ENSG00000012963_53272.3	1364	1315	1920	265	606	498	998	1231
6781	UBR7_ENSG00000012963_53273.4	240	1	555	0	0	201	177	245
6782	UBR7_ENSG00000012963_53274.5	1343	1800	2734	1133	3	842	1172	1320
6783	UBR7_ENSG00000012963_53275.6	1402	1671	2653	212	33	300	340	1130
6784	UCHL5_ENSG00000116750_59126.1	568	798	1185	452	0	0	358	502
6785	UCHL5_ENSG00000116750_59127.2	972	1222	1721	1	599	378	664	892
6786	UCHL5_ENSG00000116750_59128.3	928	379	1718	563	505	485	206	722
6787	UCHL5_ENSG00000116750_59129.4	1409	447	2115	1258	2247	21	782	1224
6788	UCHL5_ENSG00000116750_59130.5	949	432	1257	657	0	414	106	504
6789	UCHL5_ENSG00000116750_59131.6	519	0	1009	0	0	190	108	352
6790	UHRF2_ENSG00000147854_126752.1	1201	1068	2128	612	0	239	1054	1137
6791	UHRF2_ENSG00000147854_126753.2	1079	1111	1793	818	543	590	459	792
6792	UHRF2_ENSG00000147854_126754.3	722	335	1423	283	407	207	541	748
6793	UHRF2_ENSG00000147854_126755.4	1901	2032	3656	1475	601	1877	550	1285
6794	UHRF2_ENSG00000147854_126756.5	1728	1137	2687	1369	264	307	1780	1864
6795	UHRF2_ENSG00000147854_126757.6	765	693	1476	1250	1564	189	76	458
6796	UIMC1_ENSG00000087206_132349.1	206	0	281	315	0	194	71	116
6797	UIMC1_ENSG00000087206_132350.2	747	774	1024	0	578	291	462	554
6798	UIMC1_ENSG00000087206_132351.3	746	354	1303	2395	0	160	575	585
6799	UIMC1_ENSG00000087206_132352.4	893	743	1555	588	587	0	737	899
6800	UIMC1_ENSG00000087206_132353.5	401	397	712	0	0	217	272	362
6801	UIMC1_ENSG00000087206_132354.6	488	413	1181	819	555	203	122	403
6802	UNG_ENSG00000076248_112393.1	679	445	1261	308	1721	462	198	330
6803	UNG_ENSG00000076248_112394.2	594	171	977	0	585	1014	158	342
6804	UNG_ENSG00000076248_112395.3	416	402	806	279	0	383	140	313
6805	UNG_ENSG00000076248_112396.4	3250	5014	5672	1435	3018	871	872	2014
6806	UNG_ENSG00000076248_112397.5	479	135	772	983	0	0	56	202
6807	UNG_ENSG00000076248_112398.6	897	318	1408	0	1461	1210	576	705
6808	USF2_ENSG00000105698_129355.1	951	599	2000	304	1104	1095	441	797
6809	USF2_ENSG00000105698_129356.2	143	60	307	272	0	187	18	68
6810	USF2_ENSG00000105698_129357.3	1295	1886	2428	537	1161	1359	927	1249
6811	USF2_ENSG00000105698_129358.4	1996	1092	3474	2435	2125	1081	1083	1464
6812	USF2_ENSG00000105698_129359.5	1726	1541	3699	1885	49	369	846	1642
6813	USF2_ENSG00000105698_129360.6	117	0	118	0	0	188	38	40
6814	USP12_ENSG00000152484_33240.1	857	465	1560	584	570	195	702	744
6815	USP12_ENSG00000152484_33241.2	977	940	1791	1196	1515	192	629	878
6816	USP12_ENSG00000152484_33242.3	457	309	1001	0	53	7	266	482
6817	USP12_ENSG00000152484_33243.4	721	227	1093	0	1191	383	423	535
6818	USP12_ENSG00000152484_33244.5	479	303	1009	139	0	425	190	393
6819	USP12_ENSG00000152484_33245.6	498	608	896	0	0	11	226	310
6820	USP13_ENSG00000058056_102613.1	692	474	1139	279	0	810	870	641
6821	USP13_ENSG00000058056_102614.2	769	741	1569	878	0	143	452	630
6822	USP13_ENSG00000058056_102615.3	475	353	606	336	483	751	41	254
6823	USP13_ENSG00000058056_102616.4	810	147	1283	281	36	1219	446	809
6824	USP13_ENSG00000058056_102617.5	1013	849	2091	0	1503	389	741	1034
6825	USP13_ENSG00000058056_102618.6	598	658	1337	393	0	337	267	587
6826	USP16_ENSG00000156256_81398.1	833	796	1659	602	577	1399	541	796
6827	USP16_ENSG00000156256_81399.2	1280	1426	2353	173	611	211	742	978
6828	USP16_ENSG00000156256_81400.3	882	233	1940	870	469	365	646	840
6829	USP16_ENSG00000156256_81401.4	773	603	1616	231	0	110	334	811
6830	USP16_ENSG00000156256_81402.5	800	868	1541	1	458	808	547	828
6831	USP16_ENSG00000156256_81403.6	417	689	1087	304	64	293	309	428
6832	USP21_ENSG00000143258_63593.1	1310	716	2246	1023	912	943	740	1101
6833	USP21_ENSG00000143258_63594.2	794	1224	1666	1	22	175	430	757
6834	USP21_ENSG00000143258_63595.3	381	588	814	1216	517	186	219	337
6835	USP21_ENSG00000143258_63596.4	1063	381	1658	432	538	496	444	821
6836	USP21_ENSG00000143258_63597.5	835	519	1631	0	1174	493	739	829
6837	USP21_ENSG00000143258_63598.6	853	559	1663	622	0	381	427	629
6838	USP22_ENSG00000124422_60240.1	898	145	1847	321	643	189	728	900
6839	USP22_ENSG00000124422_60241.2	266	344	647	0	578	0	128	166
6840	USP22_ENSG00000124422_60242.3	522	751	758	0	0	198	336	473
6841	USP22_ENSG00000124422_60243.4	430	174	715	0	559	0	372	385
6842	USP22_ENSG00000124422_60244.5	1303	0	2004	0	0	2	470	1182
6843	USP22_ENSG00000124422_60245.6	2219	4259	3584	0	498	1812	1795	1734
6844	USP3_ENSG00000140455_110858.1	807	604	1728	864	1366	364	283	641
6845	USP3_ENSG00000140455_110859.2	349	188	740	0	0	387	242	268
6846	USP3_ENSG00000140455_110860.3	1138	1056	1765	1560	784	796	441	897
6847	USP3_ENSG00000140455_110861.4	1884	1390	3618	240	637	827	992	1740
6848	USP3_ENSG00000140455_110862.5	965	166	1878	876	2257	157	898	1000
6849	USP3_ENSG00000140455_110863.6	897	551	1737	1054	20	846	844	933
6850	USP34_ENSG00000115464_54589.1	745	432	1208	0	0	183	533	611
6851	USP34_ENSG00000115464_54590.2	309	0	791	340	0	0	258	382
6852	USP34_ENSG00000115464_54591.3	960	860	1409	300	747	109	713	722
6853	USP34_ENSG00000115464_54592.4	588	159	1102	1	173	0	506	513
6854	USP34_ENSG00000115464_54593.5	836	516	1395	0	455	382	723	872
6855	USP34_ENSG00000115464_54594.6	710	302	1712	0	0	529	586	647
6856	USP35_ENSG00000118369_118286.1	1136	1563	2038	301	1321	371	1092	1124
6857	USP35_ENSG00000118369_118287.2	171	371	311	675	553	0	172	141
6858	USP35_ENSG00000118369_118288.3	702	610	1345	301	619	5	535	621
6859	USP35_ENSG00000118369_118289.4	1099	639	2529	1278	642	669	489	896
6860	USP35_ENSG00000118369_118290.5	535	333	589	1	559	347	163	343
6861	USP35_ENSG00000118369_118291.6	693	137	1317	607	156	0	113	530
6862	USP46_ENSG00000109189_170971.1	600	1344	1197	844	1415	729	548	626
6863	USP46_ENSG00000109189_170972.2	666	653	1497	404	0	186	609	670
6864	USP46_ENSG00000109189_170973.3	1192	814	2273	652	640	1371	924	1089
6865	USP46_ENSG00000109189_170974.4	1580	1910	3139	0	591	192	1059	1571
6866	USP46_ENSG00000109189_170975.5	426	773	688	327	0	0	219	392
6867	USP46_ENSG00000109189_170976.6	1672	803	2919	787	2388	148	1032	1474
6868	USP51_ENSG00000247746_28308.1	335	297	418	586	0	0	50	141
6869	USP51_ENSG00000247746_28309.2	1013	1405	1618	297	12	226	502	757
6870	USP51_ENSG00000247746_28310.3	181	149	529	0	0	0	108	185
6871	USP51_ENSG00000247746_28311.4	711	357	1219	870	0	338	417	618
6872	USP51_ENSG00000247746_28312.5	1021	802	1884	570	551	201	563	861
6873	USP51_ENSG00000247746_28313.6	881	541	1801	334	600	410	539	716
6874	USP7_ENSG00000187555_156514.1	2041	1048	3638	2194	1397	1354	1289	1740
6875	USP7_ENSG00000187555_156515.2	1213	552	2283	1016	806	1216	726	966
6876	USP7_ENSG00000187555_156516.3	827	422	1675	620	550	534	414	729
6877	USP7_ENSG00000187555_156517.4	844	596	1606	613	0	554	471	752
6878	USP7_ENSG00000187555_156518.5	485	149	866	402	0	0	184	304
6879	USP7_ENSG00000187555_156519.6	769	278	1184	0	0	581	333	615
6880	UTP3_ENSG00000132467_166591.1	919	632	1523	1	1653	797	379	750
6881	UTP3_ENSG00000132467_166592.2	692	621	1361	588	1326	188	467	578
6882	UTP3_ENSG00000132467_166593.3	962	243	1540	1439	602	995	560	768
6883	UTP3_ENSG00000132467_166594.4	199	247	245	320	0	0	46	106
6884	UTP3_ENSG00000132467_166595.5	933	609	1672	603	1084	832	427	686
6885	UTP3_ENSG00000132467_166596.6	204	198	406	0	0	206	153	221
6886	UTY_ENSG00000183878_99235.1	811	681	1366	327	0	261	563	737
6887	UTY_ENSG00000183878_99236.2	1054	938	1531	287	164	46	439	873
6888	UTY_ENSG00000183878_99237.3	593	877	1258	1251	1296	0	228	513
6889	UTY_ENSG00000183878_99238.4	661	7	1589	370	0	397	640	789
6890	UTY_ENSG00000183878_99239.5	372	0	600	0	1195	0	427	366
6891	UTY_ENSG00000183878_99240.6	1246	1050	2419	341	577	190	681	1206
6892	VCPKMT_ENSG00000100483_30871.1	255	295	459	0	635	333	39	176
6893	VCPKMT_ENSG00000100483_30872.2	1248	471	2283	1214	519	371	623	924
6894	VCPKMT_ENSG00000100483_30873.3	815	552	1358	0	0	553	243	706
6895	VCPKMT_ENSG00000100483_30874.4	429	115	878	0	0	0	241	340
6896	VCPKMT_ENSG00000100483_30875.5	1774	736	2886	1234	1172	370	707	1266
6897	VCPKMT_ENSG00000100483_30876.6	651	182	909	0	942	360	576	552
6898	VPS72_ENSG00000163159_21444.1	810	0	1331	659	56	758	101	462
6899	VPS72_ENSG00000163159_21445.2	768	755	1146	584	607	219	323	521
6900	VPS72_ENSG00000163159_21446.3	1064	888	1647	439	607	673	596	784
6901	VPS72_ENSG00000163159_21447.4	970	388	1410	1	0	383	530	865
6902	VPS72_ENSG00000163159_21448.5	510	536	567	1245	802	768	245	299
6903	VPS72_ENSG00000163159_21449.6	760	700	1171	917	312	0	407	712
6904	VRK1_ENSG00000100749_90874.1	1695	910	3237	0	916	0	1566	1742
6905	VRK1_ENSG00000100749_90875.2	1157	1058	1917	1160	1525	1000	703	973
6906	VRK1_ENSG00000100749_90876.3	968	963	2461	666	1151	1128	905	1111
6907	VRK1_ENSG00000100749_90877.4	774	936	1521	220	571	421	254	519
6908	VRK1_ENSG00000100749_90878.5	970	523	1823	308	1667	399	807	946
6909	VRK1_ENSG00000100749_90879.6	225	143	540	0	0	0	108	230
6910	VRK2_ENSG00000028116_148160.1	1203	567	2410	1312	529	184	564	1074
6911	VRK2_ENSG00000028116_148161.2	382	472	566	290	271	0	290	329
6912	VRK2_ENSG00000028116_148162.3	1884	710	3591	703	2036	1044	852	1533
6913	VRK2_ENSG00000028116_148163.4	1973	1655	3955	1028	989	614	1469	1964
6914	VRK2_ENSG00000028116_148164.5	789	1237	1613	280	360	200	480	694
6915	VRK2_ENSG00000028116_148165.6	384	537	747	0	22	983	196	384
6916	WBSCR22_ENSG00000071462_114959.1	1410	1710	2261	1699	0	781	1210	1315
6917	WBSCR22_ENSG00000071462_114960.2	1116	1074	1789	2216	0	1060	887	955
6918	WBSCR22_ENSG00000071462_114961.3	1680	1132	3049	1123	1258	368	726	1357
6919	WBSCR22_ENSG00000071462_114962.4	929	1052	1699	1	0	369	290	622
6920	WBSCR22_ENSG00000071462_114963.5	525	120	843	299	1087	217	246	524
6921	WBSCR22_ENSG00000071462_114964.6	687	325	1267	839	573	763	222	527
6922	WBSCR27_ENSG00000165171_180319.1	163	125	441	1	0	219	126	210
6923	WBSCR27_ENSG00000165171_180320.2	456	432	923	999	0	1033	148	314
6924	WBSCR27_ENSG00000165171_180321.3	277	139	474	313	146	377	70	202
6925	WBSCR27_ENSG00000165171_180322.4	936	536	1682	835	1025	448	846	913
6926	WBSCR27_ENSG00000165171_180323.5	1898	1339	3908	1495	0	1567	1877	2094
6927	WBSCR27_ENSG00000165171_180324.6	1917	1570	3305	806	2968	970	1227	1617
6928	WDR5_ENSG00000196363_181525.1	823	284	1221	916	0	183	332	585
6929	WDR5_ENSG00000196363_181526.2	888	131	1594	376	0	506	510	719
6930	WDR5_ENSG00000196363_181527.3	885	334	1686	253	555	230	336	685
6931	WDR5_ENSG00000196363_181528.4	433	86	665	678	0	0	318	357
6932	WDR5_ENSG00000196363_181529.5	537	0	644	1564	9	550	210	284
6933	WDR5_ENSG00000196363_181530.6	622	372	1014	839	0	189	351	514
6934	WDR61_ENSG00000140395_30621.1	1620	1354	2682	870	954	524	1060	1424
6935	WDR61_ENSG00000140395_30622.2	376	175	598	0	0	108	181	282
6936	WDR61_ENSG00000140395_30623.3	584	269	1181	1267	0	189	88	330
6937	WDR61_ENSG00000140395_30624.4	676	1147	1212	1005	0	645	417	518
6938	WDR61_ENSG00000140395_30625.5	705	710	1207	719	1715	778	316	577
6939	WDR61_ENSG00000140395_30626.6	1010	749	1723	971	1868	1140	757	921
6940	WDR77_ENSG00000116455_34074.1	358	0	525	2	0	0	44	142
6941	WDR77_ENSG00000116455_34075.2	1187	917	2044	1973	514	849	430	814
6942	WDR77_ENSG00000116455_34076.3	842	422	2132	1211	2194	193	78	414
6943	WDR77_ENSG00000116455_34077.4	656	0	1048	218	1381	350	222	415
6944	WDR77_ENSG00000116455_34078.5	438	139	776	618	0	324	311	347
6945	WDR77_ENSG00000116455_34079.6	463	479	607	264	285	641	155	319
6946	WDR82_ENSG00000164091_51889.1	1455	862	2267	599	12	639	1016	1268
6947	WDR82_ENSG00000164091_51890.2	1662	481	2774	835	691	0	653	1096
6948	WDR82_ENSG00000164091_51891.3	480	0	700	0	0	0	134	324
6949	WDR82_ENSG00000164091_51892.4	465	141	938	662	0	192	362	456
6950	WDR82_ENSG00000164091_51893.5	339	172	589	0	0	0	317	324
6951	WDR82_ENSG00000164091_51894.6	667	0	1283	599	2010	0	517	506
6952	WHSC1_ENSG00000109685_122369.1	858	315	1611	312	1243	394	416	618
6953	WHSC1_ENSG00000109685_122370.2	1808	1171	3246	970	2567	718	860	1508
6954	WHSC1_ENSG00000109685_122371.3	1398	2032	2591	1376	0	225	1453	1457
6955	WHSC1_ENSG00000109685_122372.4	1365	1347	2546	1204	579	1009	729	1213
6956	WHSC1_ENSG00000109685_122373.5	482	140	585	0	0	388	224	394
6957	WHSC1_ENSG00000109685_122374.6	511	1	1156	0	307	176	366	372
6958	WHSC1L1_ENSG00000147548_25116.1	553	161	1182	0	0	0	311	533
6959	WHSC1L1_ENSG00000147548_25117.2	323	0	620	0	0	414	197	278
6960	WHSC1L1_ENSG00000147548_25118.3	605	309	920	329	0	588	369	447
6961	WHSC1L1_ENSG00000147548_25119.4	1510	481	2625	1479	571	683	840	1286
6962	WHSC1L1_ENSG00000147548_25120.5	189	0	187	0	0	231	124	153
6963	WHSC1L1_ENSG00000147548_25121.6	722	325	1049	2	0	0	459	620
6964	WIZ_ENSG00000011451_5550.1	150	159	243	0	0	0	92	135
6965	WIZ_ENSG00000011451_5551.2	917	443	1351	618	0	215	531	697
6966	WIZ_ENSG00000011451_5552.3	467	521	692	2	0	269	510	552
6967	WIZ_ENSG00000011451_5553.4	769	0	1105	673	0	441	111	427
6968	WIZ_ENSG00000011451_5554.5	681	457	1331	0	0	722	396	556
6969	WIZ_ENSG00000011451_5555.6	1028	984	2038	1196	288	397	1141	996
6970	WNT5A_ENSG00000114251_114729.1	1074	794	1669	1217	890	373	635	1027
6971	WNT5A_ENSG00000114251_114730.2	248	264	639	0	318	180	109	323
6972	WNT5A_ENSG00000114251_114731.3	371	379	904	1	628	396	147	325
6973	WNT5A_ENSG00000114251_114732.4	1017	1244	1826	918	1135	245	866	1075
6974	WNT5A_ENSG00000114251_114733.5	2124	1294	4147	1875	1741	862	1640	1996
6975	WNT5A_ENSG00000114251_114734.6	828	1359	1737	1074	491	0	393	712
6976	WRN_ENSG00000165392_134733.1	460	234	920	0	311	276	82	313
6977	WRN_ENSG00000165392_134734.2	1270	530	2328	1186	697	536	808	1044
6978	WRN_ENSG00000165392_134735.3	714	130	1545	1167	0	387	373	735
6979	WRN_ENSG00000165392_134736.4	576	220	1032	0	0	109	229	476
6980	WRN_ENSG00000165392_134737.5	378	468	583	463	0	0	227	284
6981	WRN_ENSG00000165392_134738.6	235	288	440	331	0	0	107	158
6982	YBX2_ENSG00000006047_58236.1	698	620	1167	0	0	369	255	459
6983	YBX2_ENSG00000006047_58237.2	167	270	356	0	0	0	92	150
6984	YBX2_ENSG00000006047_58238.3	797	272	1451	345	1454	346	217	472
6985	YBX2_ENSG00000006047_58239.4	715	1123	1324	536	585	424	162	491
6986	YBX2_ENSG00000006047_58240.5	599	180	927	742	0	211	322	441
6987	YBX2_ENSG00000006047_58241.6	648	539	1195	883	1839	0	197	459
6988	YEATS4_ENSG00000127337_190450.1	1225	1395	2028	532	0	0	1102	950
6989	YEATS4_ENSG00000127337_190451.2	1018	1515	1580	622	2830	1196	548	873
6990	YEATS4_ENSG00000127337_190452.3	262	325	484	634	0	649	137	198
6991	YEATS4_ENSG00000127337_190453.4	652	1026	1319	1205	0	0	639	712
6992	YEATS4_ENSG00000127337_190454.5	977	1429	1421	316	295	1888	379	658
6993	YEATS4_ENSG00000127337_190455.6	869	993	1554	1275	1631	1064	280	699
6994	YTHDC2_ENSG00000047188_161447.1	285	329	593	0	154	383	249	279
6995	YTHDC2_ENSG00000047188_161448.2	558	386	969	445	0	186	117	381
6996	YTHDC2_ENSG00000047188_161449.3	463	195	977	854	37	415	341	358
6997	YTHDC2_ENSG00000047188_161450.4	703	317	1478	317	0	17	455	658
6998	YTHDC2_ENSG00000047188_161451.5	852	550	1702	308	1104	706	822	872
6999	YTHDC2_ENSG00000047188_161452.6	1721	2576	3384	1212	1153	1462	1066	1464
7000	YWHAQ_ENSG00000134308_130023.1	997	305	1811	514	0	609	511	748
7001	YWHAQ_ENSG00000134308_130024.2	221	0	335	1	0	0	180	182
7002	YWHAQ_ENSG00000134308_130025.3	770	0	1219	0	0	211	418	498
7003	YWHAQ_ENSG00000134308_130026.4	1065	725	2762	1217	0	730	828	1058
7004	YWHAQ_ENSG00000134308_130027.5	1303	1003	2198	892	414	801	1072	1281
7005	YWHAQ_ENSG00000134308_130028.6	642	342	1271	650	2206	224	644	766
7006	YY1AP1_ENSG00000163374_21784.1	940	161	1508	579	0	185	694	864
7007	YY1AP1_ENSG00000163374_21785.2	207	0	340	296	0	5	105	177
7008	YY1AP1_ENSG00000163374_21786.3	678	1	1112	319	1473	206	675	613
7009	YY1AP1_ENSG00000163374_21787.4	1265	627	2276	2094	1009	823	630	996
7010	YY1AP1_ENSG00000163374_21788.5	278	203	402	0	0	0	70	160
7011	YY1AP1_ENSG00000163374_21789.6	256	52	660	309	1677	197	89	231
7012	ZAR1_ENSG00000182223_186706.1	424	120	853	0	363	170	201	340
7013	ZAR1_ENSG00000182223_186707.2	895	959	1992	815	0	574	792	763
7014	ZAR1_ENSG00000182223_186708.3	1036	624	1656	0	17	313	728	840
7015	ZAR1_ENSG00000182223_186709.4	1142	1703	2229	0	0	378	1026	984
7016	ZAR1_ENSG00000182223_186710.5	173	184	821	0	0	207	218	252
7017	ZAR1_ENSG00000182223_186711.6	845	865	1269	851	0	0	628	690
7018	ZBTB12_ENSG00000204366_47962.1	646	372	1115	1354	0	212	705	530
7019	ZBTB12_ENSG00000204366_47963.2	1295	551	1717	678	866	765	620	865
7020	ZBTB12_ENSG00000204366_47965.4	474	153	847	0	0	231	121	386
7021	ZBTB12_ENSG00000204366_47966.5	728	68	1159	1191	1093	694	516	562
7022	ZBTB12_ENSG00000204366_47967.6	318	131	599	922	0	0	175	229
7023	ZBTB12_ENSG00000204366_47968.7	715	845	1596	595	608	788	706	747
7024	ZBTB21_ENSG00000173276_47640.1	1572	1145	2971	641	508	808	740	1338
7025	ZBTB21_ENSG00000173276_47641.2	701	4	1368	335	655	601	534	631
7026	ZBTB21_ENSG00000173276_47642.3	573	442	1335	303	0	192	415	576
7027	ZBTB21_ENSG00000173276_47643.4	1479	1747	3084	1431	3517	1290	1782	1610
7028	ZBTB21_ENSG00000173276_47644.5	1066	847	1961	2512	1452	969	769	1035
7029	ZBTB21_ENSG00000173276_47645.6	460	732	866	288	0	584	185	319
7030	ZBTB33_ENSG00000177485_148150.1	827	828	1627	878	575	297	922	903
7031	ZBTB33_ENSG00000177485_148151.2	462	634	644	278	0	189	520	415
7032	ZBTB33_ENSG00000177485_148152.3	856	841	1590	585	0	678	560	723
7033	ZBTB33_ENSG00000177485_148153.4	849	817	2185	326	528	187	467	740
7034	ZBTB33_ENSG00000177485_148154.5	634	842	1317	1851	0	0	24	296
7035	ZBTB33_ENSG00000177485_148155.6	788	272	1159	1	1018	12	141	457
7036	ZBTB38_ENSG00000177311_147620.1	493	0	720	0	0	236	380	407
7037	ZBTB38_ENSG00000177311_147621.2	1317	652	2650	311	1754	762	612	1127
7038	ZBTB38_ENSG00000177311_147622.3	655	480	1272	283	2038	832	660	662
7039	ZBTB38_ENSG00000177311_147623.4	951	797	1950	603	495	1128	786	983
7040	ZBTB38_ENSG00000177311_147624.5	370	1424	609	0	0	12	321	481
7041	ZBTB38_ENSG00000177311_147625.6	1289	1445	2679	332	1430	1638	1632	1586
7042	ZBTB4_ENSG00000174282_75399.1	1437	1399	2243	564	564	547	1027	1180
7043	ZBTB4_ENSG00000174282_75400.2	712	320	1227	292	0	201	306	554
7044	ZBTB4_ENSG00000174282_75401.3	580	592	1068	712	839	208	323	571
7045	ZBTB4_ENSG00000174282_75402.4	1982	728	3157	1148	290	1391	2086	1653
7046	ZBTB4_ENSG00000174282_75403.5	1748	1293	2603	1258	522	522	1430	1395
7047	ZBTB4_ENSG00000174282_75404.6	503	138	724	302	1158	0	200	370
7048	ZBTB40_ENSG00000184677_81838.1	429	482	944	309	0	400	332	486
7049	ZBTB40_ENSG00000184677_81839.2	688	828	1167	890	648	441	343	483
7050	ZBTB40_ENSG00000184677_81840.3	358	161	708	601	0	401	224	340
7051	ZBTB40_ENSG00000184677_81841.4	675	286	1402	344	655	603	194	410
7052	ZBTB40_ENSG00000184677_81842.5	680	610	1059	1106	1141	308	317	588
7053	ZBTB40_ENSG00000184677_81843.6	736	1028	1394	1	813	202	683	675
7054	ZBTB9_ENSG00000213588_1512.1	646	811	1026	311	571	0	455	556
7055	ZBTB9_ENSG00000213588_1513.2	2240	2164	4139	2461	1145	477	1081	1846
7056	ZBTB9_ENSG00000213588_1514.3	112	411	222	0	0	0	71	117
7057	ZBTB9_ENSG00000213588_1515.4	507	333	686	2	0	389	284	331
7058	ZBTB9_ENSG00000213588_1516.5	237	164	361	0	0	547	127	168
7059	ZBTB9_ENSG00000213588_1517.6	890	961	1538	308	1794	606	670	810
7060	ZC3HAV1_ENSG00000105939_166311.1	955	690	1525	644	1090	222	889	984
7061	ZC3HAV1_ENSG00000105939_166312.2	579	204	955	619	135	424	50	260
7062	ZC3HAV1_ENSG00000105939_166313.3	682	165	1160	1	331	233	325	515
7063	ZC3HAV1_ENSG00000105939_166314.4	777	755	1325	953	0	197	310	536
7064	ZC3HAV1_ENSG00000105939_166315.5	498	336	850	312	1615	0	256	350
7065	ZC3HAV1_ENSG00000105939_166316.6	801	155	1543	641	998	404	423	524
7066	ZCWPW1_ENSG00000078487_43978.1	430	0	756	501	0	0	79	271
7067	ZCWPW1_ENSG00000078487_43979.2	537	0	710	305	0	97	278	333
7068	ZCWPW1_ENSG00000078487_43980.3	467	496	907	654	0	0	481	460
7069	ZCWPW1_ENSG00000078487_43981.4	683	518	1101	1201	0	584	222	441
7070	ZCWPW1_ENSG00000078487_43982.5	2536	1848	4356	2215	1016	1481	1067	1944
7071	ZCWPW1_ENSG00000078487_43983.6	598	1223	1398	0	0	178	440	610
7072	ZFP57_ENSG00000204644_43163.1	545	602	921	0	625	111	228	442
7073	ZFP57_ENSG00000204644_43164.2	533	158	889	550	702	0	429	651
7074	ZFP57_ENSG00000204644_43165.3	496	177	822	307	0	400	546	479
7075	ZFP57_ENSG00000204644_43166.4	822	319	1335	920	1094	390	419	605
7076	ZFP57_ENSG00000204644_43167.5	742	455	1154	613	0	1105	341	603
7077	ZFP57_ENSG00000204644_43168.6	866	663	1228	621	2	214	249	591
7078	ZGPAT_ENSG00000197114_196430.1	1202	903	2361	1078	593	409	912	1378
7079	ZGPAT_ENSG00000197114_196431.2	221	0	420	609	0	222	134	186
7080	ZGPAT_ENSG00000197114_196432.3	68	0	103	0	0	141	26	26
7081	ZGPAT_ENSG00000197114_196433.4	1225	355	2195	277	558	175	751	1191
7082	ZGPAT_ENSG00000197114_196434.5	1206	1511	2636	924	0	431	614	1124
7083	ZGPAT_ENSG00000197114_196435.6	379	714	1129	0	668	0	386	416
7084	ZHX1_ENSG00000165156_187515.1	1468	898	2188	1447	2201	792	742	1176
7085	ZHX1_ENSG00000165156_187516.2	943	299	1894	686	67	1034	568	993
7086	ZHX1_ENSG00000165156_187517.3	555	233	1270	0	1295	360	389	530
7087	ZHX1_ENSG00000165156_187518.4	1396	1207	2710	1547	1113	185	861	1217
7088	ZHX1_ENSG00000165156_187519.5	938	478	1763	0	1207	453	726	792
7089	ZHX1_ENSG00000165156_187520.6	283	0	515	430	0	0	94	245
7090	ZHX2_ENSG00000178764_147670.1	1727	1206	2996	2022	0	386	1304	1336
7091	ZHX2_ENSG00000178764_147671.2	209	0	417	0	0	0	149	173
7092	ZHX2_ENSG00000178764_147672.3	443	573	828	587	0	393	362	284
7093	ZHX2_ENSG00000178764_147673.4	1048	230	1791	638	1666	674	65	424
7094	ZHX2_ENSG00000178764_147674.5	829	671	1877	989	0	0	837	919
7095	ZHX2_ENSG00000178764_147675.6	445	150	749	599	0	215	136	286
7096	ZHX3_ENSG00000174306_146252.1	937	473	1791	348	1048	588	537	828
7097	ZHX3_ENSG00000174306_146253.2	749	679	1404	904	286	202	715	782
7098	ZHX3_ENSG00000174306_146254.3	372	149	512	0	248	0	317	313
7099	ZHX3_ENSG00000174306_146255.4	1708	1951	3114	2121	1182	605	1385	1711
7100	ZHX3_ENSG00000174306_146256.5	317	155	670	0	0	0	253	296
7101	ZHX3_ENSG00000174306_146257.6	632	592	1230	0	535	351	502	627
7102	ZKSCAN2_ENSG00000155592_47870.1	1146	1173	1923	581	1284	400	597	953
7103	ZKSCAN2_ENSG00000155592_47871.2	1038	466	1800	2350	0	0	560	1054
7104	ZKSCAN2_ENSG00000155592_47872.3	105	191	237	0	0	101	101	108
7105	ZKSCAN2_ENSG00000155592_47873.4	662	460	1278	310	870	0	72	409
7106	ZKSCAN2_ENSG00000155592_47874.5	778	870	1496	337	593	49	485	707
7107	ZKSCAN2_ENSG00000155592_47875.6	1559	1138	2345	327	1452	784	1270	1236
7108	ZMYM1_ENSG00000197056_38305.1	1114	668	1890	911	1149	1423	506	840
7109	ZMYM1_ENSG00000197056_38306.2	1194	818	1809	315	578	1114	533	949
7110	ZMYM1_ENSG00000197056_38307.3	1447	1031	2525	1600	0	1445	593	1058
7111	ZMYM1_ENSG00000197056_38308.4	461	572	633	314	26	409	342	400
7112	ZMYM1_ENSG00000197056_38309.5	667	168	1228	0	268	1028	449	482
7113	ZMYM1_ENSG00000197056_38310.6	492	444	868	278	961	0	324	418
7114	ZMYM2_ENSG00000121741_14332.1	448	139	783	432	0	965	220	417
7115	ZMYM2_ENSG00000121741_14333.2	1088	642	1864	317	666	192	1030	948
7116	ZMYM2_ENSG00000121741_14334.3	1278	924	2522	1747	296	261	741	1078
7117	ZMYM2_ENSG00000121741_14335.4	1026	985	1557	959	2476	0	386	734
7118	ZMYM2_ENSG00000121741_14336.5	413	0	799	0	0	0	146	266
7119	ZMYM2_ENSG00000121741_14337.6	609	330	788	709	573	206	332	399
7120	ZMYM3_ENSG00000147130_190290.1	1068	769	1983	605	0	396	724	913
7121	ZMYM3_ENSG00000147130_190291.2	1046	809	2204	1251	0	362	749	1055
7122	ZMYM3_ENSG00000147130_190292.3	492	385	655	0	0	0	185	378
7123	ZMYM3_ENSG00000147130_190293.4	540	474	931	284	1	109	226	388
7124	ZMYM3_ENSG00000147130_190294.5	2208	1634	4480	1647	2663	321	1493	2257
7125	ZMYM3_ENSG00000147130_190295.6	254	1	301	0	0	118	149	166
7126	ZMYM4_ENSG00000146463_65642.1	1076	621	2299	860	848	381	675	1191
7127	ZMYM4_ENSG00000146463_65643.2	995	1086	1861	314	1654	830	439	893
7128	ZMYM4_ENSG00000146463_65644.3	750	321	1168	912	531	388	369	557
7129	ZMYM4_ENSG00000146463_65645.4	720	1496	1149	641	525	946	686	683
7130	ZMYM4_ENSG00000146463_65646.5	697	173	1041	881	0	402	651	479
7131	ZMYM4_ENSG00000146463_65647.6	372	1	454	0	2561	0	258	285
7132	ZMYM5_ENSG00000132950_86891.1	759	0	1344	307	0	182	489	763
7133	ZMYM5_ENSG00000132950_86892.2	1716	1441	3138	2447	535	898	937	1575
7134	ZMYM5_ENSG00000132950_86893.3	754	150	1209	0	580	206	464	619
7135	ZMYM5_ENSG00000132950_86894.4	667	478	1272	595	0	397	276	558
7136	ZMYM5_ENSG00000132950_86895.5	1481	583	2306	271	569	412	866	1340
7137	ZMYM5_ENSG00000132950_86896.6	895	1227	1777	638	297	396	481	805
7138	ZMYND11_ENSG00000015171_61575.1	775	654	1226	904	0	140	440	537
7139	ZMYND11_ENSG00000015171_61576.2	1393	599	2185	1497	580	608	697	1071
7140	ZMYND11_ENSG00000015171_61577.3	430	618	784	0	0	764	153	329
7141	ZMYND11_ENSG00000015171_61578.4	784	602	1276	175	614	400	425	553
7142	ZMYND11_ENSG00000015171_61579.5	793	302	1586	659	30	271	211	499
7143	ZMYND11_ENSG00000015171_61580.6	962	855	1921	752	0	1004	441	709
7144	ZMYND8_ENSG00000101040_164681.1	1314	0	2109	974	0	189	767	1205
7145	ZMYND8_ENSG00000101040_164682.2	335	507	463	0	0	0	125	250
7146	ZMYND8_ENSG00000101040_164683.3	1423	299	2221	854	0	388	793	1141
7147	ZMYND8_ENSG00000101040_164684.4	1061	0	1984	284	0	0	637	857
7148	ZMYND8_ENSG00000101040_164685.5	1254	526	2622	900	73	340	575	1145
7149	ZMYND8_ENSG00000101040_164686.6	395	0	741	0	0	92	442	492
7150	ZNF451_ENSG00000112200_180110.1	746	270	1284	428	562	0	308	438
7151	ZNF451_ENSG00000112200_180111.2	1094	812	1651	914	1099	0	905	800
7152	ZNF451_ENSG00000112200_180112.3	1148	454	2404	1449	0	1158	425	977
7153	ZNF451_ENSG00000112200_180113.4	2156	792	2910	946	618	385	703	1309
7154	ZNF451_ENSG00000112200_180114.5	1076	421	1909	722	1274	182	547	955
7155	ZNF451_ENSG00000112200_180115.6	1065	565	1732	1996	1250	0	733	919
7156	ZNF541_ENSG00000118156_78543.1	629	738	1109	0	0	0	639	595
7157	ZNF541_ENSG00000118156_78544.2	707	114	1539	313	0	617	301	645
7158	ZNF541_ENSG00000118156_78545.3	1116	1415	2770	346	0	240	341	896
7159	ZNF541_ENSG00000118156_78546.4	703	311	1399	442	0	0	657	637
7160	ZNF541_ENSG00000118156_78547.5	188	262	441	0	0	0	116	187
7161	ZNF541_ENSG00000118156_78548.6	754	0	1055	335	0	143	319	483
7162	ZNF724P_ENSG00000196081_37384.1	856	794	1539	0	0	0	297	680
7163	ZNF724P_ENSG00000196081_37385.2	838	474	1283	889	0	390	129	390
7164	ZNF724P_ENSG00000196081_37386.3	591	160	1096	693	0	0	443	605
7165	ZNF724P_ENSG00000196081_37387.4	1089	497	1615	297	0	745	1107	1246
7166	ZNF724P_ENSG00000196081_37388.5	777	170	1055	523	296	995	514	622
7167	ZNF724P_ENSG00000196081_37389.6	739	368	1463	0	385	1207	653	729
7168	ZNF740_ENSG00000139651_50439.1	637	147	1023	296	0	544	420	519
7169	ZNF740_ENSG00000139651_50440.2	2421	1249	4484	2115	1233	1128	380	1594
7170	ZNF740_ENSG00000139651_50441.3	1007	935	1633	619	981	210	867	1134
7171	ZNF740_ENSG00000139651_50442.4	514	253	858	0	0	490	187	370
7172	ZNF740_ENSG00000139651_50443.5	1002	1426	1798	1230	1036	540	444	728
7173	ZNF740_ENSG00000139651_50444.6	447	743	754	618	0	200	174	335
7174	ZNF787_ENSG00000142409_96983.1	114	296	241	0	0	0	37	111
7175	ZNF787_ENSG00000142409_96984.2	843	767	2055	307	0	448	450	770
7176	ZNF787_ENSG00000142409_96985.3	1085	1768	2004	1594	1929	600	1055	1155
7177	ZNF787_ENSG00000142409_96986.4	1792	1573	2891	1200	2999	396	911	1306
7178	ZNF787_ENSG00000142409_96987.5	523	80	970	0	0	45	189	367
7179	ZNF787_ENSG00000142409_96988.6	1191	1803	1965	1202	1129	522	927	1184
7180	ZRANB3_ENSG00000121988_178615.1	248	158	453	320	0	397	125	217
7181	ZRANB3_ENSG00000121988_178616.2	231	1	289	595	0	0	111	151
7182	ZRANB3_ENSG00000121988_178617.3	691	168	1508	314	898	562	397	622
7183	ZRANB3_ENSG00000121988_178618.4	491	1	1021	0	0	207	361	475
7184	ZRANB3_ENSG00000121988_178619.5	1496	1246	2278	1252	1877	722	1039	1461
7185	ZRANB3_ENSG00000121988_178620.6	627	386	1131	928	0	488	459	618
7186	ZSCAN20_ENSG00000121903_171928.1	838	146	1626	291	284	821	307	606
7187	ZSCAN20_ENSG00000121903_171929.2	1064	451	2123	920	1934	785	370	819
7188	ZSCAN20_ENSG00000121903_171930.3	345	319	578	0	606	160	62	219
7189	ZSCAN20_ENSG00000121903_171931.4	510	289	792	0	0	426	296	424
7190	ZSCAN20_ENSG00000121903_171932.5	931	578	1688	1289	1122	1290	311	633
7191	ZSCAN20_ENSG00000121903_171933.6	894	490	1762	0	377	639	466	715
7192	ZSCAN21_ENSG00000166529_156944.1	663	362	1088	259	430	130	496	637
7193	ZSCAN21_ENSG00000166529_156945.2	262	154	571	0	0	411	150	216
7194	ZSCAN21_ENSG00000166529_156946.3	788	860	1624	270	0	0	542	634
7195	ZSCAN21_ENSG00000166529_156947.4	454	302	817	1	85	394	284	351
7196	ZSCAN21_ENSG00000166529_156948.5	599	317	1033	800	1904	0	291	404
7197	ZSCAN21_ENSG00000166529_156949.6	1012	271	1903	1724	759	0	561	805
7198	ZW10_ENSG00000086827_89635.1	746	461	1255	154	778	483	513	623
7199	ZW10_ENSG00000086827_89636.2	834	639	1638	1592	1	0	636	826
7200	ZW10_ENSG00000086827_89637.3	695	993	1306	1	1158	582	217	579
7201	ZW10_ENSG00000086827_89638.4	552	156	993	346	0	202	563	542
7202	ZW10_ENSG00000086827_89639.5	304	170	337	315	0	0	118	181
7203	ZW10_ENSG00000086827_89640.6	647	618	1197	2568	0	430	547	738
7204	ZWILCH_ENSG00000174442_199684.1	551	945	1265	324	0	604	58	414
7205	ZWILCH_ENSG00000174442_199685.2	656	284	966	221	0	0	435	466
7206	ZWILCH_ENSG00000174442_199686.3	1216	968	2252	1153	1304	794	817	1379
7207	ZWILCH_ENSG00000174442_199687.4	842	268	1704	533	1086	186	329	708
7208	ZWILCH_ENSG00000174442_199688.5	916	684	1765	805	647	417	432	717
7209	ZWILCH_ENSG00000174442_199689.6	366	0	719	296	0	0	205	345
7210	ZZZ3_ENSG00000036549_193662.1	618	680	1295	319	0	225	558	637
7211	ZZZ3_ENSG00000036549_193663.2	341	707	551	1	0	628	227	288
7212	ZZZ3_ENSG00000036549_193664.3	1462	827	3057	661	860	585	393	1039
7213	ZZZ3_ENSG00000036549_193665.4	1105	931	1521	717	591	965	517	874
7214	ZZZ3_ENSG00000036549_193666.5	1437	759	2586	1151	507	1327	785	1253
7215	ZZZ3_ENSG00000036549_193667.6	1358	1297	2394	1015	564	746	358	814
